0	</s>
1	<unk>
2	,
3	.
4	▁the
5	▁है
6	▁के
7	▁to
8	▁of
9	▁और
10	▁and
11	▁में
12	▁से
13	)
14	▁।
15	▁की
16	s
17	▁(
18	▁को
19	▁a
20	:
21	▁in
22	?
23	▁is
24	▁का
25	▁कि
26	▁that
27	▁you
28	▁हैं
29	▁नहीं
30	▁”
31	▁“
32	▁-
33	▁पर
34	▁for
35	▁तो
36	▁not
37	▁ने
38	▁एक
39	▁लिए
40	।
41	▁जो
42	▁be
43	;
44	▁
45	‍
46	▁will
47	▁भी
48	▁they
49	▁वह
50	▁with
51	▁हो
52	▁it
53	▁them
54	▁are
55	▁have
56	▁I
57	▁कर
58	▁ही
59	▁God
60	▁यह
61	!
62	▁his
63	▁अपने
64	▁—
65	▁क्या
66	▁who
67	▁न
68	▁on
69	-
70	'
71	’
72	▁from
73	▁तुम
74	▁he
75	▁हम
76	▁%
77	▁their
78	▁किया
79	▁as
80	▁was
81	▁The
82	▁था
83	▁"
84	▁करें
85	▁your
86	ों
87	▁we
88	▁वे
89	▁इस
90	▁this
91	▁करने
92	▁(_
93	▁And
94	▁यहोवा
95	▁कुछ
96	▁Jehovah
97	▁by
98	▁all
99	▁लोगों
100	▁He
101	▁जब
102	▁or
103	▁लोग
104	▁मैं
105	▁him
106	▁_
107	▁Allah
108	▁उस
109	▁कोई
110	▁do
111	▁फिर
112	▁We
113	▁उसके
114	▁[
115	▁गया
116	▁साथ
117	▁what
118	▁आप
119	▁करते
120	▁has
121	▁when
122	▁those
123	वर
124	▁या
125	▁थे
126	/
127	...
128	▁उनके
129	▁were
130	ी
131	▁one
132	▁an
133	▁people
134	▁can
135	▁us
136	▁परमेश्
137	ing
138	▁but
139	▁दिया
140	▁कहा
141	▁उन
142	t
143	▁अपनी
144	▁our
145	▁at
146	▁उसे
147	▁’
148	▁अल्लाह
149	▁said
150	▁shall
151	▁ये
152	▁ख़ुदा
153	▁रहा
154	▁had
155	▁my
156	▁me
157	▁which
158	▁बात
159	▁उन्हें
160	▁रहे
161	▁करता
162	]
163	▁तरह
164	▁‘
165	▁Jesus
166	▁so
167	▁Lord
168	▁सकता
169	▁तक
170	▁if
171	▁may
172	▁What
173	▁पास
174	े
175	▁सकते
176	▁बहुत
177	▁no
178	▁would
179	▁नाम
180	▁1
181	▁किसी
182	▁काम
183	▁दिन
184	▁तुम्हारे
185	▁हमें
186	▁थी
187	▁करना
188	▁there
189	▁सब
190	▁संदेश
191	▁उसने
192	▁यीशु
193	▁out
194	▁उसकी
195	▁about
196	▁Bible
197	त
198	▁In
199	▁time
200	▁हुए
201	▁समय
202	▁did
203	▁been
204	▁पहले
205	▁हमने
206	▁हुआ
207	▁बारे
208	▁मुझे
209	▁जा
210	_
211	▁You
212	▁then
213	▁up
214	▁दो
215	▁अगर
216	▁They
217	▁हमारे
218	▁होगा
219	▁फ़ाइल
220	▁गए
221	▁तब
222	▁But
223	▁करो
224	"
225	▁दी
226	▁life
227	▁बाइबल
228	▁मेरे
229	▁good
230	▁ऐसा
231	▁It
232	d
233	▁earth
234	▁लेकिन
235	▁should
236	▁चाहिए
237	▁ले
238	▁A
239	▁This
240	▁बाद
241	▁some
242	▁into
243	▁day
244	▁How
245	▁दे
246	▁रूप
247	▁before
248	▁क्योंकि
249	▁फ़ोल्डर
250	▁her
251	▁more
252	▁say
253	▁only
254	▁हूँ
255	▁तुम्हें
256	▁'
257	▁उनकी
258	▁ओर
259	▁man
260	ा
261	▁यदि
262	▁made
263	▁जिस
264	▁होता
265	▁रसूल
266	▁हर
267	▁know
268	▁than
269	▁come
270	▁other
271	▁also
272	▁things
273	▁जाता
274	▁make
275	▁does
276	▁ऐसे
277	▁अब
278	▁क्यों
279	▁तू
280	▁कैसे
281	▁इन
282	▁उसका
283	।"
284	▁way
285	▁If
286	▁message
287	▁how
288	▁like
289	▁सभी
290	▁His
291	ed
292	a
293	▁folder
294	▁upon
295	▁such
296	▁any
297	▁So
298	."
299	▁मदद
300	▁name
301	▁आ
302	▁over
303	▁these
304	▁file
305	▁many
306	▁unto
307	▁even
308	▁could
309	▁When
310	▁लिये
311	▁इसके
312	▁For
313	▁होने
314	न
315	▁मगर
316	▁see
317	▁because
318	▁help
319	▁world
320	▁down
321	▁अपना
322	▁after
323	▁पता
324	▁लिया
325	▁उसी
326	▁its
327	▁उन्होंने
328	▁'%
329	▁ईमान
330	▁men
331	▁हुई
332	▁2
333	▁इसलिए
334	▁मेरी
335	▁द्वारा
336	▁new
337	▁कभी
338	▁against
339	▁ye
340	▁among
341	▁वही
342	▁सूची
343	▁children
344	▁रब
345	S
346	ता
347	ऐ
348	▁All
349	▁Do
350	▁दूसरे
351	▁/
352	▁work
353	▁आज
354	▁give
355	▁देता
356	▁हमारी
357	▁ताकि
358	▁कार्य
359	▁यहाँ
360	▁विश्
361	▁व
362	▁love
363	m
364	▁she
365	▁Then
366	▁take
367	the
368	▁जाएगा
369	▁चाहते
370	▁किए
371	▁two
372	▁believe
373	ly
374	▁sent
375	▁whom
376	▁No
377	▁first
378	▁बड़ा
379	▁&
380	▁As
381	▁away
382	▁घर
383	▁आपको
384	▁page
385	▁want
386	▁उससे
387	▁Paul
388	▁बस
389	I
390	▁किस
391	▁कौन
392	▁Him
393	e
394	▁years
395	▁जैसे
396	ित
397	▁परवरदिगार
398	▁faith
399	▁came
400	▁truth
401	▁कह
402	▁others
403	▁उनसे
404	▁उनका
405	▁जाए
406	▁चीज़
407	▁being
408	▁गयी
409	▁must
410	▁right
411	▁go
412	▁सका
413	▁Why
414	▁another
415	▁own
416	▁जाने
417	▁कारण
418	▁बार
419	▁याद
420	▁सेवा
421	▁पैदा
422	▁बना
423	▁nor
424	▁करेगा
425	▁दोनों
426	▁Could
427	▁"%
428	र
429	▁Israel
430	▁That
431	▁used
432	▁Witnesses
433	▁now
434	ति
435	▁तरफ
436	▁उनको
437	O
438	▁प्रकार
439	▁बड़ी
440	▁ज़्यादा
441	▁यही
442	▁thou
443	▁भाई
444	▁पूरा
445	▁Our
446	▁let
447	▁Christ
448	ना
449	▁पेज
450	▁need
451	▁जीवन
452	▁given
453	▁well
454	▁जिन
455	▁पूरी
456	),
457	▁Christian
458	▁संपर्क
459	▁ऐ
460	▁मसीही
461	▁सिर्फ
462	▁पिता
463	▁दुनिया
464	▁करे
465	▁says
466	▁every
467	▁लगे
468	‌
469	▁just
470	▁अच्छा
471	▁To
472	▁करके
473	▁राजा
474	▁use
475	▁great
476	▁किताब
477	▁find
478	▁most
479	▁Christians
480	▁होती
481	▁O
482	):
483	▁back
484	▁बीच
485	▁गई
486	▁चाहता
487	“
488	▁set
489	▁am
490	▁ऐसी
491	▁आगे
492	▁रही
493	▁through
494	▁कई
495	▁नया
496	▁सर्वर
497	▁true
498	▁get
499	▁साल
500	▁मेरा
501	▁त्रुटि
502	▁होते
503	▁fear
504	▁हाथ
505	▁सबसे
506	▁found
507	▁वाला
508	▁इसे
509	वास
510	▁इससे
511	▁family
512	▁heart
513	▁अलग
514	▁death
515	▁Show
516	▁मूसा
517	▁उनमें
518	▁while
519	▁सही
520	▁जिसे
521	▁पौलुस
522	▁आपके
523	▁might
524	A
525	▁तुम्हारी
526	▁बड़े
527	C
528	▁indeed
529	?"
530	▁होंगे
531	▁वाले
532	▁Day
533	▁चुनें
534	▁देश
535	▁इसमें
536	▁छवि
537	▁son
538	▁मन
539	▁वहाँ
540	▁become
541	▁जाते
542	▁spirit
543	▁दिखाएँ
544	▁Kingdom
545	▁परन्तु
546	▁Canno
547	▁There
548	▁वजह
549	ं
550	▁बेशक
551	▁डाक
552	▁place
553	▁धरती
554	▁ones
555	▁विषय
556	▁हमेशा
557	).
558	▁ठीक
559	E
560	▁land
561	▁तुम्हारा
562	▁words
563	▁कहता
564	▁देते
565	▁लगा
566	▁दिल
567	ियों
568	in
569	▁कहते
570	▁बल्कि
571	▁themselves
572	▁प्रयोग
573	▁where
574	▁example
575	▁जानता
576	▁between
577	Name
578	▁कम
579	▁देने
580	▁show
581	er
582	▁उसको
583	▁list
584	▁सकती
585	▁each
586	▁put
587	▁बाहर
588	▁वचन
589	▁जाती
590	▁never
591	▁प्राप्त
592	▁जाएँ
593	▁रंग
594	▁thee
595	▁राज्य
596	R
597	▁selected
598	▁जाना
599	▁चयनित
600	▁मसीह
601	▁मार्ग
602	▁जी
603	▁दूर
604	▁अच्छी
605	▁शायद
606	▁तेरे
607	▁खुद
608	▁मैंने
609	▁surely
610	▁देखा
611	▁king
612	▁evil
613	▁बातें
614	▁3
615	▁house
616	▁open
617	▁New
618	▁विंडो
619	▁knowledge
620	▁स्थान
621	▁करेंगे
622	▁Evolution
623	▁आए
624	i
625	▁part
626	▁worship
627	▁very
628	▁होगी
629	और
630	▁bring
631	▁much
632	▁जानते
633	▁My
634	▁प्यार
635	▁हाँ
636	▁heavens
637	▁congregation
638	▁Say
639	▁बातों
640	▁सारे
641	▁सामने
642	▁खुदा
643	▁C
644	▁जवाब
645	▁आया
646	▁ज़मीन
647	▁पीछे
648	▁उसमें
649	▁keep
650	▁निश्चय
651	▁परमेश्वर
652	▁Moses
653	▁One
654	▁end
655	▁शुरू
656	▁cannot
657	▁hearts
658	▁hand
659	▁thy
660	▁दिए
661	re
662	▁messages
663	▁जगह
664	▁ध्यान
665	ते
666	▁spiritual
667	y
668	▁days
669	▁word
670	▁times
671	▁हमारा
672	▁अधिक
673	▁without
674	▁book
675	▁David
676	▁देख
677	▁स्थिति
678	ने
679	▁दें
680	स
681	▁कृपया
682	▁उपयोग
683	▁छोड़
684	▁himself
685	▁Who
686	▁ऊपर
687	D
688	▁शैतान
689	▁ज़िंदगी
690	▁हों
691	▁वक्
692	▁इनकार
693	▁रहने
694	▁gave
695	▁कोशिश
696	▁चाहे
697	▁क
698	▁turn
699	▁server
700	कर
701	▁Can
702	▁देगा
703	▁same
704	▁करती
705	▁होकर
706	▁जान
707	▁हे
708	▁सी
709	▁जिसने
710	▁until
711	▁Please
712	▁प्रचार
713	▁created
714	▁समझ
715	▁एवोल्यूशन
716	क
717	▁बनाया
718	▁रखा
719	▁रखते
720	▁मनुष्य
721	▁Book
722	▁अच्छे
723	▁अज़ाब
724	▁होना
725	▁खेल
726	▁files
727	▁तुमसे
728	▁brought
729	▁read
730	▁कहने
731	▁saying
732	▁too
733	▁15
734	▁ज़रूरत
735	▁बच्चों
736	▁mail
737	▁here
738	▁इसका
739	▁though
740	▁person
741	▁इस्तेमाल
742	▁father
743	▁हूं
744	▁ask
745	▁साफ
746	▁व्यक्
747	▁called
748	▁parents
749	ें
750	▁Yahweh
751	।।
752	▁जोड़ें
753	▁सूचना
754	▁नीचे
755	▁means
756	▁Select
757	▁Those
758	able
759	▁information
760	▁Satan
761	▁लिखा
762	▁except
763	▁power
764	▁LORD
765	▁today
766	▁view
767	▁प्रार्थना
768	•
769	▁call
770	▁Your
771	▁error
772	▁भाग
773	▁long
774	▁आकाश
775	▁image
776	▁account
777	▁again
778	▁मतलब
779	▁number
780	▁लो
781	▁Indeed
782	▁forth
783	▁पंचांग
784	▁भेजा
785	%
786	▁इंसान
787	▁कीजिए
788	▁दूसरों
789	▁१
790	▁three
791	▁सिवा
792	▁brothers
793	▁मिसाल
794	▁window
795	▁लेकर
796	▁left
797	▁Is
798	▁On
799	▁प्रेम
800	ल
801	▁b
802	▁old
803	ther
804	▁human
805	▁तैयार
806	▁जाओ
807	▁under
808	▁खोज
809	▁विकल्प
810	▁रात
811	▁home
812	▁आग
813	n
814	▁तौर
815	▁अन्य
816	▁better
817	▁By
818	o
819	▁पृथ्वी
820	▁डिस्क
821	▁खुशी
822	▁अतः
823	▁परिवार
824	▁went
825	▁servants
826	▁मिला
827	▁water
828	▁क़ौम
829	▁इसी
830	▁peace
831	▁believers
832	▁both
833	▁%1
834	▁punishment
835	▁hath
836	▁3:
837	▁रह
838	▁year
839	▁Whe
840	▁women
841	▁पाठ
842	▁Un
843	▁केवल
844	▁follow
845	▁ज़रूरी
846	▁done
847	▁why
848	▁Word
849	▁तुमने
850	▁cause
851	▁जैसा
852	.”
853	▁रखता
854	▁लें
855	▁ब
856	▁यातना
857	▁पानी
858	▁दौरान
859	▁आकार
860	▁John
861	▁wife
862	▁apostle
863	▁sure
864	▁took
865	F
866	▁think
867	▁young
868	▁create
869	▁पृष्ठ
870	▁भर
871	▁दृश्य
872	▁save
873	▁full
874	to
875	▁धर्म
876	▁ever
877	▁संख्या
878	▁रहो
879	▁सा
880	th
881	▁together
882	▁clear
883	▁yet
884	▁able
885	▁command
886	▁बन
887	▁close
888	▁off
889	▁कहीं
890	▁लगता
891	▁told
892	▁खाता
893	▁Name
894	▁ख
895	▁पवित्र
896	r
897	c
898	▁4
899	▁current
900	▁night
901	T
902	▁order
903	▁मान
904	▁Picture
905	▁mankind
906	के
907	▁certainly
908	▁study
909	▁अध्ययन
910	▁खोलें
911	▁news
912	▁शब्द
913	▁रहते
914	▁wrong
915	▁सहेजें
916	al
917	ो
918	▁Add
919	▁became
920	▁feel
921	▁डर
922	▁जहाँ
923	▁2:
924	▁5
925	▁आयत
926	व
927	▁already
928	▁Some
929	▁बच्चे
930	▁क्षेत्र
931	▁आज्ञा
932	▁10
933	▁righteous
934	▁हुक्म
935	▁still
936	▁live
937	▁मसीहियों
938	▁तुमको
939	▁best
940	▁वक्त
941	▁आने
942	▁signs
943	नी
944	▁संसार
945	▁eyes
946	▁sin
947	▁किन्तु
948	The
949	▁city
950	▁brother
951	P
952	▁doing
953	▁इस्राएल
954	▁अनुसार
955	▁कहती
956	▁चुका
957	▁भरोसा
958	▁sons
959	▁लाए
960	▁following
961	▁बदला
962	▁Are
963	▁faithful
964	▁अभी
965	▁मिटाएँ
966	ओं
967	▁heaven
968	▁File
969	▁service
970	▁मत
971	▁प्रमाणपत्र
972	▁last
973	▁बनाएँ
974	▁4:
975	▁Error
976	▁ज्ञान
977	▁मिल
978	▁little
979	▁चुके
980	an
981	▁mercy
982	▁वास्ते
983	▁नए
984	▁project
985	▁return
986	▁send
987	▁address
988	▁nothing
989	▁माता
990	▁दाऊद
991	▁बिना
992	▁जबकि
993	▁*
994	▁जिसमें
995	▁□
996	▁Let
997	▁मुझ
998	▁prayer
999	▁जाएँगे
1000	▁तीन
1001	▁अ
1002	▁1:
1003	▁–
1004	▁holy
1005	▁deeds
1006	▁course
1007	▁Thus
1008	▁However
1009	▁next
1010	▁आशा
1011	▁आसमान
1012	▁जिसके
1013	▁सो
1014	▁रखें
1015	▁उदाहरण
1016	▁hope
1017	▁तसवीर
1018	▁At
1019	▁during
1020	▁फाइल
1021	▁Yes
1022	N
1023	▁knows
1024	▁Peter
1025	▁She
1026	▁आदमी
1027	▁thing
1028	▁आत्मा
1029	▁बंद
1030	▁पाने
1031	▁(%
1032	▁आध्यात्मिक
1033	▁मौजूद
1034	▁mind
1035	▁देना
1036	▁text
1037	▁something
1038	▁wrote
1039	▁प्रदान
1040	▁गुण
1041	▁लोड
1042	ए
1043	▁therefore
1044	▁बनाने
1045	▁गलत
1046	▁देखते
1047	▁America
1048	▁5:
1049	▁दूसरी
1050	▁ज़रूर
1051	▁neither
1052	▁12
1053	M
1054	▁सच
1055	▁These
1056	म
1057	▁look
1058	▁जिन्हें
1059	▁प्रति
1060	▁Not
1061	▁face
1062	▁करनेवाले
1063	▁S
1064	▁soul
1065	▁speak
1066	▁जानकारी
1067	▁कूटशब्द
1068	▁रखने
1069	▁लेने
1070	▁सच्चे
1071	▁system
1072	▁Move
1073	▁leave
1074	▁बनाए
1075	▁child
1076	▁serve
1077	We
1078	▁With
1079	▁राह
1080	▁बताया
1081	▁रहता
1082	▁support
1083	▁साक्षी
1084	▁don
1085	▁पड़े
1086	▁सलाह
1087	▁Father
1088	▁7
1089	▁Now
1090	▁योग्य
1091	▁रख
1092	▁तुझे
1093	▁लेख
1094	▁...
1095	▁learn
1096	▁प्रभु
1097	▁नज़र
1098	▁going
1099	▁Jerusalem
1100	▁dead
1101	▁माँ
1102	▁B
1103	of
1104	▁Yet
1105	▁चल
1106	▁जाएगी
1107	▁6:
1108	▁स
1109	▁living
1110	▁चाल
1111	▁थीं
1112	▁Save
1113	▁really
1114	▁मौत
1115	▁पा
1116	▁सक्रिय
1117	▁अमेरिका
1118	▁near
1119	▁light
1120	▁reward
1121	▁After
1122	▁पाया
1123	▁having
1124	▁hands
1125	x
1126	▁woman
1127	▁View
1128	▁whether
1129	▁type
1130	▁शामिल
1131	▁Abraham
1132	▁saw
1133	▁दिनों
1134	▁free
1135	▁पत्नी
1136	▁Most
1137	▁asked
1138	नाज़िल
1139	▁खाली
1140	▁Messenger
1141	▁सच्चाई
1142	▁contact
1143	▁ways
1144	▁विफल
1145	▁सारी
1146	▁whose
1147	▁value
1148	▁later
1149	▁हालाँकि
1150	▁6
1151	▁करीब
1152	▁भाषा
1153	▁निस्संदेह
1154	▁failed
1155	▁8
1156	▁task
1157	▁आपका
1158	▁मार
1159	▁सन्
1160	▁important
1161	▁बुरा
1162	▁शक्
1163	▁enter
1164	▁ज़ाहिर
1165	▁Failed
1166	▁लेते
1167	▁पुत्रा
1168	▁mother
1169	▁tell
1170	▁often
1171	▁पहली
1172	▁बदलें
1173	▁हिस्सा
1174	▁पूर्ण
1175	▁--
1176	!"
1177	▁toward
1178	▁सेट
1179	eth
1180	(
1181	▁revealed
1182	u
1183	▁20
1184	▁understand
1185	्
1186	▁fact
1187	▁Open
1188	▁भजन
1189	▁साक्षियों
1190	▁fire
1191	▁बदल
1192	▁using
1193	मैं
1194	▁समूह
1195	▁data
1196	▁पाप
1197	▁असफल
1198	▁matter
1199	▁according
1200	▁जिसका
1201	▁Folder
1202	▁डाल
1203	▁blood
1204	L
1205	▁always
1206	▁1,
1207	▁angels
1208	)...
1209	ये
1210	▁बराबर
1211	▁different
1212	▁कुंजी
1213	▁निर्देशिका
1214	▁religion
1215	क्या
1216	▁hear
1217	▁ली
1218	▁हाल
1219	▁वालों
1220	b
1221	▁Use
1222	▁डाला
1223	▁बाप
1224	▁नक़ल
1225	▁प्रेरित
1226	▁२
1227	▁वापस
1228	▁~
1229	▁began
1230	▁रहेंगे
1231	▁तथा
1232	▁तेरी
1233	▁taken
1234	▁eat
1235	▁Message
1236	▁making
1237	▁food
1238	▁हक़
1239	▁रखो
1240	▁reason
1241	▁mode
1242	▁जिनके
1243	▁कलीसिया
1244	▁जिससे
1245	or
1246	▁disciples
1247	▁known
1248	▁सामान्य
1249	▁From
1250	▁कामों
1251	▁रखना
1252	▁path
1253	▁समान
1254	▁व्यवस्था
1255	▁शख्स
1256	▁9
1257	▁far
1258	▁कमांड
1259	▁पूरे
1260	▁E
1261	▁comes
1262	▁D
1263	▁nations
1264	▁witness
1265	▁इसकी
1266	▁परियोजना
1267	में
1268	▁receive
1269	▁guidance
1270	▁heard
1271	▁इतना
1272	▁List
1273	▁wisdom
1274	▁seen
1275	B
1276	▁व्यक्ति
1277	▁ministry
1278	▁four
1279	l
1280	▁preaching
1281	▁आपकी
1282	▁कहो
1283	ll
1284	▁आयात
1285	▁turned
1286	▁जिन्होंने
1287	▁चला
1288	▁मुँह
1289	▁देखो
1290	▁दिखाया
1291	▁देखने
1292	▁उनपर
1293	▁Create
1294	▁around
1295	▁Even
1296	▁Matthew
1297	▁calendar
1298	▁desire
1299	▁हेतु
1300	▁seek
1301	▁change
1302	▁पतरस
1303	▁आपने
1304	▁few
1305	▁Surely
1306	▁यरूशलेम
1307	्स
1308	▁यक़ीनन
1309	▁पेश
1310	मौजूदा
1311	▁खोल
1312	▁स्त्री
1313	▁वर्ष
1314	▁रहना
1315	▁पट्टी
1316	▁password
1317	▁result
1318	▁बजाय
1319	▁ज़रिए
1320	▁law
1321	य
1322	▁disc
1323	▁चले
1324	▁field
1325	▁remember
1326	▁16
1327	▁therein
1328	g
1329	▁बेटे
1330	▁wicked
1331	▁Or
1332	▁करनेवालों
1333	ई
1334	▁भाइयों
1335	▁उपासना
1336	▁फल
1337	▁पुस्तिका
1338	▁बदले
1339	की
1340	▁Psalm
1341	▁promise
1342	▁century
1343	▁high
1344	▁मत्ती
1345	ve
1346	▁पसंद
1347	▁display
1348	▁उत्तर
1349	▁देंगे
1350	st
1351	▁King
1352	▁भय
1353	▁खास
1354	▁consider
1355	▁13
1356	▁above
1357	▁thus
1358	▁group
1359	▁ज्ञापन
1360	U
1361	▁कर्म
1362	▁रहेगा
1363	▁die
1364	▁move
1365	▁मर
1366	▁11
1367	▁मुताबिक
1368	▁whatever
1369	▁nation
1370	▁आता
1371	▁पड़ा
1372	▁trust
1373	▁answer
1374	▁विचार
1375	▁works
1376	▁तेरा
1377	▁स्रोत
1378	▁14
1379	▁गुनाह
1380	▁मालूम
1381	▁पति
1382	▁परिवर्तन
1383	▁available
1384	▁स्पष्ट
1385	▁17
1386	▁changes
1387	▁स्वयं
1388	▁present
1389	▁माल
1390	▁मै
1391	▁बढ़
1392	▁verily
1393	▁क्षमा
1394	▁यूहन्
1395	▁मज़बूत
1396	▁meeting
1397	▁18
1398	▁अलावा
1399	▁Go
1400	ब
1401	▁मेल
1402	▁anything
1403	▁काफी
1404	▁प्राचीन
1405	▁however
1406	▁An
1407	▁body
1408	▁kind
1409	▁नगर
1410	▁हस्ताक्षर
1411	es
1412	▁रहें
1413	▁उपयोक्ता
1414	▁प्रारंभ
1415	▁Son
1416	▁इसलिये
1417	▁share
1418	▁जारी
1419	▁Search
1420	▁someone
1421	▁न्याय
1422	▁loving
1423	▁yourselves
1424	▁स्वर्ग
1425	▁key
1426	▁मामले
1427	▁महसूस
1428	▁बुद्धि
1429	▁sign
1430	▁अधिकार
1431	▁source
1432	▁try
1433	▁please
1434	ः
1435	▁marriage
1436	▁joy
1437	▁वादा
1438	▁नई
1439	▁Jews
1440	▁directory
1441	▁Of
1442	on
1443	▁कैसा
1444	1$
1445	2$
1446	▁Have
1447	▁पहुँच
1448	▁case
1449	▁purpose
1450	▁received
1451	▁thought
1452	▁मिली
1453	▁none
1454	▁जाकर
1455	▁Us
1456	▁everything
1457	▁उपलब्ध
1458	▁hard
1459	▁उठा
1460	▁युद्ध
1461	ख़ुदा
1462	▁since
1463	▁शहर
1464	▁Scriptures
1465	▁temporary
1466	▁start
1467	▁husband
1468	▁गवाही
1469	▁बेहतर
1470	▁Verily
1471	▁certain
1472	▁seven
1473	▁सत्य
1474	▁elders
1475	पर
1476	▁whole
1477	▁appointed
1478	▁शादी
1479	▁जाति
1480	▁Many
1481	▁जल्द
1482	▁निश्चित
1483	▁सवाल
1484	▁अत्यन्
1485	▁bad
1486	▁जिसकी
1487	▁lives
1488	▁personal
1489	▁continue
1490	जो
1491	▁समाप्त
1492	▁भेजें
1493	▁yourself
1494	▁25
1495	You
1496	▁इच्छा
1497	▁पहुँचा
1498	▁मोड
1499	▁अवैध
1500	▁भलाई
1501	▁fine
1502	H
1503	ती
1504	▁खड़े
1505	▁humans
1506	▁मृत्यु
1507	▁देखें
1508	▁counsel
1509	▁add
1510	▁X
1511	▁करनेवाला
1512	▁19
1513	▁परिणाम
1514	▁शिक्षा
1515	▁Read
1516	▁कितना
1517	▁निकल
1518	▁folders
1519	▁घटना
1520	▁अभिलेख
1521	▁Remove
1522	▁soon
1523	▁knew
1524	▁search
1525	▁makes
1526	▁local
1527	▁देती
1528	▁सके
1529	▁दोस्त
1530	▁“%
1531	▁`%
1532	▁सहायता
1533	▁fellow
1534	▁provided
1535	▁gives
1536	▁stand
1537	2
1538	▁future
1539	▁game
1540	▁behind
1541	▁लागू
1542	”
1543	़
1544	▁article
1545	▁वीडियो
1546	▁प्रोग्राम
1547	▁विन्यास
1548	▁side
1549	▁दिखा
1550	▁along
1551	▁covenant
1552	▁शक
1553	▁स्थानीय
1554	▁sins
1555	▁सुरक्षित
1556	▁देखकर
1557	▁बयान
1558	▁Because
1559	▁empty
1560	▁point
1561	▁अंदर
1562	▁possible
1563	▁alone
1564	▁जाँच
1565	p
1566	▁वर्तमान
1567	▁language
1568	▁righteousness
1569	▁war
1570	▁sound
1571	▁Me
1572	▁believed
1573	▁takes
1574	▁benefit
1575	▁इतिहास
1576	▁तुझ
1577	▁line
1578	▁चलते
1579	▁care
1580	▁बुराई
1581	▁भला
1582	▁सामना
1583	▁निकाल
1584	▁Would
1585	▁तयशुदा
1586	▁सुन
1587	▁सोच
1588	▁करनी
1589	▁accept
1590	▁Such
1591	▁वस्तु
1592	▁Asia
1593	▁anyone
1594	▁helped
1595	],
1596	▁बुरी
1597	▁friends
1598	▁अज्ञात
1599	Comment
1600	▁lead
1601	▁मुश्
1602	▁date
1603	▁मानते
1604	▁doubt
1605	▁Their
1606	▁Be
1607	▁got
1608	▁sea
1609	▁३
1610	▁wise
1611	▁अनुमति
1612	▁religious
1613	▁समझते
1614	▁पैग़म्बर
1615	या
1616	▁शब्दों
1617	▁anointed
1618	▁भेज
1619	▁समर्थन
1620	▁क्लिक
1621	▁मिलती
1622	▁स्क्रीन
1623	▁Therefore
1624	▁money
1625	▁कितनी
1626	▁सहायक
1627	आख़िरत
1628	▁mean
1629	f
1630	▁ten
1631	▁संस्करण
1632	▁अंत
1633	▁Fire
1634	▁चार
1635	▁within
1636	▁Will
1637	▁पंक्ति
1638	▁user
1639	▁second
1640	▁आधार
1641	▁ज्यादा
1642	▁coming
1643	▁जमा
1644	▁खुश
1645	▁provide
1646	▁kingdom
1647	▁अगले
1648	▁शरीर
1649	▁People
1650	▁याकूब
1651	▁document
1652	▁creation
1653	▁रिश्
1654	▁kg
1655	▁greater
1656	▁size
1657	▁action
1658	▁हद
1659	it
1660	▁अर्थात्
1661	▁नियम
1662	▁फैसला
1663	▁हासिल
1664	▁एशिया
1665	▁questions
1666	▁five
1667	▁बिलकुल
1668	▁M
1669	▁नूह
1670	▁सज़ा
1671	▁30
1672	▁प्लगइन
1673	▁CD
1674	एक
1675	▁ए
1676	▁सुना
1677	▁स्वीकार
1678	▁needed
1679	▁कहेंगे
1680	▁Delete
1681	▁authority
1682	▁meetings
1683	▁strong
1684	▁experience
1685	▁small
1686	▁राज
1687	This
1688	▁दिखाने
1689	▁pass
1690	▁self
1691	▁गौर
1692	▁lost
1693	▁tree
1694	▁age
1695	▁आते
1696	▁Solomon
1697	▁remain
1698	▁निर्दिष्ट
1699	▁बहन
1700	▁बाज़
1701	▁forever
1702	▁pray
1703	▁problems
1704	▁concerning
1705	▁दस्तावेज़
1706	▁ourselves
1707	▁Isaiah
1708	▁position
1709	▁Lo
1710	▁Adam
1711	▁झूठ
1712	▁Address
1713	▁लाल
1714	▁नमाज़
1715	▁यहूदी
1716	@
1717	वह
1718	▁नाश
1719	▁साम्हने
1720	▁program
1721	▁control
1722	▁देखिए
1723	▁मुख्य
1724	▁default
1725	▁false
1726	▁Pharaoh
1727	▁talk
1728	▁बचा
1729	▁चलता
1730	▁prophet
1731	w
1732	▁Image
1733	▁अता
1734	▁ईमेल
1735	▁बन्दों
1736	▁हिदायत
1737	▁fathers
1738	▁happy
1739	▁torment
1740	▁remove
1741	▁कहना
1742	Other
1743	▁प्रत्येक
1744	▁संपादक
1745	▁deny
1746	▁कहाँ
1747	▁respect
1748	▁बपतिस्मा
1749	▁मुलाकात
1750	▁obey
1751	as
1752	▁avoid
1753	▁देशों
1754	▁ला
1755	▁रीति
1756	▁गवाह
1757	▁दिलों
1758	▁24
1759	▁खाने
1760	▁चेतावनी
1761	▁तुमपर
1762	▁teaching
1763	▁hold
1764	▁once
1765	▁हालात
1766	▁Africa
1767	▁मनुष्यों
1768	▁पड़
1769	▁saved
1770	▁12:
1771	▁पूछा
1772	▁उन्हीं
1773	▁astray
1774	▁कितने
1775	▁छोटे
1776	▁वास्तव
1777	हम
1778	▁लक्ष्य
1779	▁दास
1780	▁पढ़ने
1781	▁यानी
1782	▁bear
1783	▁यकीन
1784	▁act
1785	▁promised
1786	▁आइए
1787	▁स्तर
1788	अपने
1789	▁पश्चात
1790	▁disbelieve
1791	▁खड़ा
1792	▁Organiser
1793	▁असर
1794	▁नयी
1795	▁written
1796	▁enjoy
1797	▁किन
1798	▁चुकी
1799	:%
1800	▁अक्षम
1801	यह
1802	▁Prophet
1803	▁आदर
1804	▁बैठे
1805	▁जीवित
1806	▁बन्द
1807	▁ID
1808	▁Merciful
1809	ers
1810	तुम
1811	▁चर्चा
1812	▁विरोध
1813	▁giving
1814	▁सचमुच
1815	▁जोड़
1816	▁साथी
1817	तो
1818	▁अनेक
1819	▁आकर
1820	▁उत्तम
1821	▁died
1822	▁Europe
1823	▁glory
1824	▁दिखाता
1825	▁रद्द
1826	ic
1827	▁आई
1828	▁Judah
1829	▁अर्थ
1830	▁उन्हों
1831	3
1832	▁इंच
1833	▁raised
1834	▁taught
1835	हरगिज़
1836	▁Contact
1837	▁heavenly
1838	▁learned
1839	▁Job
1840	▁option
1841	▁अंतिम
1842	".
1843	▁drink
1844	▁apostles
1845	▁reading
1846	▁पूर्वावलोकन
1847	▁क़सम
1848	▁Set
1849	▁conduct
1850	V
1851	k
1852	▁मारा
1853	▁history
1854	▁whoever
1855	▁मिलता
1856	▁Israelites
1857	and
1858	▁लिखने
1859	का
1860	▁लेना
1861	▁बढ़कर
1862	▁question
1863	▁early
1864	▁truly
1865	▁इबराहीम
1866	▁अकसर
1867	▁write
1868	▁असमर्थ
1869	▁तिथि
1870	▁destroyed
1871	▁चयन
1872	▁लगी
1873	▁आपस
1874	▁needs
1875	▁un
1876	▁head
1877	▁तरीके
1878	▁मे
1879	▁वाली
1880	▁साबित
1881	▁changed
1882	▁praise
1883	▁यूरोप
1884	▁F
1885	▁guide
1886	▁strength
1887	▁relationship
1888	▁Proverbs
1889	▁unbelievers
1890	िंग
1891	▁महीने
1892	▁भविष्य
1893	▁उपस्थित
1894	▁पुस्तक
1895	▁archive
1896	▁ना
1897	▁मालिक
1898	▁morning
1899	▁”?
1900	▁Mark
1901	▁delete
1902	▁Joseph
1903	▁मानो
1904	▁Noah
1905	▁सच्ची
1906	▁पहचान
1907	▁plugin
1908	िक
1909	▁s
1910	▁सन्तान
1911	▁ज़ुल्म
1912	▁बने
1913	▁felt
1914	▁Muhammad
1915	▁commanded
1916	▁guided
1917	▁returned
1918	▁sense
1919	▁exists
1920	▁यहूदा
1921	▁निकट
1922	▁sacrifice
1923	▁फ़ाइलें
1924	▁temple
1925	▁Egypt
1926	▁kindness
1927	▁images
1928	▁मद
1929	वाले
1930	▁वफादार
1931	▁सात
1932	▁forgive
1933	▁understanding
1934	▁rest
1935	▁शीर्षक
1936	en
1937	▁नीतिवचन
1938	▁taking
1939	▁अतिरिक्त
1940	▁प्रारूप
1941	▁बता
1942	▁forgiveness
1943	▁आती
1944	▁सिर
1945	▁state
1946	▁४
1947	▁allow
1948	▁बढ़िया
1949	▁disbelievers
1950	▁अफ्रीका
1951	▁चीज़ों
1952	▁flesh
1953	को
1954	▁सच्चा
1955	▁See
1956	▁आदेश
1957	▁World
1958	▁check
1959	▁listen
1960	से
1961	▁गिरोह
1962	▁महिमा
1963	▁५
1964	If
1965	▁सख्त
1966	▁members
1967	▁संपादन
1968	▁कब
1969	5
1970	▁निशानियाँ
1971	▁फायदा
1972	▁Start
1973	▁voice
1974	▁आरंभ
1975	▁21
1976	▁हालत
1977	▁0
1978	▁Corinthians
1979	▁अद्यतन
1980	▁ख़बर
1981	▁Creator
1982	▁बुरे
1983	▁आओ
1984	भी
1985	▁भली
1986	▁भविष्यवाणी
1987	est
1988	इस
1989	▁least
1990	▁वाकई
1991	▁Greek
1992	▁10:
1993	▁चिह्नित
1994	▁चलो
1995	▁blessings
1996	▁सुसमाचार
1997	▁दूसरा
1998	▁Enable
1999	▁ancient
2000	▁यशायाह
2001	▁प्रदर्शित
2002	▁fight
2003	▁आदम
2004	▁पाते
2005	▁moved
2006	▁Revelation
2007	▁लग
2008	▁offering
2009	▁Display
2010	▁छोड़कर
2011	▁servant
2012	▁sheep
2013	▁kept
2014	▁सत्यापन
2015	▁Edit
2016	▁तरफ़
2017	▁यूसुफ
2018	▁Invalid
2019	▁फ़िल्टर
2020	▁22
2021	▁अभिषिक्
2022	▁event
2023	▁खाते
2024	▁हमसे
2025	▁अनुप्रयोग
2026	▁Law
2027	▁आनन्द
2028	▁attention
2029	ियाँ
2030	▁संपादित
2031	किल
2032	▁Timothy
2033	▁इंसानों
2034	▁ईश्
2035	for
2036	▁sight
2037	▁wealth
2038	G
2039	▁URL
2040	▁six
2041	▁instead
2042	▁real
2043	▁supported
2044	▁IMAP
2045	▁नसीहत
2046	▁wives
2047	▁आसान
2048	▁judgment
2049	▁पुरुष
2050	▁सीधे
2051	▁शांति
2052	▁complete
2053	▁11:
2054	▁Enter
2055	▁स्कूल
2056	▁offline
2057	▁situation
2058	▁बहनों
2059	▁सक्षम
2060	It
2061	':
2062	▁choose
2063	▁lie
2064	▁सकें
2065	▁ध्वनि
2066	▁बैठक
2067	▁जल
2068	▁रिपोर्ट
2069	▁पाए
2070	▁god
2071	▁sun
2072	▁अवश्य
2073	▁रोक
2074	▁draw
2075	▁चेलों
2076	▁fall
2077	▁वो
2078	▁especially
2079	▁month
2080	▁देकर
2081	▁Watchtower
2082	▁ढूंढें
2083	▁मिले
2084	▁meet
2085	▁जांच
2086	▁पढ़िए
2087	▁सदी
2088	▁wish
2089	▁rather
2090	▁मार्गदर्शन
2091	▁problem
2092	▁ख़ास
2093	▁7:
2094	▁लिख
2095	▁ज़िक्र
2096	▁belongs
2097	▁due
2098	▁large
2099	▁poor
2100	▁T
2101	▁बटन
2102	▁बोझ
2103	▁समस्या
2104	अपनी
2105	▁required
2106	▁ई
2107	▁difficult
2108	▁school
2109	God
2110	Do
2111	▁Certificate
2112	▁P
2113	▁जहन्नुम
2114	▁विधि
2115	ness
2116	▁cast
2117	▁Hereafter
2118	▁behold
2119	▁evidence
2120	▁अनुग्रह
2121	▁सेवक
2122	▁इस्राएलियों
2123	▁special
2124	▁Did
2125	▁feet
2126	▁country
2127	▁समर्थित
2128	New
2129	▁walk
2130	▁रखे
2131	▁form
2132	▁4.
2133	▁cut
2134	▁सबको
2135	is
2136	ट
2137	▁based
2138	▁easy
2139	▁pay
2140	▁single
2141	▁past
2142	▁खाना
2143	▁सर
2144	▁teach
2145	▁wait
2146	कि
2147	▁यु
2148	▁नियत
2149	▁friend
2150	▁video
2151	▁फेर
2152	▁आम
2153	▁deal
2154	▁baptized
2155	▁रोज़ी
2156	▁Since
2157	▁स्त्रियों
2158	▁matters
2159	▁Paradise
2160	▁followed
2161	▁ज़ोर
2162	▁wanted
2163	▁दीजिए
2164	▁वर्ग
2165	▁पड़ता
2166	▁enough
2167	▁shown
2168	▁followers
2169	▁हटाएँ
2170	▁Project
2171	▁क़यामत
2172	▁सालों
2173	▁events
2174	▁चाहेंगे
2175	▁Unknown
2176	▁divine
2177	▁version
2178	▁{0}
2179	▁ज़िम्मेदारी
2180	▁सफेद
2181	उस
2182	▁opened
2183	▁दृष्टि
2184	▁Luke
2185	▁उम्र
2186	▁Copy
2187	▁रखी
2188	My
2189	▁serving
2190	▁संगठन
2191	▁समझा
2192	▁perfect
2193	▁offer
2194	▁भोजन
2195	▁slave
2196	▁thinking
2197	▁दीन
2198	▁contains
2199	▁संलग्नक
2200	▁सुलैमान
2201	▁दोबारा
2202	▁gods
2203	▁शक़
2204	▁H
2205	▁दस
2206	▁बोल
2207	▁दया
2208	▁नही
2209	▁Thou
2210	▁happened
2211	▁While
2212	▁gone
2213	▁pane
2214	▁टैब
2215	▁बावजूद
2216	▁judge
2217	▁likely
2218	].
2219	▁घरों
2220	▁चित्र
2221	▁LDAP
2222	▁prayers
2223	▁दुष्ट
2224	▁क़िस्म
2225	▁जल्दी
2226	▁बे
2227	▁health
2228	▁उपकरण
2229	▁पिछले
2230	▁answered
2231	▁ज़रा
2232	▁शुरूआत
2233	▁R
2234	▁copy
2235	▁everlasting
2236	▁hundred
2237	▁suffering
2238	▁मूल्य
2239	▁महान
2240	▁certificate
2241	▁हटा
2242	▁Default
2243	▁United
2244	▁प्रेषित
2245	▁वहां
2246	--
2247	▁सरकश
2248	▁पालन
2249	▁मकसद
2250	▁caused
2251	▁मज़ा
2252	▁spoke
2253	all
2254	▁2.
2255	▁accepted
2256	▁deleted
2257	▁similar
2258	▁डाउनलोड
2259	v
2260	▁desires
2261	▁either
2262	▁छोटा
2263	▁इतनी
2264	▁खत्म
2265	▁Consider
2266	▁Does
2267	▁अगला
2268	▁Only
2269	▁उम्मीद
2270	▁निशानी
2271	▁६
2272	▁POP
2273	ज
2274	▁further
2275	▁लेता
2276	▁वा
2277	▁चलने
2278	▁thereof
2279	▁लाभ
2280	▁months
2281	▁e
2282	▁पथ
2283	▁resurrection
2284	▁मिट्टी
2285	▁वर्णन
2286	▁मुझसे
2287	▁format
2288	▁Today
2289	▁प्रेरितों
2290	अल्लाह
2291	▁pages
2292	▁married
2293	▁विवरण
2294	▁reach
2295	▁विश्वास
2296	▁Hell
2297	▁गीत
2298	▁वेब
2299	▁thousand
2300	▁sky
2301	▪
2302	▁Although
2303	▁play
2304	▁दिखाते
2305	▁हिम्मत
2306	▁manifest
2307	▁सेवकों
2308	▁आशीष
2309	▁पाक
2310	▁मारे
2311	▁लौट
2312	▁names
2313	He
2314	▁Resurrection
2315	▁बताती
2316	▁आएगा
2317	▁भारी
2318	▁तुलना
2319	▁3.
2320	▁lived
2321	▁Line
2322	▁besides
2323	▁states
2324	▁आयतें
2325	▁कुल
2326	h
2327	▁Time
2328	▁run
2329	▁onto
2330	▁अनुवाद
2331	▁जानने
2332	▁specified
2333	▁भवन
2334	▁enemies
2335	▁shows
2336	▁working
2337	▁report
2338	▁ख़ुद
2339	▁झुठलाया
2340	▁Mail
2341	▁इकट्ठा
2342	▁sister
2343	▁जिसको
2344	▁जन
2345	▁भूमि
2346	quot
2347	▁Work
2348	▁attitude
2349	▁कॉल
2350	▁ख़र्च
2351	▁दिखायें
2352	▁यहूदियों
2353	परमेश्
2354	हिसाब
2355	▁mountains
2356	▁including
2357	▁वैसे
2358	▁justice
2359	▁term
2360	▁fully
2361	▁जैसी
2362	▁दिखाई
2363	▁component
2364	What
2365	▁build
2366	▁showed
2367	▁gain
2368	▁Acts
2369	▁;
2370	▁तौबा
2371	▁पस
2372	▁माना
2373	▁feelings
2374	▁spend
2375	▁Hebrew
2376	▁घड़ी
2377	▁blessed
2378	▁10.
2379	▁inspired
2380	—
2381	▁डरते
2382	▁सौ
2383	▁happiness
2384	▁area
2385	▁बनाकर
2386	▁व्यवहार
2387	▁आवाज़
2388	▁मिटा
2389	▁painful
2390	▁Y
2391	▁passed
2392	▁शख़्श
2393	▁Send
2394	▁Close
2395	▁priest
2396	▁15,
2397	▁छोटी
2398	▁इबादत
2399	1
2400	▁तीमुथियुस
2401	▁Well
2402	दुनिया
2403	▁डाटा
2404	▁effect
2405	▁places
2406	▁started
2407	▁सीख
2408	▁Romans
2409	▁बनी
2410	▁kill
2411	▁towards
2412	▁पहला
2413	▁led
2414	▁perhaps
2415	▁public
2416	,"
2417	ion
2418	सब
2419	▁K
2420	▁प्लगिन
2421	▁अन्त
2422	▁शास्त्र
2423	▁संग
2424	▁item
2425	▁निजी
2426	▁हृदय
2427	▁बिल्कुल
2428	▁33
2429	▁rule
2430	▁शान्ति
2431	W
2432	▁longer
2433	▁पाएँगे
2434	▁chosen
2435	▁killed
2436	▁१०
2437	Allah
2438	▁Jacob
2439	▁मुंह
2440	▁lies
2441	▁sisters
2442	▁James
2443	▁Synchronising
2444	▁stay
2445	▁मेहनत
2446	ज़
2447	▁regarding
2448	▁द
2449	▁Remember
2450	▁सभाओं
2451	ह
2452	▁धन
2453	▁स्वतः
2454	us
2455	▁warning
2456	▁भेंट
2457	▁Organisation
2458	▁speaking
2459	▁Type
2460	▁लिंक
2461	▁connect
2462	▁पूर्व
2463	▁prepared
2464	▁मंडली
2465	▁fruit
2466	▁बताता
2467	▁Mary
2468	▁memo
2469	▁लूका
2470	▁load
2471	▁१५
2472	▁दुआ
2473	▁वैसा
2474	▁सदस्य
2475	▁blessing
2476	▁location
2477	▁select
2478	▁principles
2479	▁Saul
2480	▁23
2481	▁क्रिया
2482	▁प्रतीक
2483	▁harm
2484	▁झूठे
2485	▁फोन
2486	▁Last
2487	▁daughter
2488	▁itself
2489	▁mighty
2490	▁८
2491	▁involved
2492	▁बलिदान
2493	▁प्रकाशितवाक्य
2494	▁कदम
2495	▁8.
2496	▁तंत्र
2497	▁mentioned
2498	▁re
2499	▁regular
2500	▁दस्तावेज
2501	▁application
2502	▁Make
2503	▁फ़ैसला
2504	▁5.
2505	▁नबी
2506	▁interest
2507	▁Options
2508	▁काफ़िर
2509	▁art
2510	▁मिलकर
2511	▁वायदा
2512	▁फ़ॉन्ट
2513	▁x
2514	▁ऑफ़लाइन
2515	▁सत्र
2516	▁white
2517	▁शुद्ध
2518	सी
2519	▁धीरज
2520	▁शीर्षिका
2521	▁status
2522	▁दुःख
2523	▁Rather
2524	▁anger
2525	▁named
2526	▁बल
2527	हर
2528	▁etc
2529	▁cities
2530	▁patient
2531	▁Daniel
2532	▁gold
2533	▁response
2534	▁सदा
2535	▁myself
2536	▁फुटनो
2537	▁उचित
2538	▁अनुभव
2539	▁पार
2540	▁26
2541	▁3,
2542	▁सुनने
2543	▁Text
2544	क़यामत
2545	▁असल
2546	▁colour
2547	▁ठिकाना
2548	▁हाथों
2549	▁सीमा
2550	▁१२
2551	▁destroy
2552	▁गिर
2553	▁जाएं
2554	▁मूल
2555	▁didn
2556	▁revelations
2557	▁जिनमें
2558	▁Like
2559	▁speech
2560	▁प्रजा
2561	▁HTML
2562	▁hour
2563	▁Babylon
2564	▁test
2565	▁लिखी
2566	▁अय्यूब
2567	ीय
2568	▁धन्यवाद
2569	▁तरीका
2570	▁भीड़
2571	▁denied
2572	▁honor
2573	▁presence
2574	▁space
2575	▁हाज़िर
2576	▁उद्धार
2577	▁clean
2578	▁प्रकट
2579	▁समुद्र
2580	▁editor
2581	▁else
2582	▁ज़्यादातर
2583	▁काफ़ी
2584	▁8:
2585	▁भूल
2586	4
2587	▁14.
2588	▁shal
2589	▁कान
2590	▁मानना
2591	▁सीडी
2592	▁देखता
2593	▁equal
2594	▁grow
2595	यदि
2596	▁सारा
2597	▁माँग
2598	▁considered
2599	▁इब्राहीम
2600	▁settings
2601	▁gift
2602	▁लाने
2603	जब
2604	▁बेटा
2605	▁Find
2606	▁दाखिल
2607	▁ज़ालिम
2608	▁calls
2609	▁loved
2610	पि
2611	▁DVD
2612	▁button
2613	▁Footnote
2614	▁औ
2615	▁priests
2616	▁चारों
2617	▁Import
2618	▁सदस्यता
2619	▁URI
2620	▁7.
2621	▁common
2622	▁उसपर
2623	▁समझने
2624	▁Home
2625	▁जरूरत
2626	▁पहाड़
2627	▁GNOME
2628	▁चुना
2629	▁दान
2630	▁verses
2631	▁ऑडियो
2632	▁परीक्षा
2633	▁everyone
2634	▁L
2635	▁letter
2636	▁Click
2637	▁contacts
2638	▁प्रभाव
2639	▁ख्याल
2640	▁ठहराया
2641	▁enemy
2642	▁material
2643	▁organization
2644	▁पुत्र
2645	▁ईमानदारों
2646	▁exist
2647	▁simply
2648	▁तसवीरे
2649	▁संस्थापित
2650	▁ग़रज़
2651	▁जाओगे
2652	▁less
2653	▁बातचीत
2654	▁born
2655	▁prophecy
2656	▁इनमें
2657	▁Number
2658	▁period
2659	▁प्रमाण
2660	▁मानने
2661	▁12.
2662	▁initialise
2663	▁carry
2664	▁साफ़
2665	at
2666	▁प्रबंधक
2667	▁सब्र
2668	▁रहती
2669	▁apply
2670	▁process
2671	▁बनने
2672	▁hell
2673	▁Where
2674	▁पान
2675	▁spiritually
2676	▁suffer
2677	▁ट्रैक
2678	▁15:
2679	▁Children
2680	▁allowed
2681	▁जवान
2682	▁यहां
2683	▁पुराने
2684	▁Calendar
2685	▁बाल
2686	ि
2687	▁सहेज
2688	यहोवा
2689	▁deep
2690	▁पवित्रा
2691	हालॉकि
2692	▁Just
2693	▁Truth
2694	▁seem
2695	▁जन्म
2696	▁added
2697	▁31
2698	श
2699	▁values
2700	▁comfort
2701	▁individuals
2702	▁खिलाफ
2703	प
2704	▁delivered
2705	▁valid
2706	▁निश्
2707	▁ईंट
2708	▁करूंगा
2709	▁निष्क्रिय
2710	▁प्रवेश
2711	▁लगभग
2712	▁operation
2713	▁पढ़
2714	▁appointment
2715	▁Server
2716	▁गुमराही
2717	▁स्वचालित
2718	▁कनेक्शन
2719	▁According
2720	▁लिखें
2721	▁beyond
2722	▁11.
2723	▁preview
2724	▁मेहरबान
2725	▁खूब
2726	▁actions
2727	▁दुख
2728	▁unjust
2729	▁ज़बरदस्त
2730	▁बढ़ा
2731	▁object
2732	▁चुने
2733	दार
2734	▁firm
2735	▁powerful
2736	▁न्यू
2737	▁दोष
2738	▁तर्क
2739	▁Messengers
2740	▁fill
2741	▁week
2742	▁9.
2743	▁U
2744	▁True
2745	▁गिनती
2746	▁भेजे
2747	▁संकेत
2748	▁Hebrews
2749	▁अवधि
2750	▁खोलने
2751	▁संबंध
2752	▁increase
2753	▁tasks
2754	▁मिनट
2755	▁खा
2756	▁कुरिन्थियों
2757	▁Page
2758	नेवाले
2759	▁ready
2760	▁अधिकतम
2761	▁chastisement
2762	▁भरी
2763	▁tried
2764	▁कड़ी
2765	▁थोड़ा
2766	▁७
2767	▁Quran
2768	▁destruction
2769	▁families
2770	▁पायनियर
2771	▁Devil
2772	▁mouth
2773	▁May
2774	▁measure
2775	▁rejected
2776	▁भेजने
2777	▁प्रतिशत
2778	▁Wise
2779	▁established
2780	▁इतने
2781	फिर
2782	▁reminder
2783	▁अमरीका
2784	▁messengers
2785	▁Dur
2786	el
2787	▁Exchange
2788	▁सुनते
2789	▁लेखक
2790	▁शाऊल
2791	▁११
2792	▁brings
2793	▁Other
2794	▁wants
2795	▁वाचा
2796	ड
2797	▁G
2798	▁third
2799	▁कृपा
2800	हे
2801	▁filled
2802	▁godly
2803	▁पकड़
2804	▁ago
2805	▁सम्मान
2806	▁clearly
2807	▁older
2808	▁serious
2809	▁जितन
2810	▁शत्रु
2811	mail
2812	▁धर्मी
2813	▁souls
2814	▁हराम
2815	▁held
2816	▁अंक
2817	▁गुज़र
2818	▁qualities
2819	▁वैध
2820	▁13.
2821	▁accounts
2822	▁दयावान
2823	▁प्रकाशित
2824	▁पृष्ठभूमि
2825	▁provision
2826	▁Check
2827	▁पत्थर
2828	▁options
2829	▁various
2830	▁दिलचस्पी
2831	▁rain
2832	▁काले
2833	▁blind
2834	▁ख़ूब
2835	▁seeking
2836	▁Choose
2837	▁प्रकाश
2838	▁निर्धारित
2839	▁examples
2840	▁meaning
2841	▁Print
2842	▁wonderful
2843	▁<
2844	▁States
2845	▁सम्बन्ध
2846	▁बुद्धिमान
2847	▁Don
2848	▁forward
2849	▁९
2850	▁27
2851	▁डिफ़ॉल्ट
2852	भाँति
2853	▁seed
2854	▁क्रोध
2855	▁हुकुम
2856	▁angel
2857	ation
2858	▁door
2859	▁fulfilled
2860	▁Path
2861	▁Great
2862	▁Re
2863	▁9:
2864	▁aware
2865	▁effort
2866	▁First
2867	▁दरअसल
2868	▁Disable
2869	▁दयालुता
2870	▁configuration
2871	▁diamonds
2872	▁पुरूष
2873	▁32
2874	ग़ालिब
2875	▁instance
2876	▁main
2877	▁taste
2878	▁प्राण
2879	▁looking
2880	▁pure
2881	▁clubs
2882	▁half
2883	▁याजक
2884	▁hide
2885	▁connection
2886	▁hast
2887	▁secure
2888	▁सबूत
2889	▁सुरक्षा
2890	▁40
2891	▁डाले
2892	▁प्राचीनों
2893	▁daughters
2894	▁direction
2895	▁यूनानी
2896	▁चिड़ी
2897	▁धार्मिक
2898	▁माबूद
2899	▁प्रक्रिया
2900	▁Anjuta
2901	▁16.
2902	▁कैसी
2903	▁जोड़ने
2904	▁बीमारी
2905	ar
2906	▁THE
2907	▁stop
2908	▁subject
2909	▁डेस्कटॉप
2910	▁8,
2911	▁सुबह
2912	▁circumstances
2913	▁कमी
2914	▁बच
2915	▁6.
2916	▁dwell
2917	▁Witness
2918	▁decision
2919	▁ज़रुर
2920	▁ज़माने
2921	▁guard
2922	▁सेटिंग
2923	ऱ
2924	▁नेक
2925	▁28
2926	▁ताकत
2927	▁लड़के
2928	▁15.
2929	▁प्राप्तकर्ता
2930	un
2931	▁Editor
2932	▁Life
2933	▁17.
2934	▁occurred
2935	▁आंकड़ा
2936	▁कठिन
2937	▁सुनता
2938	▁प्रसंग
2939	▁spades
2940	▁तय
2941	▁eight
2942	▁faces
2943	▁plain
2944	▁पड़ी
2945	▁homes
2946	▁parts
2947	▁continued
2948	▁short
2949	▁served
2950	▁औरतों
2951	▁तस्वीर
2952	▁prove
2953	▁spread
2954	▁रोमियों
2955	▁वंश
2956	लोगों
2957	दूसरे
2958	▁परवाह
2959	सा
2960	यक़ीनी
2961	▁permission
2962	▁promises
2963	▁Holy
2964	▁gathered
2965	▁ground
2966	▁बन्दग
2967	▁सीधा
2968	▁स्थिर
2969	▁Pacific
2970	▁entered
2971	▁level
2972	▁डीवीडी
2973	▁मुक़ाबले
2974	▁Keep
2975	▁maintain
2976	▁"{0}"
2977	▁Jewish
2978	▁Password
2979	▁percent
2980	▁refuge
2981	▁severe
2982	▁regard
2983	▁several
2984	▁running
2985	▁Files
2986	▁moves
2987	▁record
2988	▁१३
2989	All
2990	▁लगाया
2991	no
2992	▁kings
2993	▁lest
2994	▁class
2995	▁बाग़
2996	▁रास्ता
2997	▁बहुतेर
2998	▁मोमिन
2999	▁सेना
3000	▁Source
3001	▁confidence
3002	▁spoken
3003	▁आयी
3004	▁built
3005	▁determined
3006	▁ज़िन्दगी
3007	▁रहनेवाले
3008	K
3009	▁commit
3010	▁drive
3011	▁burning
3012	▁darkness
3013	▁visit
3014	▁getting
3015	▁issue
3016	▁previous
3017	▁actually
3018	▁met
3019	▁करोगे
3020	▁favor
3021	▁लीजिए
3022	il
3023	▁reached
3024	▁prophets
3025	▁आखिर
3026	▁unless
3027	And
3028	▁signature
3029	▁Next
3030	▁audio
3031	▁remote
3032	▁hidden
3033	▁lot
3034	▁Behold
3035	▁पासवर्ड
3036	▁Information
3037	▁जिनकी
3038	z
3039	▁अधिकारी
3040	▁१४
3041	▁physical
3042	▁ransom
3043	▁बक्स
3044	▁भीतर
3045	▁पढ़ा
3046	▁afraid
3047	▁कोड
3048	▁धीरे
3049	▁Screen
3050	▁bar
3051	▁fast
3052	▁Aaron
3053	▁salvation
3054	▁जिनको
3055	▁लेंगे
3056	▁languages
3057	▁secret
3058	वे
3059	▁assigned
3060	▁rich
3061	गी
3062	▁Right
3063	▁associate
3064	▁pain
3065	▁नतीजा
3066	▁कचरा
3067	▁भरें
3068	▁2,
3069	▁Come
3070	▁OF
3071	▁rivers
3072	दैव
3073	▁Take
3074	▁पहिले
3075	▁थोड़े
3076	▁मंदिर
3077	▁g
3078	▁black
3079	▁समाह
3080	▁birth
3081	▁content
3082	▁deliver
3083	▁विरुद्ध
3084	मेरे
3085	ला
3086	▁विलोपित
3087	▁countries
3088	▁forget
3089	▁thoughts
3090	▁जाएंगे
3091	▁सोचा
3092	▁Ask
3093	▁कल
3094	▁गुना
3095	▁Watch
3096	▁protect
3097	▁रखिए
3098	▁former
3099	▁आना
3100	▁इन्का
3101	▁rejoice
3102	▁छुपाएँ
3103	▁लॉग
3104	▁entire
3105	▁खून
3106	▁मिलने
3107	▁congregations
3108	▁offered
3109	▁whosoever
3110	कुफ़्र
3111	▁color
3112	▁शरीक
3113	▁दिखायी
3114	▁SAW
3115	▁published
3116	▁दूंगा
3117	▁सामर्थ्य
3118	▁Jeremiah
3119	▁जितना
3120	▁मरियम
3121	▁Unto
3122	▁removed
3123	▁मनपसंद
3124	▁लोगो
3125	▁goes
3126	▁बनाते
3127	▁प्रशांत
3128	▁room
3129	▁लड़ाई
3130	द
3131	▁town
3132	▁अधीन
3133	▁helps
3134	▁सप्ताह
3135	▁सोने
3136	▁आस
3137	▁User
3138	▁results
3139	▁कही
3140	ख
3141	▁affect
3142	▁Scriptural
3143	▁integrity
3144	▁preach
3145	▁ईमानदार
3146	▁गये
3147	▁मिस्र
3148	▁13:
3149	▁lay
3150	▁million
3151	▁चर्च
3152	वरीय
3153	▁'{0}'
3154	▁alive
3155	▁चीज़ें
3156	▁निम्न
3157	▁लूत
3158	▁सुनकर
3159	▁हवा
3160	▁Pictures
3161	▁break
3162	▁hours
3163	▁trying
3164	▁आग्रह
3165	▁below
3166	▁Genesis
3167	▁प्रयुक्त
3168	▁जिनसे
3169	▁रास्ते
3170	▁विवाह
3171	▁Clear
3172	▁expression
3173	▁जिनका
3174	▁डालें
3175	▁security
3176	▁प्रोजेक्ट
3177	▁पसन्द
3178	▁efforts
3179	▁घंटे
3180	▁सामग्री
3181	अज़ाब
3182	▁session
3183	▁till
3184	▁Settings
3185	▁bread
3186	▁कठोर
3187	▁काल
3188	▁advice
3189	▁"{0}
3190	▁जीने
3191	▁सामान
3192	पट्टी
3193	▁saith
3194	▁ability
3195	▁Key
3196	▁houses
3197	▁parent
3198	▁29
3199	▁fell
3200	▁proper
3201	▁दिखाना
3202	▁contents
3203	▁औलाद
3204	▁प्रविष्ट
3205	▁straight
3206	▁cry
3207	▁standing
3208	▁reject
3209	▁जादू
3210	▁फिरऔन
3211	▁हारून
3212	िल
3213	▁देर
3214	▁50
3215	▁card
3216	▁explained
3217	▁आधारित
3218	▁happen
3219	▁सवालों
3220	▁बाकी
3221	▁फोल्डर
3222	▁बोले
3223	?”
3224	Our
3225	▁force
3226	▁willing
3227	▁भरा
3228	▁appropriate
3229	▁pioneer
3230	▁हुकूमत
3231	▁Scripture
3232	▁throughout
3233	▁गहरा
3234	▁पश्
3235	▁माफ
3236	▁believing
3237	▁store
3238	To
3239	▁ढेर
3240	▁नियंत्रण
3241	▁Size
3242	▁चौड़ाई
3243	▁मानव
3244	▁placed
3245	▁मि
3246	▁श्रेय
3247	्हें
3248	▁5,
3249	▁prison
3250	▁बढ़ावा
3251	▁मुसीबत
3252	▁activity
3253	▁दरमियान
3254	doers
3255	िया
3256	▁manner
3257	▁proved
3258	▁heed
3259	▁glad
3260	▁opportunity
3261	▁बेटी
3262	▁तोड़
3263	▁भरे
3264	▁appear
3265	▁flow
3266	▁मरे
3267	▁अध्याय
3268	▁खोजें
3269	▁modern
3270	▁theme
3271	▁tidings
3272	▁मध्य
3273	▁Hence
3274	▁लाते
3275	▁office
3276	▁मिलेगा
3277	▁books
3278	▁items
3279	▁जातियों
3280	▁लाया
3281	▁Help
3282	▁eye
3283	▁job
3284	▁पिछला
3285	▁१९
3286	▁@
3287	▁प्रधान
3288	▁recorded
3289	▁respond
3290	▁मुक़र्रर
3291	तौर
3292	▁4,
3293	▁Instead
3294	▁इंतज़ाम
3295	▁क़दम
3296	▁उठाया
3297	▁midst
3298	▁patience
3299	▁!
3300	▁Before
3301	▁मित्र
3302	▁loyal
3303	▁पसंदीदा
3304	▁privilege
3305	▁बदलाव
3306	▁छोड़ें
3307	▁बाबुल
3308	▁यूँ
3309	Muhammad
3310	▁returns
3311	▁stated
3312	▁Game
3313	▁ग़ौर
3314	▁About
3315	▁branch
3316	नेवाला
3317	▁contain
3318	▁रौशन
3319	▁लगातार
3320	▁खासकर
3321	▁सुधार
3322	▁acts
3323	▁9,
3324	▁Moreover
3325	▁active
3326	▁दशा
3327	▁रिक्त
3328	वालों
3329	▁>
3330	▁सृष्टि
3331	▁device
3332	▁inside
3333	▁अस्थायी
3334	▁औज़ार
3335	▁कदा
3336	▁activities
3337	▁freedom
3338	▁selection
3339	▁पूज्य
3340	▁समाचार
3341	▁lands
3342	▁table
3343	▁earlier
3344	▁evening
3345	▁greatest
3346	▁top
3347	▁Get
3348	▁prayed
3349	▁कमज़ोर
3350	In
3351	▁thanks
3352	▁अधिकतर
3353	▁र
3354	▁queen
3355	ग
3356	▁church
3357	▁अनुसरण
3358	▁link
3359	▁Still
3360	▁access
3361	▁provides
3362	▁violence
3363	▁6,
3364	▁कुफ्फ़ार
3365	▁डरो
3366	पन
3367	▁Forgiving
3368	एँ
3369	▁messenger
3370	▁building
3371	▁thousands
3372	▁vital
3373	▁गंभीर
3374	▁सिखाया
3375	▁भले
3376	▁कार्यक्रम
3377	▁क्षमाशील
3378	▁Roman
3379	▁grateful
3380	▁condition
3381	▁इस्राएली
3382	▁W
3383	▁m
3384	▁responsibility
3385	▁style
3386	▁उच्च
3387	▁रक्षा
3388	▁रहमत
3389	▁target
3390	▁दिशा
3391	▁पत्रिका
3392	▁तमाम
3393	▁देखना
3394	▁sword
3395	▁दौड़
3396	▁role
3397	▁sick
3398	▁Good
3399	▁Which
3400	▁humble
3401	▁almost
3402	▁laws
3403	▁उत्पन्न
3404	▁सुख
3405	▁animals
3406	▁silver
3407	▁इब्रानियों
3408	▁पहुँचे
3409	▁मौका
3410	▁chapter
3411	▁एक्स
3412	▁gardens
3413	▁sending
3414	▁बच्चा
3415	▁रहेगी
3416	▁होंगी
3417	क़ियामत
3418	▁सावधान
3419	▁Date
3420	▁displayed
3421	▁जांचें
3422	▁सजदा
3423	▁track
3424	▁बनाना
3425	▁quality
3426	▁भाषण
3427	▁यों
3428	▁सिवाय
3429	▁loss
3430	▁request
3431	▁चिंता
3432	▁dust
3433	▁raise
3434	▁पेट
3435	▁height
3436	▁imitate
3437	▁शीर्ष
3438	▁१६
3439	▁reflect
3440	▁wine
3441	▁battle
3442	▁standards
3443	▁क़रीब
3444	▁कार
3445	▁निर्मित
3446	▁government
3447	ive
3448	अनक़रीब
3449	▁Box
3450	▁End
3451	▁जहां
3452	▁Plugin
3453	▁गुमराह
3454	▁लगाए
3455	▁Society
3456	▁निर्माण
3457	▁Command
3458	▁Web
3459	▁explains
3460	▁mine
3461	▁कबूल
3462	▁earthly
3463	▁छोड़ा
3464	यों
3465	▁endure
3466	▁पेड़
3467	from
3468	▁function
3469	▁code
3470	▁ज़िन्दा
3471	▁भेड़
3472	▁watch
3473	▁स्मरण
3474	▁जोश
3475	▁necessary
3476	▁अत्याचार
3477	▁गैर
3478	▁पैसे
3479	▁beginning
3480	+
3481	▁precious
3482	▁knowing
3483	▁safe
3484	▁sexual
3485	▁warn
3486	▁पढ़ते
3487	▁High
3488	▁crowd
3489	▁छापें
3490	▁रोटी
3491	▁सांसारिक
3492	▁couple
3493	▁moon
3494	▁संवाद
3495	▁Bethel
3496	▁produce
3497	▁गति
3498	▁groups
3499	▁२०
3500	▁100
3501	▁उत्पत्ति
3502	▁पुकार
3503	▁पुनः
3504	▁हल
3505	▁दर्शन
3506	▁नेकी
3507	▁खिसकाएँ
3508	▁समेत
3509	▁disease
3510	▁दर
3511	▁beautiful
3512	▁उद्देश्
3513	▁बख्शन
3514	▁nine
3515	▁वज़ह
3516	man
3517	▁decided
3518	▁vision
3519	▁तत्वदर्शी
3520	>
3521	with
3522	▁Credit
3523	▁forbidden
3524	▁filter
3525	▁tongue
3526	▁लगते
3527	▁सरकार
3528	▁स्वर्गदूत
3529	▁progress
3530	▁warned
3531	▁काट
3532	▁दृढ़
3533	▁टॉगल
3534	▁setting
3535	▁कदर
3536	▁लेबल
3537	▁शिकार
3538	▁क़ुरान
3539	▁शैली
3540	▁सिद्ध
3541	▁Samuel
3542	▁पीने
3543	▁पुनरुत्थान
3544	▁seeing
3545	▁successfully
3546	▁मिटाना
3547	▁कार्ड
3548	▁१७
3549	▁ग
3550	▁प्रेषक
3551	▁Task
3552	▁disbelieved
3553	▁Messages
3554	▁अवसर
3555	▁पड़ेगा
3556	▁पीठ
3557	▁More
3558	▁host
3559	▁अक्षर
3560	▁युक्ति
3561	ू
3562	▁सेवकाई
3563	▁Another
3564	▁recompense
3565	▁मामलों
3566	▁Look
3567	▁appreciation
3568	▁carried
3569	▁Here
3570	▁authentication
3571	▁creatures
3572	▁Current
3573	▁hearing
3574	▁आख़िर
3575	▁तौभी
3576	▁devotion
3577	▁grace
3578	▁शुभ
3579	▁worldwide
3580	▁include
3581	▁घराने
3582	▁छुटकारा
3583	▁army
3584	▁boy
3585	▁millions
3586	▁truthful
3587	▁एहसास
3588	वा
3589	▁Had
3590	▁नियमित
3591	चित
3592	▁laid
3593	▁natural
3594	▁उठाए
3595	▁18.
3596	Jehovah
3597	▁Change
3598	▁non
3599	▁उठाने
3600	▁तलवार
3601	▁realize
3602	▁आँखों
3603	▁क्लिपबोर्ड
3604	When
3605	आ
3606	▁influence
3607	▁wrath
3608	नेवालों
3609	▁correct
3610	▁original
3611	▁नहरें
3612	▁वस्तुओं
3613	▁box
3614	▁replied
3615	▁reply
3616	▁गुप्त
3617	▁भूमिका
3618	▁causes
3619	▁ears
3620	▁installed
3621	▁मौसम
3622	▁Black
3623	▁inhabitants
3624	▁क़ायम
3625	ु
3626	▁सारांश
3627	▁Colour
3628	▁नौकरी
3629	▁granted
3630	▁ईमानवालों
3631	▁प्रभुत्वशाली
3632	▁बारगाह
3633	▁Knowing
3634	▁N
3635	▁श्रेणी
3636	▁18:
3637	▁c
3638	▁pleasure
3639	▁आखिरी
3640	▁कर्ता
3641	▁Though
3642	▁देखभाल
3643	▁प्रहरीदुर्ग
3644	स्त
3645	▁concern
3646	▁reports
3647	▁sacred
3648	▁standard
3649	▁वहीं
3650	▁१८
3651	▁manager
3652	▁reveal
3653	▁सभा
3654	▁V
3655	▁decisions
3656	▁fulfillment
3657	▁जरूरी
3658	▁स्थायी
3659	री
3660	▁requires
3661	▁spent
3662	▁आउटपुट
3663	फ
3664	ाँ
3665	▁baptism
3666	ment
3667	▁स्वामी
3668	▁custom
3669	▁कार्यों
3670	▁%2
3671	▁Data
3672	▁observe
3673	▁unknown
3674	▁पूछ
3675	▁सकेंगे
3676	▁benefits
3677	▁leaders
3678	▁showing
3679	▁wind
3680	▁won
3681	▁स्तुति
3682	▁expect
3683	▁यिर्मयाह
3684	▁J
3685	▁perform
3686	▁इल्म
3687	▁पुरुषों
3688	▁doesn
3689	▁समझता
3690	▁daily
3691	▁सीखा
3692	▁begin
3693	▁burn
3694	▁खाओ
3695	ात
3696	▁email
3697	▁pleased
3698	▁SSL
3699	▁मिलेगी
3700	▁Window
3701	▁paradise
3702	▁शुक्र
3703	▁Spirit
3704	▁addition
3705	▁ahead
3706	▁asking
3707	▁exercise
3708	▁बैकअप
3709	he
3710	▁described
3711	▁ठहरा
3712	▁भावना
3713	le
3714	▁mountain
3715	▁Nay
3716	▁appreciate
3717	▁approach
3718	▁household
3719	▁guilty
3720	▁ill
3721	▁लड़की
3722	▁hurt
3723	▁stood
3724	▁प्रदर्शक
3725	▁gather
3726	▁sort
3727	▁outside
3728	▁Filter
3729	▁learning
3730	▁विनाश
3731	▁magazine
3732	▁आराम
3733	ul
3734	▁Joshua
3735	▁garden
3736	▁Every
3737	▁strive
3738	▁सुनो
3739	by
3740	▁Note
3741	▁घटनाओं
3742	▁घाटे
3743	▁elder
3744	▁हत्या
3745	▁Should
3746	▁attend
3747	▁harmony
3748	▁witnesses
3749	▁अचानक
3750	▁थोड़ी
3751	▁विनष्ट
3752	वाला
3753	▁White
3754	▁conscience
3755	▁moral
3756	▁background
3757	▁currently
3758	▁इब्रानी
3759	हमारे
3760	▁KDE
3761	▁enabled
3762	▁occasion
3763	▁practice
3764	▁dear
3765	▁property
3766	▁कहेगा
3767	▁York
3768	▁foretold
3769	▁दाख़िल
3770	BA
3771	ah
3772	▁24:
3773	▁experienced
3774	▁धैर्य
3775	▁Contacts
3776	▁किनारे
3777	▁fail
3778	▁नेअमत
3779	▁सफल
3780	▁success
3781	▁जानना
3782	▁Selected
3783	▁behalf
3784	▁गोपन
3785	▁पद
3786	▁apart
3787	▁swear
3788	▁प्र
3789	▁स्तंभ
3790	▁Mount
3791	▁reasons
3792	▁simple
3793	▁waters
3794	▁व्यस्त
3795	▁busy
3796	▁wonder
3797	▁लेगा
3798	उन
3799	▁शीघ्र
3800	·
3801	▁minutes
3802	▁वरन
3803	▁seems
3804	▁अपराध
3805	▁belong
3806	▁teachings
3807	▁training
3808	▁सहेजन
3809	▁basis
3810	▁दावा
3811	▁Location
3812	▁wronged
3813	la
3814	मन
3815	▁Z
3816	▁students
3817	▁writing
3818	▁पाँच
3819	▁बिगाड़
3820	▁Account
3821	▁girl
3822	▁psalmist
3823	▁केडीई
3824	▁पलट
3825	▁संभव
3826	ch
3827	▁flock
3828	क्योंकि
3829	▁Toggle
3830	▁चेले
3831	▁पालने
3832	▁मरने
3833	▁युग
3834	▁सिखाने
3835	▁business
3836	▁टूट
3837	▁60
3838	▁duty
3839	▁walking
3840	▁होम
3841	soever
3842	▁कानून
3843	▁चलना
3844	▁पाना
3845	▁ब्रैसेरो
3846	▁Properties
3847	▁challenge
3848	▁दर्दनाक
3849	);
3850	ting
3851	▁root
3852	▁इलाके
3853	▁तरीकों
3854	▁प्रतीक्षा
3855	▁भिन्न
3856	▁हौसला
3857	▁Tower
3858	▁burden
3859	▁turns
3860	▁खुशखबरी
3861	▁sleep
3862	▁हिकमत
3863	मगर
3864	▁Messiah
3865	▁trees
3866	▁answers
3867	▁master
3868	▁बादशाह
3869	▁car
3870	▁destination
3871	▁repentance
3872	▁Give
3873	▁choice
3874	▁completed
3875	▁remained
3876	▁कपड़े
3877	▁मानक
3878	▁accurate
3879	▁persons
3880	▁Al
3881	▁strengthen
3882	▁खुली
3883	▁भक्
3884	▁वारिस
3885	▁प्रॉक्सी
3886	▁बीमार
3887	▁looked
3888	▁लौटा
3889	▁waiting
3890	▁रोज़
3891	▁सफर
3892	▁हममें
3893	▁हुओं
3894	▁aside
3895	▁भविष्यवक्
3896	▁पत्र
3897	प्रभु
3898	▁quit
3899	▁कायम
3900	▁स्वर्गीय
3901	▁Loading
3902	▁column
3903	▁किस्म
3904	▁पैकेज
3905	▁Later
3906	▁Custom
3907	▁although
3908	▁helping
3909	▁एहसान
3910	like
3911	▁अन्ततः
3912	ri
3913	▁Out
3914	▁p
3915	▁visible
3916	▁Qur
3917	▁positive
3918	▁reported
3919	▁चाहा
3920	▁youths
3921	▁बनाई
3922	▁escape
3923	▁आसानी
3924	▁नज़रिया
3925	▁सोचिए
3926	▁cried
3927	▁सरल
3928	ओ
3929	▁invalid
3930	▁numbers
3931	▁picture
3932	▁quickly
3933	▁अशुद्ध
3934	▁जगत
3935	▁टाइप
3936	▁ह
3937	▁14,
3938	▁individual
3939	▁टिप्पणी
3940	▁बचे
3941	▁committed
3942	▁completely
3943	▁weak
3944	▁assignment
3945	▁कामयाब
3946	▁सारणी
3947	▁de
3948	▁समाज
3949	▁altar
3950	▁दुश्
3951	▁usually
3952	▁विशेष
3953	▁English
3954	▁fruits
3955	▁Isaac
3956	▁chief
3957	▁इनके
3958	up
3959	▁final
3960	▁इसको
3961	▁मायने
3962	▁worked
3963	▁Others
3964	▁info
3965	▁relative
3966	▁छिपा
3967	▁immediately
3968	▁बिनती
3969	मोमिनीन
3970	▁Eve
3971	▁Hour
3972	▁lesson
3973	▁toolbar
3974	▁जहन्नम
3975	▁दर्द
3976	▁नम्रता
3977	▁निराश
3978	▁फैसले
3979	▁विस्तार
3980	▁Lot
3981	▁अधिसूचना
3982	▁Nevertheless
3983	▁menu
3984	▁story
3985	▁establish
3986	▁offspring
3987	▁party
3988	▁देनेवाला
3989	▁Compare
3990	▁partners
3991	im
3992	▁clipboard
3993	▁lose
3994	▁regularly
3995	▁ईसा
3996	▁गलती
3997	▁जंगल
3998	▁तभी
3999	▁कॉपी
4000	▁बुलाया
4001	▁refused
4002	▁ज़ालिमों
4003	▁जोड़ा
4004	▁टैग
4005	▁दानिय्येल
4006	▁बताने
4007	▁समाप्ति
4008	▁keeping
4009	▁निकाला
4010	▁हटकर
4011	ाई
4012	▁conditions
4013	▁अप
4014	▁जोड़े
4015	ले
4016	▁length
4017	▁network
4018	▁obedient
4019	▁बैठा
4020	▁actor
4021	▁possess
4022	▁लगाने
4023	▁cattle
4024	▁miles
4025	▁header
4026	▁moving
4027	▁related
4028	▁tribulation
4029	▁प्रिय
4030	▁चाहती
4031	▁देखे
4032	▁होइए
4033	▁Group
4034	▁throne
4035	▁अनमोल
4036	▁पोर्ट
4037	ity
4038	▁अनुक्रिया
4039	तियों
4040	▁General
4041	▁अधिवेशन
4042	▁अहल
4043	▁चुन
4044	▁बेटों
4045	▁becomes
4046	▁एकता
4047	▁20.
4048	▁Awake
4049	▁explain
4050	▁lo
4051	▁अति
4052	▁कहे
4053	▁ज़िम्मेदार
4054	▁प्रगट
4055	▁19.
4056	▁उतारा
4057	▁lack
4058	▁खो
4059	▁फज़
4060	▁वाणी
4061	▁हजार
4062	▁mate
4063	▁visited
4064	▁Configure
4065	▁protection
4066	color
4067	▁Hall
4068	▁Perhaps
4069	▁join
4070	▁steps
4071	▁प्रयास
4072	ent
4073	▁अवतर
4074	▁दक्षिण
4075	▁नये
4076	▁लानेवालो
4077	▁idea
4078	▁तकलीफ़
4079	▁स्थापित
4080	▁२४
4081	ist
4082	▁तरीक़े
4083	▁IN
4084	▁War
4085	▁develop
4086	▁education
4087	▁जन्नत
4088	▁सम्मिलित
4089	▁ठहराए
4090	▁बाहरी
4091	▁10,
4092	▁arrived
4093	▁oil
4094	▁गणना
4095	▁म
4096	▁front
4097	▁trials
4098	▁belief
4099	▁practical
4100	▁step
4101	▁thine
4102	▁क़त्ल
4103	▁गवाहों
4104	▁पूछते
4105	▁Play
4106	▁pre
4107	▁punish
4108	▁treat
4109	▁चलाने
4110	▁दूध
4111	▁courage
4112	▁loves
4113	▁लाओ
4114	▁portion
4115	▁चुनाव
4116	Let
4117	Who
4118	▁invited
4119	▁trial
4120	▁कैश
4121	▁खड़ी
4122	▁बन्दे
4123	▁उतार
4124	▁7,
4125	कार
4126	वीं
4127	▁Faith
4128	▁replace
4129	▁परहेज़गार
4130	▁cover
4131	▁जीत
4132	▁persecution
4133	▁पीछा
4134	weather
4135	▁f
4136	▁sake
4137	▁sought
4138	▁नम्र
4139	OR
4140	▁inheritance
4141	▁unable
4142	▁खुला
4143	▁21.
4144	▁details
4145	▁Has
4146	▁recognize
4147	▁जानवरों
4148	▁सूर्य
4149	▁sometimes
4150	▁फौरन
4151	▁Run
4152	▁attachment
4153	▁prevent
4154	▁tells
4155	▁मना
4156	▁resurrected
4157	▁आत्मिक
4158	▁प्रदर्शन
4159	▁प्रविष्टि
4160	▁बस्ती
4161	▁रद्दी
4162	▁खराब
4163	▁मददगार
4164	▁लाइन
4165	्य
4166	▁sinners
4167	▁sit
4168	▁चलकर
4169	▁discipline
4170	▁specify
4171	▁पड़ती
4172	▁फ़रिश्ते
4173	▁enable
4174	▁ज़िंदा
4175	▁बढ़ाने
4176	▁guides
4177	▁मैदान
4178	▁excellent
4179	▁गंतव्य
4180	▁सबके
4181	पूर्वक
4182	ॉ
4183	▁Oh
4184	▁bestowed
4185	▁नदी
4186	बे
4187	▁chose
4188	ली
4189	▁generations
4190	▁speed
4191	▁अदा
4192	▁बरस
4193	No
4194	निशानियों
4195	▁11,
4196	▁male
4197	▁stone
4198	▁चलाएँ
4199	▁पर्वत
4200	▁शमूएल
4201	▁स्वागत
4202	मुझे
4203	▁proxy
4204	▁चली
4205	um
4206	▁23.
4207	▁private
4208	▁wishes
4209	ate
4210	अब
4211	▁amount
4212	▁tab
4213	▁दुखद
4214	▁निर्यात
4215	▁बदलने
4216	ling
4217	▁Each
4218	▁HTTP
4219	▁Love
4220	▁Mode
4221	▁Man
4222	▁description
4223	▁प्रथम
4224	▁calling
4225	▁शेष
4226	▁print
4227	▁string
4228	च
4229	▁points
4230	▁इसराईल
4231	▁फ़िरऔन
4232	▁associated
4233	▁company
4234	▁repent
4235	▁आर
4236	▁लगाकर
4237	▁Brother
4238	▁Soon
4239	▁font
4240	▁संग्रह
4241	▁becoming
4242	▁slot
4243	▁successful
4244	▁wherein
4245	▁महत्त्वपूर्ण
4246	▁लिखे
4247	▁14:
4248	▁Also
4249	▁convention
4250	▁interested
4251	▁nature
4252	▁None
4253	▁sincere
4254	▁उत्पन्
4255	▁पहुंचा
4256	▁सवार
4257	▁हिस्से
4258	▁contrast
4259	▁female
4260	▁नाते
4261	▁birds
4262	▁encouraged
4263	▁generation
4264	▁restore
4265	▁आपसे
4266	▁तलाश
4267	▁tribe
4268	▁warner
4269	▁ठहरे
4270	▁इजाज़त
4271	▁राष्ट्र
4272	▁70
4273	▁तेल
4274	ies
4275	▁South
4276	▁existing
4277	▁सबक
4278	अच्छा
4279	▁हरेक
4280	Why
4281	▁heavy
4282	▁weight
4283	▁नफरत
4284	▁हज़ार
4285	▁overcome
4286	वासी
4287	▁relatives
4288	▁एवं
4289	▁सकी
4290	▁recent
4291	▁slaves
4292	▁stars
4293	▁wilderness
4294	▁किताबों
4295	▁यहोशू
4296	▁इसपर
4297	▁Yeah
4298	▁obedience
4299	▁सिर्फ़
4300	▁कहकर
4301	▁नष्ट
4302	rs
4303	▁Catholic
4304	▁screen
4305	▁खर्च
4306	▁नीति
4307	▁समस्याओं
4308	▁Gardens
4309	▁अकेला
4310	▁इ
4311	▁चिन्ह
4312	▁प्रतिज्ञा
4313	▁शक्ति
4314	▁Table
4315	▁delight
4316	▁touch
4317	▁देखेंगे
4318	▁declared
4319	▁पिछली
4320	▁express
4321	▁enjoyed
4322	▁goal
4323	▁terrible
4324	▁किये
4325	▁seized
4326	▁recipients
4327	▁पैसा
4328	▁फायदे
4329	▁हानि
4330	▁शाम
4331	▁Two
4332	be
4333	▁Ephesians
4334	▁ऑंख
4335	▁पक्का
4336	▁स्ट्रिंग
4337	▁rise
4338	▁दाविद
4339	▁Status
4340	▁opening
4341	▁proud
4342	▁sinful
4343	▁youth
4344	▁नाईं
4345	▁avail
4346	▁तुम्हे
4347	As
4348	▁1914
4349	▁आश्
4350	▁व्यर्थ
4351	▁Version
4352	▁Whoever
4353	▁करनेवाली
4354	▁feeling
4355	▁चैन
4356	They
4357	▁12,
4358	▁burnt
4359	▁मिशनरी
4360	▁सचेत
4361	▁सेनाओं
4362	▁attack
4363	▁grant
4364	▁riches
4365	▁आएँ
4366	▁फिल्टर
4367	▁abide
4368	▁जानवर
4369	एं
4370	▁big
4371	▁centuries
4372	▁dedicated
4373	▁humility
4374	▁companions
4375	▁sees
4376	J
4377	▁16,
4378	▁separate
4379	▁इंतज़ार
4380	▁लाखों
4381	▁संक्रिया
4382	▁sends
4383	▁फ्लैग
4384	▁political
4385	▁आँकड़ा
4386	▁छू
4387	▁नियुक्
4388	▁बनकर
4389	▁वेदी
4390	रा
4391	▁admonition
4392	▁idols
4393	▁ऑफ
4394	Add
4395	▁गुणों
4396	▁डराने
4397	▁मिटाने
4398	▁worldly
4399	▁मुमकिन
4400	अत
4401	▁lawful
4402	▁pressure
4403	▁ऊँचाई
4404	▁डी
4405	▁17:
4406	▁broken
4407	▁बग
4408	▁योजना
4409	▁सोचते
4410	▁हलाक
4411	▁increased
4412	▁ज
4413	ne
4414	▁interests
4415	▁गहरी
4416	▁मरज़ी
4417	▁Description
4418	out
4419	▁distress
4420	▁पायी
4421	▁आदमियों
4422	▁खुले
4423	▁निकले
4424	▁माध्यम
4425	▁mailbox
4426	▁आशीषें
4427	▁शपथ
4428	▁Christendom
4429	▁कक्ष
4430	▁द्वीप
4431	▁शोक
4432	▁normal
4433	▁करेगी
4434	▁हार
4435	▁शासन
4436	०००
4437	▁row
4438	▁अकेले
4439	▁भावनाओं
4440	▁Stop
4441	▁marry
4442	▁plugins
4443	▁पैरवी
4444	▁सूचित
4445	▁affection
4446	▁journey
4447	▁played
4448	▁struck
4449	▁whatsoever
4450	▁Place
4451	▁दोस्तों
4452	▁बोलने
4453	▁सह
4454	if
4455	▁Full
4456	▁सिस्टम
4457	▁Video
4458	▁काफिरों
4459	▁झूठा
4460	▁रोकें
4461	▁सीखने
4462	▁missionary
4463	▁traveling
4464	▁पहाड़ों
4465	▁limit
4466	▁focus
4467	▁पूछो
4468	▁यू
4469	se
4470	this
4471	▁personality
4472	▁आवश्यक
4473	▁नियमों
4474	▁पाएगा
4475	▁रिमोट
4476	that
4477	▁foundation
4478	▁समर्पित
4479	▁।...
4480	Open
4481	▁Hide
4482	▁output
4483	▁लाख
4484	▁वृक्ष
4485	less
4486	▁अग्रेषित
4487	▁community
4488	▁falsehood
4489	▁imperfect
4490	▁पांच
4491	▁पापों
4492	▁argument
4493	▁flags
4494	▁sacrifices
4495	▁आठ
4496	▁कहें
4497	▁दबाव
4498	▁बताए
4499	अ
4500	▁अर्ज़
4501	▁घोड़े
4502	▁देगें
4503	▁Free
4504	▁लड़का
4505	▁२१
4506	▁gate
4507	▁identify
4508	▁यद्यपि
4509	▁त
4510	▁दूरस्थ
4511	▁धन्य
4512	▁सुनी
4513	Q
4514	ia
4515	▁Similarly
4516	▁उपस्थिति
4517	▁क़ुरआन
4518	▁ख्वाह
4519	▁फ़रिश्तों
4520	▁Document
4521	▁Phone
4522	Edit
4523	▁Tell
4524	▁air
4525	▁वादे
4526	▁stones
4527	▁ख़ुशी
4528	▁बढ़ती
4529	▁शारीरिक
4530	▁22,
4531	▁favour
4532	▁prepare
4533	▁ठान
4534	▁भेद
4535	▁India
4536	▁abode
4537	▁कॉन्फ़िगर
4538	▁झूठी
4539	▁शाखा
4540	▁claim
4541	▁commandments
4542	▁गहराई
4543	▁बारी
4544	कोई
4545	▁Elijah
4546	▁Never
4547	▁अनुस्मारक
4548	▁जहाज़
4549	▁हिफाज़त
4550	▁Over
4551	▁encourage
4552	▁अहम
4553	इन
4554	कुछ
4555	▁computer
4556	▁low
4557	▁इलाज
4558	▁blame
4559	▁meant
4560	▁wrongdoers
4561	▁ऊंचाई
4562	▁गढ़
4563	▁प्रश्न
4564	▁फेंक
4565	ian
4566	▁Brasero
4567	▁automatically
4568	▁cards
4569	▁encouragement
4570	▁अधर्म
4571	▁बाग़ों
4572	▁observed
4573	▁दोस्ती
4574	▁Manager
4575	▁per
4576	▁responsible
4577	▁अहमियत
4578	▁मौज़ूदा
4579	▁सीखते
4580	▁curse
4581	▁proof
4582	▁suffered
4583	▁कहानी
4584	▁चाहें
4585	▁दहला
4586	▁परसतिश
4587	▁permanently
4588	▁क़ुबूल
4589	▁विश्लेषण
4590	▁properties
4591	▁सजग
4592	▁Among
4593	▁Disc
4594	▁Through
4595	▁Value
4596	▁जेल
4597	▁पशु
4598	▁बा
4599	?'
4600	id
4601	तू
4602	▁court
4603	▁goodness
4604	▁इकट्ठे
4605	▁पीढ़ी
4606	▁भेड़ों
4607	▁सफलता
4608	▁स्क्रिप्ट
4609	▁width
4610	▁काश
4611	▁Judgment
4612	▁earned
4613	▁plan
4614	▁upright
4615	▁टुकड़े
4616	▁trouble
4617	▁उदार
4618	▁वी
4619	Y
4620	आख़िर
4621	▁34
4622	▁TO
4623	▁feed
4624	▁सिद्धांत
4625	one
4626	▁performed
4627	▁pride
4628	▁बुला
4629	▁राज़ी
4630	▁रोम
4631	▁वश
4632	▁बनाता
4633	▁मनन
4634	▁Gilead
4635	▁bounty
4636	▁deeply
4637	▁देनेवाले
4638	▁प्रतिक्रिया
4639	▁विशिष्ट
4640	▁संलग्न
4641	▁wall
4642	▁शिष्य
4643	डी
4644	ण
4645	मुसलमानों
4646	▁Insert
4647	▁चालू
4648	▁परस्पर
4649	do
4650	▁Australia
4651	▁appeared
4652	▁conversation
4653	▁studying
4654	▁इरादा
4655	▁घटक
4656	▁जितनी
4657	▁पहुँचने
4658	▁लायक
4659	▁सफलतापूर्वक
4660	▁Mighty
4661	▁उपदेश
4662	▁एल
4663	▁त्याग
4664	तुम्हारे
4665	▁bound
4666	▁km
4667	▁waste
4668	▁अगली
4669	▁बेहद
4670	▁मामला
4671	ism
4672	▁quite
4673	▁चढ़
4674	▁जनों
4675	▁न्यूनतम
4676	▁commands
4677	▁drawn
4678	▁आनंद
4679	There
4680	क़ाबू
4681	▁summary
4682	▁संगति
4683	▁entry
4684	▁general
4685	▁lying
4686	▁ऑफलाइन
4687	▁ख़ुश
4688	▁पी
4689	▁मिलते
4690	▁शानदार
4691	▁recently
4692	▁covered
4693	▁mention
4694	▁चीज़े
4695	▁Subject
4696	▁race
4697	▁XML
4698	▁gonna
4699	▁member
4700	▁specific
4701	▁भटक
4702	▁रहिए
4703	▁desktop
4704	▁vain
4705	ज़कात
4706	▁Tab
4707	▁literature
4708	▁produced
4709	▁willed
4710	▁समझाया
4711	▁neighbor
4712	▁कल्पना
4713	▁लगाते
4714	▁talking
4715	▁cases
4716	▁dedication
4717	▁heads
4718	▁import
4719	▁संगी
4720	स्
4721	▁Up
4722	▁expressed
4723	▁restored
4724	▁टी
4725	▁Configuration
4726	▁Email
4727	▁Preferences
4728	▁अन
4729	▁केंद्र
4730	▁dwelling
4731	▁धार्मिकता
4732	▁बख्श
4733	9
4734	▁Believers
4735	▁articles
4736	▁गोया
4737	▁युवा
4738	ur
4739	▁समर्थ
4740	▁map
4741	▁victory
4742	▁बिन्दु
4743	▁विरूद्ध
4744	▁Bad
4745	▁areas
4746	▁greatly
4747	▁hypocrites
4748	▁आनेवाले
4749	क़ुरान
4750	▁animal
4751	▁जाएँगी
4752	▁ताज़ा
4753	▁तैयारी
4754	▁दल
4755	▁सोचने
4756	▁Program
4757	▁corruption
4758	▁प्रकाशना
4759	▁बाक़ी
4760	ग़रज़
4761	▁पुकारा
4762	▁despite
4763	▁turning
4764	▁wide
4765	▁ग्रहण
4766	▁झुठला
4767	▁हव्वा
4768	▁grieve
4769	▁वफादारी
4770	▁affairs
4771	▁existence
4772	▁workers
4773	▁Call
4774	▁drop
4775	▁सत्ता
4776	wise
4777	▁Musa
4778	▁library
4779	▁social
4780	▁backend
4781	TP
4782	▁noted
4783	▁आमाल
4784	▁दिखाए
4785	▁बह
4786	▁शिक्षाओं
4787	▁additional
4788	▁सलाम
4789	▁careful
4790	▁joined
4791	▁ज़बान
4792	▁Light
4793	▁Link
4794	▁hosts
4795	▁minister
4796	▁teacher
4797	▁नुकसान
4798	▁शराब
4799	▁road
4800	▁इफिसियों
4801	▁बगल
4802	▁chat
4803	▁helper
4804	▁leading
4805	▁खिलाड़ी
4806	▁सरपरस्त
4807	मा
4808	▁1"
4809	▁Was
4810	▁hate
4811	▁round
4812	▁ईमानवाले
4813	▁दौलत
4814	▁“[
4815	▁title
4816	▁whomever
4817	▁पर्याप्त
4818	▁बाहम
4819	▁२२
4820	Send
4821	tar
4822	▁21:
4823	espite
4824	▁faced
4825	▁consequences
4826	▁notice
4827	▁उठ
4828	▁उतना
4829	▁closer
4830	▁mental
4831	▁प्रश्
4832	▁साथियों
4833	उसके
4834	▁baby
4835	▁eventually
4836	▁genuine
4837	▁घात
4838	▁जाँचें
4839	▁तकलीफ
4840	▁भेजी
4841	▁मानवजाति
4842	▁लोहू
4843	▁संदर्भ
4844	ʹ
4845	▁गुलाम
4846	नेवाली
4847	▁abundance
4848	▁input
4849	▁अत्याचारी
4850	▁चैनल
4851	▁sovereignty
4852	▁disbelief
4853	▁खराई
4854	▁putt
4855	▁एस
4856	▁धोखा
4857	▁नज़दीक
4858	▁राजाओं
4859	▁Apostle
4860	▁Log
4861	▁note
4862	▁आनन्दित
4863	▁फूट
4864	lo
4865	▁log
4866	▁major
4867	▁twenty
4868	▁whereas
4869	▁unity
4870	▁अप्रत्याशित
4871	▁ऑनलाइन
4872	▁जानी
4873	▁संजाल
4874	ra
4875	वही
4876	▁Header
4877	▁fish
4878	▁जिहाद
4879	▁श्रोत
4880	▁संकट
4881	Be
4882	▁Her
4883	▁Way
4884	▁ark
4885	▁असली
4886	▁रखती
4887	7
4888	▁13,
4889	▁importance
4890	▁चीनी
4891	▁डॉक्टर
4892	▁व्यभिचार
4893	▁Almighty
4894	▁submit
4895	▁sufficient
4896	▁जायेगा
4897	▁बैर
4898	▁वर्तनी
4899	ुब
4900	▁एम
4901	▁रखनेवालों
4902	▁22.
4903	▁डाली
4904	▁पाओगे
4905	▁बढ़ते
4906	▁सिंहासन
4907	▁90
4908	▁Internet
4909	▁Once
4910	▁lord
4911	▁opposition
4912	▁क्लेश
4913	▁●
4914	▁offerings
4915	▁presented
4916	▁realized
4917	याद
4918	▁दिमाग
4919	▁risk
4920	▁करूँ
4921	▁कुदरत
4922	View
4923	▁Toolbar
4924	▁foot
4925	▁hatred
4926	▁injustice
4927	▁merciful
4928	▁worshipers
4929	▁worthy
4930	▁beliefs
4931	▁handle
4932	▁ओ
4933	▁कॉन्फ़िगरेशन
4934	▁दरिया
4935	▁द्वार
4936	org
4937	िस
4938	▁Really
4939	▁remembrance
4940	▁मैने
4941	▁साझा
4942	▁declare
4943	▁fulfill
4944	▁डाटाबेस
4945	▁सदस्यों
4946	आख़ेरत
4947	▁एहद
4948	▁जानकर
4949	▁वाक़िफ
4950	Go
4951	▁disk
4952	▁अरे
4953	▁नाई
4954	▁लाएँ
4955	de
4956	▁basic
4957	▁स्त्रियाँ
4958	वासयोग्य
4959	▁click
4960	▁windows
4961	▁लानत
4962	▁particular
4963	▁दर्ज़
4964	▁Peace
4965	▁operations
4966	▁गिरा
4967	▁दूँगा
4968	▁लगती
4969	▁seemed
4970	▁चैट
4971	▁जानेवाले
4972	▁तारीफ
4973	▁बचाने
4974	▁19,
4975	▁concerned
4976	▁touched
4977	▁डेटा
4978	li
4979	▁24.
4980	▁studies
4981	▁माउस
4982	▁36
4983	▁examine
4984	▁loading
4985	▁संगीत
4986	▁overseer
4987	▁चोरी
4988	▁illustration
4989	▁minds
4990	▁web
4991	▁प्रगति
4992	▁लहू
4993	=
4994	▁35
4995	▁डालने
4996	▁रहमान
4997	",
4998	6
4999	टी
5000	▁निकला
5001	▁प्रभावित
5002	▁Rome
5003	▁Signs
5004	▁कुफ्र
5005	▁छा
5006	▁पक्ष
5007	▁पुकारते
5008	▁pieces
5009	▁render
5010	▁अनन्त
5011	▁महत्वपूर्ण
5012	▁लड़ी
5013	▁append
5014	▁cache
5015	▁medical
5016	▁पूछें
5017	ro
5018	रो
5019	▁Certainly
5020	▁urged
5021	▁चन्द
5022	▁पापा
5023	▁Knower
5024	▁extreme
5025	▁घमंड
5026	▁camp
5027	▁losers
5028	▁river
5029	▁कु
5030	▁गयीं
5031	▁निकालें
5032	▁व्यापार
5033	▁समझे
5034	▁सुझाव
5035	▁Whatever
5036	▁admit
5037	▁games
5038	▁loyalty
5039	▁तंग
5040	▁भाषाओं
5041	▁backs
5042	▁देवताओं
5043	▁aid
5044	▁brethren
5045	▁Color
5046	▁bookmarks
5047	▁कैथोलिक
5048	▁निर्णय
5049	me
5050	men
5051	▁Dr
5052	▁carefully
5053	▁इन्सान
5054	▁राय
5055	Save
5056	▁agree
5057	▁limited
5058	▁sustenance
5059	▁thereafter
5060	▁बदकार
5061	▁Body
5062	▁finished
5063	▁inherit
5064	▁uses
5065	▁छपाई
5066	ियां
5067	▁Co
5068	▁direct
5069	▁eternal
5070	▁जड़
5071	▁दुश्मन
5072	▁बिल्ड
5073	▁danger
5074	▁principle
5075	▁आँखें
5076	▁मसीहा
5077	▁authorities
5078	▁bow
5079	▁प्रबंधन
5080	▁विपत्ति
5081	te
5082	ut
5083	▁Chinese
5084	▁eating
5085	▁emotional
5086	▁permissions
5087	ही
5088	▁double
5089	▁loaded
5090	▁magic
5091	▁अनुमान
5092	▁वास्तविक
5093	ter
5094	▁leads
5095	▁काबू
5096	▁क्रम
5097	▁मेन्यू
5098	▁publications
5099	▁अमल
5100	▁आज्ञाकारी
5101	▁बेहतरीन
5102	▁House
5103	▁bones
5104	▁finally
5105	▁prostrate
5106	▁society
5107	▁अंजाम
5108	▁पढ़कर
5109	▁पुरानी
5110	▁सुनिश्चित
5111	How
5112	▁Back
5113	▁developed
5114	▁late
5115	▁sex
5116	▁teachers
5117	▁arrangement
5118	▁compassion
5119	Moses
5120	▁1'
5121	▁commandment
5122	so
5123	▁ruin
5124	▁weeks
5125	▁yes
5126	▁रोग
5127	▁16:
5128	▁beside
5129	▁बीज
5130	▁रखनेवाले
5131	▁सामर्थ
5132	▁सीधी
5133	▁हज़ारों
5134	▁रवैया
5135	X
5136	▁reasonable
5137	▁संसाधन
5138	िन
5139	▁1.
5140	▁cultivate
5141	▁lock
5142	▁thereby
5143	▁क्षैतिज
5144	▁वाद
5145	▁St
5146	▁deaf
5147	▁stayed
5148	▁पाबन्द
5149	▁easily
5150	▁marked
5151	▁parable
5152	▁strike
5153	▁मन्दिर
5154	▁विचारों
5155	▁स्वर्गदूतों
5156	Z
5157	नहीं
5158	▁cell
5159	▁probably
5160	ful
5161	▁Truly
5162	▁bringing
5163	▁endurance
5164	▁merely
5165	▁चुनौती
5166	▁दूरी
5167	ISO
5168	▁Always
5169	▁fair
5170	▁saving
5171	▁मांस
5172	▁fighting
5173	▁included
5174	▁music
5175	▁औरतें
5176	▁भजनहार
5177	यक
5178	▁Church
5179	▁bless
5180	▁dispute
5181	▁evident
5182	▁purposes
5183	▁rename
5184	▁Previous
5185	▁conceal
5186	▁crime
5187	▁unclean
5188	▁यक़ीन
5189	▁सहेजा
5190	▁Try
5191	▁gifts
5192	▁kinds
5193	▁ship
5194	▁unique
5195	▁नेटवर्क
5196	▁पू
5197	▁फोटो
5198	▁विकसित
5199	▁निकाले
5200	▁महा
5201	▁हाय
5202	▁divided
5203	▁आज़ादी
5204	▁आवश्
5205	▁पनाह
5206	▁पुष्टि
5207	▁बादल
5208	▁लिखना
5209	▁Left
5210	▁ear
5211	▁letters
5212	▁pursue
5213	▁फ
5214	▁appears
5215	▁expected
5216	▁online
5217	▁अवस्था
5218	▁उपासक
5219	▁यूआरएल
5220	▁burned
5221	▁environment
5222	▁negative
5223	▁किताबें
5224	▁देखी
5225	▁फ्रेम
5226	▁बी
5227	▁स्वास्थ्य
5228	▁हलाल
5229	निकाह
5230	▁Author
5231	▁count
5232	▁dream
5233	▁harvest
5234	▁press
5235	तसबीह
5236	विश्
5237	▁Export
5238	▁Ezekiel
5239	▁beneath
5240	▁keys
5241	▁मर्द
5242	▁involves
5243	▁preached
5244	▁seconds
5245	▁फर्क
5246	▁lessons
5247	▁notification
5248	▁चेहरे
5249	▁पहलू
5250	▁पाता
5251	▁बस्तियों
5252	▁बेथेल
5253	▁Zoom
5254	▁19:
5255	▁NW
5256	▁acceptable
5257	▁association
5258	▁site
5259	▁आत्म
5260	▁डालते
5261	am
5262	्ड
5263	▁Pharisees
5264	▁decide
5265	their
5266	▁European
5267	▁ruler
5268	▁Level
5269	▁characters
5270	▁price
5271	▁खेती
5272	▁भेजना
5273	मान
5274	▁Allow
5275	▁Junk
5276	▁understood
5277	▁रोमी
5278	▁समझना
5279	▁साहित्य
5280	▁45
5281	▁recite
5282	▁अक्षरों
5283	▁रोका
5284	ry
5285	▁firmly
5286	▁निकलने
5287	▁School
5288	▁adds
5289	▁edit
5290	▁उप
5291	▁डरा
5292	▁दृष्टिकोण
5293	▁स्मारक
5294	▁होगे
5295	▁violent
5296	▁जिन्न
5297	)!
5298	ous
5299	िए
5300	▁imagine
5301	▁warm
5302	Indeed
5303	▁23:
5304	▁mark
5305	▁relief
5306	▁आज़ाद
5307	▁मौके
5308	▁extent
5309	▁tool
5310	▁usage
5311	▁राहे
5312	▁Hey
5313	▁headers
5314	▁occur
5315	▁मानी
5316	▁यात्रा
5317	▁होनेवाली
5318	▁=
5319	▁character
5320	▁worse
5321	▁पथभ्रष्ट
5322	▁बनो
5323	▁properly
5324	▁statement
5325	▁treatment
5326	▁प्रशंसा
5327	▁बरसात
5328	▁लाइसेंस
5329	▁Authentication
5330	▁assembly
5331	▁total
5332	▁चलें
5333	▁buy
5334	▁effective
5335	▁husbands
5336	▁missing
5337	▁revelation
5338	▁shepherd
5339	▁wickedness
5340	▁मनोरंजन
5341	▁लंबे
5342	दादा
5343	▁armies
5344	▁दृष्टांत
5345	▁mere
5346	▁shared
5347	▁बड़ाई
5348	▁मरकुस
5349	गा
5350	▁Philippians
5351	▁memory
5352	▁बेकार
5353	▁Auto
5354	▁personally
5355	▁प्रचारक
5356	▁विद्यार्थी
5357	▁folk
5358	▁likewise
5359	▁welcome
5360	▁अक्ष
5361	▁स्तम्भ
5362	चय
5363	▁Empathy
5364	▁Muslims
5365	▁match
5366	▁telling
5367	▁खेत
5368	▁साइट
5369	▁meal
5370	▁song
5371	▁उठे
5372	▁घड़
5373	▁पहुँची
5374	▁प्रतिलिपि
5375	▁विस्तृत
5376	▁स्तरों
5377	▁publishers
5378	▁क़ादिर
5379	▁नोट
5380	▁Clearly
5381	▁north
5382	▁sharing
5383	▁truths
5384	▁काला
5385	▁पॉपअप
5386	ce
5387	os
5388	▁bed
5389	▁beloved
5390	▁searching
5391	▁बुज़ुर्ग
5392	▁बैठ
5393	▁याजकों
5394	हो
5395	▁Nor
5396	▁exalted
5397	▁suddenly
5398	▁नींद
5399	▁फंक्शन
5400	na
5401	ँ
5402	अगर
5403	▁channel
5404	▁listening
5405	▁अन्तिम
5406	▁दिखाती
5407	▁विन्य
5408	▁फिरौन
5409	▁मिट
5410	▁संरक्षक
5411	▁"%1"
5412	▁conclusion
5413	▁formed
5414	▁goals
5415	▁throw
5416	▁धूप
5417	▁सार्वजनिक
5418	ance
5419	▁Germany
5420	▁माफी
5421	▁स्टोर
5422	▁Copying
5423	▁Position
5424	▁companion
5425	▁terms
5426	▁across
5427	▁continues
5428	▁improve
5429	▁rules
5430	▁Sea
5431	▁देखोगे
5432	▁विश्राम
5433	▁grew
5434	▁साझी
5435	व्यस्त
5436	▁20:
5437	▁Being
5438	▁border
5439	▁डेलिगेट
5440	▁पत्नियों
5441	8
5442	▁Levites
5443	▁decree
5444	▁पड़ोसी
5445	▁पैदल
5446	File
5447	▁17,
5448	▁अनिवार्य
5449	▁ऊंचे
5450	▁तबाही
5451	▁निवेदन
5452	▁%1.
5453	▁port
5454	▁कमाई
5455	▁डरता
5456	▁पुलिस
5457	▁मात्रा
5458	▁leaves
5459	▁sounds
5460	▁viewed
5461	▁उतारी
5462	▁मम्मी
5463	Show
5464	▁'%1
5465	▁Noble
5466	▁appearance
5467	▁arguments
5468	▁pattern
5469	▁बरन
5470	▁मा
5471	स्ट
5472	▁Comment
5473	▁Gospel
5474	▁invitation
5475	▁lasting
5476	▁मुक्त
5477	▁शरण
5478	्हीं
5479	▁allows
5480	▁friendship
5481	▁jinn
5482	▁receiving
5483	▁आवश्यकता
5484	▁विपरीत
5485	▁सहारा
5486	▁Service
5487	▁Update
5488	▁bearing
5489	▁includes
5490	▁खबर
5491	▁ग़लत
5492	▁बढ़ता
5493	▁experiences
5494	▁flag
5495	▁multitude
5496	▁police
5497	▁चमत्कार
5498	▁ड्राइव
5499	▁संदेह
5500	उसकी
5501	▁Indian
5502	▁faithless
5503	▁practices
5504	▁tears
5505	▁views
5506	▁कामयाबी
5507	▁नैतिक
5508	▁Any
5509	▁अतिरिक्
5510	▁ब्राउज़र
5511	ish
5512	knowing
5513	▁Changes
5514	▁foreign
5515	▁growth
5516	▁reign
5517	▁strengthened
5518	▁गपशप
5519	▁तत्व
5520	▁दूत
5521	▁लैंगिक
5522	▁effects
5523	▁बनाओ
5524	▁संकेतक
5525	बा
5526	हमारी
5527	▁assist
5528	▁ओह
5529	▁जगहों
5530	यकता
5531	▁Welcome
5532	▁खतरा
5533	▁Windows
5534	▁block
5535	▁hasten
5536	▁चालचलन
5537	▁जीव
5538	▁दाहिने
5539	▁लड़ने
5540	▫
5541	but
5542	फरिश्ते
5543	▁iron
5544	▁objects
5545	▁घेर
5546	▁विवेक
5547	▁global
5548	▁instruction
5549	▁कहां
5550	▁छाया
5551	▁अधिकांश
5552	▁डिरेक्ट्री
5553	▁मोल
5554	एल
5555	जी
5556	▁i
5557	only
5558	▁Directory
5559	▁fallen
5560	▁legal
5561	▁needy
5562	▁pioneers
5563	▁पिताजी
5564	▁बारह
5565	उनकी
5566	पूर्ण
5567	▁Preview
5568	▁convinced
5569	▁अरबी
5570	▁पल
5571	▁bottom
5572	▁database
5573	▁higher
5574	▁remains
5575	▁अलबत्ता
5576	▁आएगी
5577	ेगा
5578	▁correctly
5579	▁dialogue
5580	▁rock
5581	▁कनेक्ट
5582	▁किलोमीटर
5583	▁तनाव
5584	▁निर्भर
5585	किसी
5586	▁disciple
5587	▁fixed
5588	▁follows
5589	▁forgiving
5590	▁speaks
5591	▁प्राथमिकता
5592	▁बचने
5593	q
5594	थ
5595	▁Best
5596	▁missionaries
5597	▁surface
5598	▁आज्ञाओं
5599	▁जर्मनी
5600	▁रहकर
5601	▁mailing
5602	▁घृणा
5603	▁बताते
5604	▁हाथी
5605	ING
5606	et
5607	line
5608	name
5609	▁Family
5610	▁mothers
5611	▁red
5612	▁मानता
5613	▁रहम
5614	▁स्पूल
5615	▁Local
5616	▁divorce
5617	▁दण्ड
5618	▁बीविय
5619	लीस
5620	▁expects
5621	▁lines
5622	For
5623	▁37
5624	▁attended
5625	▁sat
5626	▁testimony
5627	▁इनसे
5628	▁पते
5629	पाकीज़ा
5630	▁affected
5631	▁east
5632	▁grief
5633	▁pleases
5634	▁remaining
5635	▁अक्सर
5636	▁समूद
5637	▁Ye
5638	▁Young
5639	▁execute
5640	▁parse
5641	▁universe
5642	▁worth
5643	▁देह
5644	▁हफ्ते
5645	मेल
5646	▁Draw
5647	▁GroupWise
5648	▁behavior
5649	▁label
5650	▁valuable
5651	▁चिन्ता
5652	▁तीर
5653	▁25.
5654	▁junk
5655	▁moment
5656	▁जादूगर
5657	▁देगी
5658	▁advantage
5659	▁leaving
5660	▁tribes
5661	▁आद
5662	▁इनाम
5663	▁उपभोक्ता
5664	▁हथियार
5665	▁France
5666	▁Its
5667	▁clouds
5668	▁fearing
5669	▁perish
5670	▁अनजान
5671	▁पादरी
5672	▁पारिवारिक
5673	▁माहौल
5674	एस
5675	▁discuss
5676	▁flee
5677	▁fought
5678	▁immorality
5679	▁सकेगा
5680	▁t
5681	▁भयानक
5682	▁भारत
5683	Copy
5684	प्रतिदान
5685	▁Background
5686	▁Global
5687	▁PAGE
5688	▁remnant
5689	▁tabernacle
5690	▁village
5691	▁अपराधी
5692	▁आदर्श
5693	▁ऊँचे
5694	▁कार्यालय
5695	▁bodies
5696	▁clay
5697	▁succeed
5698	▁घोषणा
5699	▁चोट
5700	▁दु
5701	▁80
5702	▁notes
5703	▁उलट
5704	▁कैमरा
5705	▁Meeting
5706	▁gates
5707	▁limits
5708	▁listed
5709	▁obtain
5710	▁paid
5711	▁indicated
5712	▁इनपुट
5713	▁तालीम
5714	▁प्रयोक्ता
5715	▁२५
5716	▁Reply
5717	▁failure
5718	▁wilt
5719	▁होस्ट
5720	▁Christianity
5721	▁charge
5722	▁poverty
5723	▁travel
5724	▁गाँव
5725	▁बोली
5726	ant
5727	़त
5728	▁cancelled
5729	▁cloud
5730	▁discreet
5731	▁inform
5732	▁steadfast
5733	▁treasure
5734	▁अंश
5735	▁जोड़ना
5736	▁दोज़ख़
5737	अपना
5738	▁22:
5739	▁Without
5740	▁balance
5741	▁situations
5742	▁unseen
5743	▁समुदाय
5744	▁’?
5745	▁Under
5746	▁विरोधी
5747	▁सूरज
5748	▁Specify
5749	▁overseers
5750	▁valley
5751	format
5752	▁otherwise
5753	▁translation
5754	▁अफसोस
5755	हाँ
5756	▁accomplish
5757	▁cope
5758	▁determine
5759	▁knoweth
5760	▁आखिरकार
5761	▁जन्मदिन
5762	▁फलक
5763	▁II
5764	▁Woe
5765	▁glorify
5766	▁hair
5767	▁झगड़े
5768	▁नौ
5769	▁हिंसा
5770	text
5771	▁comments
5772	▁containing
5773	▁naught
5774	▁symbolic
5775	▁ताज्ज
5776	▁American
5777	▁grain
5778	▁rightly
5779	per
5780	▁System
5781	▁corrupt
5782	▁thankful
5783	▁चिह्न
5784	▁dangerous
5785	▁reality
5786	▁आदत
5787	▁फ्लैग्स
5788	▁सादा
5789	▁होनेवाले
5790	▁♪
5791	वी
5792	▁Connection
5793	▁abuse
5794	▁addresses
5795	▁अंतर्वस्तु
5796	▁गनोम
5797	▁ज़ूम
5798	▁टर्मिनल
5799	▁फ़
5800	▁बढ़ने
5801	▁मण्डली
5802	▁वर्ण
5803	▁सत्यापित
5804	▁स्कैन
5805	नजात
5806	ुल
5807	▁18,
5808	▁48
5809	▁Himself
5810	▁Switch
5811	▁applied
5812	▁circuit
5813	▁demons
5814	▁आनेवाली
5815	▁उड़ा
5816	▁दूँ
5817	▁attending
5818	▁issues
5819	▁sir
5820	▁troubled
5821	▁तेज़
5822	▁दीं
5823	▁देवता
5824	▁फाटक
5825	▁फैला
5826	▁बतायी
5827	++
5828	बार
5829	▁particularly
5830	▁slain
5831	▁तेज
5832	▁फरमाया
5833	▁स्केल
5834	info
5835	▁Forward
5836	▁Mercy
5837	▁किनारा
5838	▁East
5839	▁La
5840	▁Selection
5841	▁bishop
5842	▁recited
5843	▁walked
5844	▁अधिकारियों
5845	▁liars
5846	▁praying
5847	▁wild
5848	▁निकाय
5849	▁पैरामीटर
5850	)."
5851	वें
5852	▁energy
5853	▁growing
5854	▁दिये
5855	▁दौर
5856	▁हां
5857	ex
5858	▁abundant
5859	▁forces
5860	▁joyful
5861	▁zeal
5862	▁गलतियों
5863	▁नतीजे
5864	▁फूल
5865	▁शासी
5866	▁हँसी
5867	▁lower
5868	▁method
5869	▁जुड़
5870	▁तुच्छ
5871	▁रोकते
5872	▁कंप्यूटर
5873	▁छूट
5874	▁2000
5875	▁German
5876	▁ISO
5877	▁management
5878	▁meat
5879	▁powers
5880	▁Folders
5881	▁consideration
5882	▁frame
5883	▁green
5884	▁दोषी
5885	▁निवेदित
5886	▁Fear
5887	▁Font
5888	▁MIME
5889	▁Rename
5890	▁ऊँची
5891	▁प्राणी
5892	ेंगे
5893	▁French
5894	▁defined
5895	▁directly
5896	▁react
5897	▁लाइब्रेरी
5898	▁enjoyment
5899	▁तुरंत
5900	we
5901	▁Answer
5902	▁drinking
5903	▁ease
5904	▁verse
5905	▁छः
5906	▁दिलासा
5907	▁नगरों
5908	▁निशान
5909	▁विद्यार्थियों
5910	▁सिद्धांतों
5911	▁Jordan
5912	▁Memo
5913	▁News
5914	▁contrary
5915	▁release
5916	▁Build
5917	▁Burning
5918	▁external
5919	▁ख़ौफ
5920	▁छोड़ने
5921	▁पाई
5922	▁38
5923	▁respite
5924	▁student
5925	▁twelve
5926	▁पड़ते
5927	▁परिश्रम
5928	▁प्रस्तुत
5929	ated
5930	Lord
5931	▁military
5932	▁princes
5933	▁नौजवान
5934	▁पाँव
5935	वि
5936	▁Field
5937	▁Japan
5938	▁State
5939	▁सहेजना
5940	▁deed
5941	▁descendants
5942	▁कैद
5943	▁चढ़ाई
5944	▁विडियो
5945	वाली
5946	ीदा
5947	▁Public
5948	▁associates
5949	▁printed
5950	▁sender
5951	▁series
5952	▁करुणा
5953	▁होगें
5954	तिगत
5955	▁Warning
5956	▁recognized
5957	▁खाँचा
5958	▁तन
5959	▁राहत
5960	▁सबवर्सन
5961	▁Tasks
5962	▁board
5963	▁encouraging
5964	▁डालेगा
5965	▁fonts
5966	▁haply
5967	▁औजारपट्टी
5968	▁बनना
5969	▁package
5970	▁recall
5971	▁temptation
5972	▁नियुक्त
5973	▁लंबाई
5974	▁सम्मेलन
5975	▁Empty
5976	▁Subversion
5977	▁doctor
5978	▁insight
5979	▁referred
5980	▁whenever
5981	▁ऑपरेशन
5982	▁बोलते
5983	▁मसौदा
5984	▁२३
5985	ize
5986	▁TRANS
5987	▁phone
5988	▁अलार्म
5989	▁आज़माइश
5990	▁डालो
5991	▁समझकर
5992	au
5993	कुबूल
5994	▁Memorial
5995	▁directed
5996	▁icon
5997	▁possessions
5998	▁requests
5999	▁stress
6000	▁प्रेरणा
6001	▁भगवान
6002	मत
6003	▁20,
6004	▁Column
6005	▁अगरचे
6006	▁नुक़सान
6007	▁पहुंच
6008	▁dry
6009	▁fields
6010	▁glorious
6011	▁परेशान
6012	▁पिक्सेल
6013	▁बेहिश्त
6014	▁समर्पण
6015	vi
6016	▁doth
6017	▁elements
6018	▁इंटरनेट
6019	▁उठाकर
6020	▁एन
6021	▁वैस
6022	go
6023	”;
6024	▁aught
6025	▁cost
6026	▁अपेक्षा
6027	▁बोला
6028	▁Audio
6029	▁believes
6030	िश
6031	▁charity
6032	▁confident
6033	▁pixels
6034	▁warnings
6035	▁worshippers
6036	▁अगुवाई
6037	▁पाएँ
6038	▁स्वीकारें
6039	▁bookmark
6040	▁center
6041	▁context
6042	▁fears
6043	▁keeps
6044	▁requested
6045	▁ट्री
6046	▁वार्तालाप
6047	▁29.
6048	▁Ecclesiastes
6049	▁approval
6050	▁elderly
6051	▁prospect
6052	▁चाहो
6053	▁स्वभाव
6054	▁हमला
6055	DVD
6056	▁range
6057	▁क्लास
6058	▁शताब्दी
6059	time
6060	▁Colossians
6061	▁ended
6062	▁v
6063	▁करूँगा
6064	▁खोला
6065	▁पढ़ना
6066	▁परिवर्धित
6067	▁सोना
6068	▁हट
6069	Delete
6070	▁Load
6071	▁afflicted
6072	▁popup
6073	▁आधुनिक
6074	▁उतर
6075	▁काटें
6076	▁पापी
6077	▁संबंधित
6078	▁thank
6079	▁करम
6080	▁महीनों
6081	▁सुनाने
6082	▁28.
6083	▁Okay
6084	▁Saving
6085	▁Thank
6086	▁difference
6087	▁media
6088	▁छवियों
6089	ary
6090	▁Eden
6091	▁angry
6092	▁dark
6093	▁international
6094	▁sets
6095	▁superior
6096	▁बदौलत
6097	▁माफ़
6098	▁रास्त
6099	12
6100	▁24,
6101	▁YOU
6102	▁browser
6103	▁ग्नोम
6104	▁पाकर
6105	▁रोज़ा
6106	उनके
6107	▁Govern
6108	▁Matt
6109	▁खतरे
6110	▁शून्य
6111	▁Whom
6112	▁carrying
6113	▁treated
6114	▁चिपकाएँ
6115	चाताप
6116	▁Format
6117	▁patiently
6118	▁ships
6119	▁गाड़ी
6120	▁जबतक
6121	▁दिखाएं
6122	▁Both
6123	▁Remote
6124	▁accord
6125	▁entertainment
6126	▁train
6127	▁एकदम
6128	▁क़रार
6129	▁गुम
6130	▁प
6131	ine
6132	▁challenges
6133	▁garments
6134	▁refuse
6135	▁इसीलिए
6136	▁जे
6137	▁Mother
6138	▁beast
6139	▁territory
6140	▁नंबर
6141	▁discussion
6142	▁ends
6143	▁resist
6144	LAT
6145	▁retrieve
6146	▁slow
6147	▁दर्जे
6148	▁फिलिप्पियों
6149	▁बलि
6150	▁संभवतः
6151	▁Finally
6152	▁fit
6153	▁उठाना
6154	▁तकलीफों
6155	▁शिक्षक
6156	▁सेटअप
6157	पी
6158	▁1)
6159	▁31.
6160	▁demonstrate
6161	▁रखकर
6162	▁वैज्ञानिक
6163	ton
6164	▁beauty
6165	▁ordained
6166	▁reminded
6167	▁ढूंढ
6168	▁बताओ
6169	▁लेती
6170	▁सेहत
6171	forgiving
6172	उसका
6173	▁fled
6174	▁skin
6175	▁trained
6176	▁worshipped
6177	▁अन्याय
6178	▁दर्ज
6179	▁मंज़ूर
6180	▁BE
6181	▁ought
6182	▁younger
6183	▁कोण
6184	▁Cogl
6185	▁Ex
6186	▁Jonah
6187	▁affair
6188	▁believer
6189	▁cometh
6190	▁आईडी
6191	▁proclaim
6192	▁worlds
6193	▁औजार
6194	▁बैकेंड
6195	▁भार
6196	▁Arabic
6197	▁Were
6198	▁immoral
6199	▁playing
6200	▁चुनने
6201	responsibilities
6202	र्निंग
6203	▁fat
6204	▁miracles
6205	▁बिजली
6206	▁वि
6207	▁Event
6208	▁communication
6209	▁writer
6210	▁अन्दर
6211	▁परिभाषित
6212	▁पिताओं
6213	▁संशोधन
6214	▁सागर
6215	▁Title
6216	▁compared
6217	▁grievous
6218	▁survive
6219	▁घुमाएँ
6220	▁City
6221	▁De
6222	▁fourth
6223	▁sorry
6224	▁ताश
6225	▁Exalted
6226	▁attach
6227	▁south
6228	▁आरंभिक
6229	▁क्षमता
6230	▁प्रसन्
6231	▁dealing
6232	▁distance
6233	▁insert
6234	▁listened
6235	▁sinned
6236	▁vast
6237	▁जॉन
6238	▁टाल
6239	▁पड़ने
6240	▁मिटाया
6241	Keep
6242	▁Brooklyn
6243	▁Philistines
6244	▁oaths
6245	▁अटल
6246	▁अभ्यास
6247	▁खूबसूरत
6248	▁चर
6249	ie
6250	▁Except
6251	▁Questions
6252	▁factor
6253	▁newspaper
6254	▁split
6255	▁woe
6256	▁घट
6257	▁जीते
6258	▁Apply
6259	▁Trust
6260	▁contribute
6261	▁update
6262	▁दोनो
6263	▁भिन्
6264	▁Aware
6265	▁UID
6266	▁Weather
6267	▁rate
6268	▁ऊंट
6269	▁जुड़े
6270	▁तारीख़
6271	▁शा
6272	▁श्रीवास्तव
6273	ha
6274	▁Galatians
6275	▁Test
6276	▁rulers
6277	▁जवानों
6278	▁फिरदौस
6279	▁Leave
6280	▁रविशंकर
6281	▁विज्ञान
6282	mp
6283	they
6284	बहुत
6285	हमने
6286	है
6287	▁Mr
6288	▁Said
6289	▁rebellion
6290	▁sitting
6291	▁कृतज्ञता
6292	▁CM
6293	▁broke
6294	▁factors
6295	▁holding
6296	▁outstanding
6297	▁software
6298	▁wrongdoing
6299	▁करतूत
6300	▁काबिल
6301	▁ठहराते
6302	▁Furthermore
6303	▁constant
6304	▁forms
6305	▁provisions
6306	▁secular
6307	▁अनुमतियाँ
6308	▁करूणाकर
6309	▁तरक्की
6310	▁भरने
6311	▁सहित
6312	▁Assistant
6313	▁Details
6314	▁Reminder
6315	▁attain
6316	▁spake
6317	▁खातिर
6318	▁ख्वाहिश
6319	▁बगैर
6320	▁रो
6321	land
6322	▁Network
6323	▁feared
6324	▁impossible
6325	▁promote
6326	▁prophecies
6327	▁परिवर्तित
6328	▁प्रसन्न
6329	▁फरमा
6330	▁रोकने
6331	▁वरीयताएँ
6332	शन
6333	▁Desktop
6334	▁Translation
6335	▁responded
6336	▁shame
6337	▁tests
6338	▁wherever
6339	▁प्रकाशन
6340	▁वस्त्रा
6341	▁सड़क
6342	will
6343	ंग
6344	आज
6345	▁Think
6346	▁judges
6347	▁oath
6348	▁quoted
6349	▁प्रतीत
6350	▁सुनाई
6351	क्यों
6352	▁cup
6353	▁feature
6354	▁sides
6355	▁खोलकर
6356	▁भुला
6357	▁मुख
6358	▁Convert
6359	▁Sign
6360	▁writes
6361	▁उन्
6362	▁झुंड
6363	▁तम्बू
6364	▁मारने
6365	▁लाता
6366	▁सहभागी
6367	तीसरे
6368	▁Deuteronomy
6369	▁Thy
6370	▁attempt
6371	▁discussed
6372	▁twice
6373	▁इता
6374	▁खतरनाक
6375	▁जीना
6376	▁संघर्ष
6377	▁स्व
6378	use
6379	▁ईश्वर
6380	▁जायेगी
6381	▁फिरते
6382	▁सबकुछ
6383	▁सभ
6384	▁सर्वदा
6385	साफ़
6386	▁Paste
6387	▁describe
6388	▁paper
6389	▁बचपन
6390	ge
6391	▁cold
6392	▁decreed
6393	▁hardship
6394	▁hundreds
6395	दा
6396	दो
6397	▁NHT
6398	▁advance
6399	▁describes
6400	▁reckoning
6401	▁region
6402	▁बजाएँ
6403	▁समझाने
6404	BAR
6405	ga
6406	▁Baal
6407	▁Sending
6408	▁cease
6409	▁d
6410	▁useful
6411	▁दिलाया
6412	▁दीवार
6413	▁सन्देह
6414	▁2)
6415	▁con
6416	▁require
6417	▁सु
6418	di
6419	▁Garden
6420	▁development
6421	▁wars
6422	▁witnessing
6423	▁निराशा
6424	▁मछली
6425	Is
6426	यी
6427	▁Earth
6428	▁Shall
6429	▁helpful
6430	▁indicate
6431	▁satisfaction
6432	▁आरम्भ
6433	▁एनकोडिंग
6434	▁गाय
6435	▁ज्यादत
6436	▁नमूना
6437	▁निर्देश
6438	▁हमपर
6439	j
6440	not
6441	}
6442	▁anxiety
6443	▁tender
6444	▁हक
6445	ac
6446	▁CVS
6447	▁Ha
6448	▁Likewise
6449	▁arrogant
6450	▁desired
6451	▁herself
6452	▁invoke
6453	▁stopped
6454	▁इसहाक
6455	▁चेक
6456	ty
6457	▁looks
6458	▁ख़ैर
6459	▁खाया
6460	ver
6461	▁layout
6462	▁इस्लाम
6463	▁करा
6464	▁जाया
6465	▁बरबाद
6466	▁समझो
6467	▁Know
6468	▁arise
6469	▁united
6470	▁छीन
6471	▁दलील
6472	▁संरचना
6473	▁paths
6474	▁दाएँ
6475	▁परीक्षाओं
6476	▁मुद्रित
6477	▁श्रोता
6478	Jesus
6479	बी
6480	▁creating
6481	▁utter
6482	▁पक्षी
6483	Imp
6484	भुत
6485	▁Master
6486	▁alarm
6487	▁authenticate
6488	▁freely
6489	▁grave
6490	▁hot
6491	▁कलीसियाओं
6492	Your
6493	co
6494	ठीक
6495	▁April
6496	▁caring
6497	▁client
6498	▁Top
6499	▁affliction
6500	▁scriptures
6501	▁गहरे
6502	op
6503	other
6504	मेरा
6505	▁Follow
6506	▁Height
6507	▁ढंग
6508	▁मीडिया
6509	▁सफ़र
6510	खुदा
6511	गोया
6512	▁..
6513	▁bond
6514	▁चलाया
6515	▁धोखे
6516	▁happens
6517	▁privileges
6518	▁rebellious
6519	▁sickness
6520	▁दम
6521	▁परवरिश
6522	▁encounter
6523	▁pawn
6524	▁piece
6525	▁plus
6526	▁resolve
6527	▁writable
6528	▁उल्लंघन
6529	▁छत
6530	▁टावर
6531	Stencil
6532	▁n
6533	▁teaches
6534	▁username
6535	▁चूँकि
6536	▁सरदार
6537	पैग़म्बर
6538	मी
6539	▁differ
6540	▁drawing
6541	▁exactly
6542	▁iniquity
6543	▁pious
6544	▁win
6545	▁आएँगे
6546	▁इबरत
6547	▁उपयोगकर्ता
6548	▁काफिर
6549	▁ख़
6550	▁दाखमधु
6551	▁प्रिंटर
6552	▁मौजिज़े
6553	▁लकड़ी
6554	▁सरीह
6555	▁सवाब
6556	▁calamity
6557	▁rely
6558	▁एलिय्याह
6559	▁एहकाम
6560	▁खाए
6561	▁भूख
6562	▁महायाजक
6563	ating
6564	ीन
6565	▁Upon
6566	▁install
6567	▁staff
6568	▁treasures
6569	▁असमर्थित
6570	▁झगड़ा
6571	▁निर्दोष
6572	▁पुत्रों
6573	▁रूट
6574	%%
6575	MIME
6576	ad
6577	▁Western
6578	▁क़दर
6579	▁चेला
6580	▁नक्शे
6581	▁हाशिया
6582	डाक
6583	▁Category
6584	▁इकाई
6585	▁पकड़े
6586	▁मासिक
6587	▁attachments
6588	▁brain
6589	▁clothing
6590	▁perceive
6591	▁reference
6592	▁rewarded
6593	▁ungrateful
6594	▁बाएँ
6595	▁बायाँ
6596	वासियों
6597	्रा
6598	▁Exodus
6599	▁fruitage
6600	▁इसराएलियों
6601	▁एकल
6602	▁महिला
6603	▁Hav
6604	▁base
6605	▁forced
6606	▁अन्यथा
6607	▁प्रारंभिक
6608	▁बनायी
6609	▁यूरोपीय
6610	▁index
6611	▁spring
6612	▁wage
6613	▁तलाक़
6614	▁पहाड़ी
6615	अच्छे
6616	फ़
6617	▁Language
6618	▁constantly
6619	▁innocent
6620	▁shut
6621	▁एंपेथी
6622	▁खैर
6623	▁डोमेन
6624	▁बेटियाँ
6625	▁island
6626	▁एंटर
6627	▁चूर
6628	▁डॉ
6629	▁बाध्य
6630	▁महफूज़
6631	ियन
6632	▁Ibrahim
6633	▁anyway
6634	▁grown
6635	▁l
6636	▁आदि
6637	▁सरदारों
6638	our
6639	ted
6640	▁Sort
6641	▁breasts
6642	▁financial
6643	▁locally
6644	▁model
6645	▁sold
6646	▁topic
6647	▁willingly
6648	▁अब्राहम
6649	▁प्रार्थनाओं
6650	▁भांति
6651	▁विनिमय
6652	▁श्री
6653	▁सुंदर
6654	▁adultery
6655	▁sorrow
6656	▁प्रीति
6657	रत
6658	▁Islam
6659	▁West
6660	▁Writing
6661	▁author
6662	▁causing
6663	▁ignore
6664	▁popular
6665	▁कुरान
6666	▁माने
6667	▁रोज़े
6668	▁समस्याएँ
6669	*
6670	ite
6671	मुशरेकीन
6672	▁easier
6673	▁pointed
6674	▁zealous
6675	▁चलती
6676	▁बीस
6677	▁लकीर
6678	▁सिखा
6679	▁Am
6680	▁Couldn
6681	▁Times
6682	▁accomplished
6683	▁assured
6684	▁beneficial
6685	▁drew
6686	▁invite
6687	▁pleasant
6688	▁religions
6689	▁अंतराल
6690	अंदाज़
6691	▁struggle
6692	▁trusted
6693	▁अद्
6694	▁गिरफ्तार
6695	▁निम्नलिखित
6696	▁पढ़ी
6697	Hide
6698	ized
6699	▁CA
6700	▁dealings
6701	▁liar
6702	▁suitable
6703	▁worst
6704	▁ऊपरी
6705	▁कुशल
6706	▁वस्तुएँ
6707	उ
6708	▁Sunday
6709	▁chance
6710	▁gets
6711	▁अनुशासन
6712	▁छ
6713	▁ढाल
6714	▁बैल
6715	age
6716	ho
6717	▁doom
6718	▁publication
6719	▁खुल्लम
6720	ड़
6721	▁closely
6722	▁lips
6723	▁neighbors
6724	▁signed
6725	▁testify
6726	▁चंगा
6727	▁ज्योति
6728	▁ठोकर
6729	▁स्थानों
6730	▁हा
6731	▁essential
6732	▁translated
6733	▁प्रेषण
6734	▁लाएँगे
6735	▁सदियों
6736	▁सभोपदेशक
6737	▁सीखना
6738	▁History
6739	▁Jonathan
6740	▁Oft
6741	▁extension
6742	▁research
6743	▁जागते
6744	▁ब्याह
6745	▁भड़कत
6746	अंग्रेज़ी
6747	दिन
6748	▁$
6749	▁*.
6750	▁Sometimes
6751	▁girls
6752	▁mature
6753	▁stream
6754	▁खींच
6755	▁छिपाते
6756	▁ज़िम्मे
6757	Search
6758	▁Land
6759	▁exit
6760	▁healthy
6761	▁links
6762	▁partner
6763	▁हटाने
6764	▁axis
6765	▁ideas
6766	▁palm
6767	▁script
6768	▁आवाज
6769	▁गुनाहगार
6770	▁पैर
6771	▁वॉच
6772	▁सम्मुख
6773	▁bit
6774	▁decades
6775	▁module
6776	▁अन्जाम
6777	▁उठकर
6778	▁खंड
6779	▁जाएँगें
6780	▁प्रतिफल
6781	▁मात्र
6782	▁यहेजकेल
6783	▁सन्दूक
6784	▁साझीदार
6785	▁३०
6786	▁driven
6787	▁fornication
6788	▁ignorant
6789	▁programs
6790	▁prophetic
6791	▁चाँद
6792	▁सीमित
6793	Help
6794	आप
6795	▁honest
6796	▁inner
6797	▁reveals
6798	▁slay
6799	▁कंपनी
6800	▁चट्टान
6801	▁नाहक़
6802	▁प्रत्यक्ष
6803	ुजू
6804	▁disabled
6805	▁ordered
6806	▁possession
6807	▁profit
6808	▁उम्मत
6809	▁जज़ा
6810	▁परहेज़गारी
6811	▁फैल
6812	▁होमबलि
6813	merciful
6814	▁tax
6815	▁transgressors
6816	▁खजूर
6817	▁जवानी
6818	▁पढ़ें
6819	▁प्रमुख
6820	▁लगाना
6821	▁Dad
6822	▁arrive
6823	▁devoted
6824	▁studied
6825	▁खत
6826	▁पाएंगे
6827	▁लौटकर
6828	▁२८
6829	ol
6830	▁Continue
6831	▁Missing
6832	▁notify
6833	▁अभि
6834	▁चरवाहे
6835	▁तुल्यकालि
6836	Then
6837	▁subjects
6838	▁undeserved
6839	▁काबिलीयत
6840	▁घटनाएँ
6841	▁नकल
6842	list
6843	▁Bookmark
6844	▁El
6845	▁Vertical
6846	▁heat
6847	▁middle
6848	▁गर्म
6849	▁जापान
6850	▁मेनू
6851	▁connected
6852	▁evidently
6853	▁fault
6854	▁subjected
6855	▁{1}
6856	▁अश्
6857	▁निगरानी
6858	▁मशीन
6859	▁सहमत
6860	कहीं
6861	▁Application
6862	▁Recall
6863	▁arose
6864	▁exposed
6865	▁forbid
6866	▁guardian
6867	▁refer
6868	▁कानों
6869	▁किसने
6870	▁पूर्ति
6871	▁मई
6872	▁रचना
6873	▁सार
6874	Peace
6875	किस
6876	▁aspects
6877	▁exchange
6878	▁kindly
6879	▁population
6880	▁poured
6881	▁refers
6882	▁soldiers
6883	▁widow
6884	▁winds
6885	▁wood
6886	▁अवज्ञा
6887	hi
6888	सर
6889	▁Thamud
6890	▁bug
6891	▁सिखाते
6892	who
6893	ंड
6894	वजीर
6895	▁Horizontal
6896	▁Signature
6897	▁creature
6898	▁ran
6899	▁खाकर
6900	▁नहला
6901	▁बरसाया
6902	▁वाक्यांश
6903	▁सन्देश
6904	Have
6905	▁42
6906	▁Cut
6907	▁Hezekiah
6908	▁boys
6909	▁clothes
6910	▁resources
6911	▁seriously
6912	▁चरण
6913	▁निन्दा
6914	▁विजेट
6915	ko
6916	आगाह
6917	नत
6918	▁Con
6919	▁towns
6920	▁वीकार्ड
6921	▁स्वतंत्रता
6922	▁स्वरूप
6923	▁discovered
6924	▁expressions
6925	▁relations
6926	▁songs
6927	▁types
6928	▁कश्त
6929	▁संभावना
6930	your
6931	प्ट
6932	स्थिति
6933	▁Ps
6934	▁caught
6935	▁cursor
6936	▁despair
6937	▁reproach
6938	▁scattered
6939	▁दरख्त
6940	▁दरवाज़े
6941	▁Highlight
6942	▁illness
6943	▁mount
6944	▁released
6945	▁चखो
6946	▁डीपीआई
6947	▁बचाया
6948	▁रेखा
6949	▁वर्षों
6950	▁सिफ़ारिश
6951	▁Creat
6952	▁Object
6953	▁Three
6954	▁acted
6955	▁settled
6956	▁sweet
6957	▁जंगली
6958	▁जाननेवाला
6959	▁ठोस
6960	▁डूब
6961	▁तरस
6962	▁तेज़ी
6963	▁निवास
6964	help
6965	▁March
6966	▁Ne
6967	▁Neither
6968	▁Prompt
6969	▁begotten
6970	▁earn
6971	▁updated
6972	▁आँख
6973	▁इंतजार
6974	▁कुलुस्सियों
6975	10
6976	▁Put
6977	▁delay
6978	▁लाना
6979	▁शुक्रिया
6980	his
6981	▁begins
6982	▁conclude
6983	▁fullscreen
6984	▁k
6985	▁knight
6986	▁sell
6987	▁घरवालों
6988	▁छुड़ौती
6989	▁माननेवाले
6990	▁रक्
6991	saying
6992	▁Cor
6993	▁buttons
6994	▁designed
6995	▁mouse
6996	▁rejoicing
6997	▁shed
6998	▁बसे
6999	▁बाजू
7000	▁भाव
7001	▁विकास
7002	▁विरासत
7003	▁Additional
7004	▁Automatically
7005	▁degree
7006	▁desert
7007	▁पूछना
7008	▁यरदन
7009	▁सोचता
7010	उनसे
7011	▁300
7012	▁Port
7013	▁cursed
7014	▁jack
7015	▁इब्
7016	▁फूँक
7017	याँ
7018	▁55
7019	▁Bookmarks
7020	▁Throne
7021	▁Worship
7022	▁healing
7023	▁अज्र
7024	▁अट्ठा
7025	▁अस्वीकार
7026	▁दाख
7027	▁पुनर्नामकरण
7028	▁भावनाएँ
7029	▁मनाही
7030	▁मोहलत
7031	▁यहीं
7032	▁याक़ूब
7033	AIL
7034	टा
7035	ताओं
7036	▁28,
7037	▁ascribe
7038	▁honour
7039	▁milk
7040	▁starting
7041	▁y
7042	▁इच्छाओं
7043	▁उल्लेख
7044	▁दोहरा
7045	▁परादीस
7046	▁मजबूर
7047	▁माँगता
7048	▁लंबा
7049	da
7050	▁Chile
7051	▁appoint
7052	▁engage
7053	▁दादाओं
7054	▁परिवारों
7055	▁मज़े
7056	▁सोसाइटी
7057	lu
7058	▁Attachment
7059	▁faithfully
7060	▁indicates
7061	▁organized
7062	▁मानें
7063	▁मार्च
7064	▁विधवा
7065	Gadu
7066	om
7067	▁Common
7068	▁Kings
7069	▁Sarah
7070	▁rook
7071	▁supply
7072	▁उन्होने
7073	▁चाहिये
7074	▁चुप
7075	▁यॉर्क
7076	▁Cyrillic
7077	▁Personal
7078	▁drowned
7079	▁focused
7080	▁participants
7081	▁questioned
7082	▁retribution
7083	▁tag
7084	▁thrown
7085	▁इज़्ज़त
7086	▁बुद्धिमानी
7087	▁रहोगे
7088	▁27.
7089	▁printer
7090	▁instructions
7091	▁झुठलाओगे
7092	▁पश्चिम
7093	▁bitter
7094	▁multiple
7095	▁plant
7096	▁providing
7097	▁safety
7098	▁क़ब्ल
7099	▁निकालने
7100	▁समझदार
7101	मेरी
7102	रे
7103	▁Base
7104	▁December
7105	▁Parents
7106	▁covering
7107	▁forefathers
7108	▁printing
7109	▁separated
7110	▁ज़रूरतों
7111	कारी
7112	सन
7113	▁`
7114	▁applying
7115	▁drugs
7116	▁impressed
7117	▁mischief
7118	▁season
7119	▁ठुकरा
7120	▁प्रोत्साहित
7121	▁वाक़िफ़
7122	ir
7123	धर्म
7124	▁Office
7125	▁attendance
7126	▁facts
7127	▁packages
7128	▁stick
7129	▁tongues
7130	▁करूं
7131	▁चीज
7132	▁मक्का
7133	▁साइरिलिक
7134	▁साधारण
7135	Forward
7136	ान
7137	ीकरण
7138	्सर
7139	▁August
7140	▁belied
7141	▁forgotten
7142	▁identified
7143	▁owner
7144	▁preferred
7145	▁असिद्ध
7146	▁दबाएँ
7147	▁महल
7148	▁व्यवस्थाविवरण
7149	But
7150	देखो
7151	▁PGP
7152	▁SOCKS
7153	▁evildoers
7154	▁lifted
7155	▁अपमान
7156	▁निकलकर
7157	▁फट
7158	▁विभिन्न
7159	▁सर्किट
7160	▁सर्वज्ञ
7161	Are
7162	▁Summary
7163	▁forty
7164	▁obeyed
7165	▁passing
7166	▁polytheists
7167	▁remembered
7168	▁tent
7169	▁अप्रैल
7170	▁छक्का
7171	▁बचाव
7172	pe
7173	इ
7174	▁Post
7175	▁dawn
7176	▁differences
7177	▁primary
7178	▁proceed
7179	▁अन्यजातियों
7180	▁ज़्यादत
7181	-8859-
7182	ph
7183	ख्तियार
7184	नों
7185	▁Cancel
7186	▁quick
7187	▁कराया
7188	▁छिपी
7189	▁जानेवाली
7190	▁तूफान
7191	▁conflict
7192	▁उठता
7193	▁डिबग
7194	▁सम्पूर्ण
7195	▁सीवीएस
7196	▁स्क्रॉल
7197	Did
7198	▁21,
7199	▁alike
7200	▁critical
7201	▁hospital
7202	▁pictures
7203	▁wherewith
7204	▁पढ़ाई
7205	Come
7206	Now
7207	▁Biblical
7208	▁October
7209	▁Sabbath
7210	▁w
7211	▁इक्का
7212	▁लालच
7213	▁हाकिम
7214	ंट
7215	▁Automatic
7216	▁Items
7217	▁afterward
7218	▁bestow
7219	▁कीमत
7220	▁डालना
7221	▁मोड़
7222	Remove
7223	bo
7224	mi
7225	▁200
7226	▁African
7227	▁Monotheism
7228	▁Zion
7229	▁economic
7230	▁opportunities
7231	▁अस्तित्व
7232	▁वग़ैरह
7233	▁हॉल
7234	By
7235	So
7236	con
7237	eg
7238	great
7239	▁Replace
7240	▁compare
7241	▁highly
7242	▁अविश्
7243	▁एख्तेयार
7244	▁कतरा
7245	▁कुफ्फार
7246	▁गिन
7247	▁बंधन
7248	▁महत्त्व
7249	▁लड़ते
7250	▁वफ़ादार
7251	▁Praise
7252	▁SONGS
7253	▁September
7254	▁adding
7255	▁extra
7256	▁pair
7257	▁template
7258	▁उन्नत
7259	Folder
7260	जिस
7261	तब
7262	▁holds
7263	▁thread
7264	▁अमानत
7265	▁गले
7266	▁दफ्तर
7267	▁पत्ता
7268	▁परीक्षण
7269	▁पूर्वी
7270	▁बहु
7271	▁बुत
7272	▁भौतिक
7273	▁सिरजनहार
7274	▁35.
7275	▁Micah
7276	▁acting
7277	▁assuredly
7278	▁features
7279	▁निकलते
7280	19
7281	▁"-
7282	▁Deal
7283	▁cancer
7284	▁कार्रवाई
7285	▁चूक
7286	▁पठित
7287	▁बकरियों
7288	▁लंबी
7289	▁2002
7290	▁churches
7291	▁marvelous
7292	▁shepherds
7293	▁गुज़रे
7294	▁तर
7295	▁दिवस
7296	▁पहुँचाने
7297	▁बिंदु
7298	▁मिटाकर
7299	ze
7300	▁Label
7301	▁capital
7302	▁depart
7303	▁चोर
7304	▁Bar
7305	▁Initial
7306	▁Nations
7307	▁Viewer
7308	▁co
7309	▁detail
7310	▁inhabited
7311	▁stronger
7312	▁खुलकर
7313	▁छवियाँ
7314	▁डिबगर
7315	▁पूछे
7316	▁मज़दूरी
7317	▁मीटर
7318	▁संपत्ति
7319	ial
7320	ig
7321	▁26.
7322	▁Install
7323	▁disobedient
7324	▁magazines
7325	▁plans
7326	▁prefer
7327	▁stored
7328	▁आंखों
7329	▁कोने
7330	▁निकालकर
7331	▁बदलना
7332	▁री
7333	▁Turn
7334	▁assistance
7335	▁interpretation
7336	▁minute
7337	▁unaware
7338	▁दबा
7339	▁मेहरबानी
7340	▁लगाएँ
7341	▁साधन
7342	▁Google
7343	▁determination
7344	▁disgrace
7345	▁errors
7346	▁seventh
7347	▁पंजा
7348	Reply
7349	let
7350	ंज
7351	ऐसा
7352	▁30.
7353	▁Again
7354	▁Chat
7355	▁Elisha
7356	▁January
7357	▁aspect
7358	▁average
7359	▁clergy
7360	▁hit
7361	▁सकेगी
7362	▁सको
7363	List
7364	day
7365	▁Module
7366	▁Red
7367	▁Second
7368	▁गृह
7369	▁मीका
7370	▁लंबवत
7371	▁सौंपा
7372	EM
7373	▁science
7374	▁wedding
7375	▁अपराधियों
7376	▁जानों
7377	▁Checking
7378	▁Imagine
7379	▁Mo
7380	▁Normal
7381	▁Zechariah
7382	▁arms
7383	▁departed
7384	▁generous
7385	▁grand
7386	▁judged
7387	▁verify
7388	▁virtue
7389	▁इलाकों
7390	▁इसहाक़
7391	▁खयाल
7392	▁छोर
7393	▁जानें
7394	▁भरपूर
7395	▁सख्ती
7396	▁सहयोग
7397	▁साहस
7398	▁सीन
7399	रसूल
7400	▁Islamic
7401	▁dominion
7402	▁hunger
7403	▁likeness
7404	▁national
7405	▁scale
7406	▁चिट्ठी
7407	▁राष्ट्रों
7408	▁लगें
7409	▁शिर्क
7410	▁Mexico
7411	▁Mosaic
7412	▁camera
7413	▁ministers
7414	▁passwords
7415	▁आर्थिक
7416	▁इस्त्राएलियों
7417	▁नामक
7418	▁भेजते
7419	▁यो
7420	▁लेखों
7421	▁लॉगिन
7422	▁संयुक्
7423	जा
7424	पहले
7425	▁proofs
7426	▁rendered
7427	em
7428	led
7429	इसी
7430	▁CMS
7431	▁Maximum
7432	▁drag
7433	▁favours
7434	▁possessed
7435	▁Mohammed
7436	▁habits
7437	▁replaced
7438	▁rows
7439	▁sanctuary
7440	▁virtuous
7441	▁इरादे
7442	▁कम्प्यूटर
7443	▁जनक
7444	▁तिक्की
7445	▁मिलाकर
7446	▁damage
7447	▁openly
7448	▁profile
7449	▁relates
7450	▁street
7451	▁vessels
7452	▁घाटा
7453	▁परोक्ष
7454	▁मनोवृत्ति
7455	API
7456	▁Bug
7457	▁Pre
7458	▁disobedience
7459	▁foolish
7460	▁fresh
7461	▁humbly
7462	▁isn
7463	▁numerous
7464	▁outcome
7465	▁watching
7466	▁आमंत्रण
7467	▁दंड
7468	▁फ़ंक्शन
7469	▁लौटना
7470	▁वगैरह
7471	▁वस्तुएं
7472	▁सृष्टिकर्ता
7473	▁हैसियत
7474	!'
7475	नाम
7476	बाप
7477	▁Accessible
7478	▁extend
7479	▁iCalendar
7480	▁खाई
7481	▁दादा
7482	▁नूर
7483	▁लि
7484	▁विशेषता
7485	▁Gentiles
7486	▁doors
7487	▁mistakes
7488	▁smoke
7489	▁threat
7490	▁बीत
7491	▁भ
7492	▁रहनेवाला
7493	-8859-1
7494	ोगे
7495	▁2007
7496	▁33.
7497	▁Debugger
7498	▁Regard
7499	▁Session
7500	▁entitled
7501	▁horses
7502	▁rose
7503	▁नि
7504	▁सुलेमान
7505	किलों
7506	▁England
7507	▁Israelite
7508	▁construction
7509	▁users
7510	▁wear
7511	▁जाल
7512	▁पूजते
7513	▁स्वप्न
7514	▁Icon
7515	▁driver
7516	▁reaching
7517	▁इसराएल
7518	▁निज
7519	▁प्रभावी
7520	▁मानकर
7521	▁मूर्ख
7522	▁विभेद
7523	▁सम्राट
7524	Yes
7525	कार्य
7526	▁Atlantic
7527	▁Power
7528	▁post
7529	▁requirements
7530	▁strange
7531	▁किशोर
7532	▁निर्गमन
7533	▁पहल
7534	▁बग़ैर
7535	IS
7536	▁beasts
7537	▁calendars
7538	▁judgement
7539	▁ख़बरदार
7540	▁गुज़रते
7541	▁फुल
7542	▁सोचना
7543	▁Wherefore
7544	▁finding
7545	▁notifications
7546	▁occurrence
7547	▁orphans
7548	▁surprise
7549	▁आयातक
7550	▁झुठलाते
7551	▁निर्देशन
7552	▁पाओ
7553	▁मृत
7554	▁संतान
7555	bb
7556	आर
7557	फरिश्तों
7558	बेहिश्त
7559	▁Report
7560	▁ace
7561	▁defend
7562	▁methods
7563	▁prosper
7564	▁significant
7565	▁प्रोत्साहन
7566	▁मग़फ
7567	▁सुनाया
7568	▁हॉ
7569	io
7570	घर
7571	बड़ी
7572	▁Complete
7573	▁balanced
7574	▁befall
7575	▁depth
7576	▁sensitive
7577	▁अरब
7578	▁क्लाइंट
7579	▁बीवी
7580	▁मशहूर
7581	!’
7582	Remember
7583	tic
7584	प्र
7585	मैंने
7586	स्वाभाविक
7587	▁contained
7588	▁launch
7589	▁plague
7590	▁resource
7591	▁आबाद
7592	▁चढ़ा
7593	▁ज़लील
7594	▁रखेगा
7595	ta
7596	ियो
7597	▁Sent
7598	▁illustrate
7599	▁stake
7600	▁गिलियड
7601	▁गोत्रा
7602	▁ट्रैक्ट
7603	▁पूछने
7604	▁प्रोफ़ाइल
7605	▁बेगम
7606	▁लूट
7607	▁शांत
7608	.%
7609	ै
7610	▁Standard
7611	▁feels
7612	▁heartfelt
7613	▁intended
7614	▁occasions
7615	▁satisfied
7616	▁shell
7617	▁tested
7618	▁ऊँचा
7619	▁परिपूर्ण
7620	▁बाट
7621	AL
7622	com
7623	▁Week
7624	▁bore
7625	▁conventions
7626	▁native
7627	▁peaceful
7628	▁अवज्ञाकारी
7629	▁दशक
7630	▁देनेवाली
7631	▁पांव
7632	▁प्रकोप
7633	▁संस्था
7634	▁हस्ताक्षरित
7635	Use
7636	maildir
7637	you
7638	▁"{1}"
7639	▁23,
7640	▁Tag
7641	▁closed
7642	▁discernment
7643	▁executed
7644	▁modify
7645	▁preserve
7646	▁thirty
7647	▁ख़त्म
7648	▁खोली
7649	▁सौंप
7650	▁Action
7651	▁Islands
7652	▁shape
7653	▁कमरे
7654	▁परत
7655	▁बनते
7656	▁मुर्द
7657	▁July
7658	▁Prayer
7659	▁opposite
7660	▁phrase
7661	▁revision
7662	▁wings
7663	▁अस्पताल
7664	▁ताड़ना
7665	▁निवासियों
7666	▁बर्ताव
7667	ru
7668	ध
7669	▁Elm
7670	▁agreed
7671	▁comment
7672	▁firstborn
7673	▁invisible
7674	▁snow
7675	▁utterly
7676	▁अमान्य
7677	▁पीड़ा
7678	▁बनता
7679	▁श
7680	▁सम्भव
7681	▁सांत्वना
7682	▁Blur
7683	▁June
7684	▁symbol
7685	▁अपरिचित
7686	▁करोड़
7687	▁गुस्सा
7688	▁जून
7689	▁न्यायी
7690	▁फायदेमंद
7691	Where
7692	mbox
7693	▁awaits
7694	▁cares
7695	▁protocol
7696	▁seize
7697	▁striving
7698	▁threw
7699	▁weakness
7700	▁अनुपस्थित
7701	▁गरीब
7702	▁जनवरी
7703	▁पुराना
7704	▁बिन
7705	ba
7706	ious
7707	▁GOD
7708	▁abandon
7709	▁concluded
7710	▁considering
7711	▁difficulty
7712	▁incoming
7713	▁modified
7714	▁plot
7715	▁tries
7716	▁जीता
7717	▁प्रोटोकॉल
7718	▁सुनाते
7719	▁सूरत
7720	2)
7721	These
7722	world
7723	▁ignorance
7724	▁labor
7725	▁sad
7726	▁अधिष्ठाप
7727	▁इनका
7728	▁ड्राइवर
7729	▁ताला
7730	▁बिंब
7731	▁लोगे
7732	▁३३
7733	()
7734	11
7735	Busy
7736	ka
7737	उसी
7738	ठ
7739	ुशख़बरी
7740	▁7]
7741	▁Sovereign
7742	▁Straight
7743	▁dialog
7744	▁sing
7745	▁terror
7746	▁triumph
7747	▁छिपे
7748	▁तरीक़ा
7749	▁दोपहर
7750	▁फ्रांस
7751	▁शिशु
7752	que
7753	चिह्न
7754	▁Active
7755	▁closing
7756	▁deliverance
7757	▁inclined
7758	▁twain
7759	▁जमाअत
7760	▁फरमाबरदार
7761	▁भ्रष्ट
7762	▁मरयम
7763	▁रुसवा
7764	▁रौशनी
7765	▁वाज़े
7766	▁वातावरण
7767	▁विशाल
7768	▁सजद
7769	action
7770	av
7771	ेशन
7772	▁Explain
7773	▁arranged
7774	▁awake
7775	▁disaster
7776	▁discern
7777	▁emotions
7778	▁solution
7779	▁खुल्ला
7780	▁माह
7781	▁लगेगा
7782	▁colours
7783	▁gathering
7784	▁pleasing
7785	▁volume
7786	▁walls
7787	▁अध्यक्ष
7788	▁खाका
7789	▁जानती
7790	▁पशुओं
7791	▁पूजा
7792	▁रखेंगे
7793	▁रहनेवाली
7794	▁सिरे
7795	mighty
7796	▁dies
7797	▁eager
7798	▁fun
7799	▁lion
7800	▁noble
7801	▁okay
7802	▁presentation
7803	▁starts
7804	▁unexpectedly
7805	▁via
7806	▁कानूनी
7807	▁जोड़ेगा
7808	▁डालता
7809	▁डॉलर
7810	▁बेच
7811	▁मुहर
7812	▁रखनेवाला
7813	▁रूपांतरण
7814	▁लड़
7815	▁लेवियों
7816	my
7817	भ
7818	▁Brazil
7819	▁Greece
7820	▁calf
7821	▁cells
7822	▁documents
7823	▁meaningful
7824	▁president
7825	▁punished
7826	▁खौलत
7827	▁गुस्से
7828	▁बालों
7829	▁बुलाए
7830	▁भेजता
7831	▁विजय
7832	▁वैश्विक
7833	ites
7834	▁Ever
7835	▁Moab
7836	▁Ruth
7837	▁Using
7838	▁abandoned
7839	▁asks
7840	▁devil
7841	▁query
7842	▁reminders
7843	▁stage
7844	▁अजीब
7845	▁आचरण
7846	▁उपनाम
7847	▁बनाएं
7848	▁बनावट
7849	▁साम्राज्य
7850	▁alert
7851	▁applications
7852	▁इसने
7853	▁दुष्टों
7854	▁सिंह
7855	▁Ad
7856	▁commission
7857	▁कागज
7858	▁पढ़े
7859	▁फसाद
7860	▁सरकारी
7861	कैलेंडर
7862	▁Burn
7863	▁Hearing
7864	▁IM
7865	▁Nothing
7866	▁interface
7867	▁spouse
7868	▁करेगें
7869	▁दिलचस्प
7870	▁पत्ते
7871	बीह
7872	▁Player
7873	▁Study
7874	▁backup
7875	▁developing
7876	▁huge
7877	▁pairs
7878	iCal
7879	▁meditate
7880	▁nearby
7881	▁pour
7882	▁उ
7883	▁उत्तरी
7884	▁निगाह
7885	▁स्वीकृत
7886	▁होनेवाला
7887	▁Men
7888	▁Unexpected
7889	▁agreement
7890	▁increasing
7891	▁गर्भ
7892	▁चाह
7893	▁जुड़ने
7894	▁झगड़ते
7895	▁तोहफा
7896	▁नस्ल
7897	▁बछड़े
7898	ताकि
7899	न्
7900	▁admitted
7901	▁difficulties
7902	▁subjection
7903	▁उलटे
7904	▁क़ब्र
7905	▁क़ुदरत
7906	▁मादा
7907	▁संभावित
7908	there
7909	जैसे
7910	▁Blessed
7911	▁Ch
7912	▁Until
7913	▁bird
7914	▁equals
7915	▁player
7916	▁traveled
7917	▁ungodly
7918	▁victims
7919	▁पड़ेगी
7920	har
7921	तः
7922	मय
7923	▁Thessalonians
7924	▁anxious
7925	▁gracious
7926	▁idolaters
7927	▁कोमल
7928	▁नेमत
7929	▁मरते
7930	▁शरारत
7931	é
7932	पूज्य
7933	मनों
7934	मोहम्मद
7935	▁London
7936	▁North
7937	▁branches
7938	▁famine
7939	▁involve
7940	▁periods
7941	▁rights
7942	▁अद्यतनीकृत
7943	▁कुशाद
7944	▁कैन
7945	▁दुष्टता
7946	▁पुकारो
7947	▁रूए
7948	▁लिखते
7949	▁सॉफ्टवेयर
7950	▁Nehemiah
7951	▁Rotate
7952	▁Wait
7953	▁calm
7954	▁couldn
7955	▁degrees
7956	▁edge
7957	▁hint
7958	▁killing
7959	▁priority
7960	▁relate
7961	▁अंगूर
7962	▁छुड़ा
7963	▁लेखन
7964	▁शिकायत
7965	▁सुन्दर
7966	▁devour
7967	▁अखबार
7968	▁अनुक्रम
7969	▁अफ़सोस
7970	▁इंडियन
7971	▁चाहेगा
7972	▁चुनी
7973	▁फिरे
7974	▁मॉडल
7975	दी
7976	▁Control
7977	▁Download
7978	▁ashamed
7979	▁encrypted
7980	▁endured
7981	▁forgiven
7982	▁helpers
7983	▁reduce
7984	▁serves
7985	▁अनुरूप
7986	▁चौकस
7987	▁डाकपेटी
7988	▁निर्देशांक
7989	▁लड़कों
7990	▁२९
7991	टर
7992	▁Canada
7993	▁apparently
7994	▁favors
7995	▁ride
7996	▁vertical
7997	▁तले
7998	▁निकलता
7999	▁न्यौता
8000	▁पक्षियों
8001	▁मानसिक
8002	▁युक्त
8003	तिशाली
8004	▁+
8005	▁Ekiga
8006	▁couples
8007	▁evolution
8008	▁protector
8009	▁spell
8010	▁ग्रह
8011	▁तुल्यकालन
8012	▁शहरों
8013	From
8014	▁Michael
8015	▁Retriev
8016	▁obligation
8017	▁overwrite
8018	▁serpent
8019	▁stories
8020	▁आस्ट्रेलिया
8021	▁क़ाबिल
8022	▁य
8023	Previous
8024	▁Further
8025	▁bondmen
8026	▁latest
8027	▁majority
8028	▁pagan
8029	▁photo
8030	▁radio
8031	▁terminal
8032	▁आवृत्ति
8033	▁कोमलता
8034	▁चान्दी
8035	▁तबाह
8036	▁योना
8037	▁वक़्त
8038	ma
8039	▁facing
8040	▁fate
8041	▁submission
8042	▁wash
8043	▁उद्
8044	▁पीड़ित
8045	▁प्रबन्ध
8046	▁भाषाएँ
8047	▁हरा
8048	Next
8049	ure
8050	▁evidences
8051	▁lift
8052	▁zone
8053	▁तुरन्त
8054	LE
8055	Type
8056	net
8057	▁%(
8058	▁Benjamin
8059	▁MAPI
8060	▁Mailbox
8061	▁distribution
8062	▁element
8063	▁flight
8064	▁gratitude
8065	▁अमीर
8066	▁उजाड़
8067	▁एच
8068	▁चालीस
8069	▁ज़िम्मेदारियाँ
8070	▁तालिका
8071	▁धर्मों
8072	▁बदतर
8073	▁मसलन
8074	▁शब्दकूट
8075	0
8076	▁IS
8077	▁conflicts
8078	▁feast
8079	▁informed
8080	▁lovers
8081	▁trade
8082	▁ढूँढ़
8083	▁पक्की
8084	▁प्रशिक्षण
8085	▁भुगतान
8086	▁विद्वान
8087	▁Cisco
8088	▁IP
8089	▁Students
8090	▁finds
8091	▁mistake
8092	▁offers
8093	▁sources
8094	▁अनुकूल
8095	▁कमिट
8096	▁संयम
8097	▁Games
8098	▁breast
8099	▁buried
8100	▁capacity
8101	▁deceive
8102	▁goats
8103	▁उपयोक्तानाम
8104	▁औसत
8105	▁चढ़ाया
8106	▁बताना
8107	▁रुए
8108	▁शादीशुदा
8109	ities
8110	ख्वाह
8111	श्
8112	▁(1)
8113	▁Ministry
8114	▁anymore
8115	▁rage
8116	▁एकमात्र
8117	▁कापी
8118	▁गुज़ारिश
8119	▁प्राक्सी
8120	▁वायु
8121	▁सीखी
8122	▁Japanese
8123	▁governments
8124	▁pardon
8125	▁seal
8126	▁अनुस्मृति
8127	▁उठने
8128	▁तसदीक
8129	▁तारे
8130	▁फिटकार
8131	▁वाक़िफकार
8132	▁सम्पर्क
8133	▁सिखाती
8134	यो
8135	▁23]
8136	▁Central
8137	▁Republic
8138	▁TV
8139	▁[“
8140	▁condemned
8141	▁delegate
8142	▁disobey
8143	▁latter
8144	▁opinion
8145	▁springs
8146	▁tools
8147	▁अगस्त
8148	▁इल्ज़ाम
8149	▁तंगी
8150	▁नियंत्रित
8151	▁मिलना
8152	▁#
8153	▁Ma
8154	▁Minimum
8155	▁Quit
8156	▁River
8157	▁guess
8158	▁identity
8159	▁shadow
8160	▁अँग्रेज़ी
8161	▁स्लाइड
8162	▁स्विच
8163	title
8164	▁2001
8165	▁accessible
8166	▁cross
8167	▁urge
8168	▁चुपके
8169	▁दुशमन
8170	▁बढ़ाया
8171	▁मारता
8172	▁मुल्क
8173	▁मोड्यूल
8174	ेड
8175	▁44
8176	▁Beneficent
8177	▁Setup
8178	▁attribute
8179	▁beat
8180	▁numbered
8181	▁persecuted
8182	▁potential
8183	▁team
8184	▁west
8185	▁आउट
8186	▁खुल
8187	▁चढ़ाए
8188	▁रूह
8189	▁सुनना
8190	▁हवाले
8191	red
8192	▁En
8193	▁Proxy
8194	▁cubits
8195	▁dog
8196	▁encryption
8197	▁familiar
8198	▁repository
8199	▁rulership
8200	▁selfish
8201	▁startup
8202	▁अथवा
8203	▁आधा
8204	▁उत्प्रवास
8205	▁जाएंगी
8206	▁तस्
8207	▁सिस्को
8208	▁Armageddon
8209	▁Evil
8210	▁Flood
8211	▁indefinite
8212	▁intense
8213	▁tear
8214	▁दायाँ
8215	▁मिलनेवाली
8216	▁रहनेवालों
8217	▁विविध
8218	▁वॉचटावर
8219	▁२६
8220	ever
8221	तों
8222	लो
8223	▁Bring
8224	▁Manasseh
8225	▁Spanish
8226	▁audience
8227	▁captivity
8228	▁possibly
8229	▁skills
8230	▁उपज
8231	▁ऑ
8232	▁घाटी
8233	▁लड़कियों
8234	▁Latin
8235	▁memos
8236	▁इष्ट
8237	▁कराने
8238	▁दिलाता
8239	▁फसह
8240	▁बदली
8241	▁मारते
8242	ence
8243	बल्कि
8244	▁Client
8245	▁Completed
8246	▁Scale
8247	▁Tool
8248	▁communications
8249	▁conscious
8250	▁distant
8251	▁resulted
8252	▁ruling
8253	▁उठते
8254	▁बहस
8255	▁माँगने
8256	▁वसीयत
8257	That
8258	ub
8259	ण्ड
8260	▁British
8261	▁Cain
8262	▁Down
8263	▁Ka
8264	▁approached
8265	▁faithfulness
8266	▁permitted
8267	▁protected
8268	▁review
8269	▁rising
8270	▁trash
8271	▁बताइए
8272	type
8273	unit
8274	▁Human
8275	▁Map
8276	▁abroad
8277	▁adults
8278	▁corrupted
8279	▁directories
8280	▁rewards
8281	▁आंखें
8282	▁ऐलान
8283	▁मचा
8284	ci
8285	meeting
8286	▁Info
8287	▁Torah
8288	▁Yahoo
8289	▁assurance
8290	▁dress
8291	▁जुलाई
8292	▁डे
8293	▁दासों
8294	▁बीमारियों
8295	▁रातों
8296	Not
8297	ics
8298	सख्त
8299	▁Available
8300	▁Prophets
8301	▁flocks
8302	▁heal
8303	▁manual
8304	▁जावा
8305	▁दफा
8306	▁फ़साद
8307	▁समस्त
8308	▁२७
8309	▁Role
8310	▁Undo
8311	▁district
8312	▁execution
8313	▁finish
8314	▁highlight
8315	▁jobs
8316	▁mixed
8317	▁reaction
8318	▁worry
8319	▁कथन
8320	▁झुठलाने
8321	▁परिस्थितियों
8322	▁प्रबल
8323	▁बॉक्स
8324	▁लौटने
8325	sh
8326	कुफ्फ़ार
8327	वार
8328	▁119
8329	▁2003
8330	▁Italy
8331	▁hears
8332	▁spirituality
8333	▁station
8334	▁tomorrow
8335	▁visits
8336	▁केंद्रित
8337	▁जहाँन
8338	▁दरगुज़र
8339	▁दावे
8340	▁नक्शा
8341	▁प्राणियों
8342	▁बेहश्त
8343	▁मौजिज़ा
8344	▁शो
8345	▁सालेह
8346	▁Device
8347	▁Grand
8348	▁Le
8349	▁buffer
8350	▁diseases
8351	▁fifty
8352	▁purify
8353	▁threatened
8354	▁गिरोहों
8355	▁बूझ
8356	▁लोहे
8357	▁सफाई
8358	▁सहज
8359	▁Sacred
8360	▁TRANSLATORS
8361	▁noise
8362	▁repentant
8363	▁resolved
8364	▁आंतरिक
8365	▁कौनसी
8366	▁छाप
8367	▁बगावत
8368	▁बनें
8369	अनदेखा
8370	▁Everlasting
8371	▁Passover
8372	▁extended
8373	▁fleshly
8374	▁players
8375	▁रानी
8376	▁MD
8377	▁awe
8378	▁brief
8379	▁fifth
8380	▁photos
8381	▁reap
8382	▁section
8383	▁transfer
8384	▁ईसाई
8385	▁ओवरसियर
8386	▁चुनते
8387	▁जलप्रलय
8388	▁नरक
8389	▁विभाजित
8390	▁Listen
8391	▁acknowledge
8392	▁surprised
8393	▁tableau
8394	▁उम्दा
8395	▁चलेगा
8396	▁मूलभूत
8397	▁रविवार
8398	गे
8399	बैठक
8400	▁39
8401	▁Card
8402	▁appreciated
8403	▁forgot
8404	▁forsake
8405	▁literally
8406	▁payment
8407	▁puzzle
8408	▁singing
8409	▁धरने
8410	▁बिगड़
8411	▁वर्षगांठ
8412	▁वितरण
8413	▁सहने
8414	▁हियाव
8415	▁३१
8416	किताब
8417	मूसा
8418	▁Row
8419	▁Total
8420	▁bears
8421	▁brochure
8422	▁footsteps
8423	▁therewith
8424	▁units
8425	▁जुड़ी
8426	▁बेटियों
8427	▁वर्षा
8428	▁विभाग
8429	▁शहरपनाह
8430	चर्य
8431	दोनों
8432	र्ट
8433	▁58
8434	▁Mar
8435	▁Pentecost
8436	▁Ra
8437	▁collection
8438	▁greed
8439	▁incense
8440	▁penalty
8441	▁physically
8442	▁pick
8443	▁slew
8444	▁सिखाता
8445	▁सिमुलेशन
8446	▁स्कीमा
8447	":
8448	ative
8449	task
8450	▁Accept
8451	▁Encryption
8452	▁SMTP
8453	▁endeavor
8454	▁healed
8455	▁prescribed
8456	▁quiet
8457	▁remind
8458	▁scribes
8459	▁supports
8460	▁ईमानदारी
8461	▁दैनिक
8462	▁पोश
8463	▁प्राधिकार
8464	▁मुक्
8465	▁लगो
8466	▁विवाद
8467	▁हाकिमों
8468	अलग
8469	त्र
8470	यर
8471	▁28:
8472	▁Na
8473	▁Tract
8474	▁enjoin
8475	▁figure
8476	▁grasp
8477	▁तकलीफें
8478	▁माँगी
8479	▁मेहमान
8480	Move
8481	people
8482	कभी
8483	▁Readers
8484	▁design
8485	▁miracle
8486	▁origin
8487	▁satisfying
8488	▁scripture
8489	▁tempted
8490	▁warns
8491	▁अंग्रेज़ी
8492	▁भू
8493	ally
8494	ti
8495	▁courageous
8496	▁weather
8497	▁घास
8498	▁टाइल
8499	▁बालक
8500	▁भज
8501	▁वज़न
8502	▁समीप
8503	▁सांकेतिक
8504	His
8505	ेहाद
8506	▁Cursor
8507	▁Output
8508	▁Samaria
8509	▁Sender
8510	▁represent
8511	▁righteously
8512	▁एलीशा
8513	▁करार
8514	▁धमकी
8515	)]
8516	those
8517	▁Days
8518	▁copies
8519	▁credit
8520	▁disable
8521	▁download
8522	▁eaten
8523	▁गर्भवती
8524	▁जमे
8525	▁भटका
8526	▁हल्का
8527	www
8528	बोहतान
8529	▁MiB
8530	▁Self
8531	▁females
8532	▁scroll
8533	▁छोड़ना
8534	▁डालकर
8535	▁निस्बत
8536	▁फरीसियों
8537	▁फ़ज़ल
8538	▁बक्सा
8539	▁बादशाही
8540	▁बीते
8541	▁मोहताज
8542	▁रूसवा
8543	▁वाक़ई
8544	्ट
8545	▁accepting
8546	▁comforting
8547	▁planet
8548	▁pursued
8549	▁suggestions
8550	▁theocratic
8551	▁wipe
8552	▁जलन
8553	▁तल
8554	▁तीस
8555	▁प्रार्थनाएँ
8556	▁फ़रमाया
8557	▁मिसालें
8558	▁रूत
8559	cal
8560	तुम्हारी
8561	▁32.
8562	▁Glory
8563	▁paying
8564	▁praises
8565	▁returning
8566	▁scheme
8567	▁उठाते
8568	▁गुमान
8569	▁दुखी
8570	▁रहूंगा
8571	▁विशेषाधिकार
8572	nd
8573	▁2008
8574	▁EOL
8575	▁Opening
8576	▁concerns
8577	▁doctrine
8578	▁loose
8579	▁o
8580	▁ढा
8581	▁पड़ोसियों
8582	▁बांट
8583	▁सूट
8584	पैमाने
8585	यू
8586	▁Documents
8587	▁alcohol
8588	▁ate
8589	▁guilt
8590	▁machine
8591	▁plants
8592	▁उधर
8593	▁पकड़ा
8594	▁पीते
8595	▁बपतिस्मे
8596	▁वस्त्र
8597	▁व्याख्या
8598	▁सबब
8599	None
8600	\
8601	पवित्र
8602	बर
8603	र्श
8604	▁Force
8605	▁Religion
8606	▁Simon
8607	▁dwellers
8608	▁neck
8609	▁schema
8610	▁yoke
8611	▁क़ीमत
8612	▁चन्द्रमा
8613	▁जायज़
8614	▁रेडियो
8615	▁वैकल्पिक
8616	▁सुनाता
8617	5)
8618	some
8619	▁Photo
8620	▁boat
8621	▁checked
8622	▁harmful
8623	▁qualified
8624	▁repeated
8625	▁rooms
8626	▁unjustly
8627	▁अनु
8628	▁उतनी
8629	▁उद्देश्य
8630	▁जहाज
8631	▁पत
8632	▁प्रस्ताव
8633	▁लालसा
8634	▁सं
8635	▁संतति
8636	▁समझौता
8637	Date
8638	ूंगा
8639	▁Archive
8640	▁Car
8641	▁atmosphere
8642	▁drug
8643	▁falls
8644	▁larger
8645	▁remarkable
8646	▁खिसका
8647	▁पलटा
8648	▁बारिश
8649	▁रुक
8650	good
8651	ld
8652	po
8653	मार
8654	▁Believe
8655	▁Press
8656	▁Titus
8657	▁beings
8658	▁bought
8659	▁debt
8660	▁deceived
8661	▁deities
8662	▁deleting
8663	▁mutual
8664	▁secretly
8665	▁teeth
8666	▁घुस
8667	▁पजल
8668	▁संकुल
8669	ंस
8670	ियत
8671	▁Galilee
8672	▁blow
8673	▁convey
8674	▁occurs
8675	▁scientists
8676	▁systems
8677	▁trip
8678	▁जंक
8679	▁शाप
8680	▁शासक
8681	ors
8682	▁Split
8683	▁oppression
8684	▁rescue
8685	▁victim
8686	▁visiting
8687	▁अल
8688	▁तीनों
8689	▁परिणामस्वरूप
8690	▁प्राप्ति
8691	▁भंडारित
8692	▁योग
8693	▁लॉक
8694	▁सहेजे
8695	!”
8696	Prophet
8697	new
8698	▁Host
8699	▁Possible
8700	▁Thanks
8701	▁boiling
8702	▁consume
8703	▁entrusted
8704	▁gained
8705	▁hated
8706	▁scholars
8707	▁seat
8708	▁super
8709	▁इज्ज़त
8710	▁झोंक
8711	▁नाकाम
8712	▁पुरूषों
8713	▁बेख़बर
8714	▁मस्जिद
8715	▁ल
8716	▁हस्तांतरण
8717	Take
8718	rate
8719	दिल
8720	पूरा
8721	▁2004
8722	▁41
8723	▁dying
8724	▁falling
8725	▁frequently
8726	▁murder
8727	▁r
8728	▁ranks
8729	▁regret
8730	▁resort
8731	▁silent
8732	▁solid
8733	▁surrounded
8734	▁ग्राहक
8735	▁निष्ठा
8736	▁मारो
8737	▁मुद्रण
8738	▁रथ
8739	▁विलाप
8740	See
8741	हमें
8742	▁600
8743	▁Month
8744	▁Tar
8745	▁checking
8746	▁inherited
8747	▁loud
8748	▁reaches
8749	▁upper
8750	▁witnessed
8751	▁इलज़ाम
8752	▁क़ैद
8753	▁निमित्त
8754	▁भंडार
8755	Bus
8756	वां
8757	ुस
8758	▁Ephraim
8759	▁Learn
8760	▁Promised
8761	▁motivated
8762	▁piety
8763	▁reflected
8764	▁services
8765	▁spite
8766	▁wherefore
8767	▁गूगल
8768	▁नाशुक्र
8769	▁निकालता
8770	▁पे
8771	▁माँगते
8772	▁मेमोरी
8773	▁Microsoft
8774	▁Ten
8775	▁assistant
8776	▁feeding
8777	▁hinder
8778	▁streams
8779	▁streets
8780	▁उभारें
8781	▁तदबीर
8782	▁नौका
8783	▁फरमाएगा
8784	▁मक़सूद
8785	▁वरदान
8786	▁संवेदनशील
8787	▁हिला
8788	mo
8789	▁1997
8790	▁65
8791	▁Ah
8792	▁Ar
8793	▁Books
8794	▁February
8795	▁Starting
8796	▁Theme
8797	▁argue
8798	▁await
8799	▁movement
8800	▁sentence
8801	▁बद
8802	▁रचा
8803	▁रि
8804	▁लक्षण
8805	▁सिफारिश
8806	20
8807	मुनासिब
8808	▁Caesar
8809	▁claimed
8810	▁cool
8811	▁declaration
8812	▁entering
8813	▁mass
8814	▁weapons
8815	▁अकाल
8816	▁अनुपलब्ध
8817	▁उपद्रव
8818	▁चक्कर
8819	▁तत्काल
8820	▁प्रचारकों
8821	▁प्रबंध
8822	▁प्रमाणीकरण
8823	▁सोते
8824	Bring
8825	तक
8826	▁1995
8827	▁51
8828	▁Rule
8829	▁exception
8830	▁increases
8831	▁instructed
8832	▁wished
8833	▁कार्यशील
8834	▁ग्रस्त
8835	▁तीसरी
8836	▁नबियों
8837	▁पंख
8838	▁बुढ़ापे
8839	▁रा
8840	▁लड़े
8841	▁वरीयता
8842	दान
8843	मरने
8844	हा
8845	▁Class
8846	▁Code
8847	▁Thee
8848	▁attached
8849	▁doctors
8850	▁en
8851	▁floor
8852	▁prey
8853	▁royal
8854	▁scholar
8855	▁swift
8856	▁variety
8857	▁ज़रूरतें
8858	▁जायेंगे
8859	▁थक
8860	▁पक्के
8861	▁मुद्दत
8862	▁सोचकर
8863	क़
8864	काल
8865	टे
8866	डा
8867	▁2005
8868	▁Long
8869	▁bright
8870	▁star
8871	▁wholesome
8872	▁अंग
8873	▁इटली
8874	▁घुमाव
8875	▁मानेंगे
8876	Contents
8877	Find
8878	pl
8879	सूचना
8880	ाते
8881	ार
8882	▁37:
8883	▁Abel
8884	▁Besides
8885	▁demonstrated
8886	▁speaker
8887	▁subscribe
8888	▁तीसरा
8889	▁पागल
8890	▁बहा
8891	ran
8892	बद्ध
8893	सूची
8894	ेस
8895	▁Canaan
8896	▁Following
8897	▁goodly
8898	▁soil
8899	▁suggest
8900	▁tend
8901	▁zoom
8902	▁नाव
8903	▁प्रतिनिधि
8904	▁बीबी
8905	▁संतोष
8906	pro
8907	set
8908	क़बूल
8909	▁compassionate
8910	▁configure
8911	▁dignity
8912	▁login
8913	▁outgoing
8914	▁parties
8915	▁reasoning
8916	▁spool
8917	▁storing
8918	▁खोलना
8919	▁घमण्ड
8920	▁ढूँढ़ने
8921	▁पहुँचती
8922	▁भड़का
8923	▁माप
8924	▁रीसेट
8925	▁वेबसाइट
8926	ber
8927	मो
8928	▁%02
8929	▁46
8930	▁belie
8931	▁cdr
8932	▁engaged
8933	▁heirs
8934	▁इनको
8935	▁उठाएगा
8936	▁चव्वा
8937	▁ड
8938	▁धनी
8939	▁निकालते
8940	▁पचास
8941	▁बुलाते
8942	Look
8943	ions
8944	son
8945	▁Browse
8946	▁November
8947	▁Searching
8948	▁approved
8949	▁billion
8950	▁depression
8951	▁dis
8952	▁obtained
8953	▁silence
8954	▁tracks
8955	▁इमारत
8956	▁जुदा
8957	▁बाग
8958	▁हुज़ूर
8959	ja
8960	▁fundamental
8961	▁garment
8962	▁laugh
8963	▁tradition
8964	▁अदन
8965	▁कष्ट
8966	▁किताबे
8967	▁छावनी
8968	▁धारण
8969	▁नाप
8970	▁पत्री
8971	▁फँस
8972	▁फाड़
8973	▁मोआब
8974	▁सबकी
8975	ni
8976	▁1990
8977	▁Ignore
8978	▁Often
8979	▁blocks
8980	▁explanation
8981	▁jinns
8982	▁ridicule
8983	▁एटलांटिक
8984	▁कंपोजर
8985	▁बुनियाद
8986	▁मु
8987	▁शुरुआत
8988	▁सिलसिले
8989	▁AIDS
8990	▁Reading
8991	▁Subscribe
8992	▁Visit
8993	▁complex
8994	▁continually
8995	▁relationships
8996	▁represented
8997	▁submitted
8998	▁ठहरने
8999	▁फैलाने
9000	▁बचाए
9001	▁संघ
9002	▁26]
9003	▁Drop
9004	▁Egyptians
9005	▁Java
9006	▁SM
9007	▁Ta
9008	▁Whosoever
9009	▁blue
9010	▁fitting
9011	▁hardly
9012	▁jealousy
9013	▁plenty
9014	▁prevented
9015	▁proclaimed
9016	▁अमरीकी
9017	▁घृणित
9018	▁जीभ
9019	▁डराओ
9020	Shall
9021	over
9022	दीन
9023	यानि
9024	▁Package
9025	▁conversations
9026	▁domain
9027	▁http
9028	▁idolatry
9029	▁lists
9030	▁summer
9031	▁transgression
9032	▁union
9033	▁अप्रिय
9034	▁एकत्र
9035	▁तह
9036	▁परदेशी
9037	▁पैसों
9038	▁मुहल
9039	▁यूसुफ़
9040	▁रुख़
9041	▁समझाइए
9042	▁हज
9043	ER
9044	▁1998
9045	▁Messianic
9046	▁Very
9047	▁adversity
9048	▁burdens
9049	▁filename
9050	▁nigh
9051	▁scene
9052	▁कैंसर
9053	▁घेरे
9054	▁प्रतिष्ठित
9055	▁प्रेममय
9056	▁बहाल
9057	▁सर्वोत्तम
9058	▁सैनिक
9059	ौ
9060	▁Lamb
9061	▁Profile
9062	▁Refresh
9063	▁Tim
9064	▁barren
9065	▁dwellings
9066	▁expired
9067	▁harsh
9068	▁highest
9069	▁mildness
9070	▁pro
9071	▁sites
9072	▁spoil
9073	▁गोली
9074	▁छल
9075	▁तारीख
9076	▁भोर
9077	▁राज़
9078	▁रिकार्ड
9079	▁वृत्तान्त
9080	▁26,
9081	▁Volume
9082	▁gradually
9083	▁greeting
9084	▁interesting
9085	▁mortal
9086	▁pursuing
9087	▁recalls
9088	▁ग्रिड
9089	▁चढ़ाने
9090	▁जंग
9091	▁पूरब
9092	▁मरा
9093	▁मिटाए
9094	▁समयों
9095	Will
9096	ina
9097	▁%3
9098	▁Spain
9099	▁layer
9100	▁repeatedly
9101	▁structure
9102	▁vow
9103	▁कला
9104	▁गर्दन
9105	▁जय
9106	▁पूछिए
9107	▁पोषण
9108	▁बैठकर
9109	▁यत्न
9110	▁लिहाज़
9111	मेंट
9112	▁culture
9113	▁mourning
9114	▁pledge
9115	▁steal
9116	▁storm
9117	▁strangers
9118	▁wasn
9119	▁बहका
9120	▁भागों
9121	▁वापसी
9122	▁समाधान
9123	▁साँस
9124	▁सेकण्ड
9125	▁३२
9126	ator
9127	now
9128	place
9129	चन्द
9130	▁Commit
9131	▁Sir
9132	▁compiler
9133	▁enduring
9134	▁everywhere
9135	▁exercising
9136	▁mouths
9137	▁noticed
9138	▁official
9139	▁अज़ीज़
9140	▁अनुकरण
9141	▁क्रमांक
9142	▁खिसकाने
9143	▁घोर
9144	▁जर्मन
9145	▁निरन्तर
9146	▁पुनर्प्राप्त
9147	▁प्रां
9148	▁फ़ायदा
9149	▁फोलो
9150	ecast
9151	ile
9152	side
9153	▁75
9154	▁Breakpoint
9155	▁Simulation
9156	▁advanced
9157	▁appeal
9158	▁creates
9159	▁fly
9160	▁mates
9161	▁settle
9162	▁अभिव्यक्
9163	▁ग़ुलाम
9164	▁जुड़ा
9165	▁तारों
9166	▁बरकत
9167	▁लाक्षणिक
9168	▁सूर
9169	क्स
9170	िये
9171	▁Concern
9172	▁Images
9173	▁bare
9174	▁filters
9175	▁hospitality
9176	▁judgments
9177	▁observes
9178	▁sealed
9179	▁widget
9180	▁छुपा
9181	▁थिस्सलुनीकियों
9182	▁मनुष्यजाति
9183	▁मुसलमानों
9184	▁सापेक्ष
9185	▁Extract
9186	▁Five
9187	▁Unseen
9188	▁Wisdom
9189	▁arrives
9190	▁nights
9191	▁pit
9192	▁womb
9193	▁खेलें
9194	▁दोहाई
9195	▁निंदा
9196	▁भविष्यद्वक्ता
9197	▁मुताबिक़
9198	▁शुक्रगुज़ार
9199	▁सेकेंड
9200	▁हर्ष
9201	against
9202	ात्मक
9203	▁"{1}
9204	▁Corinth
9205	▁Everyone
9206	▁University
9207	▁career
9208	▁exact
9209	▁guests
9210	▁realm
9211	▁आउटलुक
9212	▁कनाडा
9213	▁कब्र
9214	▁कमाया
9215	▁ख़ासकर
9216	▁बजाए
9217	▁बैठते
9218	▁सूचनाएँ
9219	desktop
9220	file
9221	वान
9222	▁0.
9223	▁15]
9224	▁Advanced
9225	▁Oneness
9226	▁Teach
9227	▁ancients
9228	▁assign
9229	▁criminals
9230	▁levels
9231	▁resting
9232	▁spending
9233	▁stock
9234	▁supreme
9235	▁अपनाया
9236	▁चमक
9237	▁लाएगा
9238	▁वास्तविकता
9239	Don
9240	उसे
9241	सामग्री
9242	▁43
9243	▁Able
9244	▁Gett
9245	▁capable
9246	▁expelled
9247	▁involving
9248	▁modest
9249	▁sang
9250	▁timezone
9251	▁अदालत
9252	▁तरीक़ों
9253	▁पॉप
9254	▁मसीहीजगत
9255	▁रोशनी
9256	evil
9257	▁Antarctica
9258	▁Gehenna
9259	▁ex
9260	▁invented
9261	▁recover
9262	▁swallow
9263	▁दूं
9264	▁बसा
9265	evolution
9266	▁Jabber
9267	▁Might
9268	▁Mosque
9269	▁Unicode
9270	▁adopt
9271	▁encoding
9272	▁leader
9273	▁पत्रिकाएँ
9274	▁वरना
9275	les
9276	read
9277	ten
9278	इख्तेयार
9279	इतना
9280	▁GNU
9281	▁JEHOVAH
9282	▁chapters
9283	▁raising
9284	▁उपयुक्त
9285	▁जरूर
9286	▁तोड़ने
9287	▁निवासी
9288	▁पैदाइश
9289	▁मर्दों
9290	▁युवाओं
9291	ng
9292	▁(1
9293	▁49
9294	▁Britain
9295	▁Happy
9296	▁catch
9297	▁confirmation
9298	▁opposed
9299	▁reputation
9300	▁shine
9301	▁tabs
9302	▁welfare
9303	▁आड़
9304	▁ग़लती
9305	▁पैरों
9306	▁बो
9307	▁रुको
9308	Ad
9309	ham
9310	बस
9311	▁(*
9312	▁Health
9313	▁Malachi
9314	▁Sadly
9315	▁admonished
9316	▁attitudes
9317	▁conducted
9318	▁invent
9319	▁lowly
9320	▁ministeri
9321	▁neglect
9322	▁suggested
9323	▁television
9324	▁अंधा
9325	▁अविवाहित
9326	▁ग़ैर
9327	▁दर्शाता
9328	▁दाम
9329	▁शान
9330	▁स्पेन
9331	app
9332	आई
9333	छ
9334	भला
9335	माल
9336	▁18]
9337	▁Reset
9338	▁Seeing
9339	▁journal
9340	▁product
9341	▁servers
9342	▁अटकल
9343	▁एहसानमंद
9344	▁कटनी
9345	▁चलाना
9346	▁तलाक
9347	▁लिखता
9348	▁शीट
9349	▁(2)
9350	▁Four
9351	▁Issued
9352	▁Korean
9353	▁Pause
9354	▁dangers
9355	▁demand
9356	▁desolate
9357	▁discouraged
9358	▁disobeyed
9359	▁pressures
9360	▁scientific
9361	▁solve
9362	▁videos
9363	▁आश्चर्य
9364	▁खबरदार
9365	▁खेलने
9366	▁संस्कृति
9367	अप
9368	तरह
9369	फ़ैसले
9370	्त
9371	▁25,
9372	▁Assyria
9373	▁Inc
9374	▁Lines
9375	▁Moving
9376	▁Required
9377	▁flowing
9378	▁rank
9379	▁viewpoint
9380	▁किसे
9381	▁ख़ुशख़बरी
9382	▁डरे
9383	▁दुक्का
9384	▁पार्टी
9385	▁प्रबंधित
9386	▁हिज
9387	ab
9388	ai
9389	iv
9390	▁Gracious
9391	▁Write
9392	▁arrested
9393	▁excuse
9394	▁icons
9395	▁mild
9396	▁schedule
9397	▁अनंत
9398	▁उपयुक्
9399	▁ख़िलाफ़
9400	▁घटी
9401	▁पि
9402	▁हवाई
9403	न्ट
9404	▁64
9405	▁Browser
9406	▁Says
9407	▁arm
9408	▁depends
9409	▁forgives
9410	▁immortal
9411	▁installation
9412	▁newly
9413	▁principal
9414	▁क्षेत्रों
9415	▁घोषित
9416	▁टू
9417	▁पाठकों
9418	▁प्राकृतिक
9419	▁हावी
9420	off
9421	▁Contents
9422	▁Enoch
9423	▁Max
9424	▁brotherhood
9425	▁supposed
9426	▁अत्यधिक
9427	▁उपयोगी
9428	▁गर्व
9429	▁तहत
9430	▁निकाली
9431	▁प्रभुता
9432	▁फलों
9433	ON
9434	bit
9435	गो
9436	मे
9437	▁10]
9438	▁17]
9439	▁Eventually
9440	▁Little
9441	▁Russian
9442	▁abilities
9443	▁crash
9444	▁grows
9445	▁mislead
9446	▁roof
9447	▁talks
9448	▁torture
9449	▁unrighteous
9450	▁ठहरें
9451	▁दयालु
9452	▁बुनियादी
9453	▁मनाने
9454	▁मियाद
9455	▁सब्त
9456	About
9457	MSN
9458	command
9459	ron
9460	▁Columbia
9461	▁Esau
9462	▁columns
9463	▁happening
9464	▁literal
9465	▁sorts
9466	▁weigh
9467	▁डिग्री
9468	▁फ़ाइलनाम
9469	▁यहॉ
9470	▁लाकर
9471	▁साप्ताहिक
9472	▁हटाना
9473	▁Josiah
9474	▁Nathan
9475	▁bounds
9476	▁maturity
9477	▁readily
9478	▁statusbar
9479	▁technology
9480	▁totally
9481	▁दिली
9482	▁सैर
9483	हीन
9484	▁Death
9485	▁Testament
9486	▁captive
9487	▁oppressed
9488	▁statements
9489	▁टुकड़ा
9490	▁दौरा
9491	▁परंतु
9492	▁बूढ़े
9493	▁बैठें
9494	▁शोभा
9495	▁1950
9496	▁Alexander
9497	▁Real
9498	▁Room
9499	▁auto
9500	▁hereafter
9501	▁multi
9502	▁prominent
9503	▁publicly
9504	▁referring
9505	▁आनेवाला
9506	▁ज्ञात
9507	▁पैग़ाम
9508	▁बुलन्द
9509	▁यूह
9510	game
9511	gu
9512	▁Doing
9513	▁Security
9514	▁Sodom
9515	▁communicate
9516	▁customs
9517	▁divisions
9518	▁flood
9519	▁habit
9520	▁shield
9521	▁trustworthy
9522	▁झलक
9523	▁नोड
9524	▁पर्व
9525	▁पैमान
9526	▁बकवास
9527	▁लाज़िम
9528	▁वाकिफ
9529	can
9530	end
9531	pi
9532	बात
9533	▁"{0}".
9534	▁9]
9535	▁Content
9536	▁Ishmael
9537	▁Python
9538	▁assignments
9539	▁breath
9540	▁cave
9541	▁migrate
9542	▁spreading
9543	▁sub
9544	▁worshipping
9545	▁एण्ड
9546	▁कमर
9547	▁कस्टम
9548	▁गिने
9549	▁नाफ़रमानी
9550	▁निगेहबान
9551	▁पिला
9552	▁फ़रमा
9553	▁ब्रोशर
9554	▁रूजू
9555	▁वाक़िफ़कार
9556	▁${
9557	▁Adjust
9558	▁Judge
9559	▁Main
9560	▁golden
9561	▁officials
9562	▁rendering
9563	▁shortly
9564	▁sinner
9565	▁अमन
9566	▁जायें
9567	▁झुक
9568	▁प्रतिष्ठा
9569	▁समूहों
9570	▁हटाया
9571	immed
9572	ke
9573	ot
9574	अँग्रेज़ी
9575	▁150
9576	▁29,
9577	▁DPI
9578	▁Pass
9579	▁Template
9580	▁Whenever
9581	▁achieve
9582	▁barrier
9583	▁duration
9584	▁enables
9585	▁existed
9586	▁miss
9587	▁writings
9588	▁अनैतिकता
9589	▁आज्ञापालन
9590	▁दुनियावी
9591	▁धारणा
9592	▁ब्लॉक
9593	▁लिखिए
9594	▁स्वतंत्र
9595	▁हमे
9596	Behold
9597	ner
9598	उनको
9599	महज़
9600	वाद
9601	▁AND
9602	▁Center
9603	▁Knowledge
9604	▁Licence
9605	▁Merge
9606	▁acquire
9607	▁confirming
9608	▁reigned
9609	▁sincerely
9610	▁stranger
9611	▁suicide
9612	▁wisely
9613	▁wont
9614	▁आख़िरकार
9615	▁गाने
9616	▁टीचर
9617	▁पलिश्तियों
9618	▁पूछता
9619	▁बजे
9620	▁बान्ध
9621	▁बुक
9622	▁बेमेल
9623	▁भंडारण
9624	▁रपट
9625	नि
9626	वस्त
9627	▁Christmas
9628	▁Grace
9629	▁Memory
9630	▁Organization
9631	▁arrangements
9632	▁burst
9633	▁enjoying
9634	▁fed
9635	▁formatted
9636	▁lofty
9637	▁parameters
9638	▁reduced
9639	▁stands
9640	▁कमज़ोरी
9641	▁गंभीरता
9642	▁छोड़े
9643	▁जला
9644	▁संतुष्ट
9645	ear
9646	ip
9647	tr
9648	ज़ी
9649	्र
9650	▁Outlook
9651	▁deserve
9652	▁devils
9653	▁fearful
9654	▁hungry
9655	▁अनैतिक
9656	▁टाइम
9657	▁नहेमायाह
9658	▁नाता
9659	▁पठन
9660	▁संचालन
9661	ED
9662	▁Halls
9663	▁Headers
9664	▁Must
9665	▁Prov
9666	▁Reload
9667	▁coordinate
9668	▁males
9669	▁nearer
9670	▁obeying
9671	▁अनुयायियों
9672	▁एचटीएमएल
9673	▁ऑस्ट्रेलिया
9674	▁घंटा
9675	▁घटा
9676	▁नर
9677	▁परिभाषा
9678	▁प्रशासक
9679	▁ब्याज
9680	▁लौटाए
9681	link
9682	work
9683	▁2009
9684	▁BY
9685	▁charged
9686	▁exalt
9687	▁hire
9688	▁listeners
9689	▁waves
9690	▁अंदाज़
9691	▁अपमानित
9692	▁आकर्षित
9693	▁उधार
9694	▁चलन
9695	▁ब्रेकपाइंट
9696	▁मसल
9697	▁लज्जित
9698	▁वाजिब
9699	▁विषयों
9700	SO
9701	mb
9702	them
9703	कृत
9704	िट
9705	▁1996
9706	▁500
9707	▁Congregation
9708	▁changing
9709	▁chaste
9710	▁chiefs
9711	▁colors
9712	▁crown
9713	▁fuel
9714	▁haven
9715	▁influenced
9716	▁slaughter
9717	▁आशीषों
9718	▁उकसाया
9719	▁उलटा
9720	▁खोजने
9721	▁दिसंबर
9722	▁निरीक्षण
9723	▁प्रसन्नता
9724	der
9725	ier
9726	ूत
9727	॰
9728	▁Egyptian
9729	▁Epiphany
9730	▁Words
9731	▁acknowledged
9732	▁discourse
9733	▁generally
9734	▁projects
9735	▁writers
9736	▁अंतर्राष्ट्रीय
9737	▁अकड़
9738	▁डेरे
9739	▁पहचाना
9740	▁बेतरतीब
9741	▁बोलता
9742	message
9743	mm
9744	चार
9745	तुम्हारा
9746	ोस
9747	▁Heights
9748	▁anti
9749	▁figurative
9750	▁grass
9751	▁prince
9752	▁prosperity
9753	▁shelter
9754	▁vengeance
9755	▁कुरिंथियों
9756	▁गलील
9757	▁बादलों
9758	▁भरोसे
9759	▁मारी
9760	▁मार्गों
9761	▁मुफ्त
9762	▁शोर
9763	▁सुनायी
9764	remember
9765	tro
9766	▁1999
9767	▁360
9768	▁Zephaniah
9769	▁attacks
9770	▁celebrate
9771	▁dreams
9772	▁performing
9773	▁prevail
9774	▁shade
9775	▁ward
9776	▁पिन्तेकुस्त
9777	▁प्रा
9778	▁रोके
9779	▁लेनेवाले
9780	ud
9781	िम
9782	ौती
9783	२
9784	▁Ayat
9785	▁Double
9786	▁Ephesus
9787	▁International
9788	▁Pilate
9789	▁Repository
9790	▁Shu
9791	▁beware
9792	▁choices
9793	▁divide
9794	▁infidels
9795	▁routine
9796	▁yield
9797	▁जाऊँ
9798	▁डि
9799	▁तट
9800	▁दृष्टान्त
9801	▁पन्
9802	▁फिल्म
9803	▁बकरी
9804	▁बढ़ना
9805	▁मज़ाक
9806	▁मरना
9807	▁वेश्
9808	▁४०
9809	16
9810	ists
9811	vo
9812	whats
9813	वव्यापी
9814	▁Night
9815	▁Philip
9816	▁Within
9817	▁bank
9818	▁cautious
9819	▁forest
9820	▁somewhat
9821	▁trigger
9822	▁unavailable
9823	▁villages
9824	▁पहुँचता
9825	▁पितरों
9826	▁बढ़ाते
9827	▁बिल
9828	▁मानवी
9829	▁मेजबान
9830	▁शि
9831	Select
9832	bar
9833	ाह
9834	▁Living
9835	▁Maybe
9836	▁graves
9837	▁obvious
9838	▁planning
9839	▁sand
9840	▁तराई
9841	▁ता
9842	▁रंज
9843	"?
9844	▁Absalom
9845	▁Connector
9846	▁Trash
9847	▁bus
9848	▁configured
9849	▁lamp
9850	▁previously
9851	▁satisfy
9852	▁spare
9853	▁आवरण
9854	▁कारस्तानिय
9855	▁कुरिं
9856	▁गईं
9857	▁चलेंगे
9858	▁चूंकि
9859	▁फरमाई
9860	▁बरहक़
9861	▁भस्
9862	▁माबूदों
9863	▁मिलान
9864	▁रोबॉट्स
9865	▁वाजे
9866	▁शिविर
9867	▁समझाता
9868	▁हरकत
9869	24
9870	रों
9871	▁Year
9872	▁acquainted
9873	▁actual
9874	▁blown
9875	▁horse
9876	▁hypocrisy
9877	▁maintaining
9878	▁maybe
9879	▁preced
9880	▁score
9881	▁अन्धकार
9882	▁इंग्लैंड
9883	▁एक्सप्रेशन
9884	▁करूणा
9885	▁क्रैश
9886	▁चार्ट
9887	▁तिरछे
9888	▁दृश्
9889	▁प्यारे
9890	▁वृत्त
9891	▁संतुलन
9892	▁संसूचक
9893	▁सितंबर
9894	▁हंस
9895	0)
9896	ger
9897	ow
9898	विचार
9899	सलाम
9900	▁Focus
9901	▁Point
9902	▁applies
9903	▁campaign
9904	▁encourages
9905	▁encrypt
9906	▁generic
9907	▁injury
9908	▁preferences
9909	▁rotation
9910	▁कनान
9911	▁पहुँचाया
9912	▁बुलाता
9913	▁माँगा
9914	▁माँगों
9915	▁रे
9916	▁स्निपेट
9917	▁स्वीकार्य
9918	▁हालिया
9919	र्स
9920	▁Importing
9921	▁Inbox
9922	▁Sync
9923	▁adopted
9924	▁afternoon
9925	▁h
9926	▁prophesied
9927	▁strengthening
9928	▁surrender
9929	▁आधीन
9930	▁इधर
9931	▁ईसाईजगत
9932	▁कठिनाई
9933	▁कसरत
9934	▁जापानी
9935	▁तुल्य
9936	▁बढ़ोतरी
9937	▁ब्रिटेन
9938	▁मरम्मत
9939	▁मरीज़
9940	▁मुश्किल
9941	▁मुसीबतों
9942	▁रिकॉर्ड
9943	▁विदेश
9944	▁वृद्धि
9945	▁व्यक्तिगत
9946	▁१९१४
9947	-_
9948	नति
9949	फे
9950	बड़े
9951	भविष्यवाणियों
9952	सार
9953	स्क
9954	▁34.
9955	▁Dan
9956	▁Joel
9957	▁Scroll
9958	▁challenging
9959	▁honey
9960	▁hopes
9961	▁keyboard
9962	▁misled
9963	▁perfection
9964	▁repeat
9965	▁safeguard
9966	▁अंटार्कटिका
9967	▁अवतार
9968	▁उखाड़
9969	▁पीतल
9970	▁होश
9971	ably
9972	oth
9973	कारथ
9974	मसीह
9975	समझ
9976	▁Compose
9977	▁Manage
9978	▁adult
9979	▁committing
9980	▁hill
9981	▁officer
9982	▁olive
9983	▁produces
9984	▁sixth
9985	▁square
9986	▁अकार
9987	▁उपर
9988	▁कॉलम
9989	▁जोखिम
9990	▁निकली
9991	▁पकड़कर
9992	▁परेशानी
9993	▁बहत
9994	▁बहुतायत
9995	▁मोटी
9996	▁सजीव
9997	50
9998	▁144,000
9999	▁Near
10000	▁Tree
10001	▁descend
10002	▁diff
10003	▁hid
10004	▁illustrations
10005	▁imperfection
10006	▁paragraph
10007	▁pioneering
10008	▁preserved
10009	▁smaller
10010	▁tremendous
10011	▁अतीत
10012	▁अर
10013	▁उड़
10014	▁उदास
10015	▁थीम
10016	▁दोहराएँ
10017	config
10018	▁Ahab
10019	▁Chronicles
10020	▁Face
10021	▁Pet
10022	▁assures
10023	▁completion
10024	▁cruel
10025	▁interval
10026	▁lovingly
10027	▁आशीर्वाद
10028	▁कर्मचारियों
10029	▁रिवाज़
10030	▁शनिवार
10031	ib
10032	min
10033	usa
10034	▁Accounts
10035	▁Ben
10036	▁Saturday
10037	▁corn
10038	▁eternity
10039	▁fucking
10040	▁motion
10041	▁अगल
10042	▁आधे
10043	▁एप्रैम
10044	▁जनरल
10045	▁दवा
10046	▁बटण
10047	▁मल
10048	▁मुस्लिम
10049	▁लहर
10050	▁संपूर्ण
10051	ler
10052	ster
10053	▁Colours
10054	▁Jew
10055	▁Kind
10056	▁Robert
10057	▁debugging
10058	▁earnestly
10059	▁entirely
10060	▁heedless
10061	▁panel
10062	▁prejudice
10063	▁sequence
10064	▁spirits
10065	▁statutes
10066	▁stumble
10067	▁tenth
10068	▁whoso
10069	▁wondered
10070	▁अन्धेर
10071	▁आयातित
10072	▁आवास
10073	▁किसके
10074	▁घूम
10075	▁थ
10076	▁प्लग
10077	रात
10078	▁2006
10079	▁2011
10080	▁Court
10081	▁FOR
10082	▁Fax
10083	▁Judea
10084	▁Judgement
10085	▁Original
10086	▁Rom
10087	▁Se
10088	▁inspiration
10089	▁intercession
10090	▁secrets
10091	▁trumpet
10092	▁wheat
10093	▁उलझन
10094	▁तौल
10095	▁दीर्घा
10096	▁नामः
10097	▁निकलती
10098	▁बर्फ
10099	▁विंडोज़
10100	▁हैरान
10101	00
10102	Enter
10103	TLS
10104	gen
10105	gnome
10106	▁MH
10107	▁Notice
10108	▁certainty
10109	▁delivery
10110	▁glorified
10111	▁lean
10112	▁miraculous
10113	▁patients
10114	▁unbelieving
10115	▁अन्दाज़
10116	▁अन्धे
10117	▁इं
10118	▁इसराइल
10119	▁उपाय
10120	▁चित्रों
10121	▁फिक्र
10122	▁बाएं
10123	▁मूर्खता
10124	▁मॉड्यूल
10125	▁सख़्त
10126	▁हकीकत
10127	also
10128	ca
10129	mon
10130	▁Incoming
10131	▁Moosa
10132	▁Paper
10133	▁bounties
10134	▁primarily
10135	▁talked
10136	▁therefrom
10137	▁tired
10138	▁trusting
10139	▁unlawful
10140	▁आयु
10141	▁ऋण
10142	▁कहलाता
10143	▁झुठलाए
10144	▁तमन्ना
10145	▁नामों
10146	▁बोर्ड
10147	▁वर्ल्ड
10148	▁सम्पत्ति
10149	▁स्
10150	directory
10151	fearing
10152	ship
10153	उन्हें
10154	ऐसे
10155	▁Russia
10156	▁inmates
10157	▁matching
10158	▁salt
10159	▁signal
10160	▁uphold
10161	▁क्रूस
10162	▁ख़याल
10163	▁प्रकाशक
10164	▁मेलबॉक्स
10165	▁वाक्य
10166	Forgiving
10167	izing
10168	sufficient
10169	इन्साफ़
10170	ईमान
10171	यहाँ
10172	▁54
10173	▁Creation
10174	▁Shortly
10175	▁approaching
10176	▁claims
10177	▁historical
10178	▁measures
10179	▁permanent
10180	▁readers
10181	▁shoulder
10182	▁wages
10183	▁ख्वाब
10184	▁झुण्ड
10185	▁दिखता
10186	▁देन
10187	▁पुनःप्राप्त
10188	▁मान्य
10189	are
10190	कुरान
10191	ख़राबी
10192	मर
10193	▁Bottom
10194	▁Nebuchadnezzar
10195	▁cleanse
10196	▁conviction
10197	▁doers
10198	▁initiative
10199	▁northern
10200	▁snare
10201	▁targets
10202	▁अंधे
10203	▁अनोखी
10204	▁कारणों
10205	▁ख़ुशनूदी
10206	▁छापा
10207	▁दक्षिणी
10208	▁परख
10209	▁भोज
10210	▁मुर्दा
10211	▁मुशरिक
10212	▁वबाल
10213	▁समारोह
10214	▁सुनेंगे
10215	▁सुलह
10216	▁सोचें
10217	gt
10218	ide
10219	page
10220	खोलकर
10221	बल
10222	▁2010
10223	▁Categories
10224	▁MB
10225	▁Receiving
10226	▁arrival
10227	▁befalls
10228	▁employment
10229	▁linked
10230	▁mocked
10231	▁pretty
10232	▁करोड़ों
10233	▁कूच
10234	▁ट्रे
10235	▁डिफ
10236	▁धो
10237	▁नमस्कार
10238	▁मिटाएं
10239	▁लम्बी
10240	▁लाठी
10241	▁सिगरेट
10242	▁हनोक
10243	CC
10244	इश
10245	ास
10246	▁1919
10247	▁Ezra
10248	▁Fir
10249	▁Sinai
10250	▁Supreme
10251	▁choosing
10252	▁compressed
10253	▁deity
10254	▁doubts
10255	▁ethnic
10256	▁famous
10257	▁market
10258	▁आमंत्र
10259	▁आलेख
10260	▁कदरदानी
10261	▁खरीद
10262	▁दिखाएगा
10263	▁बढ़ाता
10264	▁भड़क
10265	▁राजनीति
10266	▁लगेंगे
10267	▁वृत्तांत
10268	▁शब्दकोश
10269	-8
10270	Abraham
10271	Preview
10272	शी
10273	हमारा
10274	ेट
10275	”.
10276	▁Authority
10277	▁Bo
10278	▁Col
10279	▁Dictionary
10280	▁afford
10281	▁consumed
10282	▁enjoined
10283	▁located
10284	▁safely
10285	▁अपवाद
10286	▁अभिषेक
10287	▁धीमा
10288	▁मोबाइल
10289	▁सुधारने
10290	book
10291	ise
10292	unto
10293	वन
10294	▁00
10295	▁2,000
10296	▁2;
10297	▁72
10298	▁Andrew
10299	▁Early
10300	▁Track
10301	▁bride
10302	▁detailed
10303	▁meek
10304	▁preparing
10305	▁आएंगे
10306	▁उल्लेखित
10307	▁ठहरेगा
10308	▁दिखाओ
10309	▁मिलाप
10310	▁संक्षिप्त
10311	▁हकीम
10312	";
10313	\\
10314	▁BIBLE
10315	▁Destination
10316	▁Gi
10317	▁Query
10318	▁asleep
10319	▁consequence
10320	▁entries
10321	▁lawlessness
10322	▁opposers
10323	▁rebelled
10324	▁receives
10325	▁refreshing
10326	▁जैक
10327	▁टेलिपोर्ट
10328	▁पट
10329	▁पढ़ो
10330	▁बैठो
10331	▁लुत्फ
10332	▁शिक्षाएँ
10333	▁सभाएँ
10334	▁समेट
10335	▁स्थल
10336	even
10337	ढ़
10338	तिमान
10339	▁Branch
10340	▁Item
10341	▁Syria
10342	▁Things
10343	▁afflict
10344	▁aged
10345	▁algorithm
10346	▁appointments
10347	▁civil
10348	▁desist
10349	▁division
10350	▁haughty
10351	▁medicine
10352	▁necks
10353	▁undoubtedly
10354	▁घबरा
10355	▁तिहाई
10356	▁पूर्ववत
10357	▁वर्शन
10358	▁वृद्ध
10359	▁सुविधा
10360	Knowing
10361	user
10362	ज़ा
10363	्ल
10364	▁Encoding
10365	▁Guardian
10366	▁Hold
10367	▁PKCS
10368	▁Su
10369	▁benefited
10370	▁gallery
10371	▁horizontal
10372	▁ice
10373	▁pregnant
10374	▁reliable
10375	▁traditional
10376	▁upbuilding
10377	▁weaknesses
10378	▁अपठित
10379	▁ऊर्जा
10380	▁लोभ
10381	▁शुरु
10382	▁संध्या
10383	▁समझें
10384	▁साझेदारी
10385	▁सावधानी
10386	oc
10387	ाकुल
10388	ॆ
10389	▁Diff
10390	▁Drag
10391	▁Sorry
10392	▁Thereafter
10393	▁WHAT
10394	▁accompanied
10395	▁अक्टूबर
10396	▁चाँदी
10397	▁बहरे
10398	▁मूल्यांकन
10399	▁हुये
10400	▁३४
10401	▁Modify
10402	▁US
10403	▁confirm
10404	▁internal
10405	▁kingdoms
10406	▁maximum
10407	▁resulting
10408	▁sayings
10409	▁एट
10410	▁कदाचित
10411	▁चलिए
10412	▁भागने
10413	▁सतह
10414	▁सामाजिक
10415	log
10416	supported
10417	काम
10418	▁Lazarus
10419	▁amazing
10420	▁counted
10421	▁enmity
10422	▁mock
10423	▁orders
10424	▁suggests
10425	▁tags
10426	▁unexpected
10427	▁एलार्म
10428	▁काटने
10429	▁जेनेरिक
10430	▁टीम
10431	▁तारा
10432	▁प्रोफाइल
10433	▁बढ़ाएँ
10434	▁बोलना
10435	▁यूनिकोड
10436	▁रूस
10437	▁शख्सियत
10438	AR
10439	ical
10440	काबा
10441	पा
10442	ाने
10443	▁Fill
10444	▁MS
10445	▁fierce
10446	▁humbled
10447	▁losing
10448	▁motives
10449	▁proceeded
10450	▁transgress
10451	▁कृतज्ञ
10452	▁कैलेंडर
10453	▁खण्ड
10454	▁ख़तरे
10455	▁दक्खिन
10456	▁यूनान
10457	▁लड़ो
10458	▁विदेशी
10459	▁शॉर्टकट
10460	▁३५
10461	Surely
10462	ang
10463	पे
10464	वो
10465	▁IT
10466	▁Professor
10467	▁Worlds
10468	▁accused
10469	▁band
10470	▁justified
10471	▁manage
10472	▁similarly
10473	▁smooth
10474	▁universal
10475	▁virtual
10476	▁widely
10477	▁अमर
10478	▁एलागरिथम
10479	▁काबा
10480	▁खेद
10481	▁छाँटें
10482	▁प्राणों
10483	▁बाग़ा
10484	▁भविष्यद्वाणी
10485	▁मंज़िल
10486	▁यथार्थ
10487	▁सॉलिटेयर
10488	▁हालांकि
10489	▁हू
10490	.'"
10491	den
10492	ium
10493	when
10494	×
10495	दूर
10496	पड़े
10497	पन्याह
10498	र्
10499	▁11201
10500	▁1994
10501	▁Barnabas
10502	▁Due
10503	▁GTK
10504	▁Scanning
10505	▁Shaitan
10506	▁animation
10507	▁binding
10508	▁crowds
10509	▁giveth
10510	▁humiliating
10511	▁sacrificing
10512	▁shot
10513	▁spaces
10514	▁आड़ा
10515	▁कुछेक
10516	▁ग़ैब
10517	▁गा
10518	▁जमावट
10519	▁ताक
10520	▁निरंतर
10521	▁निश्चिन्त
10522	▁पाती
10523	▁पूर्ववर्त
10524	▁बाँध
10525	▁बुराइयों
10526	▁बैठने
10527	▁मसीहियत
10528	▁लॉन्च
10529	▁व्यावहारिक
10530	▁संपीडित
10531	▁समझदारी
10532	Image
10533	Out
10534	ey
10535	path
10536	कल
10537	ड़ा
10538	्या
10539	▁"'
10540	▁Include
10541	▁Jack
10542	▁Removing
10543	▁subfolders
10544	▁substance
10545	▁torn
10546	▁traits
10547	▁अनुकम्पा
10548	▁अभियान
10549	▁जाऊँगा
10550	▁जुल्म
10551	▁दृढ़ता
10552	▁पुरखाओं
10553	▁विभिन्
10554	St
10555	iah
10556	part
10557	जहन्नम
10558	जहन्नुम
10559	बड़ा
10560	शैतान
10561	सिर्फ
10562	ियॉ
10563	▁Compassionate
10564	▁Currently
10565	▁Hand
10566	▁Support
10567	▁addressed
10568	▁angle
10569	▁assume
10570	▁brass
10571	▁certificates
10572	▁intelligent
10573	▁lady
10574	▁ruined
10575	▁significance
10576	▁strayed
10577	▁supplication
10578	▁sustain
10579	▁आसपास
10580	▁इफिसुस
10581	▁उपास्य
10582	▁कोरियाई
10583	▁जहन्नुमी
10584	▁परदे
10585	▁रखवाली
10586	▁सज़ावार
10587	,“
10588	32
10589	Time
10590	चिम
10591	तुल
10592	▁3)
10593	▁52
10594	▁Business
10595	▁Hi
10596	▁Modified
10597	▁Permissions
10598	▁Sub
10599	▁condit
10600	▁despised
10601	▁dwelt
10602	▁eagerly
10603	▁envy
10604	▁mid
10605	▁oppose
10606	▁verified
10607	▁अखंड
10608	▁आये
10609	▁एकिगा
10610	▁न्यायदंड
10611	▁मलाकी
10612	EMAIL
10613	nt
10614	yn
10615	▁Database
10616	▁Martha
10617	▁Pine
10618	▁Requested
10619	▁Robots
10620	▁developers
10621	▁disappointed
10622	▁initial
10623	▁introduced
10624	▁sudden
10625	▁urges
10626	▁wouldn
10627	▁ख़ता
10628	▁गुरू
10629	▁घंटों
10630	▁तथ्य
10631	▁दिनांक
10632	▁बिट
10633	▁मकान
10634	▁योनातन
10635	▁सड़कों
10636	▁सि
10637	▁सिखाना
10638	80
10639	कर्ता
10640	ट्
10641	समय
10642	▁API
10643	▁Shared
10644	▁admits
10645	▁crops
10646	▁exceeded
10647	▁judicial
10648	▁smoking
10649	▁अनुचित
10650	▁असंभव
10651	▁इसराएली
10652	▁करुणामय
10653	▁जकर्याह
10654	▁फैलाया
10655	▁मानों
10656	▁मेंटेनर
10657	▁लगाव
10658	▁सौदा
10659	then
10660	va
10661	ऊ
10662	तित्व
10663	मु
10664	्ज
10665	▁AS
10666	▁chariots
10667	▁guy
10668	▁loan
10669	▁parameter
10670	▁redeem
10671	▁reserve
10672	▁withdraw
10673	▁कोप
10674	▁ट
10675	▁पदार्थ
10676	▁पोस्ट
10677	▁लगीं
10678	▁वायद
10679	").
10680	://
10681	Print
10682	▁Access
10683	▁Owner
10684	▁Revision
10685	▁Space
10686	▁altogether
10687	▁attractive
10688	▁comforted
10689	▁historian
10690	▁immediate
10691	▁translations
10692	▁अधीनता
10693	▁क़द्र
10694	▁धर
10695	▁लंदन
10696	▁साइन
10697	▁सुने
10698	30
10699	483,
10700	ak
10701	ap
10702	lib
10703	vouchsafed
10704	ंत
10705	००
10706	▁Hope
10707	▁Numbers
10708	▁alms
10709	▁consist
10710	▁desiring
10711	▁determines
10712	▁didst
10713	▁diet
10714	▁lightning
10715	▁nice
10716	▁prisoners
10717	▁rebel
10718	▁species
10719	▁चिकित्सा
10720	▁ज़िला
10721	▁टीवी
10722	▁पवित्रास्थान
10723	▁लगने
10724	▁लानेवालों
10725	▁सूल
10726	000
10727	ET
10728	Satan
10729	Video
10730	Yahoo
10731	label
10732	▁Eat
10733	▁Jehoshaphat
10734	▁Mom
10735	▁ban
10736	▁chain
10737	▁gambling
10738	▁hills
10739	▁narrow
10740	▁किसान
10741	▁गिलाद
10742	▁देखेगा
10743	▁पहचानते
10744	▁पहुंचे
10745	▁रंगों
10746	▁सम
10747	▁सींग
10748	Make
10749	csv
10750	ec
10751	ified
10752	▁31,
10753	▁Cause
10754	▁declaring
10755	▁distinction
10756	▁empire
10757	▁mbox
10758	▁shit
10759	▁इक़रार
10760	▁उत्साह
10761	▁ग़ज़ब
10762	▁चश्म
10763	▁चित्रित
10764	▁दरजे
10765	▁पीना
10766	▁यहूदिया
10767	▁व्यवसाय
10768	1)
10769	ble
10770	शुदा
10771	▁120
10772	▁56
10773	▁Function
10774	▁Granted
10775	▁Spiritual
10776	▁chariot
10777	▁edited
10778	▁ignored
10779	▁issued
10780	▁pity
10781	▁seas
10782	▁underneath
10783	▁widespread
10784	▁winter
10785	▁आँसू
10786	▁ख़िलाफ
10787	▁जानो
10788	▁मरतबा
10789	9660
10790	du
10791	port
10792	proofs
10793	ries
10794	स्थ
10795	▁1993
10796	▁AIM
10797	▁Debug
10798	▁Koran
10799	▁Preparing
10800	▁Song
10801	▁addressbook
10802	▁cleansed
10803	▁corner
10804	▁distressed
10805	▁estimated
10806	▁plead
10807	▁regarded
10808	▁sanctified
10809	▁stretch
10810	▁texture
10811	▁अबशालोम
10812	▁इतिहासकार
10813	▁इशारा
10814	▁निष्कर्ष
10815	▁भंग
10816	▁मिशनरियों
10817	▁सम्पन्न
10818	▁सिरयोन
10819	▁हित
10820	इयों
10821	रूप
10822	िर
10823	▁1970
10824	▁Attach
10825	▁Return
10826	▁Russell
10827	▁adjust
10828	▁camels
10829	▁differed
10830	▁indentation
10831	▁prime
10832	▁records
10833	▁rod
10834	▁अधिभार
10835	▁खाल
10836	▁घुसाएँ
10837	▁नबूकदनेस्सर
10838	▁पड़ेंगे
10839	▁प्राथमिक
10840	▁फिरो
10841	▁फैली
10842	▁मीटिंग
10843	▁लेवीय
10844	▁सैकड़ों
10845	Pharaoh
10846	change
10847	ung
10848	योग्य
10849	▁25]
10850	▁Fit
10851	▁Restore
10852	▁connections
10853	▁delighted
10854	▁recipient
10855	▁submissive
10856	▁thick
10857	▁अधर्मी
10858	▁एकसाथ
10859	▁चौपायों
10860	▁जनता
10861	▁झगड़ने
10862	▁झुका
10863	▁नामुमकिन
10864	▁ब्राज़ील
10865	▁स्टडी
10866	▁हाइलाइट
10867	back
10868	िनी
10869	ृ
10870	▁Joab
10871	▁SIP
10872	▁UN
10873	▁engine
10874	▁guys
10875	▁locked
10876	▁professor
10877	▁represents
10878	▁sharp
10879	▁touching
10880	▁unit
10881	▁तोहफे
10882	▁फरवरी
10883	▁मामूली
10884	▁राजनैतिक
10885	▁विधियों
10886	▁सलामती
10887	▁सामरी
10888	UT
10889	busy
10890	ress
10891	value
10892	za
10893	ज़रूर
10894	मक्का
10895	▁Low
10896	▁Sam
10897	▁San
10898	▁bearer
10899	▁crying
10900	▁headquarters
10901	▁persist
10902	▁suppose
10903	▁tendency
10904	▁widows
10905	▁छिपाए
10906	▁पंथ
10907	▁पाइप
10908	▁विभाजन
10909	▁सद्
10910	▁सुनें
10911	▁हटाएं
10912	▁हरे
10913	▁हिल
10914	बेहश्त
10915	भर
10916	शे
10917	▁Hard
10918	▁Middle
10919	▁Pa
10920	▁Rain
10921	▁Valid
10922	▁ages
10923	▁brasero
10924	▁breaking
10925	▁communities
10926	▁educational
10927	▁governing
10928	▁inspiring
10929	▁positions
10930	▁random
10931	▁recreation
10932	▁seeks
10933	▁texts
10934	▁viewing
10935	▁क़ौल
10936	▁डेवलपर
10937	▁तौरेत
10938	▁देखरेख
10939	▁पहुँचाए
10940	▁मुशरिकों
10941	▁सच्चाइयों
10942	▁सुपर
10943	▁हमले
10944	35
10945	AIM
10946	Apply
10947	ath
10948	ue
10949	डो
10950	म्प
10951	▁Actions
10952	▁Attendee
10953	▁Hannah
10954	▁Unlike
10955	▁debugger
10956	▁pagans
10957	▁ponder
10958	▁transport
10959	▁wax
10960	▁worker
10961	▁निकालना
10962	▁पकड़ने
10963	▁पेटी
10964	▁शास्त्रीय
10965	▁सकोगे
10966	▁सूचक
10967	ell
10968	ki
10969	ris
10970	क़ा
10971	पानी
10972	िस्ट
10973	३
10974	▁Gideon
10975	▁Herod
10976	▁Snow
10977	▁aright
10978	▁distributed
10979	▁legs
10980	▁products
10981	▁असरदार
10982	▁गल
10983	▁चकित
10984	▁चरवाहा
10985	▁ज़
10986	▁निकलें
10987	▁निर्बल
10988	▁पोंछ
10989	▁ब्लॉग
10990	▁हामान
10991	Wise
10992	ring
10993	ug
10994	वादी
10995	▁5]
10996	▁Amos
10997	▁Avoid
10998	▁Haman
10999	▁Multiple
11000	▁Used
11001	▁captain
11002	▁highlighted
11003	▁perceived
11004	▁rewarding
11005	▁thyself
11006	▁voices
11007	▁wave
11008	▁अवयव
11009	▁असत्य
11010	▁असुरक्षित
11011	▁ऐब
11012	▁कहानियाँ
11013	▁क़
11014	▁पार्थिव
11015	▁प्लेयर
11016	▁सहभाग
11017	Discard
11018	▁Clean
11019	▁Index
11020	▁Spell
11021	▁al
11022	▁annual
11023	▁asunder
11024	▁attendee
11025	▁behave
11026	▁cure
11027	▁expand
11028	▁faults
11029	▁seventy
11030	▁weeping
11031	▁आहार
11032	▁इनलाइन
11033	▁कर्मचारी
11034	▁खरे
11035	▁टल
11036	▁दाने
11037	▁निकास
11038	▁पीलातुस
11039	▁बाँट
11040	▁योआब
11041	▁राजधानी
11042	▁लघु
11043	▁लत
11044	▁विशेषज्ञ
11045	डे
11046	▁2012
11047	▁53
11048	▁China
11049	▁Jehu
11050	▁Permission
11051	▁Script
11052	▁Waiting
11053	▁accident
11054	▁aim
11055	▁belonging
11056	▁cared
11057	▁escaped
11058	▁glass
11059	▁observing
11060	▁pillars
11061	▁pursuit
11062	▁spot
11063	▁उपवास
11064	▁ख़ौफ़
11065	▁जहॉ
11066	▁ठहर
11067	▁तसल्ली
11068	▁दाना
11069	▁नीच
11070	▁भेदभाव
11071	▁मैप
11072	▁लगाता
11073	▁सत्तर
11074	▁स्ट्रीम
11075	ES
11076	hearing
11077	टॉपिक
11078	▁(*.
11079	▁27,
11080	▁Child
11081	▁NY
11082	▁ascend
11083	▁fool
11084	▁net
11085	▁recommended
11086	▁visitors
11087	▁एली
11088	▁कतार
11089	▁चयनक
11090	▁पतियों
11091	▁पहलुओं
11092	▁बदलता
11093	▁मुखिया
11094	▁स्नेह
11095	▁हरी
11096	▁५०
11097	▁Abram
11098	▁Found
11099	▁Heb
11100	▁Layout
11101	▁citizens
11102	▁duties
11103	▁limitations
11104	▁sole
11105	▁ऑन
11106	▁कार्यदिवस
11107	▁चखा
11108	▁चमत्कारों
11109	▁जानेवाला
11110	▁टन
11111	▁फ़ॉन्ट्स
11112	▁बदलते
11113	▁बफर
11114	right
11115	शा
11116	▁44.
11117	▁chooses
11118	▁confirmed
11119	▁declined
11120	▁expectation
11121	▁humankind
11122	▁kingship
11123	▁skins
11124	▁tower
11125	▁wretched
11126	▁अकृतज्ञ
11127	▁अक्ल
11128	▁अत्यावश्
11129	▁पंक्तियों
11130	▁प्रतिबंध
11131	▁प्रौढ़
11132	▁फरीसी
11133	▁भयंकर
11134	▁श्रेष्ठ
11135	▁सहन
11136	Windows
11137	urs
11138	▁47
11139	▁720
11140	▁Dis
11141	▁Recent
11142	▁Rev
11143	▁Side
11144	▁announced
11145	▁bind
11146	▁bowed
11147	▁planned
11148	▁sow
11149	▁supporting
11150	▁telephone
11151	▁traditions
11152	▁unbelief
11153	▁उलटें
11154	▁एसाव
11155	▁गरीबी
11156	▁गोत्रों
11157	▁ज़र
11158	▁दराज़
11159	▁निडर
11160	▁परिचय
11161	▁रूसी
11162	▁संयुक्त
11163	cc
11164	qui
11165	यार
11166	▁Ark
11167	▁Charles
11168	▁Everything
11169	▁George
11170	▁Isa
11171	▁Li
11172	▁Unbelievers
11173	▁automatic
11174	▁covers
11175	▁film
11176	▁jealous
11177	▁misfortune
11178	▁rent
11179	▁senses
11180	▁wonders
11181	▁अनाज
11182	▁अवगत
11183	▁उपफोल्डर
11184	▁ख़तरा
11185	▁घोड़ों
11186	▁पत्तों
11187	▁पिण्ड
11188	▁पीट
11189	▁मित्रों
11190	▁स्वस्थ
11191	ven
11192	what
11193	क्
11194	पलटकर
11195	ष
11196	▁Esther
11197	▁blast
11198	▁broad
11199	▁earnest
11200	▁fasting
11201	▁stretched
11202	▁अल्फा
11203	▁आधी
11204	▁उत्पाद
11205	▁एफ
11206	▁नाफरमानी
11207	▁पवित्रता
11208	▁पु
11209	▁ब्रेक
11210	▁मगन
11211	▁महत्व
11212	▁लश्कर
11213	अन
11214	क़ुरबानी
11215	जान
11216	पैदा
11217	▁Journal
11218	▁Signing
11219	▁Thread
11220	▁avert
11221	▁cancellation
11222	▁composer
11223	▁debug
11224	▁livestock
11225	▁regards
11226	▁wombs
11227	▁आरोप
11228	▁कमरा
11229	▁कार्बन
11230	▁ताकीद
11231	▁मेवे
11232	▁सेंट
11233	ization
11234	ख़ास
11235	खेरत
11236	नो
11237	न्स
11238	▁34,
11239	▁Expand
11240	▁Flag
11241	▁abiding
11242	▁absolute
11243	▁depend
11244	▁driving
11245	▁eliminate
11246	▁hoping
11247	▁islands
11248	▁manifested
11249	▁overtake
11250	▁recompensed
11251	▁removing
11252	▁rid
11253	▁succeeded
11254	▁talents
11255	▁अँधेर
11256	▁अनुपात
11257	▁आजकल
11258	▁आबादी
11259	▁कारगर
11260	▁चंद
11261	▁टैम्प्लेट
11262	▁ठे
11263	▁दहकत
11264	▁दुःखी
11265	▁नेको
11266	▁भरोसेमंद
11267	▁शिक्षण
11268	▁सत्यानाश
11269	▁सूझ
11270	▁हुईं
11271	ens
11272	सेंट
11273	ेन
11274	▁Pro
11275	▁Sound
11276	▁administrator
11277	▁anguish
11278	▁begun
11279	▁earthquake
11280	▁expend
11281	▁hardships
11282	▁reform
11283	▁अहंकार
11284	▁क्रोधित
11285	▁खिलाड़ियों
11286	▁फ़ॉर्मेट
11287	▁बजा
11288	▁बहनें
11289	▁लेनेवाला
11290	▁शुए
11291	▁हटायें
11292	17
11293	Rename
11294	mer
11295	उनका
11296	तौरेत
11297	ीलत
11298	▁%1:
11299	▁Blank
11300	▁Request
11301	▁alarms
11302	▁crushed
11303	▁discard
11304	▁fix
11305	▁fulfil
11306	▁impact
11307	▁restart
11308	▁shout
11309	▁weep
11310	▁अनुज्ञा
11311	▁अन्नबलि
11312	▁अर्थात
11313	▁अश्शूर
11314	▁कोटा
11315	▁गोपनीय
11316	▁जाँचने
11317	▁पाएं
11318	▁प्रभावशाली
11319	▁बढ़ाना
11320	▁बन्दा
11321	▁राष्ट्रीय
11322	▁रिसालत
11323	▁सम्मति
11324	▁साँप
11325	15
11326	इसके
11327	तियाँ
11328	रिक
11329	सक
11330	▁Asa
11331	▁Midian
11332	▁Speed
11333	▁assembled
11334	▁assemblies
11335	▁confusion
11336	▁convert
11337	▁honorable
11338	▁impression
11339	▁intimate
11340	▁objective
11341	▁refrain
11342	▁tiles
11343	▁vanity
11344	▁अस्थाई
11345	▁कार्यवाही
11346	▁झील
11347	▁ढूँढ़ें
11348	▁पेड़ों
11349	▁बर्न
11350	▁भेड़ें
11351	▁मुकाबले
11352	▁लम्बाई
11353	▁विदा
11354	▁संचालित
11355	▁संतुलित
11356	▁सहनशील
11357	60
11358	Even
11359	keep
11360	si
11361	मार्ग
11362	▁30,
11363	▁Members
11364	▁captives
11365	▁coast
11366	▁counter
11367	▁mission
11368	▁regardless
11369	▁residents
11370	▁shew
11371	▁surrounding
11372	▁unsupported
11373	▁आभासी
11374	▁उपहास
11375	▁चालें
11376	▁पत्रिकाओं
11377	▁बनाएगा
11378	▁मनाया
11379	▁श्
11380	▁समायोजित
11381	3)
11382	40
11383	Verily
11384	शील
11385	▁Above
11386	▁Armies
11387	▁Fonts
11388	▁Lock
11389	▁Overwrite
11390	▁Ya
11391	▁alongside
11392	▁consult
11393	▁delegates
11394	▁disconnected
11395	▁expel
11396	▁nurse
11397	▁reflects
11398	▁sacrificed
11399	▁अवस्थिति
11400	▁निर्गत
11401	▁न्यायियों
11402	▁पुल
11403	▁बारंबार
11404	▁मरी
11405	▁विश्वासघात
11406	Woe
11407	law
11408	इससे
11409	िका
11410	्द
11411	▁Bethlehem
11412	▁HIV
11413	▁RS
11414	▁breaks
11415	▁di
11416	▁foremost
11417	▁handling
11418	▁incline
11419	▁likened
11420	▁locate
11421	▁thief
11422	▁करवाने
11423	▁खुशियाँ
11424	▁धूल
11425	▁ब्राउज़
11426	▁रहस्य
11427	त्मक
11428	ॅ
11429	▁Angle
11430	▁Inline
11431	▁Italian
11432	▁JavaScript
11433	▁Jeroboam
11434	▁Menu
11435	▁Much
11436	▁Per
11437	▁accepts
11438	▁associating
11439	▁conform
11440	▁defeat
11441	▁discover
11442	▁expose
11443	▁handed
11444	▁reads
11445	▁silk
11446	▁solemn
11447	▁इंजन
11448	▁ख़ातिर
11449	▁घाट
11450	▁टिक
11451	▁डील
11452	▁हिदायतें
11453	ny
11454	ping
11455	देश
11456	▁Eli
11457	▁Far
11458	▁Plugins
11459	▁commercial
11460	▁gentle
11461	▁marks
11462	▁nearest
11463	▁priesthood
11464	▁unusual
11465	▁कंगाल
11466	▁घायल
11467	▁निगल
11468	▁पंक्तियाँ
11469	▁बढ़े
11470	▁बिताए
11471	▁मारकर
11472	▁स्मार्ट
11473	4)
11474	ged
11475	ंद
11476	द्
11477	स्क्रीन
11478	▁1945
11479	▁Empire
11480	▁Future
11481	▁Marriage
11482	▁Plain
11483	▁Tak
11484	▁armed
11485	▁cancel
11486	▁climate
11487	▁concentration
11488	▁deeper
11489	▁defense
11490	▁fortune
11491	▁sworn
11492	▁उठेंगे
11493	▁गिर्द
11494	▁छह
11495	▁डेविड
11496	▁दहिने
11497	▁दि
11498	▁परिचित
11499	▁बैंक
11500	▁लेखा
11501	▁सरकारों
11502	▁हल्क
11503	RE
11504	ade
11505	total
11506	घ
11507	▁(3)
11508	▁Camera
11509	▁Character
11510	▁Hearer
11511	▁Je
11512	▁Jude
11513	▁Learning
11514	▁Live
11515	▁Manual
11516	▁dates
11517	▁devices
11518	▁ensure
11519	▁imported
11520	▁lib
11521	▁recognition
11522	▁repented
11523	▁warfare
11524	▁washed
11525	▁अनाथों
11526	▁ग्रे
11527	▁जावास्क्रिप्ट
11528	▁ताज़गी
11529	▁ध
11530	▁निरे
11531	▁फैक्स
11532	▁मिलापवाल
11533	▁मिलेंगे
11534	▁मुसलमान
11535	▁समा
11536	act
11537	ुधि
11538	▁Special
11539	▁advised
11540	▁desirable
11541	▁implemented
11542	▁lacking
11543	▁persevere
11544	▁presents
11545	▁upset
11546	▁vessel
11547	▁wander
11548	▁अम्र
11549	▁तीतुस
11550	▁पात्र
11551	▁फिट
11552	▁मायूस
11553	▁वालो
11554	▁वाह
11555	▁शैतानों
11556	▁समयक्षेत्र
11557	▁सातवें
11558	▁हेडर
11559	TS
11560	days
11561	यही
11562	रियों
11563	▁Block
11564	▁Increase
11565	▁Simplified
11566	▁Style
11567	▁imprisoned
11568	▁isolated
11569	▁lamb
11570	▁minded
11571	▁policy
11572	▁respects
11573	▁schools
11574	▁yellow
11575	▁गर्मी
11576	▁चलाएं
11577	▁ठहराने
11578	▁दस्तूर
11579	▁निहायत
11580	▁पूछताछ
11581	▁फोकस
11582	▁मॉग
11583	▁श्रृंखला
11584	▁सिखाए
11585	▁स्काइप
11586	▁स्ट
11587	lin
11588	अच्छी
11589	भाग
11590	वजूद
11591	▁Baltic
11592	▁DVDs
11593	▁Encyclopedia
11594	▁Review
11595	▁Spool
11596	▁Terminal
11597	▁contributed
11598	▁correction
11599	▁downloaded
11600	▁exile
11601	▁overwhelmed
11602	▁pornography
11603	▁proclaimers
11604	▁register
11605	▁reminds
11606	▁sleeping
11607	▁survey
11608	▁token
11609	▁withhold
11610	▁zero
11611	▁अपमानजनक
11612	▁आयोजक
11613	▁कोष्ठ
11614	▁टहल
11615	▁बताएगा
11616	▁बिस्तर
11617	▁मुर्दे
11618	▁मूर्तिपूजा
11619	▁हाबिल
11620	bi
11621	▁13]
11622	▁Layer
11623	▁National
11624	▁Old
11625	▁Puzzle
11626	▁Receive
11627	▁belonged
11628	▁repay
11629	▁shirt
11630	▁spouses
11631	▁testing
11632	▁thunder
11633	▁खरा
11634	▁छोड़ो
11635	▁डालेंगे
11636	▁भविष्यवाणियाँ
11637	▁◆
11638	IN
11639	car
11640	wa
11641	डर
11642	तुम्हें
11643	▁Babylonian
11644	▁Head
11645	▁Maker
11646	▁Stay
11647	▁Sun
11648	▁badness
11649	▁dad
11650	▁striking
11651	▁अनाथ
11652	▁अव
11653	▁आंगन
11654	▁जयजयकार
11655	▁नरम
11656	▁नो
11657	▁पैरामीटर्स
11658	▁मुराद
11659	▁मोती
11660	▁मौज़ूद
11661	▁हूद
11662	doing
11663	गुण
11664	्ज़
11665	▁Habakkuk
11666	▁Printing
11667	▁Single
11668	▁apparent
11669	▁bonds
11670	▁carbon
11671	▁disasters
11672	▁discussions
11673	▁excuses
11674	▁morally
11675	▁possibility
11676	▁praising
11677	▁prophesy
11678	▁ruled
11679	▁shake
11680	▁strikes
11681	▁suit
11682	▁victorious
11683	▁weary
11684	▁अपूर्ण
11685	▁इनायत
11686	▁ग्राफ
11687	▁चलाते
11688	▁नज़दीकी
11689	▁पट्ट
11690	▁पहचानकर्ता
11691	▁बिताने
11692	▁मंज़िले
11693	▁साइड
11694	ff
11695	gar
11696	इफ़तेरा
11697	छुपी
11698	हक़
11699	▁Beth
11700	▁Small
11701	▁Talk
11702	▁aloud
11703	▁encountered
11704	▁footnote
11705	▁governor
11706	▁playlist
11707	▁producing
11708	▁reside
11709	▁supplied
11710	▁अपनाई
11711	▁आरेख
11712	▁इनबाक्स
11713	▁उत्तमकार
11714	▁कसम
11715	▁क़राबतदार
11716	▁क़ूवत
11717	▁किताबवालों
11718	▁ग़नीमत
11719	▁डाय
11720	▁तीमु
11721	▁फरमाए
11722	▁बरकतवाल
11723	▁मुनाफ़िक़
11724	▁लेवी
11725	▁संरेखण
11726	▁सहारे
11727	▁Done
11728	▁Making
11729	▁Nuh
11730	▁Part
11731	▁Quick
11732	▁adornment
11733	▁averse
11734	▁criminal
11735	▁determining
11736	▁disposed
11737	▁node
11738	▁smote
11739	▁supplies
11740	▁tarried
11741	▁thoroughly
11742	▁vCard
11743	▁आयोजित
11744	▁उल्लेखनीय
11745	▁क्रिसमस
11746	▁झगड़
11747	▁बढ़ाकर
11748	▁रहीं
11749	▁वर्षीय
11750	▁सताया
11751	▁सदक़
11752	▁सदोम
11753	▁हन्
11754	▁हिब्रू
11755	▁३७
11756	/%
11757	Call
11758	ave
11759	rac
11760	तेदार
11761	मनुष्य
11762	▁1/
11763	▁Define
11764	▁Downloading
11765	▁Nazi
11766	▁Too
11767	▁adjustments
11768	▁disputed
11769	▁drove
11770	▁editing
11771	▁hang
11772	▁marital
11773	▁permit
11774	▁researchers
11775	▁sail
11776	▁strife
11777	▁अपलोड
11778	▁गाडू
11779	▁गुंजाइश
11780	▁निर्गमक
11781	▁पारंपरिक
11782	▁मनाते
11783	▁मित्रता
11784	▁लपेट
11785	▁विद्या
11786	▁विराजमान
11787	▁शास्त्रवचन
11788	▁शेल
11789	▁हक़दार
11790	Work
11791	jw
11792	make
11793	ob
11794	▁400
11795	▁Secret
11796	▁bull
11797	▁dumb
11798	▁exciting
11799	▁hoped
11800	▁minimum
11801	▁respected
11802	▁uncleanness
11803	▁छुड़ाने
11804	▁थोप
11805	▁दण्डवत्
11806	▁बलवन्त
11807	▁बहुमूल्य
11808	▁बैरी
11809	▁भाईचार
11810	▁लगायी
11811	▁लिखित
11812	▁सूरा
11813	▁हड्डियाँ
11814	◆
11815	lic
11816	पृथ्वी
11817	मौजूद
11818	ाइ
11819	▁Confirm
11820	▁Maria
11821	▁Years
11822	▁aborted
11823	▁camps
11824	▁falsely
11825	▁fig
11826	▁flying
11827	▁honourable
11828	▁pilot
11829	▁scatter
11830	▁storage
11831	▁अहाब
11832	▁ऊँट
11833	▁कुंजियाँ
11834	▁चिल्ला
11835	▁डब्ल्यू
11836	▁नज़रिए
11837	▁पारदर्शी
11838	▁बदलकर
11839	▁बुराइयाँ
11840	▁विमान
11841	▁व्यवस्थित
11842	एम
11843	गाडू
11844	▁24]
11845	▁Elders
11846	▁Har
11847	▁Heart
11848	▁Muslim
11849	▁aforetime
11850	▁bellies
11851	▁chastise
11852	▁childhood
11853	▁classes
11854	▁comparison
11855	▁meditation
11856	▁offense
11857	▁proverb
11858	▁roots
11859	▁substitute
11860	▁swore
11861	▁wealthy
11862	▁आंख
11863	▁उभर
11864	▁एक्सएमएल
11865	▁गिदोन
11866	▁चुनना
11867	▁बनाती
11868	▁मेज़
11869	▁साहब
11870	ick
11871	जे
11872	▁1940
11873	▁Evidently
11874	▁ON
11875	▁Symbol
11876	▁bag
11877	▁compromise
11878	▁contributions
11879	▁endless
11880	▁heritage
11881	▁rejoiced
11882	▁snippet
11883	▁sync
11884	▁tiny
11885	▁vine
11886	▁उठाता
11887	▁कुकर्म
11888	▁छोड़ी
11889	▁तरू
11890	▁पहिल
11891	▁बरदाश्
11892	▁मूरत
11893	▁रसीद
11894	▁लौटे
11895	▁सताए
11896	her
11897	polytheists
11898	way
11899	word
11900	डि
11901	ाना
11902	▁Centre
11903	▁Seek
11904	▁Traditional
11905	▁Usage
11906	▁canceled
11907	▁central
11908	▁depressed
11909	▁downloads
11910	▁equipped
11911	▁keepers
11912	▁preparation
11913	▁आमोस
11914	▁किंगडम
11915	▁टेप
11916	▁दोगे
11917	▁धारा
11918	▁बजाने
11919	▁बरसा
11920	▁भेजकर
11921	▁मध्यम
11922	▁मेम्ने
11923	▁विवाहित
11924	Had
11925	cy
11926	बन
11927	वृद्धि
11928	▁Leviticus
11929	▁Mailing
11930	▁Need
11931	▁Priest
11932	▁couches
11933	▁fiery
11934	▁forecast
11935	▁greatness
11936	▁kids
11937	▁neglected
11938	▁pleasures
11939	▁restrain
11940	▁thrust
11941	▁एड्
11942	▁कैसर
11943	▁गुणा
11944	▁डालूंगा
11945	▁पांवों
11946	▁फैलाएँ
11947	▁भागी
11948	▁संगठित
11949	▁सीमाओं
11950	alformed
11951	click
11952	बो
11953	▁--------
11954	▁66
11955	▁Important
11956	▁Ki
11957	▁Offline
11958	▁Store
11959	▁borne
11960	▁confused
11961	▁demands
11962	▁distinguish
11963	▁functionality
11964	▁measured
11965	▁necessarily
11966	▁traffic
11967	▁versions
11968	▁चुपचाप
11969	▁चौबीस
11970	▁छड़ी
11971	▁जोकर
11972	▁तुर्की
11973	▁दाँत
11974	▁दुर्घटना
11975	▁मस्तिष्क
11976	▁मेलबाक्स
11977	▁रोते
11978	▁लेगें
11979	▁शेकेल
11980	▁सर्वशक्
11981	▁सांझ
11982	6)
11983	ऊंगा
11984	ेंट
11985	▁8)
11986	▁Area
11987	▁Ca
11988	▁Login
11989	▁Names
11990	▁Unit
11991	▁buildings
11992	▁exhortation
11993	▁flame
11994	▁lifetime
11995	▁magicians
11996	▁passage
11997	▁publish
11998	▁अब्राम
11999	▁उतरा
12000	▁कलाम
12001	▁खतना
12002	▁ख़ज़ान
12003	▁गेम
12004	▁चीजें
12005	▁तनिक
12006	▁परदा
12007	▁पूर्णांक
12008	▁प्रतिनिधित्व
12009	▁बाल्टिक
12010	▁भण्डार
12011	▁मेलबलि
12012	Close
12013	was
12014	यीशु
12015	सो
12016	ियानी
12017	▁6]
12018	▁Contrast
12019	▁Nisan
12020	▁Parameters
12021	▁Seed
12022	▁Speak
12023	▁belongings
12024	▁heir
12025	▁honored
12026	▁praised
12027	▁privileged
12028	▁prize
12029	▁push
12030	▁walks
12031	▁चरवाहों
12032	▁ज़िल्लत
12033	▁जिन्हों
12034	▁बख़्श
12035	▁मनश्शे
12036	▁रोकता
12037	▁लशकर
12038	▁स्वाद
12039	ill
12040	tra
12041	▁1,000
12042	▁Patch
12043	▁SpamAssassin
12044	▁betray
12045	▁deem
12046	▁director
12047	▁maketh
12048	▁peaceable
12049	▁threads
12050	▁अवश्
12051	▁च
12052	▁जाऊंगा
12053	▁दस्ती
12054	▁निमंत्रण
12055	▁बेहिसाब
12056	▁भागे
12057	▁रूपांतरित
12058	▁लिखकर
12059	▁लिफाफा
12060	▁व्यापक
12061	▁सल्तन
12062	IB
12063	Password
12064	ck
12065	ev
12066	gi
12067	most
12068	put
12069	अल
12070	ुन
12071	▁16]
12072	▁607
12073	▁Ammon
12074	▁Dark
12075	▁GL
12076	▁Otherwise
12077	▁Ruler
12078	▁absence
12079	▁contend
12080	▁continuing
12081	▁examination
12082	▁fulfilling
12083	▁illegal
12084	▁maintained
12085	▁profound
12086	▁slander
12087	▁thirst
12088	▁worthless
12089	▁अंतर
12090	▁अधिवेशनों
12091	▁आसा
12092	▁उठी
12093	▁कागज़
12094	▁चीन
12095	▁जाग
12096	▁तृप्त
12097	▁धीमी
12098	▁मिलाएं
12099	▁राजनीतिक
12100	▁रोमि
12101	▁सकारात्मक
12102	▁सपना
12103	▁हुज्जत
12104	ana
12105	old
12106	वाँ
12107	▁1992
12108	▁Appointment
12109	▁Fast
12110	▁Hello
12111	▁Mu
12112	▁Whose
12113	▁Wrong
12114	▁disbelieving
12115	▁multiplied
12116	▁orphan
12117	▁philosophy
12118	▁pile
12119	▁strongly
12120	▁trace
12121	▁transform
12122	▁अभिव्यक्ति
12123	▁उलफ
12124	▁गुज़ार
12125	▁गोल
12126	▁जानबूझकर
12127	▁जॉर्ज
12128	▁पठनीय
12129	▁पहिने
12130	▁प्रतिस्थाप
12131	▁यादगार
12132	▁शमौन
12133	▁सर्वोच्च
12134	▁सूचीबद्ध
12135	▁स्वचलित
12136	▁हु
12137	Continue
12138	रू
12139	▁61
12140	▁Strong
12141	▁THIS
12142	▁^
12143	▁concealed
12144	▁dictionary
12145	▁fabricate
12146	▁libraries
12147	▁modifying
12148	▁obstacles
12149	▁parallel
12150	▁perfectly
12151	▁survived
12152	▁tents
12153	▁thinks
12154	▁unsubscribe
12155	▁जुर्म
12156	▁ठहराता
12157	▁दौड़ते
12158	▁नाराज़
12159	▁निभाने
12160	▁परमाणु
12161	▁पुकारने
12162	▁फेरे
12163	▁विलम्ब
12164	▁समुद्री
12165	▁सीने
12166	▁हम्द
12167	▁हवाओं
12168	Import
12169	Unsubscribe
12170	him
12171	ible
12172	ius
12173	ua
12174	war
12175	ब्र
12176	▁3,000
12177	▁Dead
12178	▁Judas
12179	▁Jump
12180	▁Korah
12181	▁anniversary
12182	▁corresponding
12183	▁dread
12184	▁emotionally
12185	▁flowers
12186	▁guardians
12187	▁illustrated
12188	▁importer
12189	▁manually
12190	▁overtook
12191	▁waited
12192	▁अन्धा
12193	▁एज्रा
12194	▁कारों
12195	▁गिरजे
12196	▁चलनेवाले
12197	▁दिलाने
12198	▁नाक
12199	▁नीला
12200	▁पैन
12201	▁लेनी
12202	▁श्रद्धा
12203	AM
12204	आकाश
12205	पत्र
12206	▁1918
12207	▁Alarm
12208	▁Operation
12209	▁Si
12210	▁container
12211	▁denying
12212	▁extract
12213	▁nuclear
12214	▁slowly
12215	▁tone
12216	▁vegetation
12217	▁yea
12218	▁अभिलाषा
12219	▁आपमें
12220	▁उसूलों
12221	▁जलजलाहट
12222	▁जोड़ी
12223	▁पहचानने
12224	▁फेरबदल
12225	▁सैनिकों
12226	▁स्लाइस
12227	▁स्वर
12228	7)
12229	based
12230	istic
12231	पो
12232	लि
12233	▁Activate
12234	▁Length
12235	▁Popup
12236	▁allies
12237	▁disclose
12238	▁festival
12239	▁foods
12240	▁goat
12241	▁influences
12242	▁joyfully
12243	▁obligations
12244	▁recurring
12245	▁roll
12246	▁sanctify
12247	▁scope
12248	▁shameful
12249	▁soft
12250	▁southern
12251	▁zealously
12252	▁उतने
12253	▁कै
12254	▁गम
12255	▁घरानों
12256	▁चढ़कर
12257	▁जिला
12258	▁पादरियों
12259	▁प्रलोभन
12260	▁रिहा
12261	▁रोज़मर
12262	▁वीरान
12263	▁सदृश
12264	▁सोचे
12265	add
12266	fi
12267	mian
12268	view
12269	कु
12270	ख़
12271	बत
12272	ेल
12273	▁31]
12274	▁Printer
12275	▁Progress
12276	▁Sermon
12277	▁URIs
12278	▁browsing
12279	▁deception
12280	▁hardened
12281	▁hiding
12282	▁missed
12283	▁officers
12284	▁survivors
12285	▁symbols
12286	▁अतएव
12287	▁अस्वीकृत
12288	▁कर्ज़
12289	▁ख़ाक
12290	▁ग़ायब
12291	▁गोत्र
12292	▁चलाए
12293	▁तत्वों
12294	▁पुकारकर
12295	▁पौधे
12296	▁प्रेस
12297	▁बस्तियाँ
12298	▁युद्धों
12299	▁यूआरआई
12300	▁रेखांकित
12301	▁स्वेच्छा
12302	▁“‘
12303	MB
12304	Play
12305	STUN
12306	US
12307	ach
12308	gainst
12309	mar
12310	mport
12311	ान्वित
12312	▁Divine
12313	▁Gen
12314	▁beg
12315	▁diligent
12316	▁forsaken
12317	▁hates
12318	▁minor
12319	▁participate
12320	▁prior
12321	▁selecting
12322	▁truthfulness
12323	▁utmost
12324	▁इसमे
12325	▁चढ़ाना
12326	▁झाड़
12327	▁पड़ो
12328	▁फॉर्मेट
12329	▁बचाएगा
12330	▁बहिन
12331	▁मुक
12332	▁विद्रोह
12333	▁सूख
12334	01
12335	13
12336	see
12337	कों
12338	त्
12339	लिंक
12340	▁Psalms
12341	▁TLS
12342	▁circle
12343	▁discussing
12344	▁fashioned
12345	▁locations
12346	▁mad
12347	▁outer
12348	▁resolution
12349	▁अद्वितीय
12350	▁आगत
12351	▁चतुर
12352	▁ज़मीर
12353	▁जि
12354	▁जैबर
12355	▁धनवान
12356	▁पाबंदी
12357	▁पूर्वजों
12358	▁प्रवाह
12359	▁प्रेमी
12360	▁बहुभुज
12361	▁भूकंप
12362	▁मूरतों
12363	▁मौन
12364	▁यूं
12365	▁सुलझाने
12366	200
12367	600
12368	camel
12369	hearted
12370	hu
12371	its
12372	ning
12373	हॉ
12374	ोन
12375	▁39.
12376	▁Environment
12377	▁Example
12378	▁deniers
12379	▁expressing
12380	▁forgave
12381	▁guarantee
12382	▁loveth
12383	▁refresh
12384	▁scales
12385	▁seated
12386	▁slavery
12387	▁strict
12388	▁इबलीस
12389	▁इब्रा
12390	▁चक्र
12391	▁तलब
12392	▁दाहिनी
12393	▁पहुँचना
12394	▁बरनबास
12395	▁मूर्तियों
12396	▁वक्र
12397	▁स्वच्छ
12398	▁होशे
12399	:%02
12400	Query
12401	rd
12402	कौन
12403	जिलाता
12404	ब्ल
12405	सेट
12406	▁1930
12407	▁Encrypt
12408	▁Match
12409	▁Protector
12410	▁arrest
12411	▁borders
12412	▁categories
12413	▁condemn
12414	▁minus
12415	▁rescued
12416	▁sabbath
12417	▁अंध
12418	▁इनकमिंग
12419	▁गलतियाँ
12420	▁चोटी
12421	▁दिला
12422	▁पटल
12423	▁पापबलि
12424	▁फुट
12425	▁फौज
12426	▁संस्थापन
12427	▁समर्थक
12428	▁सूअर
12429	▁सृजित
12430	Taste
12431	kin
12432	tion
12433	र्ग
12434	सारी
12435	▁Ancient
12436	▁Developer
12437	▁Hast
12438	▁Regular
12439	▁Trace
12440	▁Username
12441	▁comprehend
12442	▁effectively
12443	▁individually
12444	▁overwhelming
12445	▁replying
12446	▁veil
12447	▁ख्वाहिशों
12448	▁निर्जीव
12449	▁पुस्तकों
12450	▁मज़हब
12451	▁श्रेष्ठता
12452	▁समिति
12453	▁हमदर्दी
12454	CE
12455	Those
12456	true
12457	शो
12458	हट
12459	▁Bonobo
12460	▁Facebook
12461	▁Fight
12462	▁Hosea
12463	▁Women
12464	▁Xi
12465	▁\
12466	▁activated
12467	▁comfortable
12468	▁detect
12469	▁fruitful
12470	▁godfearing
12471	▁mo
12472	▁palace
12473	▁pen
12474	▁ईसवी
12475	▁किसका
12476	▁गोद
12477	▁चाहत
12478	▁छिप
12479	▁ताजा
12480	▁तीव्र
12481	▁दिलो
12482	▁नागरिक
12483	▁बिन्यामीन
12484	▁मो
12485	▁यूहन्ना
12486	5,000
12487	Message
12488	mankind
12489	ps
12490	तेदारों
12491	र्वथा
12492	ानी
12493	्टर
12494	▁Clutter
12495	▁PDF
12496	▁Revert
12497	▁Sa
12498	▁Stephen
12499	▁conducting
12500	▁equivalent
12501	▁filtering
12502	▁grid
12503	▁overlook
12504	▁owners
12505	▁pipe
12506	▁similitude
12507	▁soldier
12508	▁wheel
12509	▁अधोलोक
12510	▁कट
12511	▁चेहरा
12512	▁छुड़ाया
12513	▁मुकुट
12514	▁यारोबाम
12515	▁रोजे
12516	countless
12517	which
12518	▁Anyone
12519	▁Buddy
12520	▁Especially
12521	▁Jericho
12522	▁Millions
12523	▁Penalty
12524	▁Pointer
12525	▁Score
12526	▁Sin
12527	▁Street
12528	▁approaches
12529	▁elsewhere
12530	▁executable
12531	▁exited
12532	▁guards
12533	▁infant
12534	▁instruct
12535	▁misdeeds
12536	▁motivate
12537	▁namely
12538	▁roads
12539	▁seeds
12540	▁synagogue
12541	▁teenager
12542	▁अग्नि
12543	▁आइ
12544	▁उठाएँगे
12545	▁ऑब्जेक्ट
12546	▁करेंगी
12547	▁छाँट
12548	▁डुबो
12549	▁तकनीक
12550	▁तापमान
12551	▁नकारात्मक
12552	▁पैटर्न
12553	▁पो
12554	▁प्रतिबन्ध
12555	▁फेरा
12556	▁बची
12557	▁मज़दूर
12558	▁रस
12559	▁७०
12560	[
12561	how
12562	प्रतीति
12563	वासों
12564	ूल
12565	▁Apparently
12566	▁Gospels
12567	▁Guide
12568	▁Iblis
12569	▁Interface
12570	▁Keyboard
12571	▁Voices
12572	▁denial
12573	▁eighth
12574	▁entrance
12575	▁exemplary
12576	▁intend
12577	▁loyally
12578	▁multiply
12579	▁outlook
12580	▁practiced
12581	▁scourge
12582	▁searched
12583	▁sorcery
12584	▁willingness
12585	▁आयोजन
12586	▁उठना
12587	▁एनीमेशन
12588	▁कपट
12589	▁खेला
12590	▁ठंडा
12591	▁दुकान
12592	▁नित्य
12593	▁फेरकर
12594	▁बंधुआ
12595	▁बुलाओ
12596	▁राज्यगृह
12597	▁सवारी
12598	▁स्लॉट
12599	ofs
12600	ऐसी
12601	चिमी
12602	ठ्ठ
12603	पट
12604	यत
12605	१
12606	▁Anna
12607	▁Filters
12608	▁Ro
12609	▁Star
12610	▁Unique
12611	▁Yusuf
12612	▁atonement
12613	▁avoided
12614	▁courageously
12615	▁experiencing
12616	▁fails
12617	▁globe
12618	▁horns
12619	▁prospects
12620	▁reasoned
12621	▁restoration
12622	▁retain
12623	▁treaty
12624	▁urgent
12625	▁कथा
12626	▁फा
12627	▁बेज़ार
12628	▁भावात्मक
12629	▁मी
12630	▁यहोशापात
12631	▁रहूँगा
12632	▁रहेगें
12633	▁रु
12634	▁विभाजक
12635	▁शर्त
12636	▁संकल्प
12637	▁सुसंगत
12638	LY
12639	Port
12640	ments
12641	इसे
12642	टो
12643	निश्चय
12644	पीछे
12645	्शन
12646	५
12647	▁Enabled
12648	▁Faithful
12649	▁Hear
12650	▁Large
12651	▁Lu
12652	▁OK
12653	▁Purpose
12654	▁Verses
12655	▁ancestors
12656	▁fishing
12657	▁justly
12658	▁motive
12659	▁pull
12660	▁purified
12661	▁saints
12662	▁stumbling
12663	▁transmitted
12664	▁viewer
12665	▁अग्रसारित
12666	▁अड़
12667	▁इंटरफेस
12668	▁ईमानवाली
12669	▁उदारता
12670	▁गुनेहगार
12671	▁जमने
12672	▁ज़करिया
12673	▁ज़रिया
12674	▁जुनून
12675	▁नफ़स
12676	▁फ़ितन
12677	▁रिस
12678	▁रीड
12679	▁रोगी
12680	▁लूंगा
12681	18
12682	75
12683	NAME
12684	everal
12685	ual
12686	जन
12687	र्ड
12688	▁Calculate
12689	▁Fetching
12690	▁Repeat
12691	▁Turkish
12692	▁amazed
12693	▁exclusive
12694	▁exercised
12695	▁experts
12696	▁foreigners
12697	▁idle
12698	▁linen
12699	▁medium
12700	▁अब्बा
12701	▁कमबख्त
12702	▁खुशहाल
12703	▁चख
12704	▁दिलाओ
12705	▁देखती
12706	▁निखार
12707	▁प्ल
12708	▁बांटें
12709	▁मां
12710	▁रोमियो
12711	▁सच्चाइयाँ
12712	▁स्थित
12713	▁स्वादिष्ट
12714	▁स्वार्थ
12715	-85
12716	aun
12717	others
12718	र्न
12719	ल्ड
12720	सही
12721	▁Basic
12722	▁COVER
12723	▁Lebanon
12724	▁Record
12725	▁Trinity
12726	▁beaten
12727	▁carries
12728	▁checksum
12729	▁deserving
12730	▁favorite
12731	▁grapes
12732	▁grieved
12733	▁normally
12734	▁ornaments
12735	▁ram
12736	▁suburbs
12737	▁transgressed
12738	▁आशिष
12739	▁कामना
12740	▁खोले
12741	▁जहान
12742	▁डायरेक्टरी
12743	▁दशकों
12744	▁निस्
12745	▁परमप्रधान
12746	▁बड्डी
12747	▁बर
12748	▁मेक्सिको
12749	▁लॉगइन
12750	▁सुखी
12751	▁हवाला
12752	14
12753	IBM
12754	With
12755	ants
12756	ped
12757	जवाब
12758	देख
12759	बद
12760	सबसे
12761	▁Temporary
12762	▁Topic
12763	▁advancement
12764	▁hearken
12765	▁lame
12766	▁peer
12767	▁practicing
12768	▁resize
12769	▁rocks
12770	▁क्लाएंट
12771	▁छोडें
12772	▁ढूंढने
12773	▁पब्लिक
12774	▁परिस्थिति
12775	▁पायें
12776	▁बाधा
12777	▁मिलाएँ
12778	▁मुन्
12779	▁मेंह
12780	▁लाग
12781	▁सिफर
12782	▁सुननेवाल
12783	▁सूखी
12784	-1
12785	70
12786	ations
12787	get
12788	जीवन
12789	र्म
12790	लैंड
12791	हरे
12792	▁Likely
12793	▁Orthodox
12794	▁Q
12795	▁STARTTLS
12796	▁abomination
12797	▁banned
12798	▁endowed
12799	▁gossip
12800	▁hurtful
12801	▁publisher
12802	▁shaken
12803	▁इन्हों
12804	▁बिखर
12805	▁बेजोड़
12806	▁मक्कारी
12807	▁मूल्यवान
12808	▁रोने
12809	▁वितरित
12810	▁सीमाएँ
12811	▁सुननेवाला
12812	▁स्वीकृति
12813	Junk
12814	hy
12815	गें
12816	नबूवत
12817	सभी
12818	ेज
12819	ेनी
12820	▁Animation
12821	▁Goliath
12822	▁Issuer
12823	▁Maintain
12824	▁Off
12825	▁Taurat
12826	▁Th
12827	▁camel
12828	▁diligently
12829	▁dislike
12830	▁j
12831	▁materials
12832	▁refreshment
12833	▁volunteers
12834	▁vows
12835	▁घराना
12836	▁जैतून
12837	▁देवी
12838	▁निदान
12839	▁मातृभाषा
12840	▁रॉबर्ट
12841	▁शेर
12842	▁हिजकिरयाह
12843	dd
12844	ons
12845	बाल
12846	▁Assembly
12847	▁Fine
12848	▁Universe
12849	▁arrange
12850	▁badly
12851	▁clicking
12852	▁commits
12853	▁cow
12854	▁finger
12855	▁incident
12856	▁recommend
12857	▁remembering
12858	▁अंधकार
12859	▁कुंजीपट
12860	▁गेंद
12861	▁चलाता
12862	▁त्यागें
12863	▁दोहरी
12864	▁नवंबर
12865	▁पेय
12866	▁पोप
12867	▁फाइलनाम
12868	▁बछड़ा
12869	▁बजान
12870	▁लगाओ
12871	▁विलोप
12872	▁समक्ष
12873	▁सहकर्मी
12874	उससे
12875	ड़े
12876	ूँ
12877	▁Committee
12878	▁Determine
12879	▁Island
12880	▁angelic
12881	▁awaiting
12882	▁composed
12883	▁crimes
12884	▁largest
12885	▁org
12886	▁politics
12887	▁prompted
12888	▁rests
12889	▁sexually
12890	▁shift
12891	▁tread
12892	▁इमेज
12893	▁उत्तराधिकारी
12894	▁ऐस
12895	▁घ
12896	▁चेकसम
12897	▁छेद
12898	▁ट्रेनिंग
12899	▁तु
12900	▁निसान
12901	▁पड़ना
12902	▁पॉव
12903	▁मुट्ठी
12904	▁यांत्रिकी
12905	▁लोथ
12906	▁विवश
12907	▁वैज्ञानिकों
12908	▁संक्रमण
12909	Quit
12910	about
12911	प्रद
12912	लेकिन
12913	लोग
12914	▁Additionally
12915	▁Bcc
12916	▁Mankind
12917	▁Scan
12918	▁Vietnamese
12919	▁activate
12920	▁armor
12921	▁executing
12922	▁extraordinary
12923	▁founded
12924	▁gross
12925	▁intercede
12926	▁marriages
12927	▁ocean
12928	▁peers
12929	▁qualify
12930	▁sessions
12931	▁spared
12932	▁surgery
12933	▁urgency
12934	▁खोजबीन
12935	▁चि
12936	▁ताल्लुक
12937	▁पड़नेवाले
12938	▁बदचलन
12939	▁बरकरार
12940	▁बीतने
12941	▁भूत
12942	coming
12943	ee
12944	fully
12945	वचन
12946	सवेरे
12947	ेगें
12948	▁Copyright
12949	▁Count
12950	▁Interestingly
12951	▁Ol
12952	▁Tools
12953	▁breadth
12954	▁confronted
12955	▁dollars
12956	▁dreadful
12957	▁engaging
12958	▁explaining
12959	▁gaining
12960	▁guarded
12961	▁gush
12962	▁hole
12963	▁humiliation
12964	▁inquire
12965	▁mayest
12966	▁navigator
12967	▁smile
12968	▁stroke
12969	▁teleport
12970	▁ख़ैरात
12971	▁छोड़ते
12972	▁दिलात
12973	▁नवीनतम
12974	▁बहरहाल
12975	▁भूभाग
12976	▁मुकर
12977	▁वशीभ
12978	Address
12979	ID
12980	false
12981	खूबी
12982	भाव
12983	▁Better
12984	▁DO
12985	▁Looking
12986	▁exclaimed
12987	▁fingers
12988	▁forged
12989	▁friendly
12990	▁holiness
12991	▁immortality
12992	▁lights
12993	▁touches
12994	▁troops
12995	▁wearing
12996	▁wrought
12997	▁आजीविका
12998	▁गधे
12999	▁ज़रिये
13000	▁दुरुस्त
13001	▁नीचा
13002	▁नेव
13003	▁पायनियरों
13004	▁भावी
13005	▁यार
13006	▁रक्त
13007	▁रहित
13008	▁विषयवस्तु
13009	▁शान्त
13010	▁स्थानः
13011	▁हुनर
13012	EN
13013	Re
13014	before
13015	ice
13016	एँगे
13017	गन
13018	तेरा
13019	हमेशा
13020	▁1960
13021	▁Delegate
13022	▁External
13023	▁Require
13024	▁Signer
13025	▁Skip
13026	▁anxieties
13027	▁belly
13028	▁brightness
13029	▁controlled
13030	▁drunk
13031	▁export
13032	▁initially
13033	▁patriarch
13034	▁shore
13035	▁अंजीर
13036	▁अनुयायी
13037	▁कुत्ते
13038	▁कोठरी
13039	▁घेरा
13040	▁टूटी
13041	▁पियो
13042	▁पुन
13043	▁बराबरी
13044	▁भटके
13045	▁भविष्यद्वक्
13046	▁माँगें
13047	▁लोकप्रिय
13048	▁विं
13049	▁संपन्न
13050	▁सपने
13051	▁स्मृति
13052	more
13053	tab
13054	uff
13055	खा
13056	ज़मीन
13057	भारी
13058	वासन
13059	़ी
13060	▁2013
13061	▁37.
13062	▁Fields
13063	▁Yea
13064	▁arrow
13065	▁birthday
13066	▁caution
13067	▁coffee
13068	▁grants
13069	▁haste
13070	▁indecency
13071	▁purchase
13072	▁span
13073	▁temper
13074	▁threaten
13075	▁treacherous
13076	▁इच्छुक
13077	▁उड़ाते
13078	▁ऐन
13079	▁मांग
13080	▁मुड़कर
13081	▁मुफ़्त
13082	▁येहू
13083	An
13084	dicating
13085	older
13086	था
13087	दे
13088	नर
13089	रेज़ा
13090	▁Cl
13091	▁Ireland
13092	▁Judges
13093	▁Order
13094	▁Teaching
13095	▁Underline
13096	▁concept
13097	▁copying
13098	▁deserves
13099	▁dropped
13100	▁farm
13101	▁frustrate
13102	▁magician
13103	▁modesty
13104	▁naked
13105	▁symptoms
13106	▁wound
13107	▁औंधे
13108	▁कहला
13109	▁कहेगें
13110	▁ग़म
13111	▁चांदी
13112	▁ट्रेस
13113	▁फर्ज़
13114	▁बढ़ी
13115	▁बनती
13116	▁मानोगे
13117	▁योएल
13118	▁शौहर
13119	▁सिखायी
13120	25
13121	NN
13122	disfellowshipped
13123	state
13124	पोर्ट
13125	ेरत
13126	▁145
13127	▁36.
13128	▁Redo
13129	▁WHO
13130	▁Width
13131	▁Working
13132	▁adorned
13133	▁crush
13134	▁deceit
13135	▁generosity
13136	▁laden
13137	▁smite
13138	▁variable
13139	▁ऊँटनी
13140	▁छुटकारे
13141	▁जोड
13142	▁डरने
13143	▁नापाक
13144	▁नाफरमान
13145	▁परम
13146	▁परिवहन
13147	▁प्रोटोकाल
13148	▁बीप
13149	▁बैठी
13150	▁भविष्यद्वक्ताओं
13151	▁मर्यादा
13152	▁संचार
13153	▁संधि
13154	▁सना
13155	▁सृजनहार
13156	90
13157	after
13158	bel
13159	nc
13160	zh
13161	अनुकम्पाओं
13162	अरे
13163	आफताब
13164	क़िबले
13165	क़ुदरत
13166	क़ुरआन
13167	क़ौम
13168	जर
13169	टुकड़े
13170	लेट
13171	वयुद्ध
13172	िक्स
13173	ॉन
13174	▁1939
13175	▁59
13176	▁Athens
13177	▁Construct
13178	▁Deleting
13179	▁Input
13180	▁Nineveh
13181	▁Process
13182	▁Salih
13183	▁appealing
13184	▁chains
13185	▁decline
13186	▁instruments
13187	▁planted
13188	▁ratio
13189	▁shower
13190	▁staying
13191	▁आजिज़
13192	▁आभारी
13193	▁इकट्ठ
13194	▁इसमाईल
13195	▁ऑफसेट
13196	▁क्रूर
13197	▁खाएँ
13198	▁खींचें
13199	▁ग़ाफ
13200	▁छापी
13201	▁जाहिल
13202	▁तौरात
13203	▁दरार
13204	▁पहुँचाता
13205	▁बरत
13206	▁बान्धी
13207	▁मुब्तिला
13208	▁सुडोकु
13209	▁स्थगित
13210	▁हताश
13211	Toolbar
13212	human
13213	ned
13214	source
13215	ड्
13216	भूतपूर्व
13217	▁Antioch
13218	▁Deleted
13219	▁Evening
13220	▁SO
13221	▁Scores
13222	▁cr
13223	▁definitely
13224	▁destructive
13225	▁funeral
13226	▁meditating
13227	▁promotes
13228	▁sports
13229	▁survival
13230	▁violate
13231	▁{
13232	▁अनोखा
13233	▁ओपन
13234	▁कमजोर
13235	▁गरम
13236	▁गायब
13237	▁गारंटी
13238	▁ठट्ठा
13239	▁नशे
13240	▁निरा
13241	▁प्रमाणित
13242	▁प्रशिक्षित
13243	▁बम
13244	▁बुज़ुर्गों
13245	▁रक्षक
13246	▁श्रव्य
13247	▁सँभाल
13248	▁सुदृढ़
13249	▁सेक्स
13250	▁स्थानांतरित
13251	Would
13252	down
13253	कहा
13254	ची
13255	नीय
13256	वाह
13257	▁Actually
13258	▁Forget
13259	▁Judaism
13260	▁Levi
13261	▁Macedonia
13262	▁Pray
13263	▁Published
13264	▁Received
13265	▁Updating
13266	▁Zalimun
13267	▁boast
13268	▁gatherings
13269	▁income
13270	▁memories
13271	▁nay
13272	▁residence
13273	▁stuff
13274	▁अंततः
13275	▁अनुकूलित
13276	▁कुलों
13277	▁ख़रीद
13278	▁गला
13279	▁गुणगान
13280	▁छापे
13281	▁ज्ञानवान
13282	▁झेल
13283	▁तितर
13284	▁नौजवानों
13285	▁पैराग्राफ
13286	▁प्रधानों
13287	▁फ्री
13288	▁बनायें
13289	▁बाइंडिंग
13290	▁माइकल
13291	▁रुपए
13292	▁सिग्नल
13293	▁स्कोर
13294	pr
13295	sha
13296	न्ड
13297	सच
13298	▁CSV
13299	▁Frame
13300	▁Gal
13301	▁Ho
13302	▁Modern
13303	▁alignment
13304	▁clothed
13305	▁cultivating
13306	▁demon
13307	▁devote
13308	▁expectations
13309	▁greet
13310	▁harder
13311	▁illustrates
13312	▁magnificent
13313	▁misery
13314	▁passphrase
13315	▁pilgrimage
13316	▁upward
13317	▁wake
13318	▁अजनबी
13319	▁कुंजीपटल
13320	▁ख़राब
13321	▁ख़ून
13322	▁टे
13323	▁तसवीरें
13324	▁दबे
13325	▁दरवाजे
13326	▁दूतों
13327	▁पैदावार
13328	▁पौधों
13329	▁माँस
13330	▁राज्यों
13331	▁वीर
13332	▁शख़्
13333	▁श्वेत
13334	▁साढ़
13335	Give
13336	On
13337	ंक
13338	▁Afterward
13339	▁Appearance
13340	▁FTP
13341	▁Flip
13342	▁Join
13343	▁Mouse
13344	▁Notification
13345	▁Primary
13346	▁Samaritan
13347	▁aren
13348	▁equipment
13349	▁opens
13350	▁pearls
13351	▁virgin
13352	▁worshiped
13353	▁आरज़ू
13354	▁गुलामी
13355	▁चमकीलापन
13356	▁दरबार
13357	▁दर्शक
13358	▁नादान
13359	▁निकालो
13360	▁पहुँचते
13361	▁पुस्तचिह्न
13362	▁प्रायश्चित्त
13363	▁फाटकों
13364	▁मील
13365	▁रवैए
13366	▁वन
13367	▁विन
13368	8-
13369	Enable
13370	Knower
13371	Noah
13372	ft
13373	▁Guidance
13374	▁WHEN
13375	▁ca
13376	▁chart
13377	▁favorable
13378	▁harlot
13379	▁independence
13380	▁lend
13381	▁lookup
13382	▁lords
13383	▁lowest
13384	▁mainly
13385	▁memorial
13386	▁reload
13387	▁ring
13388	▁shaped
13389	▁stern
13390	▁tract
13391	▁tragic
13392	▁unfaithful
13393	▁weaken
13394	▁कीमती
13395	▁जटिल
13396	▁ट्रस्ट
13397	▁पढ़ता
13398	▁पहेली
13399	▁पारिभाषित
13400	▁पाल
13401	▁प्रेषि
13402	▁फुटनोट
13403	▁रुकावट
13404	▁सम्बन्धित
13405	▁सेटिंग्स
13406	rus
13407	too
13408	उसने
13409	किर
13410	▁Calendars
13411	▁Edom
13412	▁Into
13413	▁Persian
13414	▁attacked
13415	▁conquered
13416	▁disputes
13417	▁fabricated
13418	▁figures
13419	▁greedy
13420	▁guideth
13421	▁ha
13422	▁ideal
13423	▁imagined
13424	▁infected
13425	▁labels
13426	▁min
13427	▁patch
13428	▁proposed
13429	▁references
13430	▁restrictions
13431	▁stupid
13432	▁ultimate
13433	▁underlying
13434	▁आलीशान
13435	▁उद्धरण
13436	▁उपकार
13437	▁उपेक्षा
13438	▁कूट
13439	▁चार्ल्स
13440	▁छाती
13441	▁ढाँक
13442	▁दावत
13443	▁निगरान
13444	▁नेता
13445	▁पिलाया
13446	▁मेटा
13447	▁युक्
13448	▁रूम
13449	▁सौंपी
13450	\-
13451	image
13452	भाई
13453	म्ब
13454	शक्ति
13455	ूँगा
13456	▁Fingerprint
13457	▁Ko
13458	▁Library
13459	▁Square
13460	▁absolutely
13461	▁arrows
13462	▁attempts
13463	▁considerable
13464	▁contribution
13465	▁cooperate
13466	▁denies
13467	▁highlights
13468	▁idol
13469	▁judging
13470	▁repair
13471	▁route
13472	▁sects
13473	▁suite
13474	▁sum
13475	▁thorough
13476	▁thrilling
13477	▁tragedy
13478	▁voluntary
13479	▁उड़ान
13480	▁ऊन
13481	▁कुरिन्थ
13482	▁कूद
13483	▁डिबगिंग
13484	▁बलात्कार
13485	▁बहाने
13486	▁बैबिलोन
13487	''
13488	chess
13489	hor
13490	ither
13491	चर
13492	तर
13493	्री
13494	▁38.
13495	▁Button
13496	▁Delay
13497	▁Letter
13498	▁Maryam
13499	▁Theocratic
13500	▁begat
13501	▁boldness
13502	▁captured
13503	▁collect
13504	▁commonly
13505	▁conveyed
13506	▁crisis
13507	▁extensive
13508	▁formerly
13509	▁incorrect
13510	▁pursuits
13511	▁requirement
13512	▁shoot
13513	▁weighed
13514	▁चालों
13515	▁छापने
13516	▁जाइए
13517	▁डूबो
13518	▁तज
13519	▁दरवाज़ा
13520	▁दुर्व्यवहार
13521	▁द्वितीय
13522	▁निकलना
13523	▁पै
13524	▁प्रतिदिन
13525	▁प्लेन
13526	▁बज
13527	▁बताएँ
13528	▁बहक
13529	▁वांछित
13530	▁समानता
13531	Install
13532	Laughter
13533	ash
13534	ik
13535	two
13536	तनों
13537	ोलिक
13538	▁''
13539	▁Albert
13540	▁Ga
13541	▁License
13542	▁Mi
13543	▁Non
13544	▁Serve
13545	▁Something
13546	▁apostate
13547	▁backing
13548	▁bosom
13549	▁captains
13550	▁climb
13551	▁cutting
13552	▁disposition
13553	▁ma
13554	▁protecting
13555	▁understands
13556	▁utterance
13557	▁wept
13558	▁असाधारण
13559	▁कक्षा
13560	▁क्
13561	▁गिरने
13562	▁छोड़ेगा
13563	▁दीवाना
13564	▁दृश्यता
13565	▁नीनवे
13566	▁मानचित्र
13567	▁मूर्ति
13568	▁मौक
13569	▁यहूद
13570	▁लैव्यव्यवस्था
13571	▁वफ़ादारी
13572	▁शाही
13573	▁संतुष्टि
13574	▁संबंधन
13575	▁हस्ताक्षरकर्ता
13576	8)
13577	Happy
13578	ming
13579	nder
13580	og
13581	scribed
13582	ग्
13583	▁Proclaim
13584	▁accuse
13585	▁archives
13586	▁assault
13587	▁attributes
13588	▁bondage
13589	▁commented
13590	▁commitment
13591	▁distinct
13592	▁err
13593	▁exceed
13594	▁invites
13595	▁lions
13596	▁managed
13597	▁purity
13598	▁severely
13599	▁sport
13600	▁wary
13601	▁whence
13602	▁अपनाने
13603	▁जेम्स
13604	▁ड्रग्स
13605	▁ताकतवर
13606	▁निष्ठावान
13607	▁नॉर
13608	▁पलिश्
13609	▁पोता
13610	▁बचाकर
13611	▁बचाता
13612	▁बिक्री
13613	▁मतभेद
13614	▁साइकिल
13615	▁सियाह
13616	▁स्पेस
13617	▁हबक्कूक
13618	Ctrl
13619	Right
13620	lam
13621	ns
13622	आज्ञाकारी
13623	न्दगी
13624	पल
13625	िरत
13626	▁Chart
13627	▁Paris
13628	▁Rachel
13629	▁abundantly
13630	▁celebration
13631	▁drinks
13632	▁era
13633	▁license
13634	▁marking
13635	▁masters
13636	▁neutral
13637	▁nobles
13638	▁oppress
13639	▁po
13640	▁strings
13641	▁trespass
13642	▁ऊंचा
13643	▁क्यू
13644	▁जाम
13645	▁डॉक्टरों
13646	▁दशमलव
13647	▁पापियों
13648	▁फैले
13649	▁बूट
13650	▁भूखे
13651	▁मुहताज
13652	▁राष्ट्रपति
13653	▁वाल
13654	▁सीखेंगे
13655	▁हलका
13656	IR
13657	NHT
13658	any
13659	pa
13660	ush
13661	जहाँ
13662	मि
13663	मै
13664	▁Certificates
13665	▁Final
13666	▁Friday
13667	▁Meal
13668	▁Model
13669	▁Rock
13670	▁Spacing
13671	▁Supported
13672	▁Whoso
13673	▁bin
13674	▁desolation
13675	▁eggs
13676	▁expensive
13677	▁faint
13678	▁gotta
13679	▁independent
13680	▁knees
13681	▁metal
13682	▁mindful
13683	▁orientation
13684	▁outward
13685	▁owe
13686	▁resurrect
13687	▁sh
13688	▁temptations
13689	▁thieves
13690	▁अपराधों
13691	▁आएं
13692	▁इनकोड
13693	▁उजियाला
13694	▁कमाने
13695	▁जाएंगें
13696	▁टाइम्स
13697	▁प्यारी
13698	▁फ़ॉर्म
13699	▁बूझे
13700	▁विफलता
13701	▁सॉकेट
13702	ification
13703	without
13704	अभी
13705	बहुदेववादी
13706	ाया
13707	▁19;
13708	▁8]
13709	▁Birthday
13710	▁CDs
13711	▁Composer
13712	▁Fullscreen
13713	▁Shepherd
13714	▁Solitaire
13715	▁William
13716	▁ashes
13717	▁destined
13718	▁facilities
13719	▁fashion
13720	▁hostility
13721	▁merit
13722	▁nest
13723	▁opinions
13724	▁prevailed
13725	▁surprising
13726	▁temperature
13727	▁ईकाई
13728	▁एलबम
13729	▁कड़ा
13730	▁कुचल
13731	▁डेक
13732	▁तादाद
13733	▁धर्मत्याग
13734	▁पूछेंगे
13735	▁पॉल
13736	▁प्रायः
13737	▁फार्मेट
13738	▁फैलाए
13739	▁बक
13740	▁बनाये
13741	▁मोड़े
13742	▁यतीम
13743	▁लगन
13744	▁सम्बद्ध
13745	AN
13746	User
13747	much
13748	कम
13749	ख़ालिस
13750	फ़रिश्ता
13751	्थ
13752	▁Consequently
13753	▁Gad
13754	▁Indentation
13755	▁accompany
13756	▁emphasized
13757	▁exert
13758	▁friendships
13759	▁harmdoers
13760	▁increasingly
13761	▁rob
13762	▁successors
13763	▁vertically
13764	▁void
13765	▁weekly
13766	▁अफ्रीकी
13767	▁आक्रमण
13768	▁उत्पादन
13769	▁कंट्रास्ट
13770	▁कपड़ों
13771	▁करनेवालो
13772	▁काली
13773	▁ख़ाका
13774	▁ग्रीक
13775	▁धर्मियों
13776	▁फिरता
13777	▁बाबेलोन
13778	▁बितर
13779	▁बुलाने
13780	▁माइम
13781	▁मीठा
13782	▁रू
13783	▁लोक
13784	▁सताहट
13785	▁हिस्स
13786	IC
13787	एंगे
13788	ग्र
13789	जिहाद
13790	तौक़
13791	बहुदेववादियों
13792	बुख्ल
13793	लामत
13794	॥
13795	▁Filename
13796	▁Lut
13797	▁Meanwhile
13798	▁Naomi
13799	▁Restart
13800	▁billions
13801	▁blemish
13802	▁echo
13803	▁excessive
13804	▁organizations
13805	▁pronounced
13806	▁tens
13807	▁ties
13808	▁watched
13809	▁wins
13810	▁अन्यजाति
13811	▁इन्जील
13812	▁क़े
13813	▁कारसाज़
13814	▁ग़ार
13815	▁गुणवत्ता
13816	▁ढील
13817	▁तत्वदर्शिता
13818	▁दुरूस्त
13819	▁निस्पृह
13820	▁प्रका
13821	▁प्रोफेसर
13822	▁फरीक़
13823	▁फ़रमाबरदार
13824	▁फ़ोन
13825	▁बरी
13826	▁बुर्द
13827	▁मिलेंगी
13828	▁मुन्तज़ि
13829	▁विज्ञापन
13830	▁सुकून
13831	▁स्वार्थी
13832	▁हेरोदेस
13833	09
13834	AD
13835	Mighty
13836	OU
13837	compassionate
13838	वत
13839	▁1943
13840	▁Alpha
13841	▁Eastern
13842	▁PS
13843	▁Priority
13844	▁Samson
13845	▁Therein
13846	▁declares
13847	▁emperor
13848	▁formats
13849	▁labour
13850	▁meantime
13851	▁mh
13852	▁oversight
13853	▁plane
13854	▁pollution
13855	▁precise
13856	▁rare
13857	▁smell
13858	▁transgressing
13859	▁अख
13860	▁अनुपालन
13861	▁उद्धृत
13862	▁कनेक्टेड
13863	▁खाती
13864	▁चरित्र
13865	▁चौथा
13866	▁जिबरील
13867	▁झट
13868	▁पछतावा
13869	▁पैक
13870	▁मॉ
13871	▁लम्बे
13872	▁लॉगआउट
13873	▁विएतनामी
13874	▁विल
13875	▁समूहीकृत
13876	▁सामर्थी
13877	▁स्त्रियां
13878	;...
13879	AP
13880	Group
13881	fire
13882	han
13883	lock
13884	power
13885	इंडियाना
13886	क्ल
13887	तोड़
13888	▁("%
13889	▁45.
13890	▁Importer
13891	▁Running
13892	▁apostasy
13893	▁associations
13894	▁befell
13895	▁conceived
13896	▁defeated
13897	▁disbelieves
13898	▁fewer
13899	▁honesty
13900	▁mud
13901	▁nose
13902	▁provoked
13903	▁scan
13904	▁selling
13905	▁somewhere
13906	▁tobacco
13907	▁{0}.
13908	▁आध्यात्मिकता
13909	▁कपड़ा
13910	▁कमज़ोरियों
13911	▁क्यो
13912	▁क्लिप
13913	▁जता
13914	▁टार
13915	▁देरी
13916	▁धुन
13917	▁नर्स
13918	▁फिंगरप्रिंट
13919	▁बक्से
13920	▁बहुल
13921	▁बान्धकर
13922	▁सांस
13923	▁स्टेट
13924	ets
13925	ular
13926	करण
13927	क्ष
13928	▁21]
13929	▁Bounty
13930	▁Cal
13931	▁Daily
13932	▁LE
13933	▁Mac
13934	▁Nazareth
13935	▁Than
13936	▁ball
13937	▁calculate
13938	▁diverse
13939	▁gaze
13940	▁graphical
13941	▁gun
13942	▁habitation
13943	▁naturally
13944	▁partake
13945	▁prostration
13946	▁reader
13947	▁replies
13948	▁sc
13949	▁updates
13950	▁आमने
13951	▁आयीं
13952	▁कुत्ता
13953	▁गैस
13954	▁ज़ात
13955	▁डाउनलोड्स
13956	▁ताली
13957	▁दासी
13958	▁प्रिंट
13959	▁बायें
13960	▁साम्हन
13961	▁सेनाएँ
13962	▁स्कोप
13963	)?"
13964	box
13965	द्र
13966	ार्थ
13967	▁1914.
13968	▁Hidden
13969	▁Joy
13970	▁Pr
13971	▁Secure
13972	▁Simple
13973	▁caravan
13974	▁connecting
13975	▁constructed
13976	▁heavily
13977	▁honoured
13978	▁inserted
13979	▁logs
13980	▁lots
13981	▁preceded
13982	▁production
13983	▁sink
13984	▁sounded
13985	▁specifically
13986	▁uncle
13987	▁अलिफ़
13988	▁तार
13989	▁निवासस्थान
13990	▁पढ
13991	▁फ़ायदे
13992	▁बचकर
13993	▁बदनाम
13994	▁मुलाक़ात
13995	▁राशि
13996	-125
13997	Because
13998	Update
13999	aries
14000	ink
14001	ye
14002	मादा
14003	रि
14004	्यू
14005	▁Events
14006	▁False
14007	▁Godwary
14008	▁Rutherford
14009	▁Step
14010	▁Success
14011	▁WE
14012	▁adapt
14013	▁cherish
14014	▁cultures
14015	▁dedicate
14016	▁deliberately
14017	▁slip
14018	▁sown
14019	▁wrap
14020	▁आंसू
14021	▁खाएँगे
14022	▁छुट्टी
14023	▁तेजी
14024	▁नं
14025	▁निर्धन
14026	▁विनम्रता
14027	▁सुननेवाले
14028	Day
14029	Filter
14030	UR
14031	king
14032	rin
14033	गर
14034	झ
14035	बॉक्स
14036	मिस्र
14037	र्क
14038	सच्चे
14039	हाय
14040	ुआ
14041	▁Become
14042	▁Damascus
14043	▁Friend
14044	▁Hitler
14045	▁Loving
14046	▁Par
14047	▁Sta
14048	▁Unless
14049	▁Visible
14050	▁alter
14051	▁anywhere
14052	▁awesome
14053	▁babies
14054	▁bid
14055	▁clothe
14056	▁estate
14057	▁foster
14058	▁miraculously
14059	▁pronounce
14060	▁purposed
14061	▁reserved
14062	▁respecting
14063	▁shoes
14064	▁slaughtered
14065	▁transgressions
14066	▁visibility
14067	▁widgets
14068	▁आईएसओ
14069	▁कलीसियाएँ
14070	▁झुके
14071	▁दुष्टात्माओं
14072	▁नामो
14073	▁निकलेगा
14074	▁नींव
14075	▁पायथन
14076	▁प्रत्याशा
14077	▁बढ़ो
14078	▁बन्धन
14079	▁बालकों
14080	▁महीना
14081	▁मेहर
14082	▁सामंजस्य
14083	▁हड्डियों
14084	,000
14085	Build
14086	ux
14087	एक्स
14088	वेत
14089	ुर
14090	▁12]
14091	▁Connect
14092	▁Monitor
14093	▁adhere
14094	▁devoured
14095	▁doeth
14096	▁fetch
14097	▁fluid
14098	▁industry
14099	▁mismatch
14100	▁pool
14101	▁portions
14102	▁protects
14103	▁sore
14104	▁tall
14105	▁thence
14106	▁visions
14107	▁अनुलग्नक
14108	▁खमीर
14109	▁खरी
14110	▁चुनौतिय
14111	▁चौक
14112	▁पृष्ठों
14113	▁बहिष्कृत
14114	▁बाढ़
14115	▁मधु
14116	▁मुद्दे
14117	▁मौक़ा
14118	▁रस्सी
14119	▁लेगी
14120	CN
14121	Location
14122	Only
14123	love
14124	nation
14125	कहाँ
14126	धर्मी
14127	▁Computer
14128	▁Draft
14129	▁Happiness
14130	▁Hud
14131	▁Martin
14132	▁announce
14133	▁attained
14134	▁disappear
14135	▁encompasse
14136	▁favored
14137	▁funds
14138	▁indicator
14139	▁inmenu
14140	▁invitations
14141	▁ir
14142	▁livelihood
14143	▁manuscripts
14144	▁prohibited
14145	▁revealing
14146	▁tables
14147	▁tasted
14148	▁virgins
14149	▁अनुरोध
14150	▁कंट्रोल
14151	▁खींचने
14152	▁खुशियों
14153	▁घातक
14154	▁छांटें
14155	▁जिन्होने
14156	▁जुआ
14157	▁निष्पक्ष
14158	▁सिकंदर
14159	Default
14160	Language
14161	date
14162	ologist
14163	ram
14164	पैराग्राफ
14165	वक्त
14166	▁Encrypted
14167	▁Foundation
14168	▁Margin
14169	▁NO
14170	▁Phil
14171	▁Richard
14172	▁Stand
14173	▁confess
14174	▁deals
14175	▁definition
14176	▁divorced
14177	▁emergency
14178	▁emphasis
14179	▁fuck
14180	▁molten
14181	▁newsgroup
14182	▁pains
14183	▁permits
14184	▁professional
14185	▁proving
14186	▁python
14187	▁rape
14188	▁satan
14189	▁seduce
14190	▁stores
14191	▁stray
14192	▁trap
14193	▁अकेली
14194	▁इतर
14195	▁एकलौत
14196	▁खतरों
14197	▁जाएगें
14198	▁डिवाइस
14199	▁पलटें
14200	▁प्यास
14201	▁फाइलें
14202	▁बंदूक
14203	▁बुलाकर
14204	▁मजबूत
14205	▁मह
14206	▁मायनों
14207	▁मेज
14208	▁मोहब्बत
14209	▁मौज
14210	▁राम
14211	▁वकील
14212	▁शर्म
14213	▁शिफ्ट
14214	header
14215	iness
14216	mark
14217	कुल
14218	▁Generate
14219	▁Haggai
14220	▁Minor
14221	▁Online
14222	▁Protestant
14223	▁Publishing
14224	▁SHA
14225	▁Union
14226	▁abstain
14227	▁bent
14228	▁blazing
14229	▁frustration
14230	▁heels
14231	▁leg
14232	▁mechanism
14233	▁ordinary
14234	▁preachers
14235	▁pressed
14236	▁quota
14237	▁उपहार
14238	▁एक्सेंज
14239	▁खण्डन
14240	▁गोश्त
14241	▁घन
14242	▁दिखाएँगे
14243	▁पडे
14244	▁पहुँचाते
14245	▁पहुँचाना
14246	▁बेस
14247	▁भरकर
14248	▁लाभदायक
14249	▁लेन
14250	▁वंचित
14251	▁विद्वानों
14252	,”
14253	pass
14254	कुदरत
14255	चा
14256	दुबारा
14257	फ़ोल्डर
14258	सत्य
14259	▁Backup
14260	▁EX
14261	▁Saying
14262	▁Six
14263	▁combined
14264	▁disregard
14265	▁hat
14266	▁intent
14267	▁inter
14268	▁ongoing
14269	▁outcry
14270	▁proves
14271	▁receipt
14272	▁skill
14273	▁unwise
14274	▁uttered
14275	▁weapon
14276	▁अंकित
14277	▁इम्तिहान
14278	▁कंपाइल
14279	▁किनारों
14280	▁गाना
14281	▁जूम
14282	▁डराए
14283	▁ताक़त
14284	▁पुनर्भंडारण
14285	▁प्रस्तुतीकरण
14286	▁प्रो
14287	▁फसल
14288	▁बचना
14289	▁बहके
14290	▁बिताते
14291	▁बुझा
14292	▁विश्व
14293	▁सेनापति
14294	▁सोर्स
14295	ley
14296	light
14297	water
14298	ख़ैर
14299	गल
14300	फा
14301	लत
14302	िहाल
14303	्ह
14304	▁%2.
14305	▁AisleRiot
14306	▁Korea
14307	▁Miscellaneous
14308	▁acquired
14309	▁deadly
14310	▁demanded
14311	▁disappointment
14312	▁expanded
14313	▁fare
14314	▁humanity
14315	▁materially
14316	▁occupied
14317	▁prostrating
14318	▁rapidly
14319	▁revive
14320	▁thanksgiving
14321	▁आला
14322	▁चिंताओं
14323	▁झगड़ों
14324	▁पश्चात्
14325	▁पीटर
14326	▁बूढ़ा
14327	▁बेनाम
14328	▁ब्रुकलिन
14329	▁मिथ्या
14330	▁लौटाया
14331	▁विशुद्ध
14332	▁सजावट
14333	▁हाए
14334	Get
14335	ard
14336	burg
14337	ign
14338	ose
14339	न्द
14340	य्या
14341	स्टर
14342	▁180
14343	▁Answered
14344	▁Council
14345	▁NN
14346	▁apartment
14347	▁array
14348	▁bulk
14349	▁charges
14350	▁domestic
14351	▁fortified
14352	▁freed
14353	▁impatient
14354	▁insolent
14355	▁kiss
14356	▁licence
14357	▁listener
14358	▁observance
14359	▁pa
14360	▁persecute
14361	▁protectors
14362	▁requited
14363	▁resentment
14364	▁stable
14365	▁usury
14366	▁अतरफलक
14367	▁अरस
14368	▁ईर्ष्या
14369	▁उड़ाया
14370	▁उन्हे
14371	▁कारोबार
14372	▁खेलते
14373	▁चिराग़
14374	▁निःसंदेह
14375	▁पंजीकृत
14376	▁फतेह
14377	▁मज़ेदार
14378	▁विकल्पों
14379	▁सराहना
14380	▁सालाना
14381	▁सुलूक
14382	ेसिन
14383	▁Blessings
14384	▁Greeks
14385	▁Konqueror
14386	▁RE
14387	▁Resource
14388	▁STUDY
14389	▁Sheol
14390	▁Skype
14391	▁Thomas
14392	▁accountable
14393	▁altars
14394	▁assemble
14395	▁bliss
14396	▁cycle
14397	▁devout
14398	▁disorder
14399	▁disown
14400	▁immense
14401	▁neighbour
14402	▁neutrality
14403	▁prompt
14404	▁rush
14405	▁इंका
14406	▁कलाकार
14407	▁केन्द्र
14408	▁तकरीब
14409	▁नाज़ुक
14410	▁निकलेंगे
14411	▁फिलिप्पुस
14412	▁मदिरा
14413	▁संचिका
14414	▁सतर्क
14415	▁समेटें
14416	▁सिद्धान्तों
14417	▁हथियारों
14418	Applause
14419	At
14420	Reset
14421	Text
14422	board
14423	late
14424	ology
14425	par
14426	xpand
14427	इत्मेनान
14428	कपटाचारी
14429	कुफ्र
14430	टन
14431	नुत्फे
14432	पैग़म्बरों
14433	फ़रिश्ते
14434	मेट
14435	लौह
14436	▁Backend
14437	▁Chief
14438	▁Heaven
14439	▁Herald
14440	▁Identifier
14441	▁Leader
14442	▁Majestic
14443	▁Ready
14444	▁Speaking
14445	▁buddy
14446	▁clock
14447	▁counseled
14448	▁expunge
14449	▁forge
14450	▁handled
14451	▁householder
14452	▁inclination
14453	▁la
14454	▁li
14455	▁mold
14456	▁offices
14457	▁sacrificial
14458	▁stages
14459	▁tied
14460	▁tomb
14461	▁अहद
14462	▁कंगन
14463	▁कारगुज़ारिय
14464	▁गरदन
14465	▁टेक
14466	▁त्वचा
14467	▁दांत
14468	▁दिखने
14469	▁धरा
14470	▁नसारा
14471	▁पेशवा
14472	▁प्रणाली
14473	▁बुलंद
14474	▁मछलियों
14475	▁मसख़रा
14476	▁मारना
14477	▁मुअय्यन
14478	▁यरीहो
14479	▁याददिहानी
14480	▁लोडिंग
14481	▁शुऐब
14482	▁सर्वे
14483	▁सीखें
14484	MD
14485	because
14486	bs
14487	had
14488	ज़े
14489	नाजायज़
14490	युग
14491	▁1947
14492	▁Eye
14493	▁Outbox
14494	▁TB
14495	▁Thereupon
14496	▁bridge
14497	▁combination
14498	▁contract
14499	▁cooperation
14500	▁dance
14501	▁delightful
14502	▁factory
14503	▁homeland
14504	▁intentions
14505	▁pounds
14506	▁prostitute
14507	▁purchased
14508	▁runs
14509	▁somehow
14510	▁tray
14511	▁tremble
14512	▁watches
14513	▁अक्
14514	▁अनुवादक
14515	▁अन्न
14516	▁आईपी
14517	▁एसएसएल
14518	▁कैदी
14519	▁जानेवालों
14520	▁ठन्ड
14521	▁डरना
14522	▁ताबीर
14523	▁थकान
14524	▁महिमावान
14525	▁मार्क
14526	▁लगाई
14527	▁वार
14528	▁विशेषताएँ
14529	▁सिरों
14530	▁सिला
14531	▁सोता
14532	▁स्पैम
14533	▁स्पैमएस
14534	▁हॆ
14535	After
14536	PS
14537	last
14538	these
14539	ज़रा
14540	र्ज
14541	वॉ
14542	ष्ट
14543	▁29]
14544	▁63
14545	▁Duration
14546	▁Eph
14547	▁Lonavla
14548	▁Netherlands
14549	▁Ri
14550	▁avoiding
14551	▁centered
14552	▁components
14553	▁crooked
14554	▁despise
14555	▁distinguished
14556	▁dogs
14557	▁edition
14558	▁embrace
14559	▁enhance
14560	▁eternally
14561	▁helpless
14562	▁hostile
14563	▁nursing
14564	▁selves
14565	▁sheet
14566	▁wandering
14567	▁अनुप्रयोगों
14568	▁अपरिपूर्ण
14569	▁उलटी
14570	▁खेले
14571	▁गाया
14572	▁घंटी
14573	▁त्योहार
14574	▁दाहिना
14575	▁दौरे
14576	▁विस्तारित
14577	▁सर्वाधिकार
14578	▁सहा
14579	Cancel
14580	VI
14581	ette
14582	fer
14583	forward
14584	going
14585	have
14586	pad
14587	sub
14588	लिन
14589	▁3;
14590	▁4)
14591	▁Already
14592	▁Care
14593	▁Contains
14594	▁Gentile
14595	▁Ni
14596	▁Reflect
14597	▁bicycle
14598	▁crazy
14599	▁curve
14600	▁desperate
14601	▁dramatic
14602	▁embraced
14603	▁filling
14604	▁flour
14605	▁functions
14606	▁instant
14607	▁margin
14608	▁pace
14609	▁partial
14610	▁privately
14611	▁prone
14612	▁realistic
14613	▁shining
14614	▁shun
14615	▁swallowed
14616	▁truck
14617	▁worshiping
14618	▁अनुमोदन
14619	▁आंकड़े
14620	▁एपीफ
14621	▁ऑफिस
14622	▁क़ानून
14623	▁कुकीज़
14624	▁कोरिया
14625	▁चमकता
14626	▁चुरा
14627	▁ट्रैश
14628	▁प्रभावकारी
14629	▁मंडलियों
14630	▁लटका
14631	▁वै
14632	▁स्तन
14633	uck
14634	ईज़ी
14635	दम
14636	निया
14637	फल
14638	वसनीय
14639	▁40:
14640	▁83
14641	▁Association
14642	▁Component
14643	▁Cover
14644	▁Feed
14645	▁Giving
14646	▁Instant
14647	▁Lessons
14648	▁Mass
14649	▁NOT
14650	▁Reign
14651	▁Walk
14652	▁accuracy
14653	▁afterwards
14654	▁app
14655	▁ch
14656	▁cleaning
14657	▁combat
14658	▁convenient
14659	▁dressed
14660	▁everyday
14661	▁finest
14662	▁giant
14663	▁gladly
14664	▁lifestyle
14665	▁miserable
14666	▁mourn
14667	▁productive
14668	▁requite
14669	▁wrongfully
14670	▁अपर्याप्त
14671	▁आज्ञाकारिता
14672	▁कभार
14673	▁क्षण
14674	▁गुज़रा
14675	▁गे
14676	▁घमंडी
14677	▁ठहरता
14678	▁परि
14679	▁पुनरावृत्ति
14680	▁फूंक
14681	▁भागना
14682	▁मन्
14683	▁राख
14684	▁रेंडर
14685	▁लौ
14686	▁संतृप्ति
14687	▁सन
14688	▁सिटी
14689	▁हठ
14690	AS
14691	Joseph
14692	OLD
14693	awn
14694	chan
14695	force
14696	ndal
14697	ock
14698	चाहे
14699	▁Forwarded
14700	▁Marcus
14701	▁Po
14702	▁Sal
14703	▁Setting
14704	▁Shape
14705	▁Soviet
14706	▁Travel
14707	▁accurately
14708	▁heading
14709	▁improper
14710	▁indication
14711	▁joint
14712	▁largely
14713	▁longing
14714	▁magnify
14715	▁meals
14716	▁passes
14717	▁priorities
14718	▁proclaiming
14719	▁ruins
14720	▁slept
14721	▁stiff
14722	▁stuck
14723	▁suffices
14724	▁surrendered
14725	▁western
14726	▁z
14727	▁इंजिन
14728	▁उकसाता
14729	▁उठो
14730	▁उभारा
14731	▁एस्तेर
14732	▁ओस
14733	▁खम्भे
14734	▁जूआ
14735	▁जोहते
14736	▁थ्रेड
14737	▁द्वीपों
14738	▁निरस्त
14739	▁पकड़ो
14740	▁पार्ट
14741	▁प्रकाशमान
14742	▁प्रातःकाल
14743	▁फरेब
14744	▁फीचर
14745	▁बनाएँगे
14746	▁बरफ
14747	▁बला
14748	▁बाइबिल
14749	▁ब्रिटिश
14750	▁मुख्यालय
14751	▁रंगः
14752	▁सैन
14753	▁सैन्य
14754	▁हफ्तों
14755	▁हैरानी
14756	▁३६
14757	❑
14758	Hell
14759	TER
14760	dev
14761	hand
14762	move
14763	pol
14764	under
14765	बराबर
14766	साफ
14767	▁"(
14768	▁Canaanites
14769	▁Cyrus
14770	▁Kha
14771	▁Lower
14772	▁Obviously
14773	▁Unread
14774	▁abusive
14775	▁category
14776	▁confirms
14777	▁developments
14778	▁flash
14779	▁heap
14780	▁hierarchy
14781	▁immune
14782	▁mostly
14783	▁outright
14784	▁revenge
14785	▁reverence
14786	▁stash
14787	▁supporters
14788	▁watchful
14789	▁इस्त्राएल
14790	▁कराता
14791	▁कीड़े
14792	▁दीनता
14793	▁पदक्रम
14794	▁पश्चिमी
14795	▁बाँटने
14796	▁मेक
14797	▁रोना
14798	▁लड़ियाँ
14799	▁वर्गीकृत
14800	▁सन्ती
14801	▁समायोजन
14802	▁सिद्धान्त
14803	▁हिन्दी
14804	28
14805	Connect
14806	Mark
14807	Never
14808	star
14809	याह
14810	स्थल
14811	▁10,000
14812	▁Break
14813	▁Nibbles
14814	▁Recently
14815	▁Rights
14816	▁Virtual
14817	▁commendation
14818	▁commended
14819	▁compelled
14820	▁conquest
14821	▁contentment
14822	▁damaged
14823	▁eats
14824	▁esteem
14825	▁fame
14826	▁gains
14827	▁horizontally
14828	▁mockery
14829	▁offended
14830	▁oxen
14831	▁pasture
14832	▁plainly
14833	▁rejection
14834	▁revert
14835	▁struggling
14836	▁sugar
14837	▁tempered
14838	▁tons
14839	▁tooth
14840	▁wounds
14841	▁अराम
14842	▁इमेज़
14843	▁कटोरा
14844	▁कहानियों
14845	▁कारक
14846	▁झगड़ालू
14847	▁दिलाते
14848	▁दीवारों
14849	▁निकलो
14850	▁पल्ले
14851	▁फिलहाल
14852	▁बड़ों
14853	▁मरेगा
14854	▁रखूंगा
14855	▁शहीद
14856	▁शोमरोन
14857	▁संदेशवाहक
14858	▁सबने
14859	▁सहनशीलता
14860	Bcc
14861	Free
14862	own
14863	pp
14864	start
14865	आदम
14866	न्त
14867	बन्द
14868	बहार
14869	मन्द
14870	▁65:
14871	▁6;
14872	▁Album
14873	▁Attachments
14874	▁CS
14875	▁ICQ
14876	▁Illustrate
14877	▁Rebekah
14878	▁Short
14879	▁Users
14880	▁attracted
14881	▁canst
14882	▁companies
14883	▁concludes
14884	▁doctrines
14885	▁hall
14886	▁headship
14887	▁imitating
14888	▁kindled
14889	▁listens
14890	▁occasionally
14891	▁provider
14892	▁regions
14893	▁rejecting
14894	▁tempt
14895	▁transferred
14896	▁vineyards
14897	▁अंतरिक्ष
14898	▁आख़िरी
14899	▁आदतों
14900	▁एनक्रिप्शन
14901	▁एलिरयाह
14902	▁गुफा
14903	▁टिप्पणीः
14904	▁नापसन्द
14905	▁पंखों
14906	▁पहनने
14907	▁बच्ची
14908	▁बाज़ार
14909	▁भागा
14910	▁योआश
14911	▁लक्ष्यों
14912	▁विरूपित
14913	▁सबक़
14914	<
14915	End
14916	Here
14917	त्त
14918	प्प
14919	ालिद
14920	ीकृत
14921	्फ
14922	▁103
14923	▁Aye
14924	▁Blue
14925	▁Jephthah
14926	▁Method
14927	▁Notes
14928	▁Obey
14929	▁Pi
14930	▁Pidgin
14931	▁Roa
14932	▁Science
14933	▁Seven
14934	▁Uni
14935	▁admonish
14936	▁authenticity
14937	▁awful
14938	▁boldly
14939	▁complaint
14940	▁deluded
14941	▁digest
14942	▁donations
14943	▁educated
14944	▁elevated
14945	▁flower
14946	▁horn
14947	▁imposed
14948	▁intercourse
14949	▁inviting
14950	▁mentions
14951	▁mom
14952	▁oral
14953	▁reflecting
14954	▁relieve
14955	▁timely
14956	▁unread
14957	▁अम्मोनियों
14958	▁आओगे
14959	▁ऐतिहासिक
14960	▁टूटे
14961	▁दोहरे
14962	▁धूम्रपान
14963	▁पस्त
14964	▁फिरा
14965	▁बिसात
14966	▁विगोप
14967	▁वृक्षों
14968	▁स्टेशन
14969	▁हँस
14970	.]
14971	away
14972	cu
14973	gr
14974	ration
14975	धरती
14976	पार
14977	लील
14978	िड
14979	ोर
14980	्म
14981	▁Created
14982	▁Dollar
14983	▁Expunging
14984	▁Fog
14985	▁HAVE
14986	▁Instance
14987	▁Reason
14988	▁Third
14989	▁Tray
14990	▁XMP
14991	▁caption
14992	▁ceased
14993	▁embedded
14994	▁examining
14995	▁fools
14996	▁gas
14997	▁keen
14998	▁paragraphs
14999	▁plotted
15000	▁relation
15001	▁robots
15002	▁setup
15003	▁stir
15004	▁thereon
15005	▁vile
15006	▁अपरिभाषित
15007	▁आँगन
15008	▁उत्प्रेर
15009	▁क्वैरी
15010	▁गेहूँ
15011	▁घने
15012	▁जलाने
15013	▁जोशीले
15014	▁पर्दे
15015	▁प्रयत्न
15016	▁बनाइए
15017	▁भविष्यसूच
15018	▁भाल
15019	▁माँगो
15020	▁मानती
15021	▁समझाते
15022	▁सुनिए
15023	▁सू
15024	▁हिंसक
15025	CRL
15026	Change
15027	ari
15028	tag
15029	tem
15030	इए
15031	एन
15032	टेक्स
15033	भोग
15034	हार
15035	‘
15036	▁Decrease
15037	▁FROM
15038	▁Media
15039	▁Shift
15040	▁Whole
15041	▁betrayed
15042	▁blog
15043	▁convince
15044	▁defiled
15045	▁dishonor
15046	▁dpi
15047	▁exhausted
15048	▁imperfections
15049	▁lonely
15050	▁obviously
15051	▁operating
15052	▁originally
15053	▁poet
15054	▁racial
15055	▁topics
15056	▁unbeliever
15057	▁कमाल
15058	▁काँप
15059	▁ग़रीब
15060	▁जोल
15061	▁थामे
15062	▁प्रचंड
15063	▁मसले
15064	▁मातृ
15065	▁रखनेवाली
15066	▁रेपोसिटरी
15067	▁समृद्ध
15068	▁स्कॉट
15069	▁हाई
15070	Salat
15071	af
15072	ju
15073	pos
15074	ria
15075	tu
15076	ugzilla
15077	ंगे
15078	चे
15079	जिसे
15080	फलक
15081	राम
15082	▁Abort
15083	▁Cell
15084	▁GConf
15085	▁Money
15086	▁Poland
15087	▁USED
15088	▁answering
15089	▁bars
15090	▁centre
15091	▁fever
15092	▁guiding
15093	▁happily
15094	▁march
15095	▁mirror
15096	▁outset
15097	▁pillar
15098	▁separation
15099	▁transformed
15100	▁अंधेरे
15101	▁अधिपति
15102	▁अर्ज
15103	▁जाऊं
15104	▁जीए
15105	▁तोहमत
15106	▁निचला
15107	▁निभा
15108	▁पत्ताः
15109	▁पहने
15110	▁बैक
15111	▁भारतीय
15112	▁मौलिक
15113	▁याह
15114	▁रहेंगी
15115	▁सूचि
15116	Clear
15117	eneric
15118	rev
15119	tle
15120	इसलिए
15121	चुपके
15122	ूं
15123	▁29:
15124	▁3]
15125	▁40.
15126	▁95
15127	▁Catholics
15128	▁Decision
15129	▁HOW
15130	▁Medium
15131	▁accompanying
15132	▁assert
15133	▁atom
15134	▁breakpoint
15135	▁conquer
15136	▁core
15137	▁devastating
15138	▁exercises
15139	▁guile
15140	▁hanging
15141	▁lambs
15142	▁motivation
15143	▁obeys
15144	▁oldest
15145	▁protective
15146	▁respectful
15147	▁theory
15148	▁wanting
15149	▁अपन
15150	▁उदय
15151	▁क़ी
15152	▁खरीदने
15153	▁ताल
15154	▁द्वेष
15155	▁धातु
15156	▁पीस
15157	▁पूछेगा
15158	▁बास
15159	▁बिता
15160	▁भटकने
15161	▁भ्रष्टाचार
15162	▁मस्ती
15163	▁महासागर
15164	▁रॉ
15165	▁लज्जा
15166	▁लाजर
15167	▁लूप
15168	▁शास्त्रों
15169	▁शिमशोन
15170	▁सूक्ष्म
15171	Web
15172	gl
15173	long
15174	उसपर
15175	गुनाहों
15176	यन
15177	रमगिदोन
15178	शुमार
15179	हुक्म
15180	ाइज
15181	▁ASCII
15182	▁Case
15183	▁Department
15184	▁Extra
15185	▁Gomorrah
15186	▁Honor
15187	▁Internal
15188	▁Serving
15189	▁Sp
15190	▁advantages
15191	▁blamed
15192	▁cited
15193	▁decisive
15194	▁delivering
15195	▁disables
15196	▁encamped
15197	▁exhorted
15198	▁expense
15199	▁frequent
15200	▁inflict
15201	▁instances
15202	▁intention
15203	▁invoked
15204	▁opponents
15205	▁picked
15206	▁profess
15207	▁promoted
15208	▁restrained
15209	▁themes
15210	▁thirsty
15211	▁thrilled
15212	▁wrapped
15213	▁wrongdoer
15214	▁आज्ञाएँ
15215	▁कोरह
15216	▁गर्दिश
15217	▁जरुर
15218	▁ज़ुबानी
15219	▁झुकाव
15220	▁ताबेदार
15221	▁दरिद्र
15222	▁दलों
15223	▁पुरनियों
15224	▁बनायीं
15225	▁बाते
15226	▁भरण
15227	▁मानवीय
15228	▁मोहर
15229	▁लेखकों
15230	▁शंकु
15231	▁शुद्धता
15232	,000,000
15233	One
15234	eceive
15235	every
15236	ez
15237	item
15238	lan
15239	rr
15240	uk
15241	ways
15242	आमाल
15243	इद्दत
15244	कुदरते
15245	ग़ल्ला
15246	टि
15247	तम
15248	तौरैत
15249	थित
15250	दावत
15251	नबी
15252	प्रारंभ
15253	मुनाफेक़ीन
15254	ाइट
15255	ील
15256	ेगी
15257	▁Algorithm
15258	▁Forgive
15259	▁Giver
15260	▁Launch
15261	▁Marc
15262	▁Nabal
15263	▁Pages
15264	▁Rich
15265	▁Seen
15266	▁Septuagint
15267	▁Spam
15268	▁Thai
15269	▁appetite
15270	▁arrogance
15271	▁blank
15272	▁bold
15273	▁conversion
15274	▁correspond
15275	▁deprived
15276	▁directions
15277	▁eastern
15278	▁exclusively
15279	▁forwarded
15280	▁improved
15281	▁kid
15282	▁neighborhood
15283	▁pregnancy
15284	▁shekels
15285	▁smart
15286	▁teenagers
15287	▁transmission
15288	▁undefined
15289	▁unscriptural
15290	▁अनगिनत
15291	▁इन्साफ
15292	▁क्यक्ति
15293	▁खोलता
15294	▁गतिविधि
15295	▁ज़िना
15296	▁झुठलानेवालों
15297	▁ट्रांस्लेशन
15298	▁तद्बीर
15299	▁तुम्ही
15300	▁तूर
15301	▁तौरैत
15302	▁दलीलें
15303	▁नफ्स
15304	▁नेकोकार
15305	▁पुश्त
15306	▁भाड़
15307	▁मुख़ालेफ
15308	▁मुनाफिक़
15309	▁मुहताजों
15310	▁मैनेजर
15311	▁लिपटे
15312	▁लीं
15313	▁विधर्मी
15314	▁शर्मगाह
15315	▁शास्त्री
15316	Left
15317	Replace
15318	Window
15319	num
15320	rat
15321	val
15322	whatsthis
15323	दर
15324	ाह्य
15325	▁62
15326	▁Bear
15327	▁Blood
15328	▁Caleb
15329	▁Domain
15330	▁Gu
15331	▁Mine
15332	▁Quality
15333	▁Shell
15334	▁Teacher
15335	▁Viewpoint
15336	▁argued
15337	▁bigger
15338	▁considers
15339	▁discs
15340	▁enjoyable
15341	▁exhort
15342	▁foundations
15343	▁honesthearted
15344	▁implies
15345	▁intends
15346	▁mines
15347	▁symbolized
15348	▁tribute
15349	▁whereby
15350	▁ऐशो
15351	▁क़ब्ज़
15352	▁डिजिटल
15353	▁निरपेक्ष
15354	▁पलिश्ती
15355	▁प्रायश्
15356	▁बर्नर
15357	▁बेहूदा
15358	▁मनुष्यत्व
15359	▁यशा
15360	▁सीट
15361	▁सीढ़ी
15362	▁सोचो
15363	#
15364	%1
15365	Father
15366	May
15367	ST
15368	head
15369	imi
15370	key
15371	pre
15372	एफ
15373	जनक
15374	जू
15375	पादन
15376	ाउ
15377	▁Asaph
15378	▁Cornelius
15379	▁Documentation
15380	▁Gabriel
15381	▁Memos
15382	▁Pennsylvania
15383	▁Philippi
15384	▁Powerful
15385	▁Thousands
15386	▁comply
15387	▁costs
15388	▁drives
15389	▁favorably
15390	▁fury
15391	▁hail
15392	▁intercessors
15393	▁leprosy
15394	▁preference
15395	▁psalm
15396	▁rained
15397	▁repaid
15398	▁rooted
15399	▁souled
15400	▁sowing
15401	▁vacation
15402	▁wholeheartedly
15403	▁इकाइयों
15404	▁कब्रों
15405	▁कुरबानी
15406	▁क्रियाएँ
15407	▁खेतों
15408	▁छोड़ता
15409	▁टीएआर
15410	▁ट्रेन
15411	▁दफ़ा
15412	▁नेकदिल
15413	▁नौकर
15414	▁बन्दी
15415	▁बोलनेवाले
15416	▁मुह
15417	▁रथों
15418	▁रोमांचक
15419	▁लिस्ट
15420	▁लौटते
15421	▁व्यक्त
15422	▁संबंधी
15423	▁संभाल
15424	.323
15425	Last
15426	gh
15427	has
15428	than
15429	using
15430	van
15431	बनी
15432	मेन
15433	लस
15434	वेल
15435	▁Board
15436	▁Gog
15437	▁Hebron
15438	▁Languages
15439	▁Someone
15440	▁Ur
15441	▁accessibility
15442	▁biggest
15443	▁complain
15444	▁consent
15445	▁demanding
15446	▁dried
15447	▁equally
15448	▁fatigue
15449	▁flat
15450	▁goeth
15451	▁gray
15452	▁mob
15453	▁preacher
15454	▁reconciliation
15455	▁resident
15456	▁sperm
15457	▁stating
15458	▁tea
15459	▁thorns
15460	▁vary
15461	▁असिद्धता
15462	▁आघात
15463	▁आपरेशन
15464	▁क़िस्मः
15465	▁कोढ़
15466	▁चिकनी
15467	▁जूते
15468	▁पुकारता
15469	▁प्री
15470	▁बैकएण्ड
15471	▁मोड़ा
15472	▁योद्धा
15473	aw
15474	bra
15475	dao
15476	आउट
15477	उदा
15478	पूरी
15479	वाया
15480	संसार
15481	ॆन
15482	▁1941
15483	▁1946
15484	▁42.
15485	▁Cancelled
15486	▁Exist
15487	▁Kill
15488	▁Remembrance
15489	▁Statistics
15490	▁Za
15491	▁apostates
15492	▁cars
15493	▁cultural
15494	▁displays
15495	▁fr
15496	▁leadership
15497	▁morality
15498	▁representative
15499	▁shock
15500	▁sooner
15501	▁strengthens
15502	▁succour
15503	▁swept
15504	▁अंगों
15505	▁आहिस्त
15506	▁कम्पाइल
15507	▁करवा
15508	▁कुढ़
15509	▁गंदे
15510	▁गिरकर
15511	▁घड़ा
15512	▁चिता
15513	▁छुपे
15514	▁जुटा
15515	▁ठहरेंगे
15516	▁थाई
15517	▁ध्वज
15518	▁निपटने
15519	▁बशर्ते
15520	▁बीमारों
15521	▁भोग
15522	▁राजभवन
15523	▁रोमन
15524	▁लंगर
15525	▁लड़ना
15526	▁लू
15527	▁शिखर
15528	▁संशोधित
15529	▁समीक्षा
15530	▁साहसी
15531	▁सुगन्ध
15532	due
15533	map
15534	ort
15535	rain
15536	zer
15537	चल
15538	जेस्ट
15539	म्
15540	यें
15541	रस
15542	▁20]
15543	▁Execute
15544	▁Generic
15545	▁Pick
15546	▁Shortcut
15547	▁Worldwide
15548	▁backgrounds
15549	▁cm
15550	▁college
15551	▁counsels
15552	▁discouragement
15553	▁imprisonment
15554	▁kin
15555	▁knowingly
15556	▁manna
15557	▁oxygen
15558	▁pressing
15559	▁remembers
15560	▁richly
15561	▁shepherding
15562	▁sidebar
15563	▁sp
15564	▁welcomed
15565	▁खिड़की
15566	▁गोपनीयता
15567	▁डा
15568	▁डैडी
15569	▁पात्रा
15570	▁बनाव
15571	▁बलवा
15572	▁भाइयो
15573	▁भूले
15574	▁मुद्रक
15575	▁लाश
15576	▁समझी
15577	▁सिंक
15578	$
15579	People
15580	दोबारा
15581	धर
15582	राज्य
15583	वाने
15584	ियम
15585	▁"#
15586	▁(2
15587	▁01)
15588	▁Chaldeans
15589	▁FILE
15590	▁Happily
15591	▁Protocol
15592	▁Same
15593	▁alien
15594	▁appreciative
15595	▁copied
15596	▁depreciation
15597	▁ending
15598	▁fatal
15599	▁parables
15600	▁peak
15601	▁perspective
15602	▁province
15603	▁representing
15604	▁vicious
15605	▁अजब
15606	▁अपनाते
15607	▁अफसर
15608	▁इन्तज़ा
15609	▁उजड़
15610	▁उन्ही
15611	▁उपदेशक
15612	▁गाली
15613	▁गिरे
15614	▁चढ़ाकर
15615	▁चुनता
15616	▁जांचे
15617	▁जेन
15618	▁टिकट
15619	▁ढ
15620	▁दिख
15621	▁नामकरण
15622	▁पूर्वबताया
15623	▁प्रोत्साहक
15624	▁फितरत
15625	▁फुर्ती
15626	▁बर्बाद
15627	▁मन्द
15628	▁मोह
15629	▁योगदान
15630	▁रेगुलर
15631	▁विजयी
15632	▁सीखिए
15633	bah
15634	safe
15635	through
15636	आगे
15637	पद
15638	मिनट
15639	ेक्ट
15640	ैन
15641	▁Act
15642	▁Ge
15643	▁Given
15644	▁Glade
15645	▁Jo
15646	▁Knorr
15647	▁Queen
15648	▁achieved
15649	▁achievement
15650	▁amid
15651	▁beheld
15652	▁cdrecord
15653	▁commissioned
15654	▁confront
15655	▁destroying
15656	▁earthquakes
15657	▁fold
15658	▁hence
15659	▁households
15660	▁hypocritical
15661	▁inactive
15662	▁justify
15663	▁metadata
15664	▁pointing
15665	▁presently
15666	▁retriev
15667	▁st
15668	▁threatening
15669	▁typical
15670	▁wing
15671	▁अणु
15672	▁अन्
15673	▁ग़
15674	▁घिनौने
15675	▁छाँव
15676	▁छिपाएँ
15677	▁ढूँढ
15678	▁नर्म
15679	▁परदेस
15680	▁मश
15681	▁विश्वसनीय
15682	▁शुक्रवार
15683	▁सांख्यिकी
15684	▁सुझा
15685	▁हाउस
15686	Just
15687	Praise
15688	button
15689	phi
15690	चूर
15691	रॉन
15692	▁5)
15693	▁Alt
15694	▁Amen
15695	▁Cyprus
15696	▁Grid
15697	▁Icons
15698	▁Rotation
15699	▁Silas
15700	▁Submit
15701	▁Training
15702	▁Zero
15703	▁alternative
15704	▁appearing
15705	▁chest
15706	▁doings
15707	▁favoured
15708	▁genetic
15709	▁giver
15710	▁grip
15711	▁guidelines
15712	▁lied
15713	▁marrying
15714	▁petitions
15715	▁protocols
15716	▁shop
15717	▁tire
15718	▁vector
15719	▁vulnerable
15720	▁wholly
15721	▁अगुवों
15722	▁कब्ज़ा
15723	▁काटे
15724	▁गणित
15725	▁गिरते
15726	▁चाप
15727	▁जनसंख्या
15728	▁टूटा
15729	▁टेलिफोन
15730	▁पुनर्भंडार
15731	▁पूर्णता
15732	▁प्रांत
15733	▁बेतेल
15734	▁भाले
15735	▁मंगल
15736	▁रखोगे
15737	▁रवाना
15738	GB
15739	Undo
15740	open
15741	rc
15742	आत्मा
15743	किलें
15744	गत
15745	निकटवर्ती
15746	रिया
15747	सू
15748	▁Circle
15749	▁Copies
15750	▁Golden
15751	▁Jas
15752	▁Mahjongg
15753	▁Persia
15754	▁abominations
15755	▁autocompletion
15756	▁believeth
15757	▁bitterness
15758	▁courts
15759	▁deceased
15760	▁lust
15761	▁nobody
15762	▁prisoner
15763	▁restarted
15764	▁rightful
15765	▁summoned
15766	▁sunset
15767	▁tape
15768	▁teenage
15769	▁undone
15770	▁vineyard
15771	▁weeds
15772	▁अंतर्गत
15773	▁अंत्य
15774	▁अनन्तकाल
15775	▁अपारदर्शिता
15776	▁असफलता
15777	▁उतरी
15778	▁करुँ
15779	▁खज़ाना
15780	▁चौपाए
15781	▁जिम
15782	▁तत्पर
15783	▁ताज़ी
15784	▁नातान
15785	▁प्रताप
15786	▁प्रातः
15787	▁बचो
15788	▁बढ़ाए
15789	▁मरीज़ों
15790	▁मोहम्मद
15791	▁युवक
15792	▁रुप
15793	▁विक्रेता
15794	▁समन्दर
15795	▁सुथर
15796	▁सॆ
15797	Mac
15798	Post
15799	gra
15800	ji
15801	nces
15802	ric
15803	ros
15804	ढीले
15805	पास
15806	मैन
15807	▁BCC
15808	▁Congratulations
15809	▁Helper
15810	▁Jesse
15811	▁Multi
15812	▁Plan
15813	▁Praiseworthy
15814	▁Religious
15815	▁Switzerland
15816	▁copper
15817	▁eagle
15818	▁encompassed
15819	▁enormous
15820	▁furnace
15821	▁inches
15822	▁incite
15823	▁lodging
15824	▁proclamation
15825	▁prosperous
15826	▁prostrated
15827	▁seemingly
15828	▁seest
15829	▁shortcut
15830	▁skies
15831	▁toggle
15832	▁wanna
15833	▁wastebasket
15834	▁अनादर
15835	▁अश्लील
15836	▁उचक
15837	▁एदोम
15838	▁कार्यान्वयन
15839	▁खज़ान
15840	▁घाव
15841	▁जम
15842	▁टूलबा
15843	▁तालिब
15844	▁दिखानेवाले
15845	▁धँस
15846	▁नाओमी
15847	▁पड़ें
15848	▁प्रकाशनों
15849	▁फटा
15850	▁बिटरेट
15851	▁बीमारियाँ
15852	▁मंत्री
15853	▁माएँ
15854	▁मेढ़े
15855	▁हाग्गै
15856	500
15857	Cc
15858	Oh
15859	_%
15860	ऑ
15861	क्यू
15862	थी
15863	मीरी
15864	यहूद
15865	िग
15866	▁Alone
15867	▁Ham
15868	▁Immediately
15869	▁Tu
15870	▁binary
15871	▁consistent
15872	▁creative
15873	▁deck
15874	▁devised
15875	▁hesitate
15876	▁impress
15877	▁kills
15878	▁lovely
15879	▁pi
15880	▁prodigal
15881	▁representatives
15882	▁suffice
15883	▁transfusions
15884	▁watered
15885	▁अदृश्
15886	▁उसूल
15887	▁खोजना
15888	▁गिड़गिड़ाकर
15889	▁चाय
15890	▁चौथाई
15891	▁ज़िम्मा
15892	▁नफा
15893	▁निशाना
15894	▁पहर
15895	▁पुकारे
15896	▁ब्यौरा
15897	▁भूलना
15898	▁मिसल
15899	▁राजकुमार
15900	▁वरीयताएं
15901	▁सॉफ़्टवेयर
15902	▁स्कैनिंग
15903	Eat
15904	Ukrainian
15905	ese
15906	ient
15907	tur
15908	ya
15909	जंग
15910	तीन
15911	्न
15912	▁(%1)
15913	▁1991
15914	▁Boolean
15915	▁Collapse
15916	▁District
15917	▁Jan
15918	▁Northern
15919	▁Originator
15920	▁Units
15921	▁Vincent
15922	▁Water
15923	▁acceptance
15924	▁bone
15925	▁compose
15926	▁decade
15927	▁decrypt
15928	▁horizon
15929	▁mentally
15930	▁murdered
15931	▁palms
15932	▁physician
15933	▁qu
15934	▁refugees
15935	▁removes
15936	▁rings
15937	▁threats
15938	▁trail
15939	▁university
15940	▁अक्लमन्द
15941	▁अच्छाई
15942	▁अनुच्छेद
15943	▁अनुवादित
15944	▁अभिलेखागार
15945	▁आँकड़े
15946	▁आशंका
15947	▁उठाएँ
15948	▁गम्भीर
15949	▁चढ़े
15950	▁चारा
15951	▁ठिकाने
15952	▁पोशाक
15953	▁प्रसिद्ध
15954	▁फिल
15955	▁बुलावा
15956	▁बेईमानी
15957	▁योशिय्याह
15958	▁यौन
15959	▁रकम
15960	▁विपत्तियों
15961	▁शतरंज
15962	▁सर्प
15963	▁हर्षित
15964	▁हल्के
15965	49
15966	Can
15967	EL
15968	ability
15969	ray
15970	shi
15971	sk
15972	ईसा
15973	उपयोक्ता
15974	परिहास
15975	मिक
15976	यूँ
15977	▁4]
15978	▁Anti
15979	▁Diagram
15980	▁Fall
15981	▁Justice
15982	▁Nigeria
15983	▁Provider
15984	▁Share
15985	▁Simeon
15986	▁Sufficient
15987	▁Tent
15988	▁album
15989	▁bottle
15990	▁breathed
15991	▁cries
15992	▁donkey
15993	▁enters
15994	▁heathen
15995	▁mistaken
15996	▁moments
15997	▁mystery
15998	▁niggardly
15999	▁overly
16000	▁stressed
16001	▁trans
16002	▁unrighteousness
16003	▁warners
16004	▁आदतें
16005	▁एक्सटेंशन
16006	▁गरिमा
16007	▁छिपाओ
16008	▁ढूंढ़
16009	▁तख्तों
16010	▁तफसील
16011	▁तोड़ा
16012	▁दुःखद
16013	▁निष्पादन
16014	▁पक
16015	▁पथः
16016	▁पायलट
16017	▁पैच
16018	▁बिलाम
16019	▁बीजशब्द
16020	▁रोबोट
16021	▁लड़कियाँ
16022	▁हस्तचालित
16023	▁हिर
16024	▁हेब्रोन
16025	DN
16026	NW
16027	Tell
16028	bil
16029	db
16030	tes
16031	uch
16032	जीह
16033	विवाद
16034	▁32,
16035	▁97
16036	▁Abigail
16037	▁Bill
16038	▁Compress
16039	▁Critical
16040	▁Effect
16041	▁Envelope
16042	▁Jah
16043	▁Maildir
16044	▁Override
16045	▁Yourself
16046	▁announcement
16047	▁breach
16048	▁chooser
16049	▁construct
16050	▁drama
16051	▁encoder
16052	▁expert
16053	▁fascinating
16054	▁gently
16055	▁instrument
16056	▁leaf
16057	▁liked
16058	▁ordinances
16059	▁originated
16060	▁parsing
16061	▁passages
16062	▁rams
16063	▁rebuke
16064	▁snippets
16065	▁spear
16066	▁terminated
16067	▁timeout
16068	▁trusts
16069	▁undo
16070	▁vegetables
16071	▁weekends
16072	▁अनुभवों
16073	▁आड़े
16074	▁एफ़
16075	▁कहूँ
16076	▁क्लासिक
16077	▁डॉक
16078	▁तश्तरी
16079	▁तेरह
16080	▁दर्शाते
16081	▁दिखाकर
16082	▁धैर्यवान
16083	▁नदियों
16084	▁पारदर्शिता
16085	▁पुनरुत्थित
16086	▁फिरती
16087	▁बरतन
16088	▁बेटियां
16089	▁भर्ती
16090	▁मुत
16091	▁रूकें
16092	▁लेट
16093	▁संयोग
16094	▁१९९५
16095	▁४५
16096	%%)
16097	ecord
16098	iest
16099	mah
16100	अत्यंत
16101	जन्नत
16102	तकब्बुर
16103	दरख्त
16104	दुनयावी
16105	नमाज़
16106	शयातीन
16107	़ाफ़िल
16108	्देशा
16109	▁1440
16110	▁AWAKE
16111	▁Balaam
16112	▁CC
16113	▁Didn
16114	▁Firaun
16115	▁Greater
16116	▁Ke
16117	▁Present
16118	▁Universal
16119	▁VCard
16120	▁Variable
16121	▁Wall
16122	▁accidents
16123	▁bite
16124	▁erring
16125	▁joker
16126	▁madness
16127	▁marvel
16128	▁merchandise
16129	▁overtaken
16130	▁privacy
16131	▁regulations
16132	▁selfishness
16133	▁signing
16134	▁snatch
16135	▁stealing
16136	▁tooltip
16137	▁translate
16138	▁unnecessary
16139	▁{2}
16140	▁आज़मा
16141	▁आपदा
16142	▁गणतंत्र
16143	▁गुन्जा
16144	▁चटिय
16145	▁चेहरों
16146	▁जानशीन
16147	▁दृश्यमान
16148	▁धनुष
16149	▁ध्येय
16150	▁नातेदारों
16151	▁निब्बल्स
16152	▁नियंत्रक
16153	▁निष्कपट
16154	▁परदाज़
16155	▁पहुंचनीय
16156	▁बचते
16157	▁बनेगा
16158	▁मुद्रा
16159	▁मुवाफिक़
16160	▁मैसेज
16161	▁स्रोतों
16162	▁हैलो
16163	Download
16164	cap
16165	default
16166	host
16167	house
16168	png
16169	rt
16170	ward
16171	कान
16172	गम
16173	प्रेम
16174	मुँह
16175	▁1%
16176	▁28]
16177	▁Alif
16178	▁Art
16179	▁Boaz
16180	▁Companions
16181	▁Connected
16182	▁Direction
16183	▁Jezebel
16184	▁Punishment
16185	▁Resize
16186	▁Toward
16187	▁Wi
16188	▁abound
16189	▁capture
16190	▁conjecture
16191	▁fellows
16192	▁formal
16193	▁logical
16194	▁mile
16195	▁passengers
16196	▁rapid
16197	▁restricted
16198	▁thrive
16199	▁worried
16200	▁उतरते
16201	▁क़र
16202	▁गांव
16203	▁गोपित
16204	▁चुक
16205	▁दाँतों
16206	▁दिखाइए
16207	▁धिक्कार
16208	▁पहुंचाया
16209	▁प्रतिकूल
16210	▁फंदे
16211	▁भरता
16212	▁भरना
16213	▁मनसा
16214	▁महामारी
16215	▁यिप्तह
16216	▁वार्ता
16217	▁विकासवाद
16218	▁संपुष्टि
16219	▁सीनै
16220	▁सोचती
16221	▁हांक
16222	21
16223	Please
16224	ify
16225	ok
16226	und
16227	á
16228	अन्य
16229	इसकी
16230	तूबर
16231	ुम
16232	▁Append
16233	▁Big
16234	▁Expected
16235	▁Guinea
16236	▁Naaman
16237	▁Recipient
16238	▁Trumpet
16239	▁allocation
16240	▁aversion
16241	▁beforehand
16242	▁belongeth
16243	▁cured
16244	▁employed
16245	▁generate
16246	▁ladder
16247	▁processed
16248	▁remarks
16249	▁spam
16250	▁specifies
16251	▁standpoint
16252	▁swine
16253	▁thin
16254	▁tour
16255	▁unleavened
16256	▁आंकड़ों
16257	▁खान
16258	▁गंदी
16259	▁गाइड
16260	▁दीनार
16261	▁पर्दा
16262	▁प्रकृति
16263	▁प्रदूषण
16264	▁फ़ोल्डर्स
16265	▁बसाया
16266	▁बारीक
16267	▁बोलनेवाल
16268	▁भागो
16269	▁मिलीं
16270	▁राहेल
16271	▁रेशम
16272	▁वर्गीकरण
16273	▁सहते
16274	▁हस
16275	DAV
16276	First
16277	cent
16278	tain
16279	ंचा
16280	एगा
16281	ढ
16282	लु
16283	ेर
16284	ैम
16285	▁";"
16286	▁1958
16287	▁Di
16288	▁Expression
16289	▁Hath
16290	▁Reuben
16291	▁WAS
16292	▁analyze
16293	▁attempted
16294	▁cleansing
16295	▁collected
16296	▁contemplate
16297	▁den
16298	▁everybody
16299	▁folly
16300	▁forbids
16301	▁instantly
16302	▁knowest
16303	▁lusts
16304	▁mobile
16305	▁provoke
16306	▁riding
16307	▁secretary
16308	▁shy
16309	▁stolen
16310	▁surviving
16311	▁sustained
16312	▁temporarily
16313	▁territories
16314	▁testified
16315	▁अलंग
16316	▁उत्कृष्ट
16317	▁कहावत
16318	▁कॆ
16319	▁क्षति
16320	▁चढ़ाते
16321	▁चाही
16322	▁जलाया
16323	▁झोंके
16324	▁दूषित
16325	▁पदार्थों
16326	▁परीक्षाएँ
16327	▁प्रत्यक्षतः
16328	▁फ़ौरन
16329	▁फार्म
16330	▁फीड
16331	▁ब्रॉउज
16332	▁यूनुस
16333	▁रिवाज़ों
16334	▁रिसोर्स
16335	▁विस्थापित
16336	▁शिक्षकों
16337	▁सचेतक
16338	▁साय
16339	▁सिवाने
16340	▁६०
16341	Young
16342	body
16343	ery
16344	rgg
16345	trees
16346	क्षा
16347	चि
16348	जल
16349	लिंग
16350	स्थान
16351	ोल
16352	्यु
16353	▁1200
16354	▁Downloads
16355	▁Entry
16356	▁Warn
16357	▁averted
16358	▁awareness
16359	▁bell
16360	▁breathe
16361	▁chastity
16362	▁disastrous
16363	▁fake
16364	▁fleeing
16365	▁frames
16366	▁impressive
16367	▁movies
16368	▁rear
16369	▁schemes
16370	▁scribe
16371	▁sentenced
16372	▁sunrise
16373	▁tombs
16374	▁troubles
16375	▁unrepentant
16376	▁usual
16377	▁whither
16378	▁अधिकारों
16379	▁अस्तित्त्व
16380	▁इंटरनॆट
16381	▁कंसोल
16382	▁कब्ज़े
16383	▁करवाया
16384	▁कू
16385	▁गंदगी
16386	▁चढ़ने
16387	▁ज़ख्म
16388	▁तत्त्व
16389	▁दस्त
16390	▁दाँव
16391	▁ध्वनियाँ
16392	▁निर्माता
16393	▁पुकारेगा
16394	▁भाग्य
16395	▁मान्यता
16396	▁माफ़ी
16397	▁रहूँ
16398	▁वंशज
16399	▁सकने
16400	▁सिकोड़ें
16401	▁स्टेज
16402	(_
16403	Alone
16404	Fullscreen
16405	Start
16406	UTF
16407	drop
16408	just
16409	many
16410	option
16411	pt
16412	stone
16413	ओगे
16414	गार
16415	डटे
16416	डेरा
16417	वंश
16418	वेयर
16419	▁19]
16420	▁Bains
16421	▁Border
16422	▁Festival
16423	▁Kenya
16424	▁Management
16425	▁Selector
16426	▁charitable
16427	▁clot
16428	▁coat
16429	▁compact
16430	▁destiny
16431	▁erase
16432	▁headed
16433	▁heartwarming
16434	▁hurled
16435	▁launchable
16436	▁loads
16437	▁loneliness
16438	▁multitudes
16439	▁plays
16440	▁rotate
16441	▁settlement
16442	▁spoils
16443	▁washing
16444	▁आह
16445	▁कहिए
16446	▁कुशलता
16447	▁गड़बड़ी
16448	▁दिखती
16449	▁प्रर्दश
16450	▁फ्रांसीसी
16451	▁बजायी
16452	▁बिताना
16453	▁महोदय
16454	▁मेमो
16455	▁मॉनीटर
16456	▁रफ्तार
16457	▁शास्त्रियों
16458	▁साज़ो
16459	Check
16460	Follow
16461	each
16462	ison
16463	mpathy
16464	rag
16465	आपको
16466	रंग
16467	ल्यू
16468	शरीर
16469	सम
16470	सरासर
16471	सुन
16472	िप
16473	▁57
16474	▁Arabs
16475	▁Assign
16476	▁Assuredly
16477	▁Devhelp
16478	▁Limit
16479	▁Messaging
16480	▁Monday
16481	▁Pay
16482	▁Rate
16483	▁SVCD
16484	▁Suddenly
16485	▁actively
16486	▁characteristics
16487	▁circumcision
16488	▁compensation
16489	▁detestable
16490	▁devastated
16491	▁foolishness
16492	▁gpg
16493	▁logging
16494	▁ne
16495	▁nickname
16496	▁progeny
16497	▁publishing
16498	▁redeemed
16499	▁reflection
16500	▁rises
16501	▁sixty
16502	▁अंतरफलक
16503	▁अधिसूचित
16504	▁इश्
16505	▁उठेगा
16506	▁कोड़े
16507	▁ज़बानी
16508	▁ठहराव
16509	▁नाले
16510	▁पेशकश
16511	▁बिठा
16512	▁भूलें
16513	▁मर्ज़
16514	▁महासभा
16515	▁माननी
16516	▁मास्क
16517	▁सर्वश्रेष्ठ
16518	▁साठ
16519	@%
16520	Block
16521	free
16522	gue
16523	ix
16524	where
16525	वरशासित
16526	सबको
16527	हायपर
16528	▁1931
16529	▁Widgets
16530	▁amounts
16531	▁ample
16532	▁blameless
16533	▁bury
16534	▁closest
16535	▁commend
16536	▁computers
16537	▁debts
16538	▁electronic
16539	▁feeds
16540	▁fountains
16541	▁honestly
16542	▁injured
16543	▁kindred
16544	▁locusts
16545	▁movie
16546	▁nakedness
16547	▁perished
16548	▁pope
16549	▁sect
16550	▁shadows
16551	▁struggled
16552	▁toolbars
16553	▁wool
16554	▁workday
16555	▁अगुवे
16556	▁कॉलेज
16557	▁क्ल
16558	▁गर्दनों
16559	▁घबराहट
16560	▁जानलेवा
16561	▁थके
16562	▁दर्जा
16563	▁दिखला
16564	▁नपी
16565	▁निपटा
16566	▁परिवर्तनीय
16567	▁पर्ब्ब
16568	▁प्राचीनकाल
16569	▁प्लगइन्स
16570	▁प्लस
16571	▁बाजार
16572	▁बेखबर
16573	▁मकड़ी
16574	▁मुद्दों
16575	▁रुख
16576	▁संरूप
16577	▁स्माइली
16578	.245
16579	72
16580	ges
16581	lit
16582	ore
16583	ov
16584	say
16585	आग
16586	आसमान
16587	उसको
16588	रहित
16589	स्व
16590	▁1952
16591	▁Abi
16592	▁Baruch
16593	▁Property
16594	▁Target
16595	▁Tux
16596	▁confined
16597	▁examined
16598	▁exult
16599	▁frustrated
16600	▁grandmother
16601	▁harbor
16602	▁maintainer
16603	▁perverse
16604	▁plagues
16605	▁rarely
16606	▁repents
16607	▁roaring
16608	▁synagogues
16609	▁tendencies
16610	▁अक्लमंदी
16611	▁कटोरे
16612	▁कस
16613	▁कुर्त
16614	▁गो
16615	▁घिर
16616	▁ज़ैतून
16617	▁जेब
16618	▁झिझक
16619	▁नाटक
16620	▁पहचाने
16621	▁पाला
16622	▁प्रभुत्व
16623	▁बधिर
16624	▁मार्टिन
16625	▁मिलाया
16626	▁मौजूदगी
16627	▁यूआईडी
16628	▁रिबका
16629	▁लाई
16630	▁व्याकुल
16631	▁सलामत
16632	▁हक़ीक़त
16633	▁हिदायतों
16634	▁हुर
16635	form
16636	rah
16637	ँग
16638	शूर
16639	ूनी
16640	्यो
16641	▁1942
16642	▁Gold
16643	▁Institute
16644	▁Lam
16645	▁Leads
16646	▁Makkah
16647	▁Observe
16648	▁Zedekiah
16649	▁boundaries
16650	▁compass
16651	▁competent
16652	▁estimate
16653	▁lamps
16654	▁mis
16655	▁prays
16656	▁reproof
16657	▁retrieved
16658	▁shader
16659	▁strategy
16660	▁strip
16661	▁switch
16662	▁ultimately
16663	▁अन्तर
16664	▁उम
16665	▁उह
16666	▁एटीक
16667	▁औसतन
16668	▁कुकी
16669	▁खातों
16670	▁खुदाई
16671	▁ग्यारह
16672	▁टायर
16673	▁तमाशा
16674	▁नशील
16675	▁बरताव
16676	▁बूढ़ी
16677	▁ब्राउजिंग
16678	▁मुसीबतें
16679	▁राजगद्दी
16680	▁वेबकैम
16681	▁सदिश
16682	▁समीकरण
16683	▁हार्दिक
16684	0.
16685	Description
16686	ama
16687	art
16688	ils
16689	into
16690	load
16691	nne
16692	seed
16693	tree
16694	zone
16695	तबार
16696	सूर
16697	हाए
16698	ॉट
16699	▁27]
16700	▁86
16701	▁AtkHyper
16702	▁Babylonians
16703	▁Cop
16704	▁Pop
16705	▁President
16706	▁Roll
16707	▁Sets
16708	▁Snippets
16709	▁Syntax
16710	▁URLs
16711	▁comforts
16712	▁dost
16713	▁exceedingly
16714	▁fond
16715	▁forbade
16716	▁insects
16717	▁onward
16718	▁pixmap
16719	▁purple
16720	▁sorcerer
16721	▁styles
16722	▁temp
16723	▁अगुवा
16724	▁इल्ली
16725	▁उकाब
16726	▁उत्सव
16727	▁कड़क
16728	▁कर्नेल
16729	▁खींचा
16730	▁गँवा
16731	▁गर्भपात
16732	▁चित्त
16733	▁ढूंढ़ने
16734	▁त्रुटियाँ
16735	▁निर्मल
16736	▁पहिचान
16737	▁प्यारा
16738	▁प्रतिज्ञात
16739	▁मं
16740	▁महानद
16741	▁महिलाओं
16742	▁मुक़ाबला
16743	▁मुबारक
16744	▁लबानोन
16745	▁लाजवाब
16746	▁व्यापारी
16747	▁समाई
16748	▁हार्ड
16749	78
16750	Link
16751	MY
16752	dec
16753	folder
16754	los
16755	press
16756	अर
16757	क़त
16758	लर
16759	▁Answers
16760	▁Depth
16761	▁Dock
16762	▁Enjoy
16763	▁Forgiveness
16764	▁Philippines
16765	▁Shechem
16766	▁blesses
16767	▁coin
16768	▁hides
16769	▁humiliated
16770	▁impart
16771	▁importing
16772	▁intellectual
16773	▁lacked
16774	▁lightened
16775	▁newborn
16776	▁pardoned
16777	▁pause
16778	▁recording
16779	▁saves
16780	▁uncircumcised
16781	▁warmth
16782	▁weaker
16783	▁worthwhile
16784	▁आमीन
16785	▁आयाम
16786	▁उल्टे
16787	▁एड
16788	▁कंजूस
16789	▁कहर
16790	▁क़ाय
16791	▁चेतावनियों
16792	▁जाये
16793	▁तख्त
16794	▁दरजा
16795	▁परिणामों
16796	▁फर
16797	▁फूलों
16798	▁फ्रेंच
16799	▁भयभीत
16800	▁भौग
16801	▁लागत
16802	▁सकूँ
16803	▁सूद
16804	▁हकदार
16805	▁१००
16806	26
16807	AIN
16808	RW
16809	che
16810	chi
16811	direct
16812	dpi
16813	eb
16814	five
16815	shell
16816	table
16817	ंधी
16818	पूर्व
16819	ाब
16820	िब
16821	▁35:
16822	▁84
16823	▁Balance
16824	▁Bath
16825	▁Comfort
16826	▁Da
16827	▁Hu
16828	▁Min
16829	▁Sudoku
16830	▁Together
16831	▁[1
16832	▁appealed
16833	▁brand
16834	▁circumcised
16835	▁crucial
16836	▁deceptive
16837	▁digiKam
16838	▁doubled
16839	▁empathy
16840	▁ho
16841	▁identifie
16842	▁instituted
16843	▁lit
16844	▁oneself
16845	▁perpetual
16846	▁plight
16847	▁prostitution
16848	▁scoff
16849	▁subdued
16850	▁unlike
16851	▁valued
16852	▁इलाका
16853	▁ऑक्सीजन
16854	▁क़ा
16855	▁केंद्रीय
16856	▁खाएगा
16857	▁गड़बड़
16858	▁चिंघाड़
16859	▁चौथी
16860	▁टोकन
16861	▁ट्रांस
16862	▁डेमन
16863	▁तोड़कर
16864	▁दशमांश
16865	▁दानिरयेल
16866	▁दुगन
16867	▁नमक
16868	▁पड़ोस
16869	▁बचता
16870	▁बाँधे
16871	▁भागकर
16872	▁मिस
16873	▁यकायक
16874	▁लानेवाले
16875	▁सनातन
16876	▁सुनाए
16877	▁हाईलाइट
16878	cl
16879	forever
16880	http
16881	ised
16882	post
16883	tz
16884	ying
16885	जांच
16886	धरा
16887	नता
16888	निक
16889	मदद
16890	यानी
16891	▁1988
16892	▁Alice
16893	▁Alignment
16894	▁Blog
16895	▁California
16896	▁Chance
16897	▁Changed
16898	▁Columns
16899	▁Disabled
16900	▁Extension
16901	▁Freedom
16902	▁Hor
16903	▁Levite
16904	▁Malcolm
16905	▁Mis
16906	▁Option
16907	▁Own
16908	▁Parent
16909	▁Root
16910	▁Slide
16911	▁Unnamed
16912	▁blinded
16913	▁charset
16914	▁chronic
16915	▁conference
16916	▁council
16917	▁countenance
16918	▁disdain
16919	▁excited
16920	▁foreigner
16921	▁freezing
16922	▁graph
16923	▁kitchen
16924	▁materialistic
16925	▁originates
16926	▁ox
16927	▁passion
16928	▁pending
16929	▁pulled
16930	▁quarter
16931	▁questioning
16932	▁resume
16933	▁stead
16934	▁tail
16935	▁upgrading
16936	▁worm
16937	▁yearn
16938	▁अभिलाषाओं
16939	▁आईसीक्यू
16940	▁कल्याण
16941	▁काटकर
16942	▁चंग
16943	▁जीतने
16944	▁जू
16945	▁ज्यों
16946	▁डिस्कनेक्टेड
16947	▁डेटाबेस
16948	▁दाखलता
16949	▁दुष्टात्मा
16950	▁पक्षपात
16951	▁प्रतियोगिता
16952	▁बेपरवा
16953	▁बैठना
16954	▁मानिए
16955	▁मिश्रण
16956	▁मूस
16957	▁मैन
16958	▁लेनदेन
16959	▁हनन्याह
16960	(2)
16961	360
16962	Jews
16963	Page
16964	Today
16965	Up
16966	again
16967	cha
16968	hold
16969	ight
16970	lah
16971	recognised
16972	yl
16973	इस्लाम
16974	डीपीआई
16975	▁Miss
16976	▁Portugal
16977	▁Servants
16978	▁Sheba
16979	▁Snippet
16980	▁Thessalonica
16981	▁Valley
16982	▁Zealand
16983	▁begged
16984	▁burdened
16985	▁caret
16986	▁da
16987	▁designated
16988	▁dire
16989	▁disagree
16990	▁distracted
16991	▁dragon
16992	▁emblems
16993	▁fits
16994	▁moderate
16995	▁percentage
16996	▁stability
16997	▁unlock
16998	▁wheels
16999	▁इन्तेज़ा
17000	▁किस्से
17001	▁घटाएँ
17002	▁चहर
17003	▁चिड़िया
17004	▁छिपाने
17005	▁जानेंगे
17006	▁जिप
17007	▁थाम
17008	▁दुर्बल
17009	▁नील
17010	▁पारित
17011	▁पीला
17012	▁पूर्णस्क्रीन
17013	▁पैचेस
17014	▁बेसब्र
17015	▁मदों
17016	▁मिस्री
17017	▁यतीमों
17018	▁वयस्क
17019	▁सम्भावना
17020	▁सर्व
17021	▁सिवाना
17022	▁सेकंड
17023	▁स्टार्ट
17024	La
17025	Messages
17026	]."
17027	aib
17028	base
17029	pot
17030	rou
17031	इम्तेहान
17032	ईधन
17033	ख़बर
17034	ग़फलत
17035	त्व
17036	बिहान
17037	बुरा
17038	बैठे
17039	मुक़र्रर
17040	यूसुफ
17041	राहे
17042	लू
17043	सजदा
17044	ॆल
17045	▁1944
17046	▁1953
17047	▁Ethiopian
17048	▁Keywords
17049	▁Maintainer
17050	▁Reach
17051	▁Regardless
17052	▁absent
17053	▁adolescent
17054	▁afar
17055	▁animated
17056	▁builds
17057	▁classmates
17058	▁codec
17059	▁com
17060	▁decrees
17061	▁distribute
17062	▁dominated
17063	▁fork
17064	▁formation
17065	▁herein
17066	▁ignoring
17067	▁logic
17068	▁maintenance
17069	▁necessity
17070	▁obligatory
17071	▁ordinance
17072	▁owned
17073	▁pouring
17074	▁professed
17075	▁proportion
17076	▁spelling
17077	▁stoned
17078	▁unselfish
17079	▁vocabulary
17080	▁अभिवादन
17081	▁अशुद्धता
17082	▁उतरे
17083	▁कैलेण्डर
17084	▁क्विक
17085	▁खासियत
17086	▁ग़फ़
17087	▁गीतसूची
17088	▁चारपा
17089	▁ज़र्रा
17090	▁तज़किर
17091	▁ताबेए
17092	▁थो
17093	▁नव
17094	▁नातेदार
17095	▁पड़ेगे
17096	▁पांति
17097	▁पुरस्कार
17098	▁फ़ील्ड
17099	▁फिरकर
17100	▁बंदरगाह
17101	▁बेल
17102	▁बॉध
17103	▁बोगोफिल्टर
17104	▁मख़लूक़ात
17105	▁मेलर
17106	▁रुह
17107	▁सचेतकर्त
17108	▁सुनेगा
17109	245
17110	IA
17111	Un
17112	run
17113	ड़ों
17114	प्रेषित
17115	▁**
17116	▁800
17117	▁Blaze
17118	▁Brothers
17119	▁Mordecai
17120	▁Offset
17121	▁Person
17122	▁Uploading
17123	▁Verse
17124	▁arises
17125	▁bestows
17126	▁buying
17127	▁confidential
17128	▁depths
17129	▁devise
17130	▁distressing
17131	▁exquisite
17132	▁insist
17133	▁investment
17134	▁legally
17135	▁proceeding
17136	▁removal
17137	▁responding
17138	▁stirred
17139	▁thrones
17140	▁withdrew
17141	▁अचयनित
17142	▁आऊंगा
17143	▁आबंटित
17144	▁उठती
17145	▁उड़ाए
17146	▁उमड़
17147	▁कारीगर
17148	▁कॉन्करर
17149	▁क्रमहीन
17150	▁गुच्छे
17151	▁चिन्हों
17152	▁ताने
17153	▁दुर्भाग्य
17154	▁निर्णायक
17155	▁निस्पंद
17156	▁परिस्थितियाँ
17157	▁पहाड़ो
17158	▁पृथक
17159	▁पोर्नोग्राफी
17160	▁फॉर्म
17161	▁भक्त
17162	▁मास्टर
17163	▁विशेषकर
17164	▁संस्थापना
17165	")
17166	)],
17167	Hearer
17168	Mail
17169	angels
17170	dir
17171	isation
17172	lot
17173	pen
17174	teth
17175	zip
17176	ंगी
17177	तुमने
17178	दुष्ट
17179	बच्चे
17180	बुरी
17181	बू
17182	ाल
17183	ेबल
17184	▁11]
17185	▁73
17186	▁Average
17187	▁CRL
17188	▁DN
17189	▁Disk
17190	▁Guard
17191	▁Medical
17192	▁Portuguese
17193	▁Proclaimers
17194	▁Recipients
17195	▁Timeout
17196	▁Views
17197	▁[%
17198	▁cipher
17199	▁comp
17200	▁differently
17201	▁discovery
17202	▁disturbed
17203	▁expecting
17204	▁fairly
17205	▁farmers
17206	▁healthful
17207	▁herd
17208	▁hostname
17209	▁infection
17210	▁inscribed
17211	▁inward
17212	▁mightier
17213	▁nervous
17214	▁pertain
17215	▁prayerful
17216	▁renewed
17217	▁snake
17218	▁अनुभवी
17219	▁अबीगैल
17220	▁ऑफ़
17221	▁किस्सा
17222	▁कौशल
17223	▁गिना
17224	▁घूस
17225	▁तरो
17226	▁देहात
17227	▁निवेश
17228	▁नीले
17229	▁फरियाद
17230	▁फ़िर
17231	▁बनानेवाला
17232	▁बाँटें
17233	▁बैठता
17234	▁लाबान
17235	▁शब्दावली
17236	▁सजा
17237	▁सलाहकार
17238	/_
17239	Format
17240	Restart
17241	XDG
17242	ert
17243	ied
17244	isofs
17245	lon
17246	od
17247	},
17248	ंच
17249	उनमें
17250	एआर
17251	कर्म
17252	घोषक
17253	धन
17254	पिता
17255	ियुस
17256	▁Accordingly
17257	▁Cc
17258	▁Drafts
17259	▁Eleazar
17260	▁Form
17261	▁Hint
17262	▁Jeeves
17263	▁OS
17264	▁Private
17265	▁Rehoboam
17266	▁Scientific
17267	▁Watching
17268	▁Wood
17269	▁celebrated
17270	▁dig
17271	▁fellowship
17272	▁float
17273	▁horsemen
17274	▁imagination
17275	▁inspire
17276	▁introduce
17277	▁misunderstand
17278	▁photograph
17279	▁platform
17280	▁propaganda
17281	▁rabbis
17282	▁relieved
17283	▁reporting
17284	▁somebody
17285	▁squares
17286	▁stays
17287	▁translators
17288	▁vice
17289	▁अन्ताकिया
17290	▁इत्
17291	▁इस्त्राएली
17292	▁उपचार
17293	▁कोढ़ी
17294	▁गामा
17295	▁गुम्मट
17296	▁घुटनों
17297	▁चाचा
17298	▁चेतावनियाँ
17299	▁फ़ाय
17300	▁फूले
17301	▁फेंका
17302	▁बदर
17303	▁बनानेवाले
17304	▁बाबेल
17305	▁मरवा
17306	▁मेहमानों
17307	▁रॉक
17308	▁लाभप्रद
17309	▁विस्फोट
17310	▁शासकों
17311	▁श्रीमती
17312	400
17313	Line
17314	PT
17315	Whoever
17316	born
17317	je
17318	space
17319	were
17320	आओ
17321	जैसा
17322	तु
17323	यूब
17324	रह
17325	▁410401
17326	▁Majesty
17327	▁Optional
17328	▁Polish
17329	▁SDL
17330	▁Sum
17331	▁Tyre
17332	▁bomb
17333	▁chamber
17334	▁concentrate
17335	▁console
17336	▁crucified
17337	▁derived
17338	▁detected
17339	▁dishonest
17340	▁doomed
17341	▁evangelizer
17342	▁exceeding
17343	▁extensions
17344	▁failing
17345	▁farmer
17346	▁gp
17347	▁hindered
17348	▁implementation
17349	▁indignation
17350	▁measuring
17351	▁mocking
17352	▁pop
17353	▁potentially
17354	▁procedure
17355	▁races
17356	▁reassuring
17357	▁regain
17358	▁retreat
17359	▁scrolls
17360	▁seasons
17361	▁succession
17362	▁suggestion
17363	▁swords
17364	▁taxes
17365	▁unite
17366	▁अभिमान
17367	▁अवतरण
17368	▁अवरोध
17369	▁आलोक
17370	▁कॉमिक
17371	▁गुरु
17372	▁गुल
17373	▁चितौनियों
17374	▁चे
17375	▁बहाना
17376	▁संकुचित
17377	▁सुरंग
17378	▁हाज़िरी
17379	pho
17380	rid
17381	इसका
17382	कू
17383	ख्ता
17384	दूसरी
17385	फेर
17386	ां
17387	▁Absolute
17388	▁Baptizer
17389	▁Bi
17390	▁Canaanite
17391	▁Cross
17392	▁Effects
17393	▁Green
17394	▁Ser
17395	▁Sources
17396	▁chemical
17397	▁conclusions
17398	▁credentials
17399	▁deserved
17400	▁fatherless
17401	▁fortify
17402	▁grieving
17403	▁imitation
17404	▁joyous
17405	▁majesty
17406	▁massive
17407	▁meanings
17408	▁medication
17409	▁prevents
17410	▁prolonged
17411	▁sadness
17412	▁scaling
17413	▁stdout
17414	▁submitting
17415	▁thereto
17416	▁titles
17417	▁wrongs
17418	▁अधि
17419	▁आसाप
17420	▁कोर्स
17421	▁जरिए
17422	▁जल्दबाज़
17423	▁जिलाया
17424	▁जोड़ों
17425	▁थल
17426	▁दाता
17427	▁पंक्तिबद्ध
17428	▁पहिन
17429	▁पार्क
17430	▁पोर्टः
17431	▁प्रदत्त
17432	▁फलस्वरूप
17433	▁बँधा
17434	▁बनेंगे
17435	▁बर्स्ट
17436	▁बान्धे
17437	▁शक्तिशाली
17438	▁शत्रुता
17439	▁शोभायमान
17440	▁सलूक
17441	▁सुथरा
17442	▁सुनाना
17443	Bar
17444	Every
17445	Server
17446	TH
17447	atic
17448	bu
17449	come
17450	ong
17451	struct
17452	अन्तिम
17453	वेस्टर्न
17454	स्वर्ग
17455	हैं
17456	ोप
17457	▁139
17458	▁2000,
17459	▁250
17460	▁Canadian
17461	▁Eight
17462	▁Errors
17463	▁OR
17464	▁Philistine
17465	▁Savior
17466	▁Syrians
17467	▁Tags
17468	▁Te
17469	▁agents
17470	▁autocomplete
17471	▁crossed
17472	▁du
17473	▁flames
17474	▁happier
17475	▁im
17476	▁inch
17477	▁intelligence
17478	▁migrated
17479	▁risen
17480	▁risks
17481	▁threshold
17482	▁tip
17483	▁uncertain
17484	▁whil
17485	▁अंगार
17486	▁अंग्रेजी
17487	▁उत्सुक
17488	▁गिरी
17489	▁गु
17490	▁गुज़रने
17491	▁चौथे
17492	▁चौदह
17493	▁ज़ीन
17494	▁डिज़ीकैम
17495	▁तड़प
17496	▁पर्वतों
17497	▁फ़ीड
17498	▁फील्ड
17499	▁मात
17500	▁मित्रा
17501	▁मिलें
17502	▁युवजन
17503	▁वर्णनः
17504	▁संख्याएँ
17505	▁होटल
17506	Torah
17507	ada
17508	both
17509	enter
17510	gods
17511	normal
17512	दामन
17513	पंक्ति
17514	ल्स
17515	वविद्यालय
17516	िता
17517	ीगृह
17518	ीम
17519	४४
17520	▁110
17521	▁Forever
17522	▁Insight
17523	▁Jean
17524	▁KB
17525	▁Natural
17526	▁RFC
17527	▁Signal
17528	▁Suppose
17529	▁Wastebasket
17530	▁YOUR
17531	▁absorbed
17532	▁agony
17533	▁blindly
17534	▁celestial
17535	▁expresses
17536	▁festivals
17537	▁keeper
17538	▁lure
17539	▁performance
17540	▁recognise
17541	▁refusing
17542	▁rites
17543	▁surround
17544	▁turmoil
17545	▁vines
17546	▁wounded
17547	▁अर्
17548	▁आकर्षक
17549	▁आदर्शों
17550	▁इच्छाएँ
17551	▁कनानी
17552	▁कसदियों
17553	▁खूबसूरती
17554	▁चोख
17555	▁जुट
17556	▁ज्वालामुखी
17557	▁फ़िरौन
17558	▁फिलिप्पी
17559	▁बैलों
17560	▁भाईयों
17561	▁माइनस
17562	▁मुकाबला
17563	▁रात्रि
17564	▁रुचि
17565	▁वर्ड
17566	▁वाकिफ़
17567	▁शै
17568	▁शैक्षिक
17569	▁सहना
17570	▁होतीं
17571	Automatic
17572	Bay
17573	CD
17574	bz
17575	cast
17576	eck
17577	level
17578	liness
17579	आख़िरकार
17580	उसमें
17581	पाठ
17582	राज
17583	शाब्दि
17584	ैट
17585	▁Eyes
17586	▁Food
17587	▁Fuck
17588	▁Henry
17589	▁Integrity
17590	▁Mal
17591	▁Problem
17592	▁Respect
17593	▁Written
17594	▁accursed
17595	▁adversaries
17596	▁assure
17597	▁avatar
17598	▁confidently
17599	▁habitations
17600	▁herald
17601	▁inflicted
17602	▁inheritors
17603	▁jump
17604	▁monitor
17605	▁necessities
17606	▁noteworthy
17607	▁originate
17608	▁pot
17609	▁romantic
17610	▁shrink
17611	▁teens
17612	▁terrified
17613	▁terrorism
17614	▁township
17615	▁trick
17616	▁useless
17617	▁अंडे
17618	▁अपवित्रा
17619	▁अर्पण
17620	▁आज्ञाएं
17621	▁एनकोडिंग्स
17622	▁एरिक
17623	▁कॉपियाँ
17624	▁गदहे
17625	▁गाते
17626	▁तर्कसंगत
17627	▁दौड़े
17628	▁नाबाल
17629	▁निगाहों
17630	▁नेताओं
17631	▁पाव
17632	▁पैमाना
17633	▁पौ
17634	▁बरपा
17635	▁बिताया
17636	▁बेबस
17637	▁बै
17638	▁मुद्दा
17639	▁मुस
17640	▁यात्री
17641	▁रसल
17642	▁रोकना
17643	▁लिंग
17644	▁व्यवस्थापक
17645	▁शीशे
17646	▁सै
17647	▁हँसते
17648	▁हड्डी
17649	▁४४
17650	Blank
17651	Christ
17652	TW
17653	aware
17654	ira
17655	know
17656	minutes
17657	well
17658	दारी
17659	वासघात
17660	संदेश
17661	▁1989
17662	▁68
17663	▁Away
17664	▁Bashan
17665	▁CO
17666	▁Permanently
17667	▁Separator
17668	▁Thamood
17669	▁adequate
17670	▁bacteria
17671	▁blossom
17672	▁burial
17673	▁clarify
17674	▁cookies
17675	▁cows
17676	▁define
17677	▁delivers
17678	▁dragged
17679	▁drank
17680	▁enabl
17681	▁inclinations
17682	▁offset
17683	▁purifie
17684	▁raises
17685	▁signals
17686	▁slices
17687	▁steady
17688	▁straw
17689	▁unreasonable
17690	▁van
17691	▁virus
17692	▁अनसेट
17693	▁ईश
17694	▁कुटिलता
17695	▁कुर्सी
17696	▁क्र
17697	▁खिंच
17698	▁गुज़रना
17699	▁चुनकर
17700	▁जलने
17701	▁डूबने
17702	▁दीवट
17703	▁दू
17704	▁नज़ारा
17705	▁पराए
17706	▁पिघल
17707	▁फारस
17708	▁फुहार
17709	▁बोया
17710	▁मर्ज़ी
17711	▁मिटायें
17712	▁मोटे
17713	▁रेड
17714	▁लांच
17715	▁वैधता
17716	▁सर्विस
17717	▁सुस्पष्ट
17718	▁४२
17719	08
17720	33
17721	CT
17722	Therefore
17723	ains
17724	ject
17725	ks
17726	lay
17727	server
17728	खुली
17729	छोटे
17730	तिहीन
17731	लों
17732	लोड
17733	ीना
17734	ेंस
17735	▁1922
17736	▁AI
17737	▁Addresses
17738	▁Along
17739	▁Forbearing
17740	▁Pakistan
17741	▁abyss
17742	▁adjusted
17743	▁approve
17744	▁attract
17745	▁brush
17746	▁ceremony
17747	▁considerate
17748	▁daemon
17749	▁deepen
17750	▁derive
17751	▁descended
17752	▁destitute
17753	▁disgusting
17754	▁draft
17755	▁emphasize
17756	▁enrich
17757	▁excess
17758	▁glance
17759	▁handful
17760	▁hired
17761	▁hotel
17762	▁hunt
17763	▁imminent
17764	▁para
17765	▁pays
17766	▁recit
17767	▁sale
17768	▁surety
17769	▁suspicion
17770	▁आयरलैंड
17771	▁इफि
17772	▁एंडी
17773	▁क़लम
17774	▁खिलाने
17775	▁घनत्व
17776	▁चरबी
17777	▁चलायें
17778	▁जगा
17779	▁जातियां
17780	▁जूझ
17781	▁दीर्घवृत्त
17782	▁धर्मत्यागी
17783	▁निस्सन्देह
17784	▁पिक्समेप
17785	▁पोर
17786	▁प्रकाशकों
17787	▁प्रतीक्षारत
17788	▁प्रस्तुति
17789	▁बसने
17790	▁बिछौना
17791	▁मेहनती
17792	▁विषमता
17793	▁वॉ
17794	0,000
17795	TEXT
17796	Tools
17797	did
17798	ire
17799	ral
17800	दृष्टि
17801	प्रवर्तन
17802	बाहर
17803	▁104
17804	▁1920
17805	▁78
17806	▁Impossible
17807	▁Laban
17808	▁Lead
17809	▁Music
17810	▁Promise
17811	▁Sulaiman
17812	▁TRUE
17813	▁VoIP
17814	▁advise
17815	▁aggressive
17816	▁cloth
17817	▁compel
17818	▁cunning
17819	▁decides
17820	▁evangelizers
17821	▁farther
17822	▁fro
17823	▁gotten
17824	▁grounds
17825	▁identifier
17826	▁impose
17827	▁lump
17828	▁pitched
17829	▁pixbuf
17830	▁predict
17831	▁raging
17832	▁repel
17833	▁solved
17834	▁wasted
17835	▁wolf
17836	▁zakat
17837	▁अज्ञानता
17838	▁आराधनालय
17839	▁इनसान
17840	▁उत्सुकता
17841	▁उल्टा
17842	▁कैटालॉग
17843	▁गाल
17844	▁ग्नू
17845	▁चिताया
17846	▁ज़रुरत
17847	▁झोंका
17848	▁ट्रिगर
17849	▁तफ़सील
17850	▁दंग
17851	▁दबाये
17852	▁दासत्व
17853	▁नरमी
17854	▁नामधराई
17855	▁प्रयोजन
17856	▁बारूक
17857	▁बीता
17858	▁भरते
17859	▁भाता
17860	▁माँगे
17861	▁मुड़
17862	▁मोर्दकै
17863	▁रुपये
17864	▁विकासकर्ता
17865	▁व्यू
17866	▁शव
17867	▁शौक
17868	▁सांप
17869	▁स्थितियों
17870	▁हताशा
17871	▁हाम
17872	0.0
17873	00,000
17874	Book
17875	Clean
17876	Flag
17877	Man
17878	Worship
17879	hours
17880	ग्रस्त
17881	ट्स
17882	डीवीडी
17883	न्यू
17884	फ़ाइल
17885	लूत
17886	सज़ा
17887	सेकेंड
17888	्मा
17889	▁Ab
17890	▁Ahaz
17891	▁Analys
17892	▁Elizabeth
17893	▁Em
17894	▁ME
17895	▁Perfect
17896	▁Perform
17897	▁Ram
17898	▁Sad
17899	▁Saved
17900	▁Serial
17901	▁Sidebar
17902	▁Them
17903	▁Thousand
17904	▁Transparency
17905	▁anchor
17906	▁animations
17907	▁attributed
17908	▁behaved
17909	▁breathing
17910	▁contempt
17911	▁controlling
17912	▁dare
17913	▁debate
17914	▁demonstrates
17915	▁diabetes
17916	▁expenses
17917	▁extends
17918	▁filesystem
17919	▁ink
17920	▁intervention
17921	▁libburn
17922	▁manners
17923	▁merchants
17924	▁palaces
17925	▁participation
17926	▁petition
17927	▁rebels
17928	▁rewritable
17929	▁roast
17930	▁shouting
17931	▁tablets
17932	▁unmarried
17933	▁verb
17934	▁अग्रसारण
17935	▁आलसी
17936	▁इम
17937	▁गरज
17938	▁घटती
17939	▁घटाने
17940	▁छेड़
17941	▁ज़िद
17942	▁दुक्की
17943	▁नामान
17944	▁पूर्वज
17945	▁पोते
17946	▁प्रवृत्ति
17947	▁बन्दो
17948	▁बेझिझक
17949	▁बेमिसाल
17950	▁मिशन
17951	▁मुख्यतः
17952	▁लेआउट
17953	▁विंडोज
17954	▁समतल
17955	▁सामान्यतः
17956	▁सुनहरा
17957	▁सोलह
17958	▁स्कूलों
17959	▁१९९६
17960	Burn
17961	Debug
17962	Paradise
17963	Reload
17964	Value
17965	Wis
17966	found
17967	ole
17968	once
17969	recognized
17970	ren
17971	slot
17972	vocation
17973	तयशुदा
17974	तेरे
17975	देखें
17976	न्चे
17977	पु
17978	ाम
17979	४
17980	▁1938
17981	▁Appointments
17982	▁Arguments
17983	▁Doom
17984	▁Earlier
17985	▁Expires
17986	▁Friends
17987	▁Op
17988	▁Respond
17989	▁Sch
17990	▁Shrink
17991	▁String
17992	▁Super
17993	▁TCP
17994	▁aging
17995	▁bewitched
17996	▁boss
17997	▁canvas
17998	▁coral
17999	▁dominate
18000	▁fragments
18001	▁generated
18002	▁greeted
18003	▁inferior
18004	▁lake
18005	▁lesser
18006	▁loop
18007	▁mercies
18008	▁movements
18009	▁overflow
18010	▁perfected
18011	▁progressively
18012	▁prompts
18013	▁revives
18014	▁sincerity
18015	▁spiritism
18016	▁superiority
18017	▁surroundings
18018	▁आंधी
18019	▁आत्महत्या
18020	▁इतरात
18021	▁उंडेल
18022	▁उभार
18023	▁उभारता
18024	▁कण
18025	▁काज
18026	▁गिड़गिड़ा
18027	▁घिरा
18028	▁ज़माना
18029	▁ठंडे
18030	▁ढल
18031	▁नमूने
18032	▁नाना
18033	▁नानी
18034	▁परखा
18035	▁प्रचलित
18036	▁फ़रियाद
18037	▁फैसलों
18038	▁बेचने
18039	▁बेतलेहेम
18040	▁मशवर
18041	▁मार्गदर्शक
18042	▁मोड़ते
18043	▁याहू
18044	▁लपक
18045	▁लाती
18046	▁विधवाओं
18047	▁विलास
18048	▁सँभालने
18049	▁सीना
18050	▁सीलास
18051	▁१९९७
18052	ENT
18053	IM
18054	PP
18055	ani
18056	atory
18057	ction
18058	hood
18059	mag
18060	mat
18061	nah
18062	pleased
18063	sendmail
18064	whereupon
18065	win
18066	उन्होंने
18067	चढ़कर
18068	दूसरों
18069	मनी
18070	हंसते
18071	हराम
18072	ीस
18073	▁2"
18074	▁ALL
18075	▁Apollos
18076	▁Calculator
18077	▁Channel
18078	▁GnuPG
18079	▁Hang
18080	▁Identity
18081	▁Jim
18082	▁Mobile
18083	▁Rejoice
18084	▁Salvation
18085	▁Threads
18086	▁Untitled
18087	▁booklet
18088	▁calamities
18089	▁cleared
18090	▁continent
18091	▁counting
18092	▁courses
18093	▁criticism
18094	▁forming
18095	▁grandchildren
18096	▁herbs
18097	▁inevitable
18098	▁lifeless
18099	▁mustered
18100	▁persistent
18101	▁quietly
18102	▁slower
18103	▁subtle
18104	▁succumb
18105	▁transition
18106	▁valleys
18107	▁vehicle
18108	▁vi
18109	▁wo
18110	▁अंजु
18111	▁अद्भुत
18112	▁आतंकवाद
18113	▁ओट
18114	▁कटाई
18115	▁कमा
18116	▁कराई
18117	▁कसबे
18118	▁कालेब
18119	▁ख़तरनाक
18120	▁खिलाते
18121	▁गड़हे
18122	▁चखाएँगे
18123	▁चौड़ा
18124	▁जातीं
18125	▁जादूगरों
18126	▁जीएँगे
18127	▁ठहराएँ
18128	▁परामर्श
18129	▁पहन
18130	▁पाठ्य
18131	▁पिशाचों
18132	▁प्रकार्य
18133	▁फन्द
18134	▁बकरियां
18135	▁बहरों
18136	▁यंत्र
18137	▁रंगीन
18138	▁रहनुमा
18139	▁श्रे
18140	▁संवाददाता
18141	▁समकक्ष
18142	▁सिले
18143	▁सोमवार
18144	▁स्प
18145	▁हस्तक्षेप
18146	36
18147	Big
18148	PG
18149	ches
18150	empty
18151	full
18152	ily
18153	object
18154	peace
18155	row
18156	she
18157	अज़सरतापा
18158	कपटाचारियों
18159	क़ादिर
18160	क़ुदरते
18161	कुफ्फार
18162	जाति
18163	जिबरील
18164	ताबी
18165	दू
18166	नेट
18167	प्रेषक
18168	लिबास
18169	शि
18170	़ीदा
18171	़ुद
18172	ेरे
18173	▁1956
18174	▁Abimelech
18175	▁Assyrian
18176	▁Curve
18177	▁Describe
18178	▁GCompris
18179	▁Humans
18180	▁Ja
18181	▁Orientation
18182	▁Points
18183	▁Selah
18184	▁Smooth
18185	▁Software
18186	▁Stock
18187	▁Workday
18188	▁altered
18189	▁apologize
18190	▁beard
18191	▁bowing
18192	▁bracelets
18193	▁courtyard
18194	▁delusion
18195	▁employer
18196	▁fountain
18197	▁generously
18198	▁lt
18199	▁maidens
18200	▁meta
18201	▁perceptive
18202	▁portents
18203	▁readable
18204	▁reasonableness
18205	▁seduced
18206	▁siblings
18207	▁statistics
18208	▁stricken
18209	▁strictly
18210	▁yeah
18211	▁yielding
18212	▁अज़ीयत
18213	▁अयोग्य
18214	▁आगवाले
18215	▁इख़ते
18216	▁ऐवज़
18217	▁कवि
18218	▁कृपालु
18219	▁कॉफी
18220	▁गाढ़ा
18221	▁गोलियत
18222	▁चंगाई
18223	▁चाहने
18224	▁जमें
18225	▁जुए
18226	▁डाह
18227	▁तवाना
18228	▁दस्तावेज़ों
18229	▁धक्का
18230	▁धुत्कार
18231	▁नेट
18232	▁पर्यावरण
18233	▁पहना
18234	▁पहुँचकर
18235	▁पुर्तगाल
18236	▁फ़तेह
18237	▁बरगुज
18238	▁बरतने
18239	▁बाँधा
18240	▁ब्र
18241	▁मंत्र
18242	▁मक़ाम
18243	▁मख़लूक
18244	▁मछलियाँ
18245	▁मजदूरी
18246	▁माथे
18247	▁मुतावज्जे
18248	▁यकीनन
18249	▁योजनाएँ
18250	▁रफीक़
18251	▁विलियम
18252	▁शु
18253	▁संयोजन
18254	▁सम्मेलनों
18255	▁सरगोश
18256	AND
18257	Alam
18258	Ma
18259	cus
18260	number
18261	oolbar
18262	sta
18263	खडे
18264	खुद
18265	टल
18266	सक्रिय
18267	िज़
18268	ॉल
18269	▁1/2
18270	▁Australian
18271	▁Catalogue
18272	▁Company
18273	▁Ctrl
18274	▁Defaults
18275	▁Sh
18276	▁Sho
18277	▁arriving
18278	▁competition
18279	▁corrected
18280	▁cultivated
18281	▁delegated
18282	▁describing
18283	▁documentation
18284	▁donated
18285	▁entertain
18286	▁factions
18287	▁hateful
18288	▁jail
18289	▁morrow
18290	▁motivates
18291	▁oppressive
18292	▁pocket
18293	▁renamed
18294	▁scarlet
18295	▁scenes
18296	▁schooling
18297	▁sheba
18298	▁shewed
18299	▁shoulders
18300	▁structures
18301	▁volunteer
18302	▁अदृश्य
18303	▁अध्यक्षों
18304	▁अनाम
18305	▁अस
18306	▁इमारतों
18307	▁उपक्रम
18308	▁खेलगंमत
18309	▁घुटने
18310	▁जकड़
18311	▁जीया
18312	▁टोकरी
18313	▁ढलने
18314	▁दब
18315	▁दाखरस
18316	▁दुसर
18317	▁पराक्रम
18318	▁पुनर्प्राप्ति
18319	▁प्रशंसनीय
18320	▁प्रोटेस्टेंट
18321	▁फर्ज
18322	▁बाईं
18323	▁रजिस्टर
18324	▁रोको
18325	▁लाइट
18326	▁वायुमंडल
18327	▁शिकारी
18328	▁सुधर
18329	▁सुनहर
18330	Iesa
18331	Indiana
18332	Status
18333	air
18334	second
18335	}-${
18336	कड़ी
18337	रूपी
18338	ूर
18339	▁-%
18340	▁22)
18341	▁ARTICLES
18342	▁Americans
18343	▁Amorites
18344	▁EXIF
18345	▁Elihu
18346	▁Encyclopædia
18347	▁Firon
18348	▁GUI
18349	▁Gtk
18350	▁Loaded
18351	▁PNG
18352	▁RSVP
18353	▁Reference
18354	▁Register
18355	▁Sweden
18356	▁Widget
18357	▁[50
18358	▁abortion
18359	▁boot
18360	▁challenged
18361	▁cleanness
18362	▁cue
18363	▁cur
18364	▁directs
18365	▁enthusiasm
18366	▁expansion
18367	▁guarding
18368	▁imply
18369	▁interfere
18370	▁outlined
18371	▁painting
18372	▁possesses
18373	▁posts
18374	▁promoting
18375	▁raw
18376	▁reactions
18377	▁requital
18378	▁tri
18379	▁warmly
18380	▁आनंदित
18381	▁एनक्रिप्ट
18382	▁ओवर
18383	▁कनानियों
18384	▁गणक
18385	▁तारीफ़
18386	▁तालाबंद
18387	▁दरख्वास्त
18388	▁दिलाना
18389	▁नाग
18390	▁निरसन
18391	▁परंपरा
18392	▁बीती
18393	▁भटकते
18394	▁मकिदुनिया
18395	▁मीम॰
18396	▁मूठ
18397	▁रेल
18398	▁लायी
18399	▁वंशावली
18400	▁वर्जित
18401	▁शकेम
18402	▁सड़
18403	▁सितारों
18404	Always
18405	fall
18406	such
18407	top
18408	कार्ड
18409	चात्
18410	जीवित
18411	फ़ा
18412	लिया
18413	षित
18414	सामान्य
18415	सों
18416	▁1949
18417	▁Age
18418	▁Almost
18419	▁Austria
18420	▁Conflict
18421	▁Disconnected
18422	▁Jehoiada
18423	▁Keys
18424	▁Louis
18425	▁Pope
18426	▁Sen
18427	▁Subscriptions
18428	▁Vol
18429	▁Website
18430	▁addiction
18431	▁aggression
18432	▁contacted
18433	▁curious
18434	▁dew
18435	▁discharge
18436	▁fragment
18437	▁incomplete
18438	▁loins
18439	▁oppressors
18440	▁presenting
18441	▁prominence
18442	▁remainder
18443	▁rough
18444	▁scared
18445	▁spin
18446	▁suffers
18447	▁supplicate
18448	▁unsaved
18449	▁अंतःकरण
18450	▁अमोरा
18451	▁उत्पीड़न
18452	▁कलंक
18453	▁किससे
18454	▁कृतघ्न
18455	▁खिला
18456	▁छुपाना
18457	▁जुलती
18458	▁ट्रक
18459	▁डबल
18460	▁ढकेल
18461	▁तिरस्कार
18462	▁दादी
18463	▁दीपक
18464	▁निचले
18465	▁पहुँचाएगा
18466	▁फेंकें
18467	▁मिलनेवाला
18468	▁मेटाडाटा
18469	▁रस्म
18470	▁ललकार
18471	▁संगठनों
18472	▁सिलसिल
18473	▁सोर
18474	▁हटाए
18475	▁हादसे
18476	07
18477	Set
18478	comp
18479	ility
18480	low
18481	md
18482	network
18483	should
18484	uri
18485	दिया
18486	विल
18487	साथ
18488	सामने
18489	़ा
18490	▁AT
18491	▁Education
18492	▁Forgiver
18493	▁Heavy
18494	▁Highlights
18495	▁MY
18496	▁Needs
18497	▁Playing
18498	▁Righteous
18499	▁Storing
18500	▁Values
18501	▁Wizard
18502	▁directing
18503	▁discerning
18504	▁expire
18505	▁exposure
18506	▁fan
18507	▁govern
18508	▁hasn
18509	▁hastened
18510	▁hasty
18511	▁highway
18512	▁imp
18513	▁integer
18514	▁mar
18515	▁pestilence
18516	▁prohibit
18517	▁recognised
18518	▁resemble
18519	▁rope
18520	▁screens
18521	▁shopping
18522	▁tick
18523	▁tonight
18524	▁undermine
18525	▁wallet
18526	▁yesterday
18527	▁youngest
18528	▁अथाह
18529	▁अनोखे
18530	▁कक्षों
18531	▁कड़े
18532	▁करेंगें
18533	▁ख्या
18534	▁गत
18535	▁गतिविधियों
18536	▁गरीबों
18537	▁घरेलू
18538	▁चिंटू
18539	▁चिल्लाकर
18540	▁चीर
18541	▁छैया
18542	▁जमाए
18543	▁जांचा
18544	▁ठहरो
18545	▁पाय
18546	▁प्रान्त
18547	▁फाल
18548	▁फिरने
18549	▁फ्रीसेल
18550	▁मोटा
18551	▁मौखिक
18552	▁यूनिवर्सिटी
18553	▁रीडर
18554	▁विकृत
18555	▁व्याधि
18556	▁सहयोगी
18557	▁हलके
18558	50,000
18559	Everyone
18560	SSL
18561	UN
18562	address
18563	ala
18564	bin
18565	here
18566	ried
18567	बाइबल
18568	सारे
18569	स्तर
18570	▁Between
18571	▁Britannica
18572	▁Bézier
18573	▁Czech
18574	▁Discard
18575	▁Gallery
18576	▁NAME
18577	▁Named
18578	▁PSALM
18579	▁Receipt
18580	▁Sovereignty
18581	▁basically
18582	▁conferred
18583	▁disbeliever
18584	▁distort
18585	▁dozen
18586	▁faster
18587	▁generator
18588	▁gospel
18589	▁grandparents
18590	▁legitimate
18591	▁pan
18592	▁procedures
18593	▁proselytes
18594	▁qualifications
18595	▁splendid
18596	▁sprout
18597	▁traces
18598	▁tracts
18599	▁tyrant
18600	▁vowed
18601	▁आइकन
18602	▁इंटर
18603	▁उखड़
18604	▁उत्तेजित
18605	▁उद्योग
18606	▁एलडीएपी
18607	▁कश
18608	▁गुज़ारा
18609	▁ग्र
18610	▁टेम्पलेट
18611	▁ठहराएगा
18612	▁तहस
18613	▁दोहराने
18614	▁निपुण
18615	▁प्यासे
18616	▁फ़िंगरप्रिंट
18617	▁बाला
18618	▁बूँद
18619	▁मच्छर
18620	▁माइक्रो
18621	▁माननेवालों
18622	▁राई
18623	▁हिटलर
18624	▁होशियार
18625	-2022-
18626	62
18627	68
18628	Believe
18629	Disable
18630	Leave
18631	Normal
18632	Read
18633	SCII
18634	clock
18635	copy
18636	iti
18637	lessness
18638	lying
18639	ters
18640	three
18641	घंटे
18642	लाधार
18643	वधिक
18644	संबंधित
18645	▁130
18646	▁Added
18647	▁Argentina
18648	▁Beware
18649	▁Provide
18650	▁Qu
18651	▁Remaining
18652	▁Transfer
18653	▁Ukraine
18654	▁accordingly
18655	▁accusations
18656	▁alpha
18657	▁cling
18658	▁converse
18659	▁criteria
18660	▁defines
18661	▁devising
18662	▁dominant
18663	▁duplicate
18664	▁equip
18665	▁establishment
18666	▁fellowman
18667	▁figs
18668	▁heated
18669	▁intercessor
18670	▁interpret
18671	▁misleading
18672	▁penitent
18673	▁progressed
18674	▁relevant
18675	▁reverse
18676	▁sendmail
18677	▁shouldn
18678	▁skillful
18679	▁spends
18680	▁tension
18681	▁undergo
18682	▁unreachable
18683	▁winning
18684	▁अलविदा
18685	▁आउटबॉक्स
18686	▁आभार
18687	▁आलम
18688	▁ऊ
18689	▁ओवरसियरों
18690	▁कैलेन्डर
18691	▁क्रिस
18692	▁खटक
18693	▁खालें
18694	▁खोया
18695	▁छे
18696	▁जमाने
18697	▁जलते
18698	▁जातियाँ
18699	▁ठहराओ
18700	▁थका
18701	▁नन्हे
18702	▁पतल
18703	▁पहुँचेगी
18704	▁पाकिस्तान
18705	▁मंजिल
18706	▁लोभी
18707	▁वार्षिक
18708	▁विश्लेष
18709	▁संदूक
18710	▁सितारे
18711	▁स्थापना
18712	06
18713	48
18714	GL
18715	bed
18716	card
18717	don
18718	ek
18719	field
18720	makers
18721	sound
18722	ura
18723	ving
18724	फ़े
18725	बुद्धि
18726	रेशन
18727	िय
18728	ेटर
18729	▁91
18730	▁Busy
18731	▁Country
18732	▁Incomplete
18733	▁Magog
18734	▁Mind
18735	▁Sanhedrin
18736	▁Va
18737	▁Val
18738	▁[<
18739	▁advertising
18740	▁arrogantly
18741	▁ascended
18742	▁bequest
18743	▁boxes
18744	▁contest
18745	▁dating
18746	▁entity
18747	▁intellect
18748	▁ju
18749	▁lover
18750	▁manslayer
18751	▁matches
18752	▁operate
18753	▁skilled
18754	▁stubborn
18755	▁tropical
18756	▁unhappy
18757	▁अँधेरे
18758	▁अमुक
18759	▁आर्मेनियाई
18760	▁उत्प
18761	▁कत्ल
18762	▁कप्तान
18763	▁कम्प
18764	▁कराना
18765	▁कार्यक्रमों
18766	▁गद्दी
18767	▁गौरव
18768	▁तूफ़ान
18769	▁दृष्टिगोचर
18770	▁निर्वा
18771	▁निषेधित
18772	▁पीता
18773	▁प्रदेश
18774	▁बचानेवाला
18775	▁बचेगा
18776	▁बेत
18777	▁मच
18778	▁मनश्
18779	▁मन्नत
18780	▁मिस्त्रियों
18781	▁वेश्या
18782	▁सामरिया
18783	▁सोवियत
18784	▁स्क
18785	▁३८
18786	Alas
18787	Face
18788	critical
18789	ew
18790	lt
18791	sign
18792	è
18793	कन
18794	काश
18795	रोम
18796	सात
18797	्वे
18798	▁"%1".
18799	▁Arise
18800	▁Brightness
18801	▁Jezreel
18802	▁Kong
18803	▁Malawi
18804	▁Rules
18805	▁Sensitive
18806	▁Singapore
18807	▁Syrian
18808	▁bands
18809	▁claiming
18810	▁compile
18811	▁compiled
18812	▁condemnation
18813	▁convincing
18814	▁cook
18815	▁drown
18816	▁fetching
18817	▁halt
18818	▁knife
18819	▁lightly
18820	▁persuaded
18821	▁plunge
18822	▁poison
18823	▁registered
18824	▁slaying
18825	▁socket
18826	▁subservient
18827	▁suck
18828	▁thereupon
18829	▁thither
18830	▁wayfarer
18831	▁weakened
18832	▁अंगी
18833	▁अज़
18834	▁अनुवादों
18835	▁काठ
18836	▁गतिशील
18837	▁ग्राम
18838	▁छठा
18839	▁तमन्
18840	▁तुम्हार
18841	▁दहशत
18842	▁दहिनी
18843	▁धोए
18844	▁धोने
18845	▁नासरत
18846	▁निपट
18847	▁पत्नि
18848	▁पहुनाई
18849	▁पानेवाले
18850	▁बँध
18851	▁बटोर
18852	▁बदचलनी
18853	▁बू
18854	▁यिशै
18855	▁वाई
18856	▁सन्तुष्ट
18857	▁हार्डवेयर
18858	>]
18859	OS
18860	Restore
18861	apt
18862	disc
18863	iel
18864	life
18865	phe
18866	plain
18867	tel
18868	tus
18869	करम
18870	धूप
18871	निर्देशिका
18872	ष्
18873	ेक
18874	ैंड
18875	▁1935
18876	▁67
18877	▁Agrippa
18878	▁Bit
18879	▁Cry
18880	▁Duplicate
18881	▁Moon
18882	▁Reverse
18883	▁Sha
18884	▁adverse
18885	▁amass
18886	▁confessed
18887	▁confounded
18888	▁conscientious
18889	▁cooking
18890	▁dash
18891	▁despaired
18892	▁dispersed
18893	▁donor
18894	▁follower
18895	▁ge
18896	▁grains
18897	▁intensely
18898	▁noon
18899	▁notion
18900	▁prefix
18901	▁processing
18902	▁recommends
18903	▁recovered
18904	▁successor
18905	▁tight
18906	▁transparency
18907	▁withheld
18908	▁अठारह
18909	▁अपेक्षित
18910	▁अबीमेलेक
18911	▁इन्स
18912	▁उगा
18913	▁उठाई
18914	▁कालिक
18915	▁चराई
18916	▁चीख़
18917	▁ज्यामिति
18918	▁ढक
18919	▁तराश
18920	▁त्रियेक
18921	▁दबावों
18922	▁पत्थरवाह
18923	▁बनवाना
18924	▁लात
18925	▁लूँ
18926	▁लेटेक्स
18927	▁वस्त्रों
18928	▁वास
18929	▁विधान
18930	▁वेग
18931	▁शताब्दिय
18932	;"
18933	Fear
18934	Generic
18935	Muslims
18936	Of
18937	Plugin
18938	hal
18939	seconds
18940	zi
18941	अन्त
18942	मीटर
18943	सि
18944	स्वाद
18945	ेपर
18946	१९१९
18947	▁Abner
18948	▁Greatest
18949	▁Injeel
18950	▁Invite
18951	▁Jer
18952	▁Mrs
18953	▁Ru
18954	▁Sing
18955	▁Trans
18956	▁adversary
18957	▁afflictive
18958	▁alienated
18959	▁anointing
18960	▁assumed
18961	▁cheerful
18962	▁covetousness
18963	▁depending
18964	▁destroys
18965	▁graduates
18966	▁infants
18967	▁lasted
18968	▁merchant
18969	▁orbit
18970	▁pervert
18971	▁rates
18972	▁reconciled
18973	▁rushing
18974	▁salute
18975	▁schoolmates
18976	▁stronghold
18977	▁sufferings
18978	▁tenderness
18979	▁therapy
18980	▁transformation
18981	▁website
18982	▁°
18983	▁छांटा
18984	▁छुआ
18985	▁झिड़क
18986	▁टाट
18987	▁डेवल
18988	▁दुल्हन
18989	▁प्रकटन
18990	▁बजाना
18991	▁बॉडी
18992	▁शरणस्थान
18993	▁शुभकामना
18994	▁शैतानी
18995	▁सिय्योन
18996	▁हिम
18997	47
18998	Load
18999	Properties
19000	Tasks
19001	far
19002	made
19003	mann
19004	plugin
19005	क्र
19006	तंत्र
19007	ब्ब
19008	वल
19009	ाइड
19010	ॆट
19011	▁"%2"
19012	▁1951
19013	▁Ac
19014	▁Aquila
19015	▁Asher
19016	▁Cave
19017	▁Cheese
19018	▁Elias
19019	▁Express
19020	▁Few
19021	▁Fl
19022	▁Id
19023	▁Netscape
19024	▁Purity
19025	▁Redirect
19026	▁Research
19027	▁Slow
19028	▁Smart
19029	▁Term
19030	▁abused
19031	▁almighty
19032	▁asset
19033	▁bath
19034	▁befriend
19035	▁blew
19036	▁chats
19037	▁cleave
19038	▁coins
19039	▁controversy
19040	▁curtain
19041	▁defile
19042	▁demonstration
19043	▁earns
19044	▁extravagant
19045	▁leap
19046	▁liquid
19047	▁loaves
19048	▁luck
19049	▁lunch
19050	▁obliged
19051	▁overlooked
19052	▁packed
19053	▁perception
19054	▁polluted
19055	▁quarrel
19056	▁sinning
19057	▁strongest
19058	▁temples
19059	▁unprecedented
19060	▁weighty
19061	▁अपवित्र
19062	▁अशांत
19063	▁असबाब
19064	▁आलोचना
19065	▁उपमा
19066	▁कोडेक्स
19067	▁खेलना
19068	▁खौफ
19069	▁गन्दे
19070	▁चूर्ण
19071	▁चौड़ी
19072	▁ज़रूरतमंद
19073	▁ठहराकर
19074	▁डराना
19075	▁दवाइयाँ
19076	▁दूना
19077	▁निगम
19078	▁परदेशियों
19079	▁पीढ़िय
19080	▁पोलैंड
19081	▁प्याले
19082	▁फ़र्क
19083	▁बनिए
19084	▁रसायन
19085	▁रास्तों
19086	▁रोमानियाई
19087	▁वनस्पति
19088	▁सुलझा
19089	▁स्नान
19090	▁हानिकर
19091	1"
19092	9)
19093	Mary
19094	Thus
19095	alone
19096	ask
19097	believers
19098	lia
19099	rop
19100	अनियंत्रित
19101	आदमी
19102	इसमें
19103	मृत्यु
19104	यल
19105	वींस
19106	ाएगा
19107	ेज़
19108	▁1980
19109	▁1987
19110	▁Asian
19111	▁Bogofilter
19112	▁Darius
19113	▁Divinity
19114	▁Frank
19115	▁HEL
19116	▁Kindness
19117	▁Mozilla
19118	▁Random
19119	▁Reckoning
19120	▁Sure
19121	▁Understandably
19122	▁[2
19123	▁beggar
19124	▁calculation
19125	▁chores
19126	▁corners
19127	▁cousin
19128	▁definite
19129	▁disappeared
19130	▁disputing
19131	▁disrespect
19132	▁dynamic
19133	▁fiction
19134	▁grade
19135	▁groaning
19136	▁hospitable
19137	▁intensity
19138	▁laughing
19139	▁malicious
19140	▁patterns
19141	▁positively
19142	▁regulating
19143	▁sentiments
19144	▁tranquillity
19145	▁अभिप्राय
19146	▁अरबों
19147	▁आन
19148	▁इंटरव्यू
19149	▁एक्जे
19150	▁क्वालिटी
19151	▁खम्भों
19152	▁खरीदारी
19153	▁ग्लेड
19154	▁ज़हर
19155	▁झूट
19156	▁टेढ़ा
19157	▁डांट
19158	▁ढांप
19159	▁नेविगेशन
19160	▁नैतिकता
19161	▁फैलाते
19162	▁बोर
19163	▁भूखा
19164	▁मालदार
19165	▁मीठी
19166	▁मीम
19167	▁मैच
19168	▁याकू
19169	▁योनातान
19170	▁रब्बी
19171	▁शर्मिंदा
19172	▁शीलो
19173	▁सकतीं
19174	▁सितम
19175	▁सूत्र
19176	▁३९
19177	America
19178	LL
19179	dding
19180	kind
19181	oo
19182	pan
19183	placing
19184	rant
19185	unk
19186	चित्त
19187	भरे
19188	मू
19189	मौत
19190	सबकी
19191	ियल
19192	ॆस
19193	▁-1
19194	▁105
19195	▁1999,
19196	▁22]
19197	▁69
19198	▁Bold
19199	▁Clip
19200	▁Deep
19201	▁Rahab
19202	▁Uriah
19203	▁Washington
19204	▁alcoholic
19205	▁bill
19206	▁bulls
19207	▁chambers
19208	▁cheer
19209	▁civilization
19210	▁comparable
19211	▁creed
19212	▁damaging
19213	▁diminish
19214	▁dismiss
19215	▁endures
19216	▁hollow
19217	▁iniquities
19218	▁melt
19219	▁posterity
19220	▁recalled
19221	▁spacious
19222	▁steward
19223	▁tolerate
19224	▁whisper
19225	▁अपनाए
19226	▁अल्प
19227	▁आकृति
19228	▁आर्
19229	▁उड़ने
19230	▁एचटीटीपी
19231	▁एज
19232	▁क़ो
19233	▁कानाफूसी
19234	▁कुंड
19235	▁कूशी
19236	▁ख़ाने
19237	▁खिसक
19238	▁गार्ड
19239	▁जन्मा
19240	▁ठंड
19241	▁डायल
19242	▁डुबा
19243	▁ढाया
19244	▁ताना
19245	▁दिखलाओ
19246	▁नाइजीरिया
19247	▁नासमझ
19248	▁बटुआ
19249	▁बढ़ाएगा
19250	▁बर्ट
19251	▁बसी
19252	▁बहकाया
19253	▁बेवकूफ
19254	▁महानता
19255	▁मृतकों
19256	▁शॉ
19257	▁सिपाहियों
19258	▁सूखे
19259	▁हैरत
19260	▁१९९०
19261	Glory
19262	Stop
19263	ack
19264	bound
19265	dom
19266	error
19267	fold
19268	gan
19269	ifies
19270	ku
19271	none
19272	अफ़सोस
19273	आइन्दा
19274	कीन
19275	जाकर
19276	बाज़
19277	मख्वाह
19278	वहाँ
19279	विन
19280	विले
19281	हारुन
19282	िव
19283	▁96
19284	▁Cache
19285	▁Chi
19286	▁Christlike
19287	▁Fetch
19288	▁Groups
19289	▁Hunter
19290	▁Lake
19291	▁Ourselves
19292	▁Reconnect
19293	▁Stash
19294	▁\\
19295	▁adjustment
19296	▁ascending
19297	▁collapse
19298	▁consistency
19299	▁converted
19300	▁cradle
19301	▁dancing
19302	▁dial
19303	▁discourage
19304	▁drivers
19305	▁drought
19306	▁emigrated
19307	▁fade
19308	▁gl
19309	▁grab
19310	▁infancy
19311	▁lifesaving
19312	▁planets
19313	▁prospective
19314	▁thunderbolt
19315	▁tough
19316	▁travelled
19317	▁अनार
19318	▁आँखे
19319	▁इसलाह
19320	▁उजरत
19321	▁एपा
19322	▁कज़ी
19323	▁किंग
19324	▁गिरफ़्तार
19325	▁जंगलों
19326	▁टीप
19327	▁टोली
19328	▁तिजारत
19329	▁त्रिज्या
19330	▁नाइंसाफी
19331	▁निकम्मा
19332	▁नोट्स
19333	▁पकड़ता
19334	▁पतन
19335	▁पहनते
19336	▁फ़ोकस
19337	▁बँटा
19338	▁बधाई
19339	▁बरबादी
19340	▁बालू
19341	▁भा
19342	▁भुगत
19343	▁मिलन
19344	▁याचना
19345	▁लाचार
19346	▁िलए
19347	)].
19348	1,44,000
19349	John
19350	Well
19351	netheless
19352	tter
19353	अफसोस
19354	अहल
19355	आसमानी
19356	ख़बरदार
19357	तबलीग़
19358	तावान
19359	निस्संदेह
19360	नेअमत
19361	फक़त
19362	बुराई
19363	बुरे
19364	मिन
19365	संत
19366	ैक्स
19367	९
19368	▁43.
19369	▁Anchor
19370	▁Angels
19371	▁Anointed
19372	▁Caption
19373	▁Connecting
19374	▁Emperor
19375	▁Imitate
19376	▁Installation
19377	▁Push
19378	▁Resume
19379	▁Romeo
19380	▁Sydney
19381	▁THAT
19382	▁UTF
19383	▁ambush
19384	▁anybody
19385	▁conceive
19386	▁condemns
19387	▁dual
19388	▁entrust
19389	▁evangelizing
19390	▁exploit
19391	▁financially
19392	▁handmaid
19393	▁insecure
19394	▁introduction
19395	▁lament
19396	▁motor
19397	▁muster
19398	▁odd
19399	▁oriented
19400	▁protest
19401	▁relat
19402	▁spices
19403	▁throat
19404	▁wire
19405	▁अक्रिय
19406	▁आंखे
19407	▁आफ़ताब
19408	▁आयते
19409	▁एकत्रित
19410	▁एजेंट
19411	▁ऑख
19412	▁कन्
19413	▁किलोग्राम
19414	▁कोशिकाओं
19415	▁खन
19416	▁ख़ुश्क
19417	▁खोजों
19418	▁गीतों
19419	▁चालक
19420	▁जन्नतवाले
19421	▁जबड़े
19422	▁जवाबों
19423	▁टेढ़
19424	▁ड्रैग
19425	▁तै
19426	▁दवाओं
19427	▁दाएं
19428	▁नहरे
19429	▁नेअमतें
19430	▁पिया
19431	▁पुनरावर्त
19432	▁फरज़न्द
19433	▁फ़रमाएगा
19434	▁फे
19435	▁बढ़ाई
19436	▁बन्ध
19437	▁बाशान
19438	▁बाहमी
19439	▁बिछौन
19440	▁बुढ़ापा
19441	▁भाग्यशाली
19442	▁मर्यादाहीन
19443	▁माएल
19444	▁रूकू
19445	▁रूख़
19446	▁रोष
19447	▁लग़ो
19448	▁लाएँगें
19449	▁लौंडिय
19450	▁विरक्त
19451	▁वीणा
19452	▁व्हेल
19453	▁शरीयत
19454	▁संचरण
19455	▁संबंधों
19456	▁समुच्चय
19457	▁सिखाई
19458	▁हम्दो
19459	▁हुईहै
19460	▁हॅस
19461	▁१९९४
19462	720
19463	85
19464	Vertical
19465	aki
19466	hard
19467	lis
19468	यान
19469	स्प
19470	▁"{1}".
19471	▁1986
19472	▁Alex
19473	▁Attribute
19474	▁Building
19475	▁Conventions
19476	▁Drama
19477	▁Engine
19478	▁Eternal
19479	▁Hajj
19480	▁Linux
19481	▁Mim
19482	▁Question
19483	▁Redeal
19484	▁Voice
19485	▁Warnings
19486	▁accusation
19487	▁administer
19488	▁advances
19489	▁advocate
19490	▁autosave
19491	▁blasphemy
19492	▁commander
19493	▁coping
19494	▁del
19495	▁digital
19496	▁earlie
19497	▁flaming
19498	▁flies
19499	▁incurred
19500	▁interactive
19501	▁mix
19502	▁pleaded
19503	▁pose
19504	▁promptly
19505	▁rebuild
19506	▁reclining
19507	▁rejects
19508	▁relied
19509	▁roar
19510	▁shouted
19511	▁tales
19512	▁towers
19513	▁unsafe
19514	▁whereat
19515	▁अंजूटा
19516	▁अंधड़
19517	▁अनेकों
19518	▁आदरणीय
19519	▁उज्ज्वल
19520	▁कड़वाहट
19521	▁काटा
19522	▁कुरनेलियुस
19523	▁गिबोन
19524	▁चलाई
19525	▁चिंताएँ
19526	▁ड्रैगन
19527	▁दायित्व
19528	▁धोकर
19529	▁पुनर्
19530	▁पैड
19531	▁पॉ
19532	▁बगीचे
19533	▁बेजान
19534	▁मस्जिदे
19535	▁माँगना
19536	▁मुठभेड़
19537	▁मूल्यों
19538	▁यहोयादा
19539	▁युगान
19540	▁योग्यता
19541	▁रहूबियाम
19542	▁रिचर्ड
19543	▁रेख
19544	▁रेशमी
19545	▁लीटर
19546	▁लूँगा
19547	▁वाकय
19548	▁विष
19549	▁सफ़ाई
19550	▁समझाना
19551	▁सिपाही
19552	▁स्ट्रीट
19553	▁हिजकिय्याह
19554	Accept
19555	Home
19556	Many
19557	Put
19558	Whatever
19559	des
19560	give
19561	nic
19562	oli
19563	opposing
19564	ou
19565	regions
19566	room
19567	कियाँ
19568	बिल
19569	रिस
19570	र्ध्वाधर
19571	शुभ
19572	ियर
19573	्रि
19574	्रिक
19575	▁"0"
19576	▁"1"
19577	▁App
19578	▁Azariah
19579	▁Certain
19580	▁Develop
19581	▁Gift
19582	▁Loyalty
19583	▁Marble
19584	▁SASL
19585	▁Scott
19586	▁Thumbnail
19587	▁Transparent
19588	▁Upgrade
19589	▁Zo
19590	▁alternation
19591	▁balls
19592	▁beating
19593	▁cat
19594	▁cherished
19595	▁chi
19596	▁classic
19597	▁continuous
19598	▁corpse
19599	▁craving
19600	▁crystal
19601	▁defer
19602	▁divert
19603	▁dump
19604	▁empowered
19605	▁fetters
19606	▁greetings
19607	▁hurl
19608	▁implied
19609	▁inexperienced
19610	▁journeyed
19611	▁leper
19612	▁locking
19613	▁plagued
19614	▁plains
19615	▁prayerfully
19616	▁rearing
19617	▁segment
19618	▁shocked
19619	▁spreads
19620	▁stature
19621	▁symbolize
19622	▁tissue
19623	▁toil
19624	▁transit
19625	▁unlikely
19626	▁vigilant
19627	▁withstand
19628	▁अग्रसर
19629	▁आकारः
19630	▁आत्माओं
19631	▁ऋतु
19632	▁ऐश
19633	▁कैल
19634	▁ख़त
19635	▁चिंतित
19636	▁टेढ़ी
19637	▁तत्त्वज्ञान
19638	▁थरथरा
19639	▁फिलि
19640	▁फेंकने
19641	▁बहने
19642	▁बायीं
19643	▁बि
19644	▁बैटरी
19645	▁मगिदोन
19646	▁मग्न
19647	▁लिखती
19648	▁शापित
19649	▁सिंगार
19650	Full
19651	IT
19652	Lot
19653	Title
19654	burn
19655	dict
19656	folders
19657	reate
19658	terpolated
19659	vin
19660	wood
19661	ंगा
19662	चैन
19663	दर्शित
19664	प्रतिज्ञाओं
19665	रन
19666	▁Barak
19667	▁Digital
19668	▁Flash
19669	▁MAN
19670	▁Mirror
19671	▁Researchers
19672	▁Thinking
19673	▁Tiles
19674	▁Verify
19675	▁Whereas
19676	▁abiders
19677	▁affluent
19678	▁atlas
19679	▁authorized
19680	▁bases
19681	▁bend
19682	▁bits
19683	▁bondman
19684	▁bush
19685	▁expound
19686	▁focusing
19687	▁gap
19688	▁graphics
19689	▁horrible
19690	▁joys
19691	▁lad
19692	▁maps
19693	▁mosques
19694	▁purely
19695	▁rectangle
19696	▁reluctant
19697	▁seeth
19698	▁shortages
19699	▁siege
19700	▁steel
19701	▁strove
19702	▁tenderly
19703	▁th
19704	▁tunnel
19705	▁अजर्याह
19706	▁अदब
19707	▁उतारते
19708	▁एप
19709	▁एमोरियों
19710	▁कन्या
19711	▁कांप
19712	▁किरण
19713	▁गूढ़
19714	▁जताते
19715	▁जुलत
19716	▁टुकड़ों
19717	▁डिज़ाइन
19718	▁ड्रामा
19719	▁तंबाकू
19720	▁थम
19721	▁धम
19722	▁नहस
19723	▁पीकर
19724	▁पुनःस्थापित
19725	▁बजाते
19726	▁बाइबलीय
19727	▁बाक्स
19728	▁मापदंड
19729	▁यि
19730	▁वायरस
19731	▁सितम्बर
19732	▁सूर्यास्त
19733	▁हिंदी
19734	'%
19735	cm
19736	seven
19737	sia
19738	test
19739	xt
19740	जिन
19741	टै
19742	नेस
19743	बोर्ड
19744	यहूदी
19745	सॉ
19746	ह्रास
19747	▁05
19748	▁Che
19749	▁Cloudy
19750	▁Luther
19751	▁Periodic
19752	▁Replies
19753	▁Scheme
19754	▁Sheet
19755	▁Turkey
19756	▁Ve
19757	▁Visual
19758	▁convictions
19759	▁crashed
19760	▁crew
19761	▁cups
19762	▁emerge
19763	▁gladness
19764	▁hung
19765	▁incumbent
19766	▁laughed
19767	▁masses
19768	▁needle
19769	▁nowhere
19770	▁pack
19771	▁patron
19772	▁pin
19773	▁reliance
19774	▁showers
19775	▁spy
19776	▁trumpets
19777	▁turneth
19778	▁vivid
19779	▁worshiper
19780	▁अनुसूच
19781	▁अपारदर्शी
19782	▁अब्नेर
19783	▁उतारकर
19784	▁एर
19785	▁एस्लेरियॉट
19786	▁करूब
19787	▁क़ैदी
19788	▁कारीगरी
19789	▁चश्मा
19790	▁जगमगा
19791	▁जीवधारी
19792	▁टोन
19793	▁ठुकराने
19794	▁तकनीकी
19795	▁दर्शात
19796	▁धुंध
19797	▁नफ़रत
19798	▁फँसा
19799	▁बिशप
19800	▁बुलवा
19801	▁माहिर
19802	▁मूढ़
19803	▁लापरवाही
19804	▁वस्तू
19805	▁विस्तारक
19806	▁सक
19807	100
19808	Files
19809	Nay
19810	Result
19811	Truly
19812	URL
19813	Unread
19814	bal
19815	france
19816	ola
19817	pher
19818	rad
19819	rar
19820	क्रम
19821	पाँसे
19822	पात
19823	पिछले
19824	लंब
19825	लाइन
19826	शीर्षक
19827	ाक़
19828	ात्मा
19829	ॉक
19830	्प
19831	▁5.5
19832	▁Attention
19833	▁Based
19834	▁Camel
19835	▁Checks
19836	▁Convention
19837	▁Ethiopia
19838	▁Favourite
19839	▁Hong
19840	▁ICS
19841	▁Kaiju
19842	▁Notify
19843	▁Royal
19844	▁Sc
19845	▁Shiloh
19846	▁Thursday
19847	▁agent
19848	▁appreciates
19849	▁boastful
19850	▁climax
19851	▁comic
19852	▁composing
19853	▁contemporaries
19854	▁dense
19855	▁descends
19856	▁doubtless
19857	▁drunken
19858	▁enjoys
19859	▁enlightenment
19860	▁epidemic
19861	▁evenings
19862	▁fancy
19863	▁figuratively
19864	▁fraction
19865	▁geometry
19866	▁infinite
19867	▁inquired
19868	▁lowliness
19869	▁murmuring
19870	▁ninth
19871	▁patches
19872	▁phase
19873	▁rec
19874	▁recognizing
19875	▁recovery
19876	▁restraint
19877	▁revolt
19878	▁revolution
19879	▁spies
19880	▁syntax
19881	▁transfusion
19882	▁trapped
19883	▁twin
19884	▁unfair
19885	▁unset
19886	▁violently
19887	▁volumes
19888	▁आरपार
19889	▁आहाज
19890	▁उभारे
19891	▁एक्चें
19892	▁कविता
19893	▁कोइ
19894	▁खूनी
19895	▁खोने
19896	▁गहिर
19897	▁घनिष्ठ
19898	▁छिपकर
19899	▁जलाए
19900	▁झुकी
19901	▁डायबिटीज़
19902	▁डालिए
19903	▁डेव
19904	▁द्रोह
19905	▁परेशानियों
19906	▁पाये
19907	▁पीए
19908	▁फटी
19909	▁बलवान
19910	▁बेहोश
19911	▁बैग
19912	▁भागते
19913	▁महाद्वीप
19914	▁मुखियापन
19915	▁मोर
19916	▁रिश्ते
19917	▁रेत
19918	▁लाद
19919	▁लाम
19920	▁वध
19921	▁वीसीडी
19922	▁शुमार
19923	▁संघटन
19924	▁स्पैनिश
19925	▁हम्म
19926	Co
19927	aba
19928	iran
19929	sent
19930	ssa
19931	take
19932	vcf
19933	vert
19934	western
19935	í
19936	नोम
19937	पत
19938	वर्ती
19939	ांक
19940	्का
19941	▁98
19942	▁Ana
19943	▁Andy
19944	▁Bin
19945	▁CAN
19946	▁Cost
19947	▁Easy
19948	▁Exit
19949	▁Georgia
19950	▁Ju
19951	▁OpenGL
19952	▁Practice
19953	▁Symbols
19954	▁airport
19955	▁authorization
19956	▁bitrate
19957	▁commanding
19958	▁compound
19959	▁criterion
19960	▁delights
19961	▁dice
19962	▁dignified
19963	▁drift
19964	▁foul
19965	▁gnome
19966	▁guest
19967	▁hastily
19968	▁hellfire
19969	▁materialism
19970	▁newer
19971	▁outcast
19972	▁park
19973	▁pl
19974	▁profane
19975	▁quake
19976	▁reckoned
19977	▁redemption
19978	▁remit
19979	▁rural
19980	▁sanctification
19981	▁scenario
19982	▁seals
19983	▁transportation
19984	▁twisted
19985	▁wayward
19986	▁आख़री
19987	▁ऎ
19988	▁एंबेडेड
19989	▁कटौती
19990	▁कन
19991	▁क़तार
19992	▁गिरजा
19993	▁गूँगे
19994	▁जूए
19995	▁टाक
19996	▁ठहरना
19997	▁तजुरबे
19998	▁पद्धति
19999	▁पूंजी
20000	▁पैरिस
20001	▁फ़सल
20002	▁फिरें
20003	▁फैलता
20004	▁फ्लश
20005	▁बाइस
20006	▁बिरादरी
20007	▁बोलें
20008	▁मल्टी
20009	▁माइनर
20010	▁लड़ाइयों
20011	▁व्यभिचारी
20012	▁शेम
20013	...(_
20014	0"
20015	23
20016	Pro
20017	VE
20018	beneficent
20019	event
20020	rie
20021	आह
20022	बातें
20023	बेल
20024	वाहिक
20025	ाकार
20026	▁47.
20027	▁AN
20028	▁Congo
20029	▁DE
20030	▁Die
20031	▁Gn
20032	▁Got
20033	▁Haran
20034	▁Humility
20035	▁INBOX
20036	▁Josephus
20037	▁Mediterranean
20038	▁Naphtali
20039	▁Palestine
20040	▁Periods
20041	▁Pharisee
20042	▁Romanian
20043	▁Smith
20044	▁Studies
20045	▁Wa
20046	▁absorb
20047	▁cedar
20048	▁collapsed
20049	▁dependent
20050	▁devoi
20051	▁displeasing
20052	▁experiment
20053	▁intimacy
20054	▁involvement
20055	▁mask
20056	▁organize
20057	▁perverted
20058	▁realities
20059	▁reminding
20060	▁restor
20061	▁seldom
20062	▁strives
20063	▁surgeon
20064	▁trespasses
20065	▁worn
20066	▁youngsters
20067	▁अनुक्रमणिका
20068	▁अमेरिकी
20069	▁अरामी
20070	▁असावधान
20071	▁अहात
20072	▁इत्यादि
20073	▁उड़ाई
20074	▁एकीकृत
20075	▁एक्सेस
20076	▁कनेक्टर
20077	▁कहूं
20078	▁क्रियाओं
20079	▁जासूस
20080	▁ठट्ठ
20081	▁डैशर
20082	▁दिलाई
20083	▁धूर्त
20084	▁नेतृत्व
20085	▁पहुँचेगा
20086	▁पावर
20087	▁पोकर
20088	▁बचें
20089	▁बताई
20090	▁बीन
20091	▁बोता
20092	▁मेम्ना
20093	▁रिपब्लिक
20094	▁लगाइए
20095	▁संगत
20096	▁सभ्यता
20097	▁स्लाइडर
20098	▁हंसी
20099	▁हटाकर
20100	▁हवाएँ
20101	ATE
20102	Should
20103	Throw
20104	ency
20105	holy
20106	ological
20107	slave
20108	ule
20109	very
20110	ईश्
20111	चर्यकर्म
20112	बु
20113	युद्ध
20114	रोज़
20115	वजह
20116	शहर
20117	हालाँकि
20118	हिन
20119	ुलियन
20120	ॉस
20121	▁1974
20122	▁48.
20123	▁Brazilian
20124	▁Graph
20125	▁Radio
20126	▁Recompense
20127	▁Similar
20128	▁USE
20129	▁admonishes
20130	▁affirm
20131	▁attendees
20132	▁authentic
20133	▁auxiliary
20134	▁brace
20135	▁channels
20136	▁crossing
20137	▁discerned
20138	▁disloyal
20139	▁installing
20140	▁liken
20141	▁mood
20142	▁morals
20143	▁observation
20144	▁offend
20145	▁outsider
20146	▁pitch
20147	▁plotting
20148	▁poll
20149	▁posting
20150	▁preserving
20151	▁puffed
20152	▁reckon
20153	▁recount
20154	▁refusal
20155	▁ripe
20156	▁sanctity
20157	▁singers
20158	▁stomach
20159	▁thankfulness
20160	▁thorn
20161	▁trembling
20162	▁trend
20163	▁tryst
20164	▁wa
20165	▁willeth
20166	▁अंत्येष्टि
20167	▁अवशेष
20168	▁ऑटो
20169	▁कैरेक्टर
20170	▁कोशिशें
20171	▁चलायी
20172	▁चिढ़
20173	▁चुको
20174	▁चौवा
20175	▁छुए
20176	▁जबाव
20177	▁ट्रैक्स
20178	▁ठहराना
20179	▁तोड़े
20180	▁दबाऐ
20181	▁दायरा
20182	▁दिलायी
20183	▁धरे
20184	▁धार
20185	▁नॉन
20186	▁पत्नियाँ
20187	▁पायनियरिंग
20188	▁पीटा
20189	▁पुस्तकें
20190	▁बहाए
20191	▁बोतल
20192	▁ब्यौरे
20193	▁मक़
20194	▁मछुवाही
20195	▁मेट
20196	▁वतन
20197	▁शूरवीर
20198	▁शॉन
20199	▁सुकर्म
20200	▁सुखद
20201	▁सृजन
20202	▁हमलों
20203	○
20204	67
20205	Audio
20206	Each
20207	Task
20208	Zoom
20209	ayb
20210	berg
20211	bird
20212	cher
20213	clean
20214	example
20215	four
20216	jo
20217	person
20218	इसलिये
20219	गान
20220	ड़ी
20221	दायक
20222	नयू
20223	फौरन
20224	बढ़
20225	यीश
20226	ल्ली
20227	स्थाई
20228	ाऊं
20229	ॆं
20230	्ली
20231	▁Alexandria
20232	▁Arrow
20233	▁Articles
20234	▁Collection
20235	▁Communist
20236	▁Fixed
20237	▁Incorrect
20238	▁Less
20239	▁Mean
20240	▁Pattern
20241	▁SS
20242	▁Sharing
20243	▁Telephone
20244	▁Variables
20245	▁arc
20246	▁befit
20247	▁bridegroom
20248	▁brook
20249	▁cash
20250	▁controls
20251	▁defy
20252	▁ellipse
20253	▁employ
20254	▁evaluate
20255	▁excel
20256	▁expander
20257	▁formula
20258	▁gradient
20259	▁infidelity
20260	▁inscription
20261	▁kde
20262	▁monks
20263	▁rains
20264	▁reprove
20265	▁sackcloth
20266	▁shocking
20267	▁stubble
20268	▁timing
20269	▁tormented
20270	▁upgraded
20271	▁url
20272	▁warrant
20273	▁wondering
20274	▁wooden
20275	▁इरादों
20276	▁ईंधन
20277	▁उतावल
20278	▁उत्साही
20279	▁एंकर
20280	▁क्रूरता
20281	▁क्रेडिट
20282	▁खानदान
20283	▁घूमने
20284	▁चमड़े
20285	▁चीज़ो
20286	▁चु
20287	▁चौ
20288	▁जन्तु
20289	▁जहाज़ों
20290	▁जीएँ
20291	▁जीवन्त
20292	▁ट्र
20293	▁डिस्कनेक्ट
20294	▁तराज़ू
20295	▁दिसम्बर
20296	▁निष्कलंक
20297	▁प्रलय
20298	▁फ़रेब
20299	▁बहाया
20300	▁मंडल
20301	▁महान्
20302	▁मुहावर
20303	▁मूर्खों
20304	▁रौंद
20305	▁लघुछवि
20306	▁लड़केबाल
20307	▁लड़ा
20308	▁लॉ
20309	▁वित्तीय
20310	▁विभव
20311	▁व्यायाम
20312	▁शिमोन
20313	▁सताते
20314	▁सौतेले
20315	▁स्टील
20316	▁होंठ
20317	▁१९९३
20318	▁४३
20319	99
20320	IANS
20321	del
20322	got
20323	graph
20324	अज्ञात
20325	जि
20326	फी
20327	मुसीबत
20328	यातना
20329	वाल
20330	सिस
20331	▁0.0
20332	▁112
20333	▁46.
20334	▁Cha
20335	▁Distance
20336	▁Estimated
20337	▁GiB
20338	▁Government
20339	▁Lou
20340	▁Murph
20341	▁PATH
20342	▁Problems
20343	▁Shem
20344	▁Slideshow
20345	▁Sri
20346	▁Susan
20347	▁Team
20348	▁Tyndale
20349	▁allegiance
20350	▁anoint
20351	▁colored
20352	▁compress
20353	▁customary
20354	▁doer
20355	▁eleven
20356	▁exhibit
20357	▁hopeless
20358	▁instill
20359	▁intervene
20360	▁kindle
20361	▁lawyer
20362	▁longtime
20363	▁maximise
20364	▁mixture
20365	▁musical
20366	▁ordain
20367	▁organizer
20368	▁posed
20369	▁profits
20370	▁shapes
20371	▁slideshow
20372	▁splendor
20373	▁strain
20374	▁straying
20375	▁suspicious
20376	▁timeline
20377	▁typed
20378	▁violation
20379	▁withered
20380	▁अनदेखी
20381	▁अभिलिखित
20382	▁अस्सी
20383	▁उड़ते
20384	▁कोहरा
20385	▁खाएंगे
20386	▁खिंचे
20387	▁गेंदों
20388	▁चा
20389	▁चिकित्सक
20390	▁छिड़
20391	▁छिपने
20392	▁छुप
20393	▁जिम्मेदार
20394	▁ढोंग
20395	▁दोषसुधार
20396	▁नदियाँ
20397	▁नवाज़ी
20398	▁पथराव
20399	▁पहिलौठे
20400	▁पिलाने
20401	▁पेशा
20402	▁फर्श
20403	▁फ्राँस
20404	▁बेचैन
20405	▁बेर
20406	▁बॉ
20407	▁मक्के
20408	▁रत्न
20409	▁रूपरेखा
20410	▁शस्त्र
20411	▁समापन
20412	▁सर्वशक्तिमान
20413	▁हेर
20414	Sent
20415	She
20416	Spot
20417	Tafsir
20418	become
20419	cut
20420	gate
20421	lve
20422	ost
20423	rich
20424	ubject
20425	wed
20426	zu
20427	{1}
20428	गामी
20429	थि
20430	धन्य
20431	नए
20432	पाप
20433	रीस
20434	्दा
20435	्लो
20436	्स्
20437	▁Char
20438	▁Clipboard
20439	▁Finding
20440	▁Fold
20441	▁KMail
20442	▁Minutes
20443	▁Solid
20444	▁Tracking
20445	▁Yearbook
20446	▁accomplishing
20447	▁ambition
20448	▁amusement
20449	▁attentive
20450	▁banquet
20451	▁blocked
20452	▁booty
20453	▁briefly
20454	▁compulsion
20455	▁decay
20456	▁detest
20457	▁foretell
20458	▁genuinely
20459	▁herds
20460	▁ingratitude
20461	▁keenly
20462	▁le
20463	▁paint
20464	▁personalities
20465	▁punishes
20466	▁reception
20467	▁respectfully
20468	▁robes
20469	▁sec
20470	▁secondary
20471	▁solar
20472	▁tie
20473	▁trunk
20474	▁violated
20475	▁अजगर
20476	▁आमदनी
20477	▁इंगित
20478	▁उकसाती
20479	▁उछल
20480	▁उम्मीदें
20481	▁एनक्रिप्टेड
20482	▁एनवायरनमेंट
20483	▁ऑर्थोडॉक्स
20484	▁किराए
20485	▁कुम्हार
20486	▁केन्या
20487	▁क्लब
20488	▁गांवों
20489	▁गाड़
20490	▁गोग
20491	▁चिकित्सीय
20492	▁ढांचा
20493	▁तरकीब
20494	▁त्यों
20495	▁दिमाग़
20496	▁पहुंचकर
20497	▁पहुंची
20498	▁बताऊँ
20499	▁बेपरवाह
20500	▁ब्राउज़िंग
20501	▁ब्लैक
20502	▁मधुर
20503	▁मनाना
20504	▁मिटाता
20505	▁वॉल्यूम
20506	▁शेख़ी
20507	▁शैल
20508	▁संहिता
20509	▁सप्ताहांत
20510	▁सम्बन्धी
20511	▁स्वीडन
20512	▁हिक
20513	700
20514	98
20515	Down
20516	Important
20517	Some
20518	dmittedly
20519	does
20520	gin
20521	luke
20522	mh
20523	proof
20524	real
20525	self
20526	urg
20527	zz
20528	गुरुओं
20529	थे
20530	फ्ता
20531	बिर
20532	रास्ता
20533	▁#%
20534	▁1000
20535	▁85
20536	▁Activity
20537	▁Arab
20538	▁Comma
20539	▁DI
20540	▁Dj
20541	▁Firm
20542	▁Mah
20543	▁Panel
20544	▁Res
20545	▁Sadducees
20546	▁Scope
20547	▁Tra
20548	▁Vendor
20549	▁Youths
20550	▁[30
20551	▁abject
20552	▁admire
20553	▁astonished
20554	▁blanking
20555	▁boards
20556	▁centers
20557	▁designs
20558	▁distorted
20559	▁drafts
20560	▁exhorts
20561	▁firsthand
20562	▁footer
20563	▁fraud
20564	▁housing
20565	▁killer
20566	▁legacy
20567	▁marker
20568	▁nerve
20569	▁perseverance
20570	▁practise
20571	▁praiseworthy
20572	▁priceless
20573	▁quicken
20574	▁renounce
20575	▁retaliate
20576	▁ridiculed
20577	▁rolls
20578	▁senseless
20579	▁spider
20580	▁surprisingly
20581	▁ta
20582	▁अज
20583	▁अभिमुखन
20584	▁अर्थपूर्ण
20585	▁उजियाले
20586	▁उठाओ
20587	▁एटलस
20588	▁कसौट
20589	▁घुसे
20590	▁जाँचना
20591	▁जिधर
20592	▁टिड्डिय
20593	▁टॉप
20594	▁ड्रा
20595	▁निकृष्ट
20596	▁नौब
20597	▁पहुंचाने
20598	▁प्रवृत्त
20599	▁फंस
20600	▁फु
20601	▁फ्रै
20602	▁भ्रमण
20603	▁रद
20604	▁रदरफर्ड
20605	▁रूपया
20606	▁साइमन
20607	▁साज़
20608	▁सैम
20609	▁स्तिफनुस
20610	'/'
20611	77
20612	CRLF
20613	Delegate
20614	Him
20615	Tab
20616	around
20617	ase
20618	cup
20619	hr
20620	ngo
20621	ory
20622	rib
20623	show
20624	try
20625	uring
20626	white
20627	अवैध
20628	आम
20629	इल
20630	ख़ुश
20631	देह
20632	न्ग
20633	बै
20634	मिट
20635	मेक
20636	रोपण
20637	लेखन
20638	ोंट
20639	▁1,500
20640	▁1971
20641	▁1985
20642	▁1:1
20643	▁71
20644	▁ARE
20645	▁Binding
20646	▁CORB
20647	▁CPU
20648	▁Closing
20649	▁Failure
20650	▁Georgian
20651	▁Gnome
20652	▁Grant
20653	▁Lady
20654	▁Madyan
20655	▁Mor
20656	▁Past
20657	▁Paulo
20658	▁Prayers
20659	▁Preaching
20660	▁Provides
20661	▁Puerto
20662	▁Release
20663	▁Taste
20664	▁[25
20665	▁abhor
20666	▁aids
20667	▁allocate
20668	▁aunts
20669	▁beds
20670	▁bloodshed
20671	▁burns
20672	▁committee
20673	▁cords
20674	▁cream
20675	▁excesses
20676	▁fifteen
20677	▁filenames
20678	▁flourish
20679	▁hurry
20680	▁iCal
20681	▁inline
20682	▁mansions
20683	▁midnight
20684	▁minimal
20685	▁occurrences
20686	▁overburn
20687	▁realise
20688	▁reinforce
20689	▁shortcomings
20690	▁soundness
20691	▁wizard
20692	▁अस्त
20693	▁इतालवी
20694	▁एलीहू
20695	▁एहसानमंदी
20696	▁कटा
20697	▁कार्ल
20698	▁चट
20699	▁चमत्कारिक
20700	▁छुड़ाए
20701	▁जत्थे
20702	▁जॉ
20703	▁ढाए
20704	▁तालमेल
20705	▁दाढ़ी
20706	▁पहिला
20707	▁पाँस
20708	▁बढ़ेगा
20709	▁बाँझ
20710	▁बाँधी
20711	▁बेताब
20712	▁भूमध्य
20713	▁भेजो
20714	▁मापक
20715	▁मार्कर
20716	▁मिलाने
20717	▁यादें
20718	▁लिपट
20719	▁विश्रामदिन
20720	▁वृतान्त
20721	▁व्य
20722	▁शरीक़
20723	▁सनी
20724	▁साज़िश
20725	▁सुधारें
20726	▁सुहान
20727	▁१९९१
20728	Run
20729	Russian
20730	Wait
20731	according
20732	aught
20733	ree
20734	unt
20735	अर्थात
20736	जगत
20737	ज़िन्दा
20738	झे
20739	तेरी
20740	पेट
20741	माले
20742	र्व
20743	सरज़मीन
20744	़िब
20745	ियस
20746	ेंगी
20747	्ति
20748	▁$1
20749	▁41.
20750	▁Arch
20751	▁Baptist
20752	▁Colors
20753	▁Decrypt
20754	▁Eject
20755	▁Extracting
20756	▁Functions
20757	▁Hindu
20758	▁Jehoash
20759	▁Made
20760	▁Pack
20761	▁Rating
20762	▁Safe
20763	▁Specifie
20764	▁Tri
20765	▁Vatican
20766	▁Wednesday
20767	▁Yellow
20768	▁advancing
20769	▁anonymous
20770	▁barred
20771	▁consuming
20772	▁coupled
20773	▁deprive
20774	▁dock
20775	▁donkeys
20776	▁emotion
20777	▁fingerprint
20778	▁heareth
20779	▁imitators
20780	▁institutions
20781	▁machines
20782	▁mill
20783	▁occupation
20784	▁perdition
20785	▁philosopher
20786	▁precautions
20787	▁preservation
20788	▁psalms
20789	▁pushed
20790	▁reduc
20791	▁resistance
20792	▁ritual
20793	▁singleness
20794	▁supportive
20795	▁thanked
20796	▁timber
20797	▁varied
20798	▁wedlock
20799	▁अंतरा
20800	▁उगाई
20801	▁कंगालों
20802	▁कप
20803	▁कॉ
20804	▁कॉन
20805	▁क्रमशः
20806	▁गाड़ियों
20807	▁जत्था
20808	▁टकरा
20809	▁टेक्स्ट
20810	▁तीव्रता
20811	▁दखल
20812	▁पहरेदार
20813	▁पुनर्विचार
20814	▁बकरे
20815	▁बरफबारी
20816	▁बाज़ी
20817	▁बालें
20818	▁बोने
20819	▁भुजा
20820	▁मसला
20821	▁मांगा
20822	▁यूनि
20823	▁लालची
20824	▁लैंग्वेज
20825	▁सुअवसर
20826	▁सौगन्ध
20827	▁स्लाइडशो
20828	▁हरज
20829	▁हा॰
20830	Blessed
20831	DO
20832	Directory
20833	ESendOptions
20834	OWA
20835	eclining
20836	little
20837	mention
20838	ml
20839	pm
20840	ption
20841	rom
20842	एहकाम
20843	कम्बख्त
20844	काफिरों
20845	चूर्ण
20846	जिसके
20847	डिया
20848	तालियाँ
20849	नरसिंघा
20850	नसरानी
20851	नाफरमानी
20852	फरिश्ता
20853	बावजूद
20854	बूझते
20855	मटिया
20856	मरान
20857	मिनान
20858	यायद
20859	रेट
20860	रोज़ी
20861	र्निहित
20862	वसवसा
20863	शौक़
20864	हता
20865	हिदायत
20866	़मत
20867	़िरत
20868	िटी
20869	ेलिस्ट
20870	▁1982
20871	▁7,000
20872	▁Alas
20873	▁Benefit
20874	▁Bolivia
20875	▁Carmel
20876	▁Carol
20877	▁Changing
20878	▁Cooper
20879	▁Daddy
20880	▁Degrees
20881	▁Edge
20882	▁Francisco
20883	▁Gra
20884	▁Gradient
20885	▁Lanka
20886	▁Ocean
20887	▁Response
20888	▁SAS
20889	▁Templates
20890	▁Temple
20891	▁Upper
20892	▁Van
20893	▁Want
20894	▁abased
20895	▁administration
20896	▁adulthood
20897	▁belt
20898	▁bubble
20899	▁checks
20900	▁clusters
20901	▁complained
20902	▁constraint
20903	▁crop
20904	▁crucify
20905	▁detection
20906	▁deviate
20907	▁diagnosed
20908	▁disgraced
20909	▁doubted
20910	▁foe
20911	▁hug
20912	▁injustices
20913	▁launched
20914	▁liver
20915	▁notable
20916	▁plots
20917	▁prevalent
20918	▁prudent
20919	▁reasonably
20920	▁recurrences
20921	▁scores
20922	▁shorter
20923	▁sojourn
20924	▁sorted
20925	▁spots
20926	▁stimulate
20927	▁supporter
20928	▁theft
20929	▁अा
20930	▁आंदोलन
20931	▁आसाइश
20932	▁ईजाद
20933	▁उतरने
20934	▁उलझ
20935	▁एल्गोरिथ्म
20936	▁एसवीसीडी
20937	▁करवाना
20938	▁कायल
20939	▁कार्यसूची
20940	▁कुलपिता
20941	▁कूवत
20942	▁कृपण
20943	▁क्वेरी
20944	▁ख़ज़ाना
20945	▁खोजा
20946	▁ग़लबा
20947	▁ग़ुरू
20948	▁गुणन
20949	▁घड़े
20950	▁छुड़ानेवाला
20951	▁ज़लज़ल
20952	▁जानिए
20953	▁जिनों
20954	▁जिसमे
20955	▁झूठलाया
20956	▁ढूँढ़ते
20957	▁तड़के
20958	▁तवाफ
20959	▁तस्दीक़
20960	▁तुममे
20961	▁नसीब
20962	▁नाशुक्रा
20963	▁निकटता
20964	▁निडरता
20965	▁निश्चिन्तता
20966	▁नुबूवत
20967	▁बढ
20968	▁बांस
20969	▁मदयन
20970	▁मदीन
20971	▁मनभावनी
20972	▁मुअय्य
20973	▁मुख्तलिफ
20974	▁मुनाफ़िक
20975	▁मुन्तख
20976	▁रिज़क
20977	▁विपत्तियाँ
20978	▁विलुप्त
20979	▁शुबह
20980	▁समाईवाला
20981	▁सम्
20982	▁सरों
20983	▁सिदकिरयाह
20984	▁हाजत
20985	▁हिफ़ाज
20986	▁होल्ड
20987	)!"
20988	45
20989	Christian
20990	VP
20991	ava
20992	az
20993	cle
20994	committed
20995	raw
20996	token
20997	udi
20998	while
20999	year
21000	ंध
21001	गुनाह
21002	ज़ल
21003	टिंग
21004	टों
21005	डल
21006	दास
21007	म॰
21008	र्द
21009	साम
21010	िस्ता
21011	ौर
21012	्ता
21013	▁$2
21014	▁77
21015	▁99
21016	▁Ba
21017	▁Bas
21018	▁Beginning
21019	▁Bliss
21020	▁Challenge
21021	▁Classify
21022	▁DV
21023	▁Filtering
21024	▁Klotski
21025	▁LIFE
21026	▁Nick
21027	▁Opacity
21028	▁Privacy
21029	▁Reject
21030	▁Section
21031	▁Servers
21032	▁Spider
21033	▁Threshold
21034	▁Toronto
21035	▁Undoubtedly
21036	▁aided
21037	▁assisted
21038	▁basket
21039	▁bi
21040	▁bruise
21041	▁burdensome
21042	▁crack
21043	▁defilement
21044	▁dinner
21045	▁dragging
21046	▁eliminated
21047	▁exceptional
21048	▁illicit
21049	▁intolerance
21050	▁leaven
21051	▁pet
21052	▁pomegranates
21053	▁pound
21054	▁prisons
21055	▁progressive
21056	▁proudly
21057	▁reacted
21058	▁reassure
21059	▁refined
21060	▁revived
21061	▁rigid
21062	▁rushed
21063	▁swarm
21064	▁thumbnail
21065	▁uncovered
21066	▁unthankful
21067	▁unwanted
21068	▁vanished
21069	▁अंधेरा
21070	▁अध्या
21071	▁आँधी
21072	▁आसमानी
21073	▁उद्धारकर्ता
21074	▁एकान्त
21075	▁कैनवास
21076	▁खिसकाया
21077	▁घनी
21078	▁चिपका
21079	▁चौड़े
21080	▁झपट
21081	▁ठण्ड
21082	▁डो
21083	▁तक़री
21084	▁दीने
21085	▁नृत्य
21086	▁पेंट
21087	▁फ्लोट
21088	▁बबूल
21089	▁बर्तन
21090	▁बियर
21091	▁बॉस
21092	▁मिटाय
21093	▁मुतमइन
21094	▁मुन
21095	▁रूपये
21096	▁रूपी
21097	▁रोल
21098	▁वेरिएबल
21099	▁शरणार्थी
21100	▁शहद
21101	▁संपीड़ित
21102	▁संस्कार
21103	▁समझेंगे
21104	▁सींच
21105	▁हस्ती
21106	ATION
21107	Aware
21108	DIST
21109	Manager
21110	ake
21111	ay
21112	cat
21113	disbelievers
21114	elect
21115	first
21116	fr
21117	lz
21118	quest
21119	signed
21120	something
21121	ssin
21122	zo
21123	{
21124	ंडा
21125	जै
21126	ज्ञान
21127	धी
21128	बला
21129	बुद्धिमान
21130	र्य
21131	शिरयाह
21132	साल
21133	हंसी
21134	ाए
21135	ोनी
21136	▁(0)
21137	▁14]
21138	▁Deluge
21139	▁Inspect
21140	▁LaTeX
21141	▁Ohio
21142	▁Probably
21143	▁Result
21144	▁Saint
21145	▁amends
21146	▁beseech
21147	▁blows
21148	▁bowl
21149	▁bribe
21150	▁broadcast
21151	▁builders
21152	▁calculated
21153	▁caller
21154	▁childless
21155	▁clip
21156	▁contaminated
21157	▁delicate
21158	▁descent
21159	▁digits
21160	▁displeased
21161	▁environmental
21162	▁guns
21163	▁harmed
21164	▁harmonize
21165	▁heel
21166	▁identification
21167	▁kernel
21168	▁luxury
21169	▁minimize
21170	▁murderer
21171	▁oceans
21172	▁persuade
21173	▁purer
21174	▁realizing
21175	▁regime
21176	▁regrets
21177	▁sunlight
21178	▁synchroni
21179	▁therefor
21180	▁utility
21181	▁अंडर
21182	▁अपार
21183	▁अल्
21184	▁आर्गुमेंट्स
21185	▁उच्चतर
21186	▁उदासी
21187	▁उनमे
21188	▁उन्मुख
21189	▁ऐलिस
21190	▁कन्ध
21191	▁कैप्स
21192	▁कोशिकाएँ
21193	▁खुशहाली
21194	▁घुमा
21195	▁चिन्तित
21196	▁जीन
21197	▁जीयूआई
21198	▁टुकड
21199	▁दरवाजा
21200	▁न्यायालय
21201	▁पंक्तियां
21202	▁पुरखा
21203	▁पैनल
21204	▁प्यासा
21205	▁प्रचुर
21206	▁प्रयासों
21207	▁फंक्शन्स
21208	▁बेबी
21209	▁भूलिए
21210	▁मारथा
21211	▁मिश्रित
21212	▁मैनुअल
21213	▁यूनानियों
21214	▁लोहा
21215	▁वीर्य
21216	▁वॉल
21217	▁सिखाइए
21218	▁सूझता
21219	▁सोचेंगे
21220	▁हंगरी
21221	("
21222	Ah
21223	Conf
21224	Number
21225	Options
21226	Redo
21227	Room
21228	Source
21229	\.
21230	heck
21231	ook
21232	oon
21233	player
21234	rav
21235	tta
21236	via
21237	टूट
21238	पथ
21239	पुरुष
21240	बाद
21241	योगिक
21242	लन
21243	सड़
21244	हू
21245	िकल
21246	्नी
21247	्याह
21248	▁'%1'
21249	▁1963
21250	▁Beer
21251	▁COLOR
21252	▁Cat
21253	▁Catalog
21254	▁Centuries
21255	▁Civil
21256	▁Denmark
21257	▁Design
21258	▁Devices
21259	▁Flagged
21260	▁Former
21261	▁Inverse
21262	▁Mann
21263	▁Net
21264	▁Nobody
21265	▁Pan
21266	▁Ph
21267	▁Pure
21268	▁Reality
21269	▁Samaritans
21270	▁Sample
21271	▁Tuesday
21272	▁automobile
21273	▁bequeathed
21274	▁coats
21275	▁composite
21276	▁consecutive
21277	▁depict
21278	▁descending
21279	▁enslaved
21280	▁expanse
21281	▁featured
21282	▁feeble
21283	▁grooming
21284	▁hamstr
21285	▁improving
21286	▁lodge
21287	▁outworking
21288	▁precedent
21289	▁rehearsed
21290	▁sailed
21291	▁situated
21292	▁solutions
21293	▁sorcerers
21294	▁stripped
21295	▁stumbled
21296	▁u
21297	▁unwilling
21298	▁vanish
21299	▁variance
21300	▁wither
21301	▁woods
21302	▁अतुल्यकालि
21303	▁आखरी
21304	▁इको
21305	▁उठानेवाले
21306	▁कामकाज
21307	▁किला
21308	▁कुण्ड
21309	▁गायों
21310	▁घुमाया
21311	▁चमका
21312	▁चीख
21313	▁छूने
21314	▁जर्नल
21315	▁ज़ि
21316	▁टिम
21317	▁ठंडी
21318	▁तकिए
21319	▁दलीलों
21320	▁दस्तावेज़ीकरण
21321	▁दुरुपयोग
21322	▁देखनेवाला
21323	▁नकली
21324	▁नागरिकों
21325	▁निष्फल
21326	▁नेविगेटर
21327	▁पंक्
21328	▁परिवर्धन
21329	▁बंदी
21330	▁बसर
21331	▁बहू
21332	▁बिगाड़ा
21333	▁बेकर
21334	▁बैंजनी
21335	▁मय
21336	▁रखवाला
21337	▁लौंड
21338	▁विलंब
21339	▁संख्याओं
21340	▁हाइपर
21341	IF
21342	OX
21343	Stream
21344	TT
21345	Username
21346	Were
21347	gri
21348	print
21349	race
21350	toolbar
21351	vious
21352	जिन्दा
21353	नियम
21354	न्दी
21355	पै
21356	प्रकार
21357	बरी
21358	ब्रा
21359	वन्त
21360	सारा
21361	ाइए
21362	ाप
21363	५००
21364	▁'/'
21365	▁/%
21366	▁1955
21367	▁2]
21368	▁30]
21369	▁Ages
21370	▁Armenian
21371	▁Dominican
21372	▁Finished
21373	▁GAL
21374	▁Indu
21375	▁JESUS
21376	▁OpenPGP
21377	▁Peru
21378	▁Saru
21379	▁Scientists
21380	▁Till
21381	▁Tom
21382	▁Transform
21383	▁avenge
21384	▁behaviour
21385	▁boasting
21386	▁compatible
21387	▁confide
21388	▁disperse
21389	▁eldest
21390	▁forgets
21391	▁frightened
21392	▁governed
21393	▁graduation
21394	▁intently
21395	▁listing
21396	▁maximised
21397	▁meekness
21398	▁ministered
21399	▁mk
21400	▁nails
21401	▁performs
21402	▁polygon
21403	▁profession
21404	▁raiment
21405	▁rebuilt
21406	▁repaired
21407	▁rolled
21408	▁screaming
21409	▁subdue
21410	▁swiftly
21411	▁uh
21412	▁unintentional
21413	▁अनुरेख
21414	▁अन्तर्दृष्टि
21415	▁आय
21416	▁उज्
21417	▁उपकरणों
21418	▁एक्सचेंज
21419	▁कंधे
21420	▁कट्टर
21421	▁क़र्ज़
21422	▁काटते
21423	▁कार्डस्
21424	▁किलो
21425	▁खींचकर
21426	▁गन्दी
21427	▁गहने
21428	▁गेहूं
21429	▁गैब
21430	▁घोड़ा
21431	▁चढ़ाव
21432	▁चुकता
21433	▁चुभ
21434	▁जकड़े
21435	▁टिप्पणियाँ
21436	▁टूल
21437	▁टॉ
21438	▁ठुकराया
21439	▁त्वरक
21440	▁देंगी
21441	▁नित
21442	▁पछता
21443	▁पलक
21444	▁प्रथा
21445	▁फंट
21446	▁बाटिका
21447	▁बिक
21448	▁भरती
21449	▁मिस्रियों
21450	▁रिक्तिकरण
21451	▁लटकत
21452	▁लूथर
21453	▁सतत
21454	▁सास
21455	▁सौभाग्य
21456	▁स्टेडियम
21457	▁हजारों
21458	▁हलकी
21459	▁हायपर
21460	ML
21461	cor
21462	nclude
21463	ui
21464	ype
21465	असल
21466	जील
21467	नियों
21468	नोबो
21469	पंचांग
21470	पाक
21471	भाइयों
21472	लॉगिंग
21473	वालो
21474	वासघाती
21475	सिन
21476	ून
21477	ोत
21478	६
21479	▁(6)
21480	▁1959
21481	▁Ai
21482	▁Amaziah
21483	▁Berlin
21484	▁Conversation
21485	▁Delight
21486	▁Euphrates
21487	▁Factor
21488	▁Footer
21489	▁Ghost
21490	▁Half
21491	▁Range
21492	▁Seer
21493	▁Shaphan
21494	▁Ver
21495	▁asses
21496	▁babe
21497	▁bereaved
21498	▁essence
21499	▁evince
21500	▁falsehoods
21501	▁fl
21502	▁honors
21503	▁horror
21504	▁id
21505	▁ingrate
21506	▁lecture
21507	▁longed
21508	▁malaria
21509	▁milliseconds
21510	▁navigation
21511	▁opposes
21512	▁overthrown
21513	▁perfume
21514	▁relax
21515	▁representation
21516	▁sa
21517	▁sample
21518	▁shares
21519	▁stations
21520	▁straitened
21521	▁summon
21522	▁terrorist
21523	▁testifies
21524	▁throwing
21525	▁unbaptized
21526	▁unworthy
21527	▁verbal
21528	▁अज्ञान
21529	▁अद्यतनीकरण
21530	▁अपुल्लोस
21531	▁अम
21532	▁अलगाव
21533	▁इंसाफ
21534	▁इशारे
21535	▁कोशिका
21536	▁गाद
21537	▁जनने
21538	▁जायदाद
21539	▁जेवनार
21540	▁झलकियाँ
21541	▁झुकाए
21542	▁टूटने
21543	▁दर्जन
21544	▁दसवें
21545	▁निकालेगा
21546	▁परंपराओं
21547	▁प्रतिरूप
21548	▁बोलती
21549	▁भेड़िया
21550	▁भ्रम
21551	▁यात्रियों
21552	▁युवावस्था
21553	▁राउंड
21554	▁रैप
21555	▁लिखाई
21556	▁लिपि
21557	▁लेखकः
21558	▁वसा
21559	▁समझती
21560	▁सेंसिटिव
21561	▁होनेवालों
21562	▁४१
21563	),-
21564	96
21565	Solomon
21566	Subject
21567	children
21568	conf
21569	doc
21570	gifts
21571	ken
21572	look
21573	necked
21574	rightly
21575	sky
21576	sure
21577	ö
21578	अनन्त
21579	कस
21580	खोज
21581	टेन
21582	नाओं
21583	निश्
21584	पता
21585	परन्तु
21586	फ़्ल
21587	रण
21588	ल्फ
21589	सरल
21590	िजात
21591	ैंगो
21592	ैल
21593	्रे
21594	▁160
21595	▁1954
21596	▁Ananias
21597	▁Artist
21598	▁Axis
21599	▁Caesarea
21600	▁Controls
21601	▁DNS
21602	▁Ecuador
21603	▁Formatting
21604	▁Hospital
21605	▁IRC
21606	▁Lesson
21607	▁ONE
21608	▁Obedience
21609	▁Prior
21610	▁Priscilla
21611	▁Shaw
21612	▁Zadok
21613	▁allowance
21614	▁approximately
21615	▁beep
21616	▁budget
21617	▁companionship
21618	▁cruelty
21619	▁decimal
21620	▁delimiter
21621	▁diagram
21622	▁donation
21623	▁embarrassed
21624	▁enthroned
21625	▁floods
21626	▁governmental
21627	▁inappropriate
21628	▁kidneys
21629	▁kinsmen
21630	▁par
21631	▁plow
21632	▁precisely
21633	▁quest
21634	▁rebuked
21635	▁rein
21636	▁sales
21637	▁scientist
21638	▁testimonies
21639	▁threading
21640	▁trading
21641	▁transgresses
21642	▁undergoing
21643	▁unduly
21644	▁unfailing
21645	▁urging
21646	▁visitor
21647	▁अवज्ञाकार
21648	▁आइलैंड
21649	▁आपूर्ति
21650	▁आर्गुमेंट
21651	▁इंजील
21652	▁औपबंधिक
21653	▁कयामत
21654	▁करूबों
21655	▁कोर्ट
21656	▁ख़ाली
21657	▁घूमते
21658	▁चट्टानों
21659	▁चर्चों
21660	▁चीजे
21661	▁जमीन
21662	▁ज़ेनेरिक
21663	▁दणडवत
21664	▁दमिश्क
21665	▁धीमे
21666	▁निर
21667	▁निर्धारण
21668	▁पिन
21669	▁प्रतीकात्मक
21670	▁फ़िक्र
21671	▁फिलिप
21672	▁फेसबुक
21673	▁फैक्टरी
21674	▁फ्लैश
21675	▁बचाओ
21676	▁बाड़
21677	▁बॆन
21678	▁बेहोशी
21679	▁मादी
21680	▁मिन्
21681	▁मुजरिम
21682	▁मोटर
21683	▁रस्सियाँ
21684	▁रेसिपि
21685	▁लगेगी
21686	▁लापता
21687	▁व्हाइट
21688	▁संगमरमर
21689	▁संस्कृतियों
21690	▁सटीकता
21691	▁सिंटेक्स
21692	▁सीरिया
21693	▁सुर
21694	▁सॉ
21695	▁स्टेटस
21696	▁स्पष्टतः
21697	▁हितकर
21698	▁हृदयों
21699	▁८०
21700	▁♫
21701	✔
21702	Due
21703	RY
21704	Sufficient
21705	ban
21706	col
21707	eros
21708	ext
21709	join
21710	lap
21711	oh
21712	sons
21713	zar
21714	ão
21715	इब्
21716	एफ़
21717	खूब
21718	नीस
21719	प्ल
21720	यां
21721	शिया
21722	ाद
21723	७०
21724	▁(0
21725	▁100%
21726	▁1983
21727	▁1984
21728	▁2001,
21729	▁700
21730	▁Coles
21731	▁Commandments
21732	▁Graphics
21733	▁Leah
21734	▁Lives
21735	▁Phinehas
21736	▁Righteousness
21737	▁Sand
21738	▁Servant
21739	▁Tokyo
21740	▁Transformation
21741	▁Walking
21742	▁Zebulun
21743	▁acknowledges
21744	▁alternate
21745	▁apes
21746	▁arouse
21747	▁awaited
21748	▁barley
21749	▁bullock
21750	▁contradict
21751	▁creators
21752	▁deciding
21753	▁decrease
21754	▁disorders
21755	▁distract
21756	▁disturbing
21757	▁feareth
21758	▁fights
21759	▁goodwill
21760	▁hither
21761	▁incur
21762	▁insurance
21763	▁kick
21764	▁mm
21765	▁modifications
21766	▁moreover
21767	▁nail
21768	▁observers
21769	▁obstacle
21770	▁politicians
21771	▁promising
21772	▁quarters
21773	▁rampant
21774	▁reset
21775	▁sits
21776	▁smallest
21777	▁spears
21778	▁tokens
21779	▁trivial
21780	▁weighing
21781	▁अकेलेपन
21782	▁अभिमानी
21783	▁आगमन
21784	▁इन्
21785	▁इर्द
21786	▁उतारने
21787	▁उद
21788	▁एन्
21789	▁ओल
21790	▁कठोरता
21791	▁कीचड़
21792	▁कोठरियों
21793	▁गिरजों
21794	▁चिपकाएं
21795	▁टोक
21796	▁ढलत
21797	▁तम
21798	▁थॉमस
21799	▁दवाइयों
21800	▁दाद
21801	▁दौड़ा
21802	▁धड़
21803	▁धुएँ
21804	▁नायक
21805	▁निर्देशक
21806	▁पताका
21807	▁परिसर
21808	▁पाठ्यांश
21809	▁पेशे
21810	▁पॉलिसी
21811	▁पौष्टिक
21812	▁प्रदाय
21813	▁बान्धा
21814	▁बाराक
21815	▁भेजेगा
21816	▁मातम
21817	▁माली
21818	▁यहो
21819	▁रोस्टर
21820	▁लु
21821	▁विज़ेट
21822	▁व्याप्त
21823	▁सादोक
21824	▁स्पष्टतया
21825	▁हारान
21826	▁हालाकि
21827	▁०
21828	6.0
21829	David
21830	Listen
21831	Recent
21832	Size
21833	VCD
21834	bad
21835	count
21836	fu
21837	gconfd
21838	ood
21839	powerful
21840	rn
21841	select
21842	आया
21843	कै
21844	क्क
21845	खो
21846	जीएल
21847	पियो
21848	प्यार
21849	महान
21850	योग
21851	रु
21852	वाकर
21853	वै
21854	िश्
21855	्टी
21856	▁100,000
21857	▁127
21858	▁2014
21859	▁230
21860	▁89
21861	▁Albania
21862	▁Alive
21863	▁Assyrians
21864	▁Ci
21865	▁Descendants
21866	▁Hittite
21867	▁Hours
21868	▁Isn
21869	▁Kar
21870	▁Labels
21871	▁Miriam
21872	▁Searches
21873	▁Shi
21874	▁Static
21875	▁Testing
21876	▁Vala
21877	▁WITH
21878	▁agency
21879	▁baked
21880	▁bearers
21881	▁bitterly
21882	▁cart
21883	▁confer
21884	▁consistently
21885	▁continual
21886	▁crawl
21887	▁credential
21888	▁designer
21889	▁discord
21890	▁excellence
21891	▁fee
21892	▁forehead
21893	▁harmless
21894	▁inevitably
21895	▁jest
21896	▁loses
21897	▁migration
21898	▁misuse
21899	▁munificence
21900	▁opacity
21901	▁organs
21902	▁parser
21903	▁passover
21904	▁pictured
21905	▁sockets
21906	▁valiant
21907	▁writeable
21908	▁अमस्याह
21909	▁अर्थवान
21910	▁उग
21911	▁कायदे
21912	▁गणराज्य
21913	▁गाओ
21914	▁ग्लोबल
21915	▁घूर
21916	▁चखना
21917	▁चतुर्भुज
21918	▁चुनो
21919	▁ज़ेवर
21920	▁झड़
21921	▁टेस्ट
21922	▁टोप
21923	▁ट्रेवर
21924	▁डगमगा
21925	▁डिक्लेरेशन
21926	▁डॉन
21927	▁तोड़ी
21928	▁धरना
21929	▁न्यूज़
21930	▁पुकारेंगे
21931	▁पूर्वधारणा
21932	▁प्रत्याशित
21933	▁फेरने
21934	▁फेरो
21935	▁फॉन्ट
21936	▁फोटोग्राफ
21937	▁फ्रे
21938	▁बाध्यता
21939	▁बैंगनी
21940	▁बोअज़
21941	▁ब्रा
21942	▁मंच
21943	▁महायाजकों
21944	▁मासूम
21945	▁रच
21946	▁रिलीज़
21947	▁वेस्ट
21948	▁शोहरत
21949	▁सिंगापुर
21950	▁स्टीफन
21951	300
21952	Before
21953	Game
21954	Yahweh
21955	arious
21956	being
21957	ctor
21958	ending
21959	eous
21960	hen
21961	mas
21962	play
21963	sage
21964	unch
21965	इतनी
21966	ऊँ
21967	एमएल
21968	क़तई
21969	चर्यजनक
21970	ताधान
21971	तिक
21972	नीकोड
21973	पैगो
21974	पों
21975	मिया
21976	लोक
21977	ल्म
21978	वमंडल
21979	विस्तार
21980	सन्
21981	़केल
21982	ाइल
21983	ॉप
21984	२०
21985	▁(4)
21986	▁Anything
21987	▁Ban
21988	▁Cast
21989	▁Ed
21990	▁Jerome
21991	▁Matter
21992	▁Minister
21993	▁Myanmar
21994	▁Organizer
21995	▁PC
21996	▁Ponti
21997	▁Prince
21998	▁Processing
21999	▁Radius
22000	▁Round
22001	▁Sister
22002	▁Throw
22003	▁Tomorrow
22004	▁attendant
22005	▁bother
22006	▁casting
22007	▁clergymen
22008	▁consultation
22009	▁cubit
22010	▁dreamed
22011	▁envious
22012	▁excitement
22013	▁exemption
22014	▁eyewitnesses
22015	▁hallow
22016	▁inlistbox
22017	▁insisted
22018	▁journeys
22019	▁manifestation
22020	▁misguided
22021	▁mustard
22022	▁overall
22023	▁overthrow
22024	▁porch
22025	▁presiding
22026	▁reed
22027	▁scar
22028	▁unfinished
22029	▁upbringing
22030	▁workplace
22031	▁आवंट
22032	▁उठाइए
22033	▁ऑपरेट
22034	▁कटवा
22035	▁कराए
22036	▁कैम्प
22037	▁खिल
22038	▁ग़रीबी
22039	▁गिल
22040	▁चिकना
22041	▁जज
22042	▁जमाव
22043	▁जिस्म
22044	▁टोपी
22045	▁दारा
22046	▁दुविधा
22047	▁देखनेवालों
22048	▁धोना
22049	▁निभायी
22050	▁परिणित
22051	▁पीप
22052	▁पुनर्प्रेषित
22053	▁प्रफुल्लित
22054	▁बीमा
22055	▁बोलो
22056	▁बौद्ध
22057	▁ब्रांच
22058	▁मंगलवार
22059	▁रन
22060	▁राइट
22061	▁राहाब
22062	▁लब
22063	▁लिखवा
22064	▁विस्मय
22065	▁शमू
22066	▁संत
22067	▁सद
22068	▁सन्तानों
22069	▁समझिए
22070	▁सर्वाधिक
22071	▁सलाहों
22072	▁सुनसान
22073	▁स्टॉक
22074	Back
22075	Con
22076	allback
22077	flow
22078	hin
22079	iya
22080	oid
22081	palms
22082	ulation
22083	इड
22084	कई
22085	चिल्ला
22086	ताब
22087	ताही
22088	नक
22089	प्स
22090	लिखा
22091	विक
22092	स्त्र
22093	स्मरण
22094	▁Air
22095	▁Bal
22096	▁Buddhist
22097	▁Fred
22098	▁Ghana
22099	▁Hail
22100	▁III
22101	▁Methods
22102	▁Nepal
22103	▁Nun
22104	▁Palette
22105	▁Pipe
22106	▁Purge
22107	▁Referr
22108	▁Zambia
22109	▁accustomed
22110	▁ants
22111	▁ascertain
22112	▁bags
22113	▁capabilities
22114	▁carved
22115	▁commerce
22116	▁complicated
22117	▁confession
22118	▁departure
22119	▁discarded
22120	▁drops
22121	▁emphasizes
22122	▁floating
22123	▁forelock
22124	▁formidable
22125	▁hurried
22126	▁illnesses
22127	▁implement
22128	▁insult
22129	▁investigate
22130	▁optional
22131	▁partiality
22132	▁participating
22133	▁plea
22134	▁pluck
22135	▁recipe
22136	▁recline
22137	▁roles
22138	▁scheduled
22139	▁spacing
22140	▁subsequent
22141	▁teen
22142	▁triangle
22143	▁upgrade
22144	▁wholehearted
22145	▁xml
22146	▁अपनाना
22147	▁इतरा
22148	▁इल
22149	▁ईज़ेबेल
22150	▁एलन
22151	▁एलीआजर
22152	▁ऑल्ट
22153	▁कठिनाइयों
22154	▁कपटी
22155	▁कुँवारी
22156	▁क्रियान्वित
22157	▁खींचना
22158	▁घटिया
22159	▁ज्ञानी
22160	▁डालती
22161	▁डींग
22162	▁डैनी
22163	▁तमाशे
22164	▁दलदल
22165	▁दा
22166	▁दिखते
22167	▁दोगुना
22168	▁निदष
22169	▁नेटस्केप
22170	▁न्यायाधीश
22171	▁पका
22172	▁पहचानना
22173	▁पहनावे
22174	▁पहुंचाए
22175	▁पिछल
22176	▁पीनहास
22177	▁बतशेबा
22178	▁बन्धुआई
22179	▁बौछार
22180	▁भाँप
22181	▁भूला
22182	▁मंज़िलें
22183	▁मजदूर
22184	▁मीरास
22185	▁विकासशील
22186	▁शार्क
22187	▁शिकस्त
22188	▁सज्जन
22189	▁सदमा
22190	▁सेल्टिक
22191	▁स्टार
22192	▁स्पॉट
22193	▁स्वतंत्रा
22194	▁हि
22195	▁हितों
22196	▁होली
22197	▁४८
22198	Ask
22199	Blue
22200	CR
22201	DATE
22202	SE
22203	Tree
22204	ami
22205	city
22206	ford
22207	generation
22208	ker
22209	rated
22210	sp
22211	tern
22212	things
22213	ü
22214	इस्ता
22215	एड
22216	कैसे
22217	ख़ुशहाली
22218	चिन्हों
22219	डीएम
22220	तुमको
22221	पस
22222	बंद
22223	श्वत
22224	सिस्टम
22225	ाट
22226	िफ
22227	ेश
22228	▁1.0
22229	▁Bank
22230	▁Cards
22231	▁Choice
22232	▁Condition
22233	▁Deliver
22234	▁Doug
22235	▁Driver
22236	▁Era
22237	▁GO
22238	▁GPS
22239	▁Ken
22240	▁NAT
22241	▁Nazis
22242	▁Outgoing
22243	▁Park
22244	▁Realiz
22245	▁Suffering
22246	▁Train
22247	▁Understanding
22248	▁Wind
22249	▁aircraft
22250	▁analysis
22251	▁award
22252	▁beach
22253	▁blindness
22254	▁boats
22255	▁breakfast
22256	▁chase
22257	▁commemorate
22258	▁commenting
22259	▁compar
22260	▁damn
22261	▁darkened
22262	▁depicted
22263	▁earning
22264	▁eighty
22265	▁exerts
22266	▁hardworking
22267	▁journeying
22268	▁mandatory
22269	▁maneuver
22270	▁monthly
22271	▁mosque
22272	▁nevertheless
22273	▁oblivious
22274	▁phones
22275	▁portent
22276	▁sections
22277	▁stirring
22278	▁stops
22279	▁stressful
22280	▁uncertainty
22281	▁unconscious
22282	▁uprightness
22283	▁upside
22284	▁असहाय
22285	▁आऊँ
22286	▁आतिथ्य
22287	▁उकसा
22288	▁क़िस्सा
22289	▁किक्कार
22290	▁कॉम
22291	▁कौ
22292	▁गज़ब
22293	▁ग्राहकों
22294	▁घिनौनी
22295	▁चलेगी
22296	▁डाउन
22297	▁डोर
22298	▁डोरी
22299	▁ढह
22300	▁तसवीरों
22301	▁दंपति
22302	▁दबाएं
22303	▁नंगा
22304	▁नवम्बर
22305	▁नागा
22306	▁नात्ज़ी
22307	▁पन
22308	▁पिजि
22309	▁पूल
22310	▁पेजर
22311	▁पेशेवर
22312	▁फ़ैक्स
22313	▁बुध्दि
22314	▁मिलनसार
22315	▁यथा
22316	▁यहेज
22317	▁वर्णित
22318	▁विद्य
22319	▁शोकित
22320	▁सटीक
22321	▁साए
22322	▁सीखता
22323	▁स्वत
22324	▁हुस्न
22325	02
22326	Project
22327	Return
22328	dist
22329	dium
22330	draw
22331	faithful
22332	gz
22333	ike
22334	ising
22335	lines
22336	एगें
22337	कठिन
22338	ख़ूब
22339	तीत
22340	तूर
22341	पहली
22342	पू
22343	प्त
22344	बील
22345	मिल
22346	र्च
22347	ल्ला
22348	वृति
22349	शान्ति
22350	साधक
22351	्टन
22352	्ध
22353	▁"2.
22354	▁1933
22355	▁1991,
22356	▁2,500
22357	▁Baby
22358	▁Covenant
22359	▁Dec
22360	▁Directories
22361	▁Enables
22362	▁Exists
22363	▁Experience
22364	▁Exposure
22365	▁Ishaq
22366	▁MA
22367	▁Organizational
22368	▁Preferred
22369	▁Results
22370	▁SOME
22371	▁Sit
22372	▁Tali
22373	▁Twenty
22374	▁assuming
22375	▁bees
22376	▁blowing
22377	▁brake
22378	▁breakdown
22379	▁brilliant
22380	▁carpenter
22381	▁cluster
22382	▁conquering
22383	▁constellation
22384	▁contributing
22385	▁criticize
22386	▁deafness
22387	▁deliberate
22388	▁density
22389	▁encodings
22390	▁establishing
22391	▁fe
22392	▁focuses
22393	▁forbearing
22394	▁hearers
22395	▁humiliate
22396	▁impaled
22397	▁improvement
22398	▁improvements
22399	▁kinship
22400	▁lawless
22401	▁makeup
22402	▁nets
22403	▁nodes
22404	▁oct
22405	▁orderly
22406	▁override
22407	▁philosophies
22408	▁piles
22409	▁provinces
22410	▁robe
22411	▁selective
22412	▁smitten
22413	▁sower
22414	▁sparing
22415	▁toilet
22416	▁tolerance
22417	▁unpleasant
22418	▁vehicles
22419	▁whale
22420	▁अक्विला
22421	▁अख़बार
22422	▁अवेक
22423	▁आपत्ति
22424	▁उल्लिखित
22425	▁एल्बम
22426	▁कर्तव्य
22427	▁कुस्रू
22428	▁खिसकाएं
22429	▁चर्म
22430	▁ट्रैफ
22431	▁ठहरोगे
22432	▁डटकर
22433	▁डिफोल्ट
22434	▁ढाढ़स
22435	▁तख़्त
22436	▁तनख्वाह
22437	▁ताज
22438	▁तालू
22439	▁दबाया
22440	▁धोखेबाज़
22441	▁नीयत
22442	▁पड़नेवाल
22443	▁पत्रकार
22444	▁पाइंट
22445	▁पाइए
22446	▁फिरना
22447	▁बहता
22448	▁बाज
22449	▁बेखटके
22450	▁ब्रिज
22451	▁मालिकों
22452	▁मिमी
22453	▁मृदु
22454	▁रहेंगें
22455	▁लाओगे
22456	▁विश्वासघाती
22457	▁वोट
22458	▁शापान
22459	▁सर्च
22460	▁सादे
22461	▁सुझाया
22462	▁ह्
22463	▁४७
22464	▁६५
22465	Data
22466	Has
22467	OW
22468	always
22469	compatible
22470	custom
22471	display
22472	fast
22473	giving
22474	gram
22475	ila
22476	rio
22477	इनकार
22478	ख़ुद
22479	जोंग
22480	टू
22481	तान
22482	धर्मपरायणता
22483	महिमा
22484	संगीत
22485	ुक
22486	्श
22487	१९
22488	▁32]
22489	▁Agent
22490	▁Boy
22491	▁Century
22492	▁Development
22493	▁Dutch
22494	▁Gilgal
22495	▁Hula
22496	▁Hungary
22497	▁Ku
22498	▁Makefile
22499	▁Mines
22500	▁Moscow
22501	▁Mozambique
22502	▁Specific
22503	▁Synchronise
22504	▁Types
22505	▁Unix
22506	▁Usually
22507	▁[3
22508	▁awaken
22509	▁beer
22510	▁befallen
22511	▁characterized
22512	▁customers
22513	▁developer
22514	▁dishes
22515	▁divination
22516	▁divinity
22517	▁dots
22518	▁dug
22519	▁employees
22520	▁enriched
22521	▁feathers
22522	▁gathers
22523	▁gum
22524	▁homosexuality
22525	▁huh
22526	▁indulge
22527	▁innermost
22528	▁insolence
22529	▁majestic
22530	▁managing
22531	▁obeisance
22532	▁periodic
22533	▁reconcile
22534	▁rested
22535	▁riot
22536	▁rival
22537	▁rust
22538	▁slider
22539	▁solitaire
22540	▁spectacular
22541	▁stem
22542	▁su
22543	▁swim
22544	▁tale
22545	▁typically
22546	▁unkind
22547	▁usable
22548	▁watering
22549	▁©
22550	▁अक़ल
22551	▁अज़ीज़ों
22552	▁अवहेलना
22553	▁आशेर
22554	▁इंडेन्टेशन
22555	▁उच्चारण
22556	▁कचरे
22557	▁कुटिल
22558	▁ख़ान
22559	▁ख़ाना
22560	▁चुपड़ी
22561	▁चौकी
22562	▁जनन
22563	▁जुब
22564	▁झ
22565	▁झुकने
22566	▁टेबल
22567	▁टैग्स
22568	▁ताई
22569	▁दफ़्तर
22570	▁दबाए
22571	▁दहलीज
22572	▁धूलि
22573	▁नोड्स
22574	▁पंहुच
22575	▁पन्ना
22576	▁प्रतिबिंब
22577	▁प्राथमिकताएँ
22578	▁फारसी
22579	▁फैलाता
22580	▁बसेरा
22581	▁बेहया
22582	▁भाषणों
22583	▁लटक
22584	▁लहरें
22585	▁लौटता
22586	▁शायर
22587	▁समुदायों
22588	▁सामीप्य
22589	▁सेंटीमीटर
22590	▁स्केलिंग
22591	▁हक़ीकत
22592	▁हिमायती
22593	▁होएं
22594	Mohammed
22595	Photo
22596	Preferences
22597	cknowledging
22598	clear
22599	ica
22600	lect
22601	sses
22602	अक्ष
22603	ज़िज़
22604	जूद
22605	त्तर
22606	धारी
22607	बढ़ा
22608	बान
22609	वरना
22610	वुड
22611	हवा
22612	हृदय
22613	▁"{2}"
22614	▁125
22615	▁1981
22616	▁Ann
22617	▁Belief
22618	▁Blu
22619	▁CR
22620	▁Embedded
22621	▁Excuse
22622	▁Finland
22623	▁GStreamer
22624	▁Karen
22625	▁League
22626	▁Leaving
22627	▁Locale
22628	▁Nam
22629	▁Nation
22630	▁Passwords
22631	▁Patching
22632	▁Prophecy
22633	▁Rico
22634	▁Sisera
22635	▁Started
22636	▁Timezone
22637	▁chairman
22638	▁covenants
22639	▁custody
22640	▁department
22641	▁egg
22642	▁ere
22643	▁explanations
22644	▁fertile
22645	▁highlighting
22646	▁immigrants
22647	▁isolation
22648	▁liberal
22649	▁madman
22650	▁merge
22651	▁occupy
22652	▁outstretched
22653	▁overtakes
22654	▁plate
22655	▁practically
22656	▁primitive
22657	▁prolong
22658	▁robbers
22659	▁seeming
22660	▁sheets
22661	▁stole
22662	▁suppress
22663	▁talent
22664	▁torrent
22665	▁traitor
22666	▁undue
22667	▁अन्धियारे
22668	▁इंग्लिश
22669	▁इब्री
22670	▁एपोद
22671	▁कशी
22672	▁कुरबान
22673	▁चकना
22674	▁चुकाने
22675	▁चौंक
22676	▁ताड़
22677	▁दोहराना
22678	▁पट्टे
22679	▁परहेज़
22680	▁पहरा
22681	▁पुर
22682	▁प्रतिरोध
22683	▁प्रोग्राम्स
22684	▁प्रोटोकॉल्स
22685	▁बिछा
22686	▁मास
22687	▁मुसाफ़िरों
22688	▁मुहैय
22689	▁रसा
22690	▁रूबेन
22691	▁लगाएं
22692	▁लोकेल
22693	▁वर्गों
22694	▁वाक़िया
22695	▁सफ़ेद
22696	▁सब्ज़
22697	▁साइ
22698	▁सीखे
22699	▁सूखा
22700	▁स्क्रिप्चर्स
22701	▁हटना
22702	▁हटाओ
22703	▁हाइ
22704	▁हीरे
22705	%2
22706	Al
22707	Current
22708	HTML
22709	Insert
22710	Millennial
22711	STD
22712	Subscribe
22713	Uncomm
22714	Which
22715	eep
22716	lop
22717	nie
22718	onfigure
22719	onic
22720	range
22721	rite
22722	score
22723	send
22724	trust
22725	used
22726	आपस
22727	इबराहीम
22728	इबादत
22729	क़ौमे
22730	गछ
22731	गुमराही
22732	ज़बान
22733	ज़रुर
22734	जातीय
22735	नाहक़
22736	न्य
22737	फिरऔन
22738	बदबख्त
22739	बन्दे
22740	बन्दों
22741	बरकत
22742	बरु
22743	माबूद
22744	मुबादा
22745	मोमिनों
22746	रिंग
22747	शहवत
22748	शायद
22749	शिर्क
22750	सराइल
22751	सवाब
22752	सु
22753	हद
22754	िज
22755	िज्र
22756	ुफल
22757	ेम
22758	्दिक
22759	”?
22760	▁1925
22761	▁Bridge
22762	▁Clock
22763	▁Gathering
22764	▁Geographic
22765	▁Jersey
22766	▁Manifest
22767	▁Misc
22768	▁Num
22769	▁Numeric
22770	▁Paragraph
22771	▁Philemon
22772	▁Presence
22773	▁Showers
22774	▁Thunderstorm
22775	▁barely
22776	▁characteristic
22777	▁cheek
22778	▁dearly
22779	▁deceitful
22780	▁decent
22781	▁defraud
22782	▁disclosed
22783	▁enlightening
22784	▁exclaim
22785	▁extinguish
22786	▁foes
22787	▁gesture
22788	▁glorifie
22789	▁harp
22790	▁historic
22791	▁idolater
22792	▁ilaha
22793	▁interrupted
22794	▁lighten
22795	▁obstinate
22796	▁persisted
22797	▁piercing
22798	▁poles
22799	▁portrayed
22800	▁potter
22801	▁robbed
22802	▁rotten
22803	▁scheming
22804	▁sedition
22805	▁simultaneously
22806	▁visual
22807	▁अज़सरतापा
22808	▁अराबा
22809	▁अविश्वसनीय
22810	▁असीम
22811	▁आकर्षण
22812	▁इख्तेलाफ
22813	▁ऊर
22814	▁एल्
22815	▁क़ारुन
22816	▁क़िबल
22817	▁किताबवालो
22818	▁खदान
22819	▁ख़िलक
22820	▁खीचें
22821	▁खुरमे
22822	▁खोजी
22823	▁गाँवों
22824	▁गुणक
22825	▁ग्रुप
22826	▁घिरे
22827	▁चादर
22828	▁चारपायो
22829	▁छात्र
22830	▁जन्नतों
22831	▁जागता
22832	▁टि
22833	▁डिक
22834	▁ड्राफ्ट
22835	▁ढलान
22836	▁तस्वीरें
22837	▁ताम्मुल
22838	▁तौलो
22839	▁त्वरित
22840	▁नज़रें
22841	▁नाफ़रमान
22842	▁निचोड़
22843	▁निभाते
22844	▁पत्ऩ
22845	▁परिमाण
22846	▁पाइथन
22847	▁पाकदामन
22848	▁पालक
22849	▁पीओ
22850	▁फ़ज़
22851	▁फ़िद
22852	▁बख़श
22853	▁बहकाव
22854	▁बुर्ज़ुग
22855	▁बुर्जुग़
22856	▁बूझकर
22857	▁मरता
22858	▁मलावी
22859	▁मसखरा
22860	▁मांगते
22861	▁मार्शल
22862	▁मिनट्स
22863	▁मुअ
22864	▁मुन्तिज़
22865	▁मुस्तहक
22866	▁यामीन
22867	▁रखों
22868	▁रिटायर
22869	▁लाएंगें
22870	▁लाठ
22871	▁लौटें
22872	▁वासना
22873	▁विलग
22874	▁सन्ध्य
22875	▁सम्पादन
22876	▁सादगी
22877	▁सेवाएँ
22878	231
22879	Archive
22880	GEO
22881	Gabriel
22882	NTLM
22883	\\%
22884	].’
22885	foo
22886	hah
22887	len
22888	mir
22889	py
22890	rick
22891	roy
22892	var
22893	क्षेत्र
22894	चलते
22895	डम
22896	तक़दीर
22897	द्ध
22898	नया
22899	बेशक
22900	भलाई
22901	येगा
22902	लॉ
22903	वाए
22904	सिं
22905	स्की
22906	ॅन
22907	▁%1)
22908	▁0)
22909	▁1965
22910	▁82
22911	▁Aad
22912	▁Attendees
22913	▁Autocompletion
22914	▁Been
22915	▁Belgium
22916	▁Compact
22917	▁Crime
22918	▁Deborah
22919	▁Des
22920	▁Disease
22921	▁Examples
22922	▁Gravity
22923	▁Highlighting
22924	▁Honourable
22925	▁Kexi
22926	▁Pe
22927	▁Percentage
22928	▁Photos
22929	▁Shut
22930	▁Strike
22931	▁Unmatched
22932	▁animate
22933	▁applet
22934	▁boil
22935	▁borrow
22936	▁boundary
22937	▁brown
22938	▁cobra
22939	▁db
22940	▁delicious
22941	▁disability
22942	▁discretion
22943	▁disgraceful
22944	▁erect
22945	▁exiting
22946	▁forests
22947	▁goddess
22948	▁grandfather
22949	▁handsome
22950	▁hastening
22951	▁helmet
22952	▁holiday
22953	▁inhabit
22954	▁maternal
22955	▁ministering
22956	▁mortals
22957	▁na
22958	▁paternal
22959	▁penned
22960	▁ra
22961	▁resisting
22962	▁ropes
22963	▁shades
22964	▁sigh
22965	▁speaketh
22966	▁supposedly
22967	▁swearing
22968	▁typing
22969	▁unforeseen
22970	▁weren
22971	▁wickedly
22972	▁अनर्थ
22973	▁अहंकारी
22974	▁एनसाइक्लोपीडि
22975	▁कबर
22976	▁काल्पनिक
22977	▁कोलाहल
22978	▁क्लो
22979	▁खिलाता
22980	▁खीच
22981	▁खुलेआम
22982	▁चुनौतियाँ
22983	▁जन्मे
22984	▁जबूलून
22985	▁जिंदा
22986	▁झु
22987	▁ठहरी
22988	▁डालूँगा
22989	▁डिजाइन
22990	▁तुरही
22991	▁देशी
22992	▁धूसर
22993	▁निकलवा
22994	▁पहुच
22995	▁बढ़ाती
22996	▁बाधित
22997	▁बेरहमी
22998	▁मंजूर
22999	▁मक
23000	▁मक्खी
23001	▁मरेंगे
23002	▁महाराजा
23003	▁मैक्स
23004	▁लंब
23005	▁लाज़र
23006	▁विरूद्
23007	▁शोषण
23008	▁श्रेणियां
23009	▁सरेआम
23010	▁सिमुलेट
23011	▁सीए
23012	▁सुखदायक
23013	ARM
23014	Create
23015	Decline
23016	Most
23017	TF
23018	Travel
23019	between
23020	nia
23021	partners
23022	pur
23023	size
23024	thus
23025	yet
23026	अम
23027	दीर
23028	बर्ग
23029	बैक
23030	ीं
23031	▁92
23032	▁Angola
23033	▁Cape
23034	▁Completion
23035	▁Core
23036	▁DVI
23037	▁Dasher
23038	▁Different
23039	▁Du
23040	▁Er
23041	▁Finish
23042	▁Gath
23043	▁Gibeon
23044	▁HE
23045	▁Installed
23046	▁Links
23047	▁Lost
23048	▁MO
23049	▁Pol
23050	▁Protection
23051	▁Talmud
23052	▁WHY
23053	▁Ways
23054	▁Youth
23055	▁acquiring
23056	▁artist
23057	▁beverages
23058	▁cheese
23059	▁counts
23060	▁drunkenness
23061	▁eastward
23062	▁enlarged
23063	▁ephod
23064	▁eyesight
23065	▁failures
23066	▁fishermen
23067	▁flu
23068	▁furious
23069	▁gang
23070	▁groan
23071	▁historians
23072	▁injurious
23073	▁interviewed
23074	▁jewelry
23075	▁lamented
23076	▁laud
23077	▁lighter
23078	▁magnitude
23079	▁mentioning
23080	▁mess
23081	▁ninety
23082	▁plastic
23083	▁pretend
23084	▁redirect
23085	▁reproduce
23086	▁responsive
23087	▁roasted
23088	▁seats
23089	▁sighing
23090	▁slide
23091	▁societies
23092	▁specially
23093	▁stretches
23094	▁unemployment
23095	▁आएँगी
23096	▁आतंकवादी
23097	▁आदी
23098	▁एहतियात
23099	▁काटना
23100	▁क्रमबद्ध
23101	▁खिलाना
23102	▁ग्रूपव
23103	▁घरबार
23104	▁चमकदार
23105	▁चह
23106	▁छुट
23107	▁ज़िबाह
23108	▁टाइलें
23109	▁डैश
23110	▁तित
23111	▁दिखेगा
23112	▁धरते
23113	▁नास्तिक
23114	▁परेशानियाँ
23115	▁पिशाच
23116	▁पुस्तकालय
23117	▁फिरेंगे
23118	▁फेल
23119	▁फैलने
23120	▁बिठाया
23121	▁भुगतने
23122	▁मजाक
23123	▁मठ
23124	▁माँगिए
23125	▁मुस्कुरा
23126	▁विमर्श
23127	▁सत
23128	▁साग
23129	▁सिद्धता
23130	▁स्नातक
23131	▁स्पेशल
23132	55
23133	Contact
23134	NE
23135	aim
23136	aph
23137	ically
23138	kit
23139	meters
23140	ula
23141	आल
23142	कर्त्ता
23143	छाई
23144	टेक्स्ट
23145	दूसरा
23146	प्रशान्ति
23147	बिल्कुल
23148	बूते
23149	मारे
23150	मीर
23151	लानेवाला
23152	ल्ले
23153	ाये
23154	ुफ़
23155	ुश
23156	ेला
23157	▁7.)
23158	▁Alan
23159	▁Ball
23160	▁Caiaphas
23161	▁Chron
23162	▁Crete
23163	▁Gar
23164	▁Jane
23165	▁KOffice
23166	▁KWord
23167	▁Ker
23168	▁Lin
23169	▁MATTHEW
23170	▁Migrating
23171	▁Salat
23172	▁Stack
23173	▁Victoria
23174	▁Wrap
23175	▁Zachariah
23176	▁accomplishments
23177	▁acid
23178	▁annually
23179	▁banks
23180	▁besieged
23181	▁bills
23182	▁biological
23183	▁comrade
23184	▁counselor
23185	▁discrimination
23186	▁dramatically
23187	▁expiation
23188	▁followeth
23189	▁fugitive
23190	▁glimpse
23191	▁gloom
23192	▁graduated
23193	▁hue
23194	▁lewdness
23195	▁mend
23196	▁newspapers
23197	▁nick
23198	▁observer
23199	▁occult
23200	▁olives
23201	▁outbreak
23202	▁parted
23203	▁penetrate
23204	▁precepts
23205	▁quantity
23206	▁raid
23207	▁raven
23208	▁researcher
23209	▁rice
23210	▁sizes
23211	▁slaughtering
23212	▁unacceptable
23213	▁unborn
23214	▁underground
23215	▁understandable
23216	▁worshipper
23217	▁wrongly
23218	▁अमरता
23219	▁अश
23220	▁उगाते
23221	▁उठाती
23222	▁उपदेशों
23223	▁उम्मीदवार
23224	▁एवॉल्यूशन
23225	▁ऑर
23226	▁ओढ़न
23227	▁कार्ट्रि
23228	▁खाद्य
23229	▁गलतफहमी
23230	▁गुज़रता
23231	▁गुट
23232	▁चढ़ते
23233	▁चराइय
23234	▁छिन
23235	▁जुर्माना
23236	▁ज्यामिती
23237	▁टपक
23238	▁डालियों
23239	▁ते
23240	▁दम्पति
23241	▁दर्शाया
23242	▁दाग
23243	▁दुर्दशा
23244	▁धनात्मक
23245	▁नहर
23246	▁न्यास
23247	▁पटिया
23248	▁परखने
23249	▁पारम्परिक
23250	▁पुलट
23251	▁प्लीज़
23252	▁फिराव
23253	▁बकरा
23254	▁बतायीं
23255	▁बर्
23256	▁बर्लिन
23257	▁बेचैनी
23258	▁बेन
23259	▁बेरहम
23260	▁बेवकूफ़
23261	▁ब्लू
23262	▁मज़
23263	▁मणि
23264	▁मानेगा
23265	▁मुरझा
23266	▁रुपया
23267	▁लिनक्स
23268	▁विशेषज्ञों
23269	▁सातवीं
23270	▁साधनों
23271	▁सील
23272	▁सुनती
23273	▁स्पैन
23274	▁हस्तलिपिय
23275	▁हस्तांतरित
23276	95
23277	Auto
23278	Become
23279	HE
23280	Jacob
23281	NET
23282	Paste
23283	Quick
23284	Thread
23285	ida
23286	seeing
23287	आन
23288	केट
23289	खुल्ला
23290	ग्रे
23291	तई
23292	फोन
23293	बुक
23294	मूल
23295	म्बर
23296	लाइट
23297	ल्लत
23298	ांट
23299	ैस
23300	▁118
23301	▁148
23302	▁1879
23303	▁Article
23304	▁Bangladesh
23305	▁Broken
23306	▁CORRESPONDENT
23307	▁Dinar
23308	▁Editing
23309	▁Executable
23310	▁IF
23311	▁Joash
23312	▁José
23313	▁Maps
23314	▁Mike
23315	▁Naboth
23316	▁Namespace
23317	▁Native
23318	▁PIN
23319	▁Photograph
23320	▁Prepare
23321	▁Prison
23322	▁Social
23323	▁Story
23324	▁Strengthen
23325	▁Zealous
23326	▁bleeding
23327	▁bud
23328	▁celebrations
23329	▁charm
23330	▁codes
23331	▁conspire
23332	▁costly
23333	▁differing
23334	▁dim
23335	▁disrupt
23336	▁dull
23337	▁enraged
23338	▁entreat
23339	▁foretells
23340	▁frightening
23341	▁funny
23342	▁harden
23343	▁heeded
23344	▁instructor
23345	▁investigation
23346	▁manuscript
23347	▁marble
23348	▁marvels
23349	▁molded
23350	▁momentous
23351	▁namespace
23352	▁oven
23353	▁overflowing
23354	▁overturned
23355	▁plug
23356	▁providers
23357	▁realization
23358	▁rejoices
23359	▁responds
23360	▁saturation
23361	▁sights
23362	▁snares
23363	▁stack
23364	▁steppe
23365	▁tactics
23366	▁titled
23367	▁tracker
23368	▁victors
23369	▁withholds
23370	▁अंकीय
23371	▁इंडेक्स
23372	▁इनसाइक्लोपीडिया
23373	▁उड़ाने
23374	▁ओवरराइड
23375	▁कं
23376	▁कराएगा
23377	▁कानूनों
23378	▁कुत्तों
23379	▁खूँखार
23380	▁ग्राफिक्स
23381	▁चिपक
23382	▁छान
23383	▁जन्तुओं
23384	▁जल्लाद
23385	▁ज़ब
23386	▁टेढ़े
23387	▁ठहरते
23388	▁डग
23389	▁डूबे
23390	▁डौग
23391	▁ढीठ
23392	▁ढूंढा
23393	▁तोड़ना
23394	▁थिस्सलुनीके
23395	▁दरियादिली
23396	▁निकालेंगे
23397	▁निर्
23398	▁पताः
23399	▁पहाड़ियों
23400	▁पैगाम
23401	▁प्रतिबंधित
23402	▁प्रेरक
23403	▁बापदादों
23404	▁भटककर
23405	▁भव्य
23406	▁महँग
23407	▁लायक़
23408	▁विक
23409	▁विजेता
23410	▁विज्ञानी
23411	▁व्यभिचारिणी
23412	▁शूरवीरों
23413	▁संरक्षण
23414	▁स्पर्श
23415	▁१९९२
23416	64
23417	Accounts
23418	Classification
23419	GEST
23420	IG
23421	Join
23422	South
23423	UTC
23424	ett
23425	haven
23426	hole
23427	lzma
23428	optional
23429	serif
23430	क़िस्म
23431	झूठी
23432	तुमसे
23433	दंड
23434	नौ
23435	पोलिस
23436	बच्चों
23437	मों
23438	यरी
23439	शुरू
23440	श्र
23441	सेन
23442	स्क्रिप्ट
23443	ाहट
23444	ियाई
23445	िल्ली
23446	्टे
23447	०७
23448	▁133
23449	▁4.)
23450	▁5,000
23451	▁Atte
23452	▁Com
23453	▁Compression
23454	▁Cur
23455	▁Designer
23456	▁Endurance
23457	▁Indent
23458	▁JOHN
23459	▁JSON
23460	▁Legal
23461	▁Material
23462	▁Nic
23463	▁Occurrence
23464	▁Possibly
23465	▁Prefer
23466	▁Resolution
23467	▁Rise
23468	▁Shadow
23469	▁Treat
23470	▁Unquestionably
23471	▁Uzziah
23472	▁Win
23473	▁Wrath
23474	▁addressing
23475	▁adolescents
23476	▁attraction
23477	▁burner
23478	▁casual
23479	▁cent
23480	▁covet
23481	▁crushing
23482	▁defiantly
23483	▁dependencies
23484	▁deposit
23485	▁dividing
23486	▁dwells
23487	▁endeavour
23488	▁estimates
23489	▁firstfruits
23490	▁frighten
23491	▁heaps
23492	▁heaviness
23493	▁hoard
23494	▁holes
23495	▁hook
23496	▁impel
23497	▁impelled
23498	▁insufficient
23499	▁laughter
23500	▁layers
23501	▁leisure
23502	▁marched
23503	▁mini
23504	▁nationality
23505	▁nearness
23506	▁oh
23507	▁pointer
23508	▁prohibition
23509	▁requesting
23510	▁respited
23511	▁satanic
23512	▁shooting
23513	▁simplify
23514	▁slight
23515	▁subtract
23516	▁supplications
23517	▁suspended
23518	▁tarry
23519	▁triumphant
23520	▁wandered
23521	▁wondrous
23522	▁yeartext
23523	▁अंजामों
23524	▁अभाव
23525	▁आवेदन
23526	▁इश्माएल
23527	▁एड़ी
23528	▁एपीआई
23529	▁कुँवारे
23530	▁खाट
23531	▁खुर
23532	▁ग्रूप
23533	▁जलपाई
23534	▁जुलकर
23535	▁झरोखे
23536	▁टोना
23537	▁ट्
23538	▁ठाना
23539	▁डिब्बा
23540	▁डैनियल
23541	▁ढीला
23542	▁तंबू
23543	▁तत्वज्ञान
23544	▁तान
23545	▁तुला
23546	▁दुर्घटनाओं
23547	▁नप्ताली
23548	▁निकम्मे
23549	▁नून
23550	▁पहनाए
23551	▁पारस्प
23552	▁प्रस्थान
23553	▁फ़िल्म
23554	▁फाईल
23555	▁बाई
23556	▁बौद्धिक
23557	▁भाँति
23558	▁मक्कार
23559	▁मिद्दी
23560	▁मेटाडेटा
23561	▁युवती
23562	▁योजनाओं
23563	▁रहूं
23564	▁रामा
23565	▁लिआ
23566	▁विनम्र
23567	▁सर्वसत्ता
23568	▁सिखाओ
23569	▁होम्स
23570	▁१९८९
23571	▁४६
23572	El
23573	Me
23574	OK
23575	Object
23576	PM
23577	high
23578	iff
23579	keeping
23580	mportant
23581	point
23582	screen
23583	आशा
23584	घात
23585	ज़रलैंड
23586	जिसकी
23587	झूठ
23588	टोन
23589	डाल
23590	पश्चिम
23591	पोर
23592	फर
23593	मोल
23594	वाना
23595	स्टा
23596	▁1962
23597	▁Alarms
23598	▁Clockwise
23599	▁Colombia
23600	▁Coming
23601	▁Comoros
23602	▁Fellow
23603	▁Gain
23604	▁Generating
23605	▁Joe
23606	▁Loop
23607	▁Millennium
23608	▁Patience
23609	▁Pen
23610	▁PostScript
23611	▁Presentation
23612	▁Reward
23613	▁SE
23614	▁VCD
23615	▁accomplishment
23616	▁anot
23617	▁banished
23618	▁beautifully
23619	▁bidding
23620	▁breastplate
23621	▁breed
23622	▁cap
23623	▁clearer
23624	▁concluding
23625	▁depended
23626	▁dir
23627	▁discusse
23628	▁distresses
23629	▁distributing
23630	▁encompass
23631	▁equity
23632	▁excels
23633	▁grandson
23634	▁inculcate
23635	▁joke
23636	▁menus
23637	▁monster
23638	▁monument
23639	▁nourishment
23640	▁profitable
23641	▁reaped
23642	▁receptive
23643	▁refuses
23644	▁relying
23645	▁responses
23646	▁retirement
23647	▁searches
23648	▁separately
23649	▁transgressor
23650	▁travelers
23651	▁witchcraft
23652	▁अग्रिप्पा
23653	▁अधूरा
23654	▁अपरिपूर्णता
23655	▁अपील
23656	▁अभिषिक्त
23657	▁अमालेक
23658	▁इमारतें
23659	▁एकाएक
23660	▁कच्चा
23661	▁कुड़कुड़ाने
23662	▁कुरूप
23663	▁कैमरून
23664	▁कोट
23665	▁क्षितिज
23666	▁खबरें
23667	▁खायी
23668	▁खुलासा
23669	▁गाए
23670	▁ग्रेट
23671	▁चयनकर्ता
23672	▁चलनेवालों
23673	▁जवाबदेह
23674	▁झुककर
23675	▁ठप्प
23676	▁ठहराई
23677	▁ढूँढ़ना
23678	▁तिर
23679	▁तीरों
23680	▁थिस्स
23681	▁दमक
23682	▁दुराचार
23683	▁द्वारपाल
23684	▁नगरी
23685	▁नाबोत
23686	▁पंद्रह
23687	▁प्रसव
23688	▁प्रारम्भ
23689	▁प्लाट
23690	▁फोड़
23691	▁फ्रैंक
23692	▁बताकर
23693	▁बरदान
23694	▁बांध
23695	▁बाज़ारों
23696	▁बिल्डिंग
23697	▁ब्रायन
23698	▁मुहम्मद
23699	▁मूर्तियाँ
23700	▁मोज़िला
23701	▁मोहित
23702	▁लीनियर
23703	▁लुट
23704	▁वितर्क
23705	▁शरणनगर
23706	▁संदिग्ध
23707	▁संरक्षित
23708	▁सचित्रित
23709	▁सताने
23710	▁सीढ़िय
23711	▁सीसरा
23712	▁स्टाइल
23713	▁स्पेनी
23714	▁हन्ना
23715	▁हिट
23716	05
23717	1,000
23718	8,000
23719	Destination
23720	Islamic
23721	_2
23722	account
23723	bri
23724	cie
23725	inner
23726	kan
23727	krain
23728	olic
23729	system
23730	video
23731	इंसान
23732	औलाद
23733	थन
23734	धार
23735	निकल
23736	पाल
23737	राजा
23738	वास्तव
23739	सिर
23740	ारिक
23741	्वा
23742	५०
23743	▁6,000
23744	▁Anne
23745	▁Autocomplete
23746	▁Brian
23747	▁Bugzilla
23748	▁Capulet
23749	▁Characters
23750	▁Config
23751	▁Exercise
23752	▁Generation
23753	▁Glorious
23754	▁Hank
23755	▁Interest
23756	▁Kate
23757	▁Lystra
23758	▁NE
23759	▁Naturally
23760	▁Projects
23761	▁ST
23762	▁Seir
23763	▁Shortcuts
23764	▁Simply
23765	▁Thailand
23766	▁Tick
23767	▁Transport
23768	▁Treasure
23769	▁Zakat
23770	▁alias
23771	▁amend
23772	▁beget
23773	▁blot
23774	▁brocade
23775	▁cakes
23776	▁defender
23777	▁disposal
23778	▁disquieting
23779	▁diversion
23780	▁essentially
23781	▁esteemed
23782	▁feasts
23783	▁films
23784	▁folds
23785	▁frail
23786	▁futile
23787	▁gconfd
23788	▁gravity
23789	▁hardware
23790	▁heights
23791	▁hunting
23792	▁impartial
23793	▁impending
23794	▁insignificant
23795	▁liveth
23796	▁loaf
23797	▁markup
23798	▁organizational
23799	▁powder
23800	▁predicted
23801	▁roadway
23802	▁roofs
23803	▁seizure
23804	▁shattered
23805	▁slice
23806	▁straightforward
23807	▁symposium
23808	▁theater
23809	▁theocracy
23810	▁treachery
23811	▁trips
23812	▁wolves
23813	▁कमीने
23814	▁कवच
23815	▁कहूंगा
23816	▁कुँजी
23817	▁कुलुस्से
23818	▁गर्भाशय
23819	▁गिबा
23820	▁गीली
23821	▁घिनौना
23822	▁छिड़क
23823	▁छोड़ती
23824	▁जड़ी
23825	▁जानदार
23826	▁टिके
23827	▁टो
23828	▁डिक्शनरी
23829	▁ड्रॉप
23830	▁तंत्रिका
23831	▁देखीं
23832	▁देखों
23833	▁धुंधला
23834	▁धूम
23835	▁पंजी
23836	▁पड
23837	▁पले
23838	▁पाट
23839	▁पेले
23840	▁फाड़े
23841	▁फिल्मों
23842	▁बाधाओं
23843	▁बिर
23844	▁बेचकर
23845	▁बेवकूफी
23846	▁बैठेंगे
23847	▁भाप
23848	▁मढ़
23849	▁मनोहर
23850	▁मवेश
23851	▁मूढ़ता
23852	▁मूरतें
23853	▁मूर्तिपूजक
23854	▁रेखाचित्र
23855	▁रेस
23856	▁विकार
23857	▁शाखाओं
23858	▁समझेगा
23859	▁सरकारें
23860	▁साम्बा
23861	▁सुनाओ
23862	▁सेवाओं
23863	▁स्ट्रक्चर
23864	▁स्थिरता
23865	▁स्वच्छता
23866	▁स्विट्
23867	▁१९९८
23868	▁५५
23869	ENET
23870	Good
23871	Gospel
23872	Pay
23873	Tabs
23874	Was
23875	aileth
23876	anything
23877	bat
23878	cin
23879	doer
23880	eat
23881	emocratic
23882	inch
23883	options
23884	ough
23885	processor
23886	righteous
23887	spin
23888	themselves
23889	कट
23890	क्रिया
23891	गु
23892	ज़ाहिर
23893	प्रशंसा
23894	फ्रे
23895	बारिश
23896	भूमि
23897	मेर
23898	हस्ताक्षरित
23899	ारित
23900	८
23901	▁192
23902	▁28;
23903	▁5.)
23904	▁Ahaziah
23905	▁Applications
23906	▁Ash
23907	▁Assigned
23908	▁Calls
23909	▁Correct
23910	▁Counsel
23911	▁Danny
23912	▁Franz
23913	▁Führer
23914	▁Gibeah
23915	▁JPEG
23916	▁Male
23917	▁Megiddo
23918	▁Rwanda
23919	▁SUBJECT
23920	▁annihilated
23921	▁apprehensive
23922	▁aroma
23923	▁chair
23924	▁citizen
23925	▁clan
23926	▁col
23927	▁dish
23928	▁distraction
23929	▁efficient
23930	▁elephant
23931	▁excessively
23932	▁fur
23933	▁furnish
23934	▁homosexual
23935	▁infections
23936	▁ladies
23937	▁lined
23938	▁locks
23939	▁obligated
23940	▁ordeal
23941	▁panic
23942	▁parchment
23943	▁pressured
23944	▁rabbinic
23945	▁resisted
23946	▁revoked
23947	▁rivals
23948	▁rub
23949	▁senior
23950	▁sentences
23951	▁soap
23952	▁suckling
23953	▁surge
23954	▁transfiguration
23955	▁traveler
23956	▁warriors
23957	▁wore
23958	▁yoked
23959	▁अंधों
23960	▁अड्डे
23961	▁अनसुन
23962	▁अनियत
23963	▁अर्ध
23964	▁आँसुओ
23965	▁आफ
23966	▁आशिषों
23967	▁ईस्ट
23968	▁उछाल
23969	▁उपजाऊ
23970	▁उल
23971	▁एक्शन
23972	▁औपचारिक
23973	▁केसीएम
23974	▁खलिहान
23975	▁खुराक
23976	▁गलातिय
23977	▁गुणधर्म
23978	▁चतुराई
23979	▁चौरस
23980	▁जातीय
23981	▁टा
23982	▁टापू
23983	▁टिका
23984	▁डाकू
23985	▁ती
23986	▁नाइट
23987	▁पकड़ना
23988	▁पराग
23989	▁पहुँचाई
23990	▁पिलाते
23991	▁पुनर्बहाल
23992	▁पेन
23993	▁बनाऊंगा
23994	▁मगरमच्छ
23995	▁मेकफाइल
23996	▁यूएस
23997	▁रैम
23998	▁विधियां
23999	▁वैद्य
24000	▁शिमी
24001	▁श्रीमान
24002	▁संपीडन
24003	▁संबद्ध
24004	▁साहिब
24005	▁सौर
24006	▁स्याही
24007	▁हलचल
24008	▁हानिकारक
24009	-3
24010	8859-
24011	Folders
24012	Hearing
24013	History
24014	Meeting
24015	Publish
24016	Sort
24017	Speak
24018	Their
24019	Ye
24020	apps
24021	elete
24022	hath
24023	nigh
24024	package
24025	rum
24026	speed
24027	©
24028	आए
24029	करीब
24030	क़रार
24031	क़ात
24032	च्चे
24033	फ़र
24034	भरी
24035	मल
24036	यु
24037	युक्
24038	र्ण
24039	लेषण
24040	हँसी
24041	हल
24042	ांत
24043	ाजित
24044	ेए
24045	ैंट
24046	”:
24047	▁106
24048	▁146
24049	▁1966
24050	▁4,000
24051	▁Antonio
24052	▁Ap
24053	▁Baptism
24054	▁Below
24055	▁Colossae
24056	▁Drive
24057	▁Evidence
24058	▁Flags
24059	▁Fo
24060	▁Gamaliel
24061	▁Glorified
24062	▁ISSUE
24063	▁Iran
24064	▁Iscariot
24065	▁Kal
24066	▁Karl
24067	▁Lex
24068	▁Mini
24069	▁NUMBER
24070	▁Printable
24071	▁Prophethood
24072	▁Resist
24073	▁Resolved
24074	▁Storage
24075	▁YEAR
24076	▁advises
24077	▁alphabet
24078	▁authoritative
24079	▁baptizing
24080	▁brave
24081	▁cake
24082	▁clever
24083	▁complement
24084	▁conic
24085	▁consolation
24086	▁contentious
24087	▁deviation
24088	▁disobeys
24089	▁dispose
24090	▁edges
24091	▁electricity
24092	▁elite
24093	▁eloquent
24094	▁entertained
24095	▁episode
24096	▁exempt
24097	▁indefinitely
24098	▁knock
24099	▁moth
24100	▁pangs
24101	▁pastime
24102	▁quote
24103	▁remedy
24104	▁remorse
24105	▁repeating
24106	▁roster
24107	▁stamp
24108	▁stresses
24109	▁stretching
24110	▁sustaining
24111	▁tar
24112	▁textures
24113	▁thrill
24114	▁tires
24115	▁tribulations
24116	▁unwillingly
24117	▁usher
24118	▁wiped
24119	▁zones
24120	▁अंकों
24121	▁आर्क
24122	▁उदाहरणार्थ
24123	▁कुरिन्थुस
24124	▁कैफा
24125	▁खानेवाले
24126	▁खैरात
24127	▁गण
24128	▁गेट
24129	▁चिल्लाने
24130	▁छुपाने
24131	▁जोड़कर
24132	▁टाइमआउट
24133	▁टोने
24134	▁ठहरेगी
24135	▁डरवैय
24136	▁ढूंढ़ते
24137	▁तिरस्कृत
24138	▁दर्शाई
24139	▁दिखावा
24140	▁नवीन
24141	▁नामस्थान
24142	▁निर्जल
24143	▁पहुँचाती
24144	▁पहुँचायी
24145	▁पूर्वक
24146	▁फटकार
24147	▁फिसल
24148	▁बजाया
24149	▁बडे
24150	▁बहते
24151	▁बेश
24152	▁माया
24153	▁माले
24154	▁मिल्क
24155	▁मेज़बान
24156	▁मेढ़ा
24157	▁मोआबी
24158	▁रग
24159	▁रचयिता
24160	▁रिहाई
24161	▁रुके
24162	▁रेंगनेवाले
24163	▁रोजी
24164	▁वाय
24165	▁शीर्षकविहीन
24166	▁षड्यंत्र
24167	▁सँवार
24168	▁संगतता
24169	▁सम्भाल
24170	▁सामूह
24171	▁सिडनी
24172	▁सिल
24173	▁सीसी
24174	▁सुनवाई
24175	▁हटने
24176	▁हसरत
24177	27
24178	37
24179	38
24180	Account
24181	Chapter
24182	DER
24183	Rahman
24184	Sa
24185	ape
24186	filled
24187	flung
24188	food
24189	lab
24190	making
24191	river
24192	stand
24193	standing
24194	tock
24195	utt
24196	ईश
24197	क्ट
24198	चो
24199	डगिन
24200	दायी
24201	दुश्मन
24202	न्डा
24203	पीआई
24204	बनाए
24205	म्म
24206	रहने
24207	राह
24208	रूम
24209	रोहित
24210	लाओ
24211	लोन
24212	वापस
24213	शाम
24214	सान
24215	सै
24216	स्सर
24217	हु
24218	हों
24219	ाती
24220	ीज़
24221	ौन
24222	्ना
24223	▁1978
24224	▁Addressbook
24225	▁Clement
24226	▁Going
24227	▁Husbands
24228	▁Invitation
24229	▁Judean
24230	▁Judith
24231	▁MDI
24232	▁Mari
24233	▁Meetings
24234	▁Nearby
24235	▁Participant
24236	▁Portrait
24237	▁Refreshing
24238	▁Reg
24239	▁Remain
24240	▁Renaming
24241	▁Salvador
24242	▁Shimei
24243	▁Swedish
24244	▁Translate
24245	▁UI
24246	▁Violence
24247	▁Yo
24248	▁accounting
24249	▁airplane
24250	▁apathy
24251	▁astrologers
24252	▁bio
24253	▁boolean
24254	▁counselors
24255	▁curiosity
24256	▁diamond
24257	▁embryo
24258	▁enveloped
24259	▁fired
24260	▁gtk
24261	▁hurricane
24262	▁idolatrous
24263	▁incredible
24264	▁inhabitant
24265	▁numbering
24266	▁numeric
24267	▁participant
24268	▁pearl
24269	▁plunged
24270	▁polytheism
24271	▁predictions
24272	▁quotes
24273	▁railway
24274	▁renders
24275	▁rivalry
24276	▁scorn
24277	▁shrewd
24278	▁slumber
24279	▁static
24280	▁statues
24281	▁superstition
24282	▁suspected
24283	▁sympathetic
24284	▁ticket
24285	▁tile
24286	▁variation
24287	▁अचम्भा
24288	▁अथेने
24289	▁अमेरिकन
24290	▁अवकाश
24291	▁अहेर
24292	▁आऊँगा
24293	▁आवाज़ें
24294	▁आवाज़ों
24295	▁आशिषें
24296	▁उड़त
24297	▁उतरकर
24298	▁एं
24299	▁किन्हें
24300	▁क्रे
24301	▁ग़रीबों
24302	▁गार
24303	▁गुज़ारी
24304	▁घबराओ
24305	▁चढ़ायी
24306	▁चिली
24307	▁चिल्लाया
24308	▁डिसकनेक्टेड
24309	▁नाच
24310	▁नारंगी
24311	▁निकटतम
24312	▁पहुँचाओ
24313	▁पाएगी
24314	▁पियक्कड़
24315	▁पुनःभ
24316	▁प्रतिबिम्बि
24317	▁प्रस्तावित
24318	▁बदनामी
24319	▁बनायाह
24320	▁बनायेगा
24321	▁बिछाया
24322	▁ब्रश
24323	▁भोजनवस्तु
24324	▁मचाते
24325	▁मलेरिया
24326	▁मोड़ें
24327	▁रखेगी
24328	▁लगानेवाले
24329	▁लगायें
24330	▁लपट
24331	▁लापरवाह
24332	▁लेखपत्र
24333	▁विचलित
24334	▁विश्वासयोग्य
24335	▁शर्तों
24336	▁सूर्योदय
24337	▁सेंटर
24338	Appointment
24339	Babylon
24340	Bookmarks
24341	Company
24342	Document
24343	EAN
24344	LT
24345	Ra
24346	SET
24347	Strike
24348	came
24349	dos
24350	filename
24351	final
24352	gon
24353	having
24354	idirectional
24355	ita
24356	midst
24357	ndees
24358	ntacts
24359	pay
24360	prayer
24361	selected
24362	speak
24363	worship
24364	ंडर
24365	करने
24366	काय
24367	खेल
24368	ग्रन्ट्स
24369	टाइप
24370	तलाक़
24371	नैशनल
24372	पत्थर
24373	भले
24374	यहीं
24375	राई
24376	हश्र
24377	हाथ
24378	िओ
24379	ूआ
24380	ॊ
24381	▁00)
24382	▁1937
24383	▁Abode
24384	▁Balak
24385	▁Behaviour
24386	▁Cale
24387	▁Comp
24388	▁Eliphaz
24389	▁Enlarge
24390	▁Individual
24391	▁Jehoiakim
24392	▁Lest
24393	▁Mujrim
24394	▁Nicodemus
24395	▁Nooh
24396	▁Slave
24397	▁Stars
24398	▁WebKit
24399	▁appropriately
24400	▁attendants
24401	▁authors
24402	▁backward
24403	▁blanks
24404	▁brutal
24405	▁checker
24406	▁cholesterol
24407	▁consumption
24408	▁counteract
24409	▁disagreement
24410	▁disobeying
24411	▁displeasure
24412	▁divorces
24413	▁elaborate
24414	▁enlarge
24415	▁expanding
24416	▁expands
24417	▁furnished
24418	▁homework
24419	▁influential
24420	▁jaws
24421	▁joining
24422	▁kinsman
24423	▁lag
24424	▁mat
24425	▁mounted
24426	▁oracle
24427	▁overcame
24428	▁overwhelm
24429	▁paralyzed
24430	▁persecuting
24431	▁physicians
24432	▁possessor
24433	▁psychological
24434	▁rented
24435	▁rubbish
24436	▁separating
24437	▁spur
24438	▁stare
24439	▁successive
24440	▁sweep
24441	▁te
24442	▁tin
24443	▁travail
24444	▁treats
24445	▁upheld
24446	▁vaccine
24447	▁venture
24448	▁yields
24449	▁अम्मोनी
24450	▁अलाम
24451	▁असामान्य
24452	▁आदिवासी
24453	▁ईसाइयों
24454	▁एमडीआई
24455	▁एला
24456	▁कलेज
24457	▁क़बील
24458	▁कुन
24459	▁खरीदा
24460	▁खोखले
24461	▁गुनहगार
24462	▁घबराए
24463	▁चू
24464	▁चौकन्
24465	▁छांटे
24466	▁जलाकर
24467	▁जानकार
24468	▁झाँक
24469	▁डालेगी
24470	▁डेल्टा
24471	▁त्यागा
24472	▁दबाकर
24473	▁दैवी
24474	▁नाविक
24475	▁निचे
24476	▁नेथन
24477	▁परम्परा
24478	▁परिन्दे
24479	▁पूजने
24480	▁प्रत्य
24481	▁प्रौढ़ता
24482	▁फेरी
24483	▁फ्यूरर
24484	▁बचाना
24485	▁बद्ध
24486	▁बहकाने
24487	▁बित
24488	▁बॆथॆल
24489	▁मिटाई
24490	▁मिलाना
24491	▁मुल
24492	▁मॉर
24493	▁रवैये
24494	▁रिक
24495	▁रोलर
24496	▁लगाम
24497	▁लै
24498	▁लौह
24499	▁वर्णमाला
24500	▁वहॉ
24501	▁संतानों
24502	▁सनद
24503	▁सपनों
24504	▁सहानुभूति
24505	▁सिखाएँ
24506	▁सिखाएगा
24507	.2
24508	1=
24509	AGE
24510	Adam
24511	IE
24512	MAN
24513	Or
24514	Part
24515	TA
24516	Test
24517	Vu
24518	another
24519	bak
24520	ched
24521	icons
24522	libis
24523	lip
24524	night
24525	sec
24526	इनसे
24527	ओह
24528	चूक
24529	ठाक
24530	प्रकाश
24531	प्राण
24532	फिरे
24533	बस्त
24534	भा
24535	मिटटी
24536	याजूज
24537	लें
24538	वासिल
24539	सेटअप
24540	सेल
24541	ादि
24542	ुज
24543	ॆड
24544	्यूम
24545	▁1957
24546	▁Ahasuerus
24547	▁Anton
24548	▁CalDAV
24549	▁Capernaum
24550	▁Chris
24551	▁Circuit
24552	▁Decree
24553	▁Deselect
24554	▁Dja
24555	▁Ehud
24556	▁Eric
24557	▁Excellent
24558	▁Hot
24559	▁Initially
24560	▁Interrupt
24561	▁Kerberos
24562	▁Mask
24563	▁Mc
24564	▁Meaning
24565	▁Mesopotamia
24566	▁Minute
24567	▁Mist
24568	▁Navigation
24569	▁Police
24570	▁Pu
24571	▁RAM
24572	▁Taiwan
24573	▁accelerator
24574	▁alphanumeric
24575	▁bargain
24576	▁battles
24577	▁bountiful
24578	▁commun
24579	▁communicated
24580	▁contention
24581	▁cramped
24582	▁creep
24583	▁cult
24584	▁customer
24585	▁decked
24586	▁disapproval
24587	▁divers
24588	▁entice
24589	▁enticed
24590	▁expung
24591	▁favourite
24592	▁filthy
24593	▁foreshadowed
24594	▁hairs
24595	▁hometown
24596	▁lacks
24597	▁lodged
24598	▁mastery
24599	▁medicines
24600	▁micro
24601	▁models
24602	▁multiplying
24603	▁nephew
24604	▁nurses
24605	▁omen
24606	▁opponent
24607	▁possibilities
24608	▁postpone
24609	▁preparations
24610	▁prevailing
24611	▁reassured
24612	▁recurrence
24613	▁refreshed
24614	▁remarked
24615	▁repetition
24616	▁sailing
24617	▁stadium
24618	▁stra
24619	▁sweat
24620	▁taunt
24621	▁tense
24622	▁textbook
24623	▁textbox
24624	▁tide
24625	▁tribal
24626	▁voluntarily
24627	▁watchman
24628	▁wrathful
24629	▁wroth
24630	▁अनिश्
24631	▁अनुसंधान
24632	▁अवयवों
24633	▁आयताकार
24634	▁इक
24635	▁एंटिटी
24636	▁एडजस्ट
24637	▁ओझ
24638	▁कुमारी
24639	▁कुरि
24640	▁कूड़ा
24641	▁खदेड़
24642	▁खाओगे
24643	▁गलौज
24644	▁गहन
24645	▁गायें
24646	▁गुमनाम
24647	▁छपी
24648	▁झंडे
24649	▁टॉम
24650	▁ट्रांसफर
24651	▁ट्रैकिंग
24652	▁तलवारें
24653	▁दुःखों
24654	▁दोहराया
24655	▁नरसिंगे
24656	▁परिन्द
24657	▁पह
24658	▁पिताओ
24659	▁पें
24660	▁बाज़ू
24661	▁बोते
24662	▁माइक
24663	▁माजूज
24664	▁मेक्रो
24665	▁मैदा
24666	▁यातायात
24667	▁लुचपन
24668	▁वर्
24669	▁विद्रोही
24670	▁विधर्म
24671	▁विशेषताओं
24672	▁शेयर
24673	▁शोध
24674	▁सिंक्रोनाइज़
24675	▁सीपीयू
24676	▁हसद
24677	▁होगीं
24678	(12
24679	4,000
24680	537
24681	65
24682	GAL
24683	OD
24684	Personal
24685	SON
24686	auto
24687	break
24688	broken
24689	enables
24690	ermission
24691	eta
24692	lai
24693	minded
24694	sa
24695	took
24696	treat
24697	unicode
24698	असली
24699	आबाद
24700	इक
24701	गेट
24702	डायरेक्शनल
24703	धड़क
24704	नयी
24705	पड़ा
24706	फिरते
24707	बाक़ी
24708	वीज़
24709	शु
24710	ूस
24711	ेन्स
24712	ेरा
24713	▁10.)
24714	▁1967
24715	▁Ant
24716	▁Battle
24717	▁Berkeley
24718	▁Burner
24719	▁CMYK
24720	▁Camp
24721	▁Constantine
24722	▁Cook
24723	▁Corinthian
24724	▁Costa
24725	▁Direct
24726	▁Fakes
24727	▁Glad
24728	▁Hans
24729	▁Homepage
24730	▁IDE
24731	▁Issachar
24732	▁Jehoram
24733	▁Late
24734	▁Lydia
24735	▁Meta
24736	▁Steve
24737	▁Stress
24738	▁Suspend
24739	▁Tur
24740	▁Unset
24741	▁Works
24742	▁Writable
24743	▁[20
24744	▁administered
24745	▁adversities
24746	▁affections
24747	▁agreeable
24748	▁agrees
24749	▁cigarette
24750	▁circles
24751	▁climbing
24752	▁conspired
24753	▁countdown
24754	▁denotes
24755	▁develops
24756	▁dirty
24757	▁dispatch
24758	▁endanger
24759	▁enthusiastic
24760	▁exiled
24761	▁firmness
24762	▁foregoing
24763	▁governors
24764	▁growisofs
24765	▁hospitals
24766	▁insect
24767	▁interaction
24768	▁jar
24769	▁legends
24770	▁mechanisms
24771	▁mingled
24772	▁obediently
24773	▁partaking
24774	▁radical
24775	▁religiously
24776	▁retired
24777	▁roommate
24778	▁seer
24779	▁shaking
24780	▁shave
24781	▁shekel
24782	▁slightly
24783	▁sounding
24784	▁spoiled
24785	▁squander
24786	▁technical
24787	▁threescore
24788	▁tube
24789	▁उतरो
24790	▁ओढ़ना
24791	▁कमांड्स
24792	▁कलमा
24793	▁काटेगा
24794	▁क्रियाशील
24795	▁ख़बरें
24796	▁खींचता
24797	▁गिरफ्त
24798	▁जीर्ण
24799	▁टंक
24800	▁टीएलएस
24801	▁तबदील
24802	▁त्रिकोण
24803	▁दिक्कत
24804	▁दिव्य
24805	▁द्रव्य
24806	▁नारी
24807	▁पहुँचो
24808	▁पीटने
24809	▁पुर्तगाली
24810	▁पेचीद
24811	▁प्याला
24812	▁प्रलेख
24813	▁फैक्टोरियल
24814	▁बदी
24815	▁बन्दर
24816	▁बायां
24817	▁बीचों
24818	▁बुखार
24819	▁बेईमान
24820	▁बैट
24821	▁बोझल
24822	▁भेंजे
24823	▁भेदों
24824	▁मरदू
24825	▁महजोंग
24826	▁मुक़ाबिल
24827	▁मुहल्ल
24828	▁मू
24829	▁रेगिस्तान
24830	▁रोब
24831	▁लुक
24832	▁लूं
24833	▁वाक
24834	▁वाक़या
24835	▁विजेट्स
24836	▁व्याख्यान
24837	▁सकत
24838	▁सर्वेक्षण
24839	▁ससुर
24840	▁सिक्के
24841	▁सीधाई
24842	▁सौंपे
24843	▁९०
24844	22
24845	43
24846	Card
24847	Pane
24848	aging
24849	bro
24850	called
24851	central
24852	colour
24853	eek
24854	eight
24855	ena
24856	ino
24857	itude
24858	jar
24859	master
24860	need
24861	never
24862	rub
24863	shall
24864	topic
24865	ucheth
24866	wrong
24867	ंकाल
24868	इयाँ
24869	क्षेप
24870	गरज़
24871	जिसमें
24872	ट्रि
24873	निपटाने
24874	महा
24875	मुझ
24876	रियाँ
24877	लड़के
24878	वगैरह
24879	वहीं
24880	वाक़िये
24881	संलग्न
24882	स्पष्ट
24883	हक़ीक़तन
24884	हिल
24885	ात्मकता
24886	िचली
24887	ृत
24888	ोक्
24889	▁1976
24890	▁256
24891	▁43:
24892	▁Acquainted
24893	▁Ammonites
24894	▁Apart
24895	▁Arthur
24896	▁Brand
24897	▁Cookie
24898	▁Drawing
24899	▁Fahrenheit
24900	▁Festus
24901	▁Gives
24902	▁Lay
24903	▁Mars
24904	▁Medicine
24905	▁Moabites
24906	▁Moral
24907	▁Paint
24908	▁Praised
24909	▁Ramah
24910	▁Shit
24911	▁Tony
24912	▁arbitrary
24913	▁astrology
24914	▁bathe
24915	▁blade
24916	▁catastrophe
24917	▁cloak
24918	▁collectors
24919	▁contemptible
24920	▁coordinates
24921	▁coupon
24922	▁creator
24923	▁defiance
24924	▁differs
24925	▁dismissed
24926	▁distances
24927	▁elect
24928	▁equitable
24929	▁explicit
24930	▁fastened
24931	▁injuries
24932	▁locale
24933	▁odds
24934	▁overnight
24935	▁possessing
24936	▁recitation
24937	▁repeats
24938	▁restriction
24939	▁restricts
24940	▁rituals
24941	▁specialist
24942	▁supernatural
24943	▁sware
24944	▁swimming
24945	▁thigh
24946	▁tithe
24947	▁translating
24948	▁unnoticed
24949	▁vote
24950	▁अॅ
24951	▁आज़ा
24952	▁आटो
24953	▁इति
24954	▁उगल
24955	▁एवज़
24956	▁ओले
24957	▁कर्त्तव्य
24958	▁काल्स
24959	▁कुलु
24960	▁कॅ
24961	▁कैप्चर
24962	▁खोदकर
24963	▁गवर्नर
24964	▁गिरावट
24965	▁ग्रीस
24966	▁घटाना
24967	▁चूस
24968	▁जुल
24969	▁जेठा
24970	▁टहनिय
24971	▁ड्राइंग
24972	▁तंदुरुस्त
24973	▁तजुरब
24974	▁दबी
24975	▁दीवाने
24976	▁दुबली
24977	▁देवदार
24978	▁दोस्ताना
24979	▁दौड़ने
24980	▁नक्षत्र
24981	▁नमाज
24982	▁पाद
24983	▁पीछ
24984	▁प्रक्रम
24985	▁प्रजाति
24986	▁फास्ट
24987	▁फैशन
24988	▁बँट
24989	▁बका
24990	▁बचेंगे
24991	▁बढ़ेगी
24992	▁बाइट
24993	▁बित्त
24994	▁बुलाएगा
24995	▁भूकम्प
24996	▁मजलिस
24997	▁मारीया
24998	▁मिया
24999	▁मिलीसेकेंड
25000	▁मुना
25001	▁यूनाइटे
25002	▁लिखीं
25003	▁लिब
25004	▁व्यक्तियों
25005	▁संजीवन
25006	▁सत्यवादी
25007	▁समै
25008	▁सीरियल
25009	BOX
25010	Background
25011	Blazing
25012	Desktop
25013	Hear
25014	Mak
25015	keeper
25016	left
25017	lent
25018	pat
25019	reason
25020	soul
25021	term
25022	upon
25023	अगरचे
25024	अम्बिया
25025	ईमानदारों
25026	क़सम
25027	काफ़िर
25028	कॉ
25029	ख़ाक
25030	ख़ौफ
25031	खाने
25032	ग़मग़ीन
25033	डॉ
25034	तत्वदर्शिता
25035	ताग़ूत
25036	दिगार
25037	दोज़ख़
25038	नॆ
25039	पति
25040	पुर्स
25041	बग़ैर
25042	बारगाह
25043	बेनियाज़
25044	भूत
25045	मानव
25046	मुक़र्रिब
25047	मुख़ातिब
25048	यूसुफ़
25049	लिखी
25050	लीन
25051	वक
25052	शाला
25053	शास्त्र
25054	सत
25055	हलाक
25056	हारे
25057	ूँगी
25058	ेबीन
25059	७
25060	▁"/
25061	▁1928
25062	▁1973
25063	▁1979
25064	▁8.)
25065	▁ABOUT
25066	▁Atonement
25067	▁Aunt
25068	▁Customize
25069	▁Fruit
25070	▁Hate
25071	▁Hundreds
25072	▁Ilah
25073	▁Instructor
25074	▁Inter
25075	▁Jon
25076	▁Lib
25077	▁Protestants
25078	▁Relative
25079	▁Retribution
25080	▁Saver
25081	▁Sham
25082	▁Shemaiah
25083	▁Soft
25084	▁Teen
25085	▁Vic
25086	▁approachable
25087	▁builder
25088	▁cancelation
25089	▁combo
25090	▁descendant
25091	▁diminished
25092	▁discourses
25093	▁dismayed
25094	▁flexible
25095	▁frogs
25096	▁gdb
25097	▁honourably
25098	▁insane
25099	▁interpreted
25100	▁invaluable
25101	▁liberty
25102	▁marketplace
25103	▁monstrous
25104	▁mountainous
25105	▁narrate
25106	▁newsgroups
25107	▁nurture
25108	▁obscure
25109	▁offender
25110	▁painted
25111	▁poker
25112	▁prophesying
25113	▁randomly
25114	▁ravage
25115	▁reared
25116	▁safer
25117	▁salutation
25118	▁settling
25119	▁sever
25120	▁spit
25121	▁suspect
25122	▁techniques
25123	▁timed
25124	▁tr
25125	▁treacherously
25126	▁unwittingly
25127	▁varying
25128	▁vcard
25129	▁youthful
25130	▁अंतर्
25131	▁अज़ीम
25132	▁अतिक्रमण
25133	▁अधर्मियों
25134	▁अधिकाधिक
25135	▁अनदेखे
25136	▁अहज्याह
25137	▁इद्दा
25138	▁उद्धारकर्त्ता
25139	▁एख्तेलाफ
25140	▁एन्टी
25141	▁ओहायो
25142	▁औलादे
25143	▁कमान
25144	▁कहलाया
25145	▁कारस्तान
25146	▁कुसूरवार
25147	▁कुहरा
25148	▁कैम
25149	▁ख़ास्तगार
25150	▁ख़िदमत
25151	▁खुश्क
25152	▁गछ
25153	▁गिनी
25154	▁गुणग्राहक
25155	▁चलाकर
25156	▁ज्या
25157	▁झिल्ली
25158	▁झूठों
25159	▁डूबा
25160	▁डैर
25161	▁तंगदस्त
25162	▁तजाव
25163	▁तारीक
25164	▁तैनात
25165	▁तोड़ते
25166	▁दिखानेवालों
25167	▁नफस
25168	▁नफ़ा
25169	▁नेकों
25170	▁नेमस्पेस
25171	▁पंक्तिबद्धता
25172	▁परिधान
25173	▁पर्ल
25174	▁पलटेंगे
25175	▁पाक़ीज़
25176	▁पुनरारंभ
25177	▁पुष्टिकरण
25178	▁पूँजी
25179	▁प्रस्तुतिकरण
25180	▁प्रेमपूर्ण
25181	▁फेरें
25182	▁फोल्ड
25183	▁बँधे
25184	▁बदगुमान
25185	▁बन्धु
25186	▁बाग़ो
25187	▁बीबियों
25188	▁बूलियन
25189	▁बेख़ौफ
25190	▁भाला
25191	▁भिन्नता
25192	▁भोगने
25193	▁मतवाले
25194	▁मरतब
25195	▁मसलेहत
25196	▁मस्जिदें
25197	▁मह्र
25198	▁मिलाए
25199	▁मुत्तलिक़
25200	▁मुनाफिक़ीन
25201	▁मुमानि
25202	▁मॆक्सिको
25203	▁मॉडम
25204	▁यहया
25205	▁यूक्रेन
25206	▁रची
25207	▁रफ्ता
25208	▁रिप
25209	▁रोया
25210	▁लज्ज़त
25211	▁लोथड़
25212	▁व्हील
25213	▁सत्कर्म
25214	▁सरे
25215	▁सामग्रियों
25216	▁सृजक
25217	▁सृजा
25218	▁सोशल
25219	▁हत्यारे
25220	▁हुक्मे
25221	▁‘‘
25222	Extract
25223	Nicosia
25224	Script
25225	Year
25226	azi
25227	cited
25228	empt
25229	eu
25230	gal
25231	itis
25232	kle
25233	mental
25234	stop
25235	though
25236	ypertext
25237	कार्यालय
25238	क्षमा
25239	गाड
25240	छुपाएँ
25241	जाल
25242	टिन
25243	ट्री
25244	तरफ
25245	दुआ
25246	धाम
25247	निकोसिया
25248	न्या
25249	बिना
25250	यूल
25251	रूसी
25252	विनाश
25253	षण
25254	सच्चाई
25255	स्र
25256	हें
25257	ाइश
25258	ीटीएस
25259	्रॉ
25260	▁115
25261	▁116
25262	▁16.)
25263	▁1936
25264	▁94
25265	▁AC
25266	▁AL
25267	▁Arm
25268	▁Beep
25269	▁Buffer
25270	▁Gamma
25271	▁IR
25272	▁Ice
25273	▁Independent
25274	▁Joyful
25275	▁Namibia
25276	▁Nile
25277	▁Payment
25278	▁Planet
25279	▁Policy
25280	▁Precious
25281	▁Protect
25282	▁Region
25283	▁Rio
25284	▁Significant
25285	▁Southern
25286	▁Swift
25287	▁Trail
25288	▁Tre
25289	▁Unity
25290	▁animosity
25291	▁anticipate
25292	▁approves
25293	▁arguing
25294	▁aroused
25295	▁bloody
25296	▁complet
25297	▁concrete
25298	▁consulted
25299	▁convenience
25300	▁deceiving
25301	▁defied
25302	▁definitions
25303	▁displease
25304	▁disrespectful
25305	▁dropping
25306	▁enforce
25307	▁explosion
25308	▁journalist
25309	▁locust
25310	▁matrix
25311	▁merits
25312	▁pale
25313	▁partnership
25314	▁peacefully
25315	▁philosophers
25316	▁proclaimer
25317	▁quails
25318	▁reprieved
25319	▁scripts
25320	▁shook
25321	▁soften
25322	▁sw
25323	▁temperatures
25324	▁tiger
25325	▁tips
25326	▁titlebar
25327	▁unawares
25328	▁witch
25329	▁worries
25330	▁अंतरिम
25331	▁अन्यायी
25332	▁आंकडे
25333	▁किरदार
25334	▁कुंजिय
25335	▁कॉन्
25336	▁जाननेवाले
25337	▁ड्र
25338	▁त्यागना
25339	▁दरवाज़ों
25340	▁द्वारों
25341	▁निष्प
25342	▁नेपाल
25343	▁पहुचा
25344	▁पुरातन
25345	▁प्
25346	▁प्रतिनिधियों
25347	▁प्लास्टिक
25348	▁फरमान
25349	▁फिनलैंड
25350	▁बच्चो
25351	▁बटोरने
25352	▁बहरा
25353	▁बालाक
25354	▁बीएसडी
25355	▁बॉल
25356	▁भेजूंगा
25357	▁मस्ज़िद
25358	▁महंग
25359	▁महानगर
25360	▁माननेवाला
25361	▁मैल
25362	▁याददाश्
25363	▁शक्तिमान
25364	▁शुल्क
25365	▁श्र
25366	▁साउथ
25367	▁सीढ़ियाँ
25368	▁सुन्दरता
25369	▁हत्यारा
25370	▁हस्त
25371	▁हित्ती
25372	▁हीरा
25373	▁हूर
25374	▁हेल
25375	▁६६
25376	31
25377	34
25378	ASCII
25379	FILE
25380	Fire
25381	OP
25382	Qur
25383	abber
25384	among
25385	ata
25386	complete
25387	fault
25388	fill
25389	god
25390	ij
25391	moth
25392	omic
25393	punishment
25394	requiring
25395	reward
25396	rill
25397	suing
25398	ume
25399	xmldb
25400	इम
25401	कत
25402	क्रा
25403	खे
25404	टैब
25405	तल
25406	तिथि
25407	दों
25408	नकों
25409	न्ध
25410	फू
25411	बेकार
25412	भू
25413	मुझसे
25414	मेन्ट
25415	रोन
25416	र्रर
25417	लेने
25418	सिल
25419	ाग
25420	िक्ष
25421	▁(%2)
25422	▁1975
25423	▁3=
25424	▁Arc
25425	▁Barr
25426	▁Bri
25427	▁Cameroon
25428	▁Cartr
25429	▁Conditions
25430	▁Conversations
25431	▁Cookies
25432	▁Educational
25433	▁Fulfill
25434	▁Governor
25435	▁Hades
25436	▁Harun
25437	▁IMA
25438	▁Integer
25439	▁Mental
25440	▁Persians
25441	▁Profiles
25442	▁Sorted
25443	▁Woman
25444	▁Wow
25445	▁accommodations
25446	▁accumulate
25447	▁begging
25448	▁beset
25449	▁bloodguilt
25450	▁calleth
25451	▁canopy
25452	▁caps
25453	▁circulation
25454	▁clues
25455	▁coals
25456	▁communicating
25457	▁competitive
25458	▁concepts
25459	▁consciences
25460	▁defect
25461	▁empower
25462	▁endeavored
25463	▁ephah
25464	▁ewe
25465	▁fervent
25466	▁findings
25467	▁forsook
25468	▁graciously
25469	▁hearkened
25470	▁hurts
25471	▁inadequate
25472	▁incentive
25473	▁knocking
25474	▁lazy
25475	▁loosed
25476	▁macro
25477	▁maximized
25478	▁neglectful
25479	▁occasional
25480	▁operates
25481	▁parting
25482	▁picking
25483	▁proxies
25484	▁quotations
25485	▁reconnect
25486	▁renowned
25487	▁restaurant
25488	▁retaliation
25489	▁rode
25490	▁rods
25491	▁scrolling
25492	▁skillfully
25493	▁statute
25494	▁steep
25495	▁sticks
25496	▁travels
25497	▁uncover
25498	▁untruth
25499	▁vindication
25500	▁अग्र
25501	▁अव्वल
25502	▁उँगली
25503	▁उतरता
25504	▁एसक्यूएल
25505	▁ऑस्
25506	▁कड़ियों
25507	▁कर्ज
25508	▁कर्त्ता
25509	▁काई
25510	▁किस्मत
25511	▁कुप्रुस
25512	▁केरिता
25513	▁खगोल
25514	▁गिनना
25515	▁ग्ल
25516	▁घाना
25517	▁घुल
25518	▁चलनेवाला
25519	▁जलवायु
25520	▁जूलियट
25521	▁ज्यादातर
25522	▁झेलने
25523	▁डिफ़
25524	▁त्योहारों
25525	▁दिखाऊंगा
25526	▁नाराज़गी
25527	▁निद्रा
25528	▁न्यूट्रॉन
25529	▁पकड़ी
25530	▁पाइन
25531	▁पापमय
25532	▁पूंछ
25533	▁पृष्ठो
25534	▁फँसे
25535	▁फेंको
25536	▁महसू
25537	▁माइ
25538	▁मुक़
25539	▁मेघ
25540	▁मेन
25541	▁मैदानों
25542	▁रचनाओं
25543	▁रोगों
25544	▁लेटे
25545	▁वैर
25546	▁व्यापारियों
25547	▁शिक्षित
25548	▁सहेली
25549	▁साया
25550	▁सुविधाओं
25551	▁सोहबत
25552	▁स्टीव
25553	▁हडि्डय
25554	▁हारे
25555	▁२००
25556	04
25557	57
25558	58
25559	City
25560	DAY
25561	EU
25562	Love
25563	Split
25564	arian
25565	asia
25566	gy
25567	including
25568	ivity
25569	lier
25570	mpile
25571	nable
25572	nai
25573	pious
25574	rest
25575	setups
25576	shed
25577	अधिक
25578	अरब
25579	उल
25580	कहते
25581	गण
25582	च्छ
25583	ज़र
25584	डियो
25585	डीबी
25586	तन
25587	तांत्रिक
25588	नबर्ग
25589	न्ज़
25590	न्याय
25591	बदले
25592	सहमति
25593	स्ती
25594	िशन
25595	िस्
25596	ीया
25597	ुशी
25598	▁101
25599	▁102
25600	▁2003,
25601	▁Alert
25602	▁Anniversaries
25603	▁BSD
25604	▁Benaiah
25605	▁Celtic
25606	▁Chess
25607	▁DNA
25608	▁Divorce
25609	▁Eternity
25610	▁Fact
25611	▁Favorite
25612	▁Feel
25613	▁Felix
25614	▁Floor
25615	▁FreeCell
25616	▁Invisible
25617	▁Isma
25618	▁Jam
25619	▁Jason
25620	▁Lois
25621	▁Madagascar
25622	▁Marie
25623	▁Mat
25624	▁Mishnah
25625	▁NTLM
25626	▁Nice
25627	▁Parse
25628	▁Quebec
25629	▁Rap
25630	▁Scientist
25631	▁Synchronize
25632	▁Tertullian
25633	▁Updated
25634	▁Won
25635	▁[40
25636	▁adulterers
25637	▁afore
25638	▁altitude
25639	▁apology
25640	▁autogen
25641	▁bat
25642	▁blaze
25643	▁breakpoints
25644	▁brink
25645	▁chests
25646	▁converts
25647	▁corrupters
25648	▁crowded
25649	▁culprits
25650	▁decorated
25651	▁deserted
25652	▁distinctive
25653	▁distinctly
25654	▁dung
25655	▁employee
25656	▁employers
25657	▁erred
25658	▁exultation
25659	▁genes
25660	▁illusion
25661	▁invocation
25662	▁ji
25663	▁linger
25664	▁maximize
25665	▁memorable
25666	▁mercifully
25667	▁obscene
25668	▁persists
25669	▁recurs
25670	▁relaxed
25671	▁renew
25672	▁reproached
25673	▁sobering
25674	▁sparrows
25675	▁sting
25676	▁stratagem
25677	▁suits
25678	▁tactfully
25679	▁tempting
25680	▁threshing
25681	▁treasured
25682	▁troop
25683	▁trunks
25684	▁unsuccessful
25685	▁veils
25686	▁vigorous
25687	▁volunteered
25688	▁whirlwind
25689	▁अजनबियों
25690	▁अनुकूलन
25691	▁अलौकिक
25692	▁आंशिक
25693	▁इंड
25694	▁उतारे
25695	▁उमरा
25696	▁कंटेनर
25697	▁कहलाए
25698	▁खोजकर्ता
25699	▁खोद
25700	▁गदह
25701	▁गुड
25702	▁घसीट
25703	▁घुट
25704	▁घुड़सवार
25705	▁घोल
25706	▁चींटी
25707	▁छांटने
25708	▁छुड़ाकर
25709	▁जकरयाह
25710	▁जज़्बात
25711	▁जलकर
25712	▁ज़ु
25713	▁जानकारियाँ
25714	▁जिंदगी
25715	▁जेट
25716	▁टाले
25717	▁टिकी
25718	▁टीबी
25719	▁ठ
25720	▁ठहराऊंगा
25721	▁डबल्यू
25722	▁डेलिवरी
25723	▁ढुॅंढे
25724	▁तड़पा
25725	▁तराजू
25726	▁थोड
25727	▁दबाने
25728	▁दिखाऊँगा
25729	▁धारणाएँ
25730	▁नियुक्ति
25731	▁नियोज
25732	▁पच्छिम
25733	▁पहनना
25734	▁पाबंद
25735	▁प्रॉ
25736	▁बढ़ई
25737	▁बुर्ज
25738	▁बेचा
25739	▁भगा
25740	▁मनभावने
25741	▁मिनी
25742	▁यहोयाकीम
25743	▁रईस
25744	▁रियाल
25745	▁रिलीज
25746	▁रोमान
25747	▁लैटिन
25748	▁विंसेंट
25749	▁शनि
25750	▁सता
25751	▁समानांतर
25752	▁सिंबाल
25753	▁सीटी
25754	▁सुखा
25755	▁सुला
25756	▁सेंसर
25757	▁सोची
25758	▁हमात
25759	▁९१
25760	03
25761	AU
25762	Iqamat
25763	Louisville
25764	Pause
25765	Settings
25766	Son
25767	Unknown
25768	ache
25769	begin
25770	cio
25771	illa
25772	lear
25773	lio
25774	mount
25775	ona
25776	piece
25777	rope
25778	sect
25779	string
25780	ude
25781	would
25782	आस
25783	इं
25784	एडस्
25785	ऑफ़िस
25786	टार्
25787	डन
25788	तपात
25789	पत्रा
25790	प्रवेश
25791	फिल
25792	बर्ट
25793	भाजन
25794	माइल
25795	युवा
25796	विन्यास
25797	्युर
25798	▁13.)
25799	▁900
25800	▁Altitude
25801	▁Appreciate
25802	▁Around
25803	▁Autosave
25804	▁Backing
25805	▁Captain
25806	▁Detail
25807	▁Examine
25808	▁FALSE
25809	▁Fr
25810	▁Freezing
25811	▁Gaius
25812	▁Highest
25813	▁Laodicea
25814	▁Loyal
25815	▁Macedonian
25816	▁Nethinim
25817	▁Node
25818	▁Oct
25819	▁Olives
25820	▁Origen
25821	▁Perl
25822	▁Prevent
25823	▁Reader
25824	▁Recognize
25825	▁Replac
25826	▁Sandra
25827	▁Soul
25828	▁Texture
25829	▁Ti
25830	▁Wherein
25831	▁balances
25832	▁blaming
25833	▁bro
25834	▁combine
25835	▁compatibility
25836	▁contemplating
25837	▁corrupting
25838	▁disciplined
25839	▁distractions
25840	▁eject
25841	▁exposing
25842	▁fantasies
25843	▁faultless
25844	▁folks
25845	▁frustrating
25846	▁gconf
25847	▁ghost
25848	▁heartache
25849	▁hero
25850	▁initialize
25851	▁knocked
25852	▁landing
25853	▁manifold
25854	▁marine
25855	▁missiles
25856	▁muscles
25857	▁nut
25858	▁particles
25859	▁pig
25860	▁pleaseth
25861	▁poisonous
25862	▁prophethood
25863	▁radiation
25864	▁reassurance
25865	▁rehearse
25866	▁reproved
25867	▁saver
25868	▁seriousness
25869	▁skip
25870	▁splitting
25871	▁stairs
25872	▁staple
25873	▁suckle
25874	▁superstitious
25875	▁thumb
25876	▁trains
25877	▁transmit
25878	▁travelling
25879	▁treatments
25880	▁tu
25881	▁untrusted
25882	▁warranty
25883	▁अकेलापन
25884	▁अपनाएँ
25885	▁अस्त्र
25886	▁आज़माए
25887	▁उक्रेनियाई
25888	▁उगाए
25889	▁उत्तेजक
25890	▁उन्माद
25891	▁उपसर्ग
25892	▁कबूतर
25893	▁करवायी
25894	▁कलर
25895	▁कसर
25896	▁कहेगी
25897	▁क़दरदानी
25898	▁गायक
25899	▁गि
25900	▁गी
25901	▁चढ़ता
25902	▁चलोगे
25903	▁ट्रांसपोर्ट
25904	▁देवियों
25905	▁धूपदान
25906	▁निर्बुद्धि
25907	▁पटक
25908	▁पवन
25909	▁पाँचवी
25910	▁पायेगा
25911	▁पीजीपी
25912	▁पेंटिंग
25913	▁पोल
25914	▁प्रोसेसर
25915	▁फीडर
25916	▁बांझ
25917	▁बालबच्चों
25918	▁बिछ
25919	▁बुधवार
25920	▁भंडारन
25921	▁भक्ति
25922	▁महर
25923	▁माउन्ट
25924	▁मार्था
25925	▁मौड्यूल
25926	▁रणनीति
25927	▁रीतियों
25928	▁रेंडरिंग
25929	▁लपेटा
25930	▁विराम
25931	▁वेल्स
25932	▁शॉट
25933	▁सच्च
25934	▁सवारों
25935	▁स्तरः
25936	▁स्विचर
25937	▁होठों
25938	▁होड़
25939	36845,125.862501
25940	Custom
25941	Dawson
25942	Hold
25943	Horizontal
25944	Security
25945	TY
25946	cause
25947	class
25948	dh
25949	etic
25950	gg
25951	hub
25952	indeed
25953	kB
25954	och
25955	password
25956	pul
25957	strong
25958	tatus
25959	ury
25960	ऊपर
25961	केवल
25962	क्टरी
25963	ख़ाना
25964	चातापी
25965	जाओ
25966	जिसका
25967	डीबग
25968	त्रा
25969	दानी
25970	द्वैत
25971	रियन
25972	रेज़
25973	वाई
25974	व्य
25975	श्चात्
25976	सस
25977	ाएंगे
25978	ालिन
25979	ॆक
25980	ेलिंग
25981	ोरा
25982	▁'--
25983	▁(#
25984	▁44;
25985	▁7)
25986	▁79
25987	▁81
25988	▁Behavior
25989	▁Behind
25990	▁Bob
25991	▁Courage
25992	▁Del
25993	▁Easter
25994	▁Edition
25995	▁Krita
25996	▁Lloyd
25997	▁Math
25998	▁Mephibosheth
25999	▁Metadata
26000	▁OUR
26001	▁Obadiah
26002	▁Pelle
26003	▁Peso
26004	▁Pilot
26005	▁Road
26006	▁Samba
26007	▁Seeking
26008	▁Sennacherib
26009	▁Strength
26010	▁Uncle
26011	▁Virgin
26012	▁[5
26013	▁appreciatively
26014	▁calumny
26015	▁chronicles
26016	▁colorful
26017	▁confederates
26018	▁consumer
26019	▁craft
26020	▁creeping
26021	▁demonic
26022	▁demonstrating
26023	▁devouring
26024	▁dishonesty
26025	▁dissension
26026	▁dove
26027	▁drain
26028	▁earnings
26029	▁estimation
26030	▁examines
26031	▁explore
26032	▁fables
26033	▁fearlessly
26034	▁fervently
26035	▁founding
26036	▁groom
26037	▁haughtiness
26038	▁interview
26039	▁jet
26040	▁ka
26041	▁kicked
26042	▁manifesting
26043	▁negligent
26044	▁oversee
26045	▁paused
26046	▁personnel
26047	▁plentiful
26048	▁prestige
26049	▁relent
26050	▁repose
26051	▁ringing
26052	▁sack
26053	▁separator
26054	▁shipwreck
26055	▁similitudes
26056	▁smileys
26057	▁splash
26058	▁submits
26059	▁tourists
26060	▁translator
26061	▁uncomfortable
26062	▁waver
26063	▁webcam
26064	▁weekend
26065	▁yearning
26066	▁अर्पित
26067	▁आकाशमण्डल
26068	▁आफत
26069	▁आरोहण
26070	▁आहट
26071	▁इज़हार
26072	▁उंगलियों
26073	▁ऑल
26074	▁कल्पनाएं
26075	▁क़िस्से
26076	▁खोट
26077	▁गंध
26078	▁चढ
26079	▁छुड़ाना
26080	▁छोड
26081	▁जाहिर
26082	▁झांक
26083	▁डराया
26084	▁डाँट
26085	▁डालीं
26086	▁ढ़ा
26087	▁ढूँढें
26088	▁थैली
26089	▁दार
26090	▁नमस्ते
26091	▁निःस्वार्थ
26092	▁निष्पक्षता
26093	▁पहियों
26094	▁पॆ
26095	▁प्रशासन
26096	▁फ़िल्टर्स
26097	▁फिरके
26098	▁फौर
26099	▁बंधुओ
26100	▁बन्धुआ
26101	▁बहाव
26102	▁बहिष्कार
26103	▁बहुविध
26104	▁बाँटी
26105	▁बुझ
26106	▁बोए
26107	▁भूलता
26108	▁मिक्सर
26109	▁मिरर
26110	▁मिस्पा
26111	▁यंग
26112	▁रसोई
26113	▁रूका
26114	▁विमुख
26115	▁सजाया
26116	▁सीखो
26117	▁हवस
26118	▁हीरो
26119	Haram
26120	MAIN
26121	MP
26122	Prostrate
26123	Say
26124	Seer
26125	Trust
26126	contacts
26127	eel
26128	filter
26129	fine
26130	hing
26131	lies
26132	lly
26133	nak
26134	yo
26135	{0}'
26136	ंस्टेंट
26137	अना
26138	खुशी
26139	चित्र
26140	जिन्हें
26141	निर्धारित
26142	फ्र
26143	बियस
26144	र्थक
26145	वैकल्पिक
26146	शक्
26147	शास्त्रीय
26148	ष्ठ
26149	सफ़
26150	ैक
26151	्टा
26152	्ते
26153	▁Attached
26154	▁Bac
26155	▁Birth
26156	▁Bosnia
26157	▁Cap
26158	▁Dia
26159	▁Fingerprints
26160	▁Git
26161	▁Inheritance
26162	▁Interval
26163	▁Kim
26164	▁Meditat
26165	▁Mexican
26166	▁Missed
26167	▁Mon
26168	▁Mountain
26169	▁Notifications
26170	▁Players
26171	▁Poor
26172	▁Qt
26173	▁Resolve
26174	▁Rica
26175	▁Scripturally
26176	▁Sihon
26177	▁Tetravex
26178	▁Thunderstorms
26179	▁Wave
26180	▁[15
26181	▁academic
26182	▁ambitious
26183	▁ascension
26184	▁betrayal
26185	▁blanket
26186	▁bugs
26187	▁cigarettes
26188	▁citations
26189	▁clergyman
26190	▁collector
26191	▁compeers
26192	▁complaining
26193	▁constancy
26194	▁contrived
26195	▁daylight
26196	▁degradation
26197	▁dentist
26198	▁disagreements
26199	▁escapes
26200	▁finishes
26201	▁fractions
26202	▁grades
26203	▁grudge
26204	▁headlong
26205	▁heavier
26206	▁homage
26207	▁imparts
26208	▁incidence
26209	▁indifference
26210	▁indulgence
26211	▁integral
26212	▁matched
26213	▁museum
26214	▁objection
26215	▁outline
26216	▁pastor
26217	▁payments
26218	▁persistence
26219	▁pilgrims
26220	▁portray
26221	▁pump
26222	▁racing
26223	▁rebuilding
26224	▁recursive
26225	▁savings
26226	▁storms
26227	▁stripes
26228	▁sums
26229	▁sustains
26230	▁swell
26231	▁swing
26232	▁townships
26233	▁vein
26234	▁withdrawn
26235	▁अंतर्ग्रस्त
26236	▁अनर्थकार
26237	▁अना
26238	▁अपंग
26239	▁अप्रसन्न
26240	▁आविष्कार
26241	▁उड़े
26242	▁उत्पात
26243	▁उन्नयन
26244	▁एवम
26245	▁एस्
26246	▁एहूद
26247	▁क़स
26248	▁किशोरावस्था
26249	▁कुश्
26250	▁केवर्ड
26251	▁खतनारहित
26252	▁गाँठ
26253	▁जम्प
26254	▁जीवों
26255	▁जोशीला
26256	▁ज्योतिष
26257	▁टागल
26258	▁टेट्रावेक्स
26259	▁डायग्राम
26260	▁डॉट
26261	▁दिखे
26262	▁धावा
26263	▁पदचिन्ह
26264	▁परमपवित्रा
26265	▁प्रलोभ
26266	▁फंदा
26267	▁फटने
26268	▁फन्दा
26269	▁बदलेगा
26270	▁बारीकी
26271	▁बिज़नेस
26272	▁बिताता
26273	▁बुलाना
26274	▁बूढ़ों
26275	▁बेशकीमती
26276	▁मरनेवाले
26277	▁मशीनों
26278	▁मारेगा
26279	▁रहन
26280	▁राक्षस
26281	▁रिपो
26282	▁रूक
26283	▁रैण्ड
26284	▁लुप्त
26285	▁विटामिन
26286	▁विविधता
26287	▁विस्मित
26288	▁संस्थान
26289	▁सतानेवाल
26290	▁सुलगा
26291	▁सेईर
26292	▁हस्तलिपि
26293	▁हें
26294	▁१९१८
26295	3,000
26296	BIN
26297	Deprecated
26298	Inbox
26299	Lo
26300	Memos
26301	Network
26302	Top
26303	aya
26304	delete
26305	eh
26306	ele
26307	email
26308	fish
26309	jon
26310	lad
26311	nick
26312	owner
26313	pect
26314	single
26315	still
26316	visible
26317	अशेरा
26318	आपके
26319	उदाहरण
26320	ऍ
26321	कास्ट
26322	खाना
26323	गू
26324	गोल
26325	नीति
26326	नूह
26327	प्रार्थना
26328	फ्यू
26329	बिन
26330	बीच
26331	बुत
26332	मैप
26333	वर्तमान
26334	सिया
26335	िजन
26336	ॆंट
26337	्चर
26338	▁12.)
26339	▁147
26340	▁17.)
26341	▁Birthdays
26342	▁Bond
26343	▁CON
26344	▁Cr
26345	▁Croatian
26346	▁Deck
26347	▁Delegated
26348	▁Ella
26349	▁Erik
26350	▁Favor
26351	▁Foreign
26352	▁Forty
26353	▁Hagar
26354	▁Hardly
26355	▁Macro
26356	▁Malta
26357	▁Negative
26358	▁Nepomuk
26359	▁Norway
26360	▁Okja
26361	▁Parts
26362	▁Pixmap
26363	▁Recover
26364	▁Recurrence
26365	▁Rupee
26366	▁SVG
26367	▁Santa
26368	▁Ubuntu
26369	▁Unfortunately
26370	▁Zeus
26371	▁advertise
26372	▁afflictions
26373	▁afflicts
26374	▁anon
26375	▁artificial
26376	▁asserted
26377	▁attaining
26378	▁becometh
26379	▁bedroom
26380	▁boring
26381	▁cheat
26382	▁compulsory
26383	▁conspiracy
26384	▁economy
26385	▁engraved
26386	▁forbear
26387	▁formatting
26388	▁framework
26389	▁glorifying
26390	▁grasped
26391	▁humor
26392	▁hyp
26393	▁iPod
26394	▁ignominy
26395	▁ills
26396	▁illustrious
26397	▁infectious
26398	▁informal
26399	▁isolate
26400	▁issuer
26401	▁ivory
26402	▁molecules
26403	▁murmur
26404	▁myth
26405	▁occurring
26406	▁partially
26407	▁proceeds
26408	▁proposal
26409	▁purse
26410	▁quoting
26411	▁rectitude
26412	▁replacement
26413	▁revile
26414	▁scarce
26415	▁scream
26416	▁sensed
26417	▁solitary
26418	▁trauma
26419	▁tumor
26420	▁urban
26421	▁vCalendar
26422	▁अनुग्रहकारी
26423	▁अपहरण
26424	▁असीमित
26425	▁आइसक्रीम
26426	▁आतंक
26427	▁आबंटन
26428	▁आश्रय
26429	▁इक्
26430	▁कटु
26431	▁कटे
26432	▁कमियों
26433	▁कमेटी
26434	▁कया
26435	▁काटो
26436	▁कायापलट
26437	▁कृत्रिम
26438	▁क्षयर्ष
26439	▁ख़तरों
26440	▁खोए
26441	▁गर
26442	▁ग्रेजुएट
26443	▁चक्की
26444	▁चरवाही
26445	▁चाहनेवाले
26446	▁चाहूँगा
26447	▁छतों
26448	▁छूटने
26449	▁जवानो
26450	▁जिगर
26451	▁जीपीजी
26452	▁जूझना
26453	▁ज्यॉर्जियाई
26454	▁टाला
26455	▁टीचरों
26456	▁टैक्स
26457	▁डालियां
26458	▁डेनमार्क
26459	▁ढो
26460	▁तरंग
26461	▁दहिन
26462	▁नाके
26463	▁नामित
26464	▁निम्नतम
26465	▁निर्धारक
26466	▁पक्षों
26467	▁पढ़ती
26468	▁पदचिह्न
26469	▁पाठक
26470	▁पानेवाला
26471	▁पारसिंग
26472	▁प्रचण्ड
26473	▁फंसा
26474	▁फिद
26475	▁फूला
26476	▁बरब
26477	▁बहादुर
26478	▁बहार
26479	▁बाँटा
26480	▁बिन्यामीनियों
26481	▁बेरोज़गारी
26482	▁मजेदार
26483	▁मूलतः
26484	▁रेकॉर्ड
26485	▁वस्तुतः
26486	▁विध्वंस
26487	▁वुड
26488	▁सुंदरता
26489	▁सुराग
26490	▁सुसज्जित
26491	▁सोए
26492	▁स्थिरांक
26493	▁हटो
26494	74
26495	87
26496	92
26497	Abbrev
26498	Advanced
26499	Does
26500	Include
26501	Sp
26502	Trash
26503	aiah
26504	crea
26505	cvs
26506	formed
26507	grow
26508	ky
26509	laudable
26510	servant
26511	ville
26512	wing
26513	xz
26514	yard
26515	आणविक
26516	ऐं
26517	कश
26518	किया
26519	ज़ार
26520	पुरूष
26521	मज़ा
26522	माटी
26523	मोन
26524	संपीडित
26525	स्कोर
26526	ाकर
26527	िय्याह
26528	ॉम
26529	ॉलबैक
26530	”...
26531	▁111
26532	▁128
26533	▁1989,
26534	▁74
26535	▁Abishai
26536	▁Amalekites
26537	▁Artaxerxes
26538	▁Classic
26539	▁Conflicts
26540	▁Coping
26541	▁Element
26542	▁Enough
26543	▁Feeder
26544	▁Flee
26545	▁Gaza
26546	▁Grow
26547	▁HA
26548	▁Member
26549	▁Merari
26550	▁Mountains
26551	▁Operations
26552	▁Potiphar
26553	▁Quota
26554	▁Raise
26555	▁Rec
26556	▁Relationship
26557	▁Rose
26558	▁Storm
26559	▁Stra
26560	▁WRITE
26561	▁acquaintance
26562	▁beareth
26563	▁birthdays
26564	▁classroom
26565	▁comprehension
26566	▁confrontation
26567	▁constrain
26568	▁cord
26569	▁criticized
26570	▁downloading
26571	▁duplicates
26572	▁dutiful
26573	▁embraces
26574	▁emigrate
26575	▁encode
26576	▁encyclopedia
26577	▁enlightened
26578	▁envoys
26579	▁executive
26580	▁extinction
26581	▁grouping
26582	▁hap
26583	▁induced
26584	▁institution
26585	▁int
26586	▁invention
26587	▁invest
26588	▁magnified
26589	▁meters
26590	▁ornament
26591	▁overshadow
26592	▁presumptuous
26593	▁provoking
26594	▁rational
26595	▁ridiculers
26596	▁rude
26597	▁seekers
26598	▁showy
26599	▁sober
26600	▁steadily
26601	▁surah
26602	▁sympathy
26603	▁unrealistic
26604	▁upload
26605	▁vindicate
26606	▁warming
26607	▁wheelchair
26608	▁wonderfully
26609	▁अंगूठी
26610	▁अब्र
26611	▁अर्द्ध
26612	▁असलियत
26613	▁आल
26614	▁आसन
26615	▁इस्साकार
26616	▁उबल
26617	▁एक्जीक्यूटेबल
26618	▁एक्सेर्साइसर
26619	▁कंपनियों
26620	▁कलम
26621	▁काँच
26622	▁काग़ज़
26623	▁कुंवारी
26624	▁केबल
26625	▁क्रोम
26626	▁गन्
26627	▁गेलियन
26628	▁गोला
26629	▁ग्लोब
26630	▁घसीटे
26631	▁जु
26632	▁टाइमर
26633	▁टेक्स
26634	▁ठहरूंगा
26635	▁तहे
26636	▁तानाशाह
26637	▁तित्तर
26638	▁त्रिभुज
26639	▁दोषबलि
26640	▁नजरअंदाज
26641	▁नीचें
26642	▁पलटे
26643	▁पाऊँगा
26644	▁पाले
26645	▁पिक्सेल्स
26646	▁फँदे
26647	▁फि
26648	▁फिलेमोन
26649	▁फॉ
26650	▁बर्कल
26651	▁बारियों
26652	▁बेइज़्ज़ती
26653	▁बॉब
26654	▁मीठे
26655	▁मीडियम
26656	▁मुकद्दमा
26657	▁मुक्ति
26658	▁रिकार्डिंग
26659	▁रॉयल
26660	▁रोशन
26661	▁लम्बा
26662	▁वाक्
26663	▁श्रम
26664	▁संगीतकार
26665	▁साये
26666	▁सुननी
26667	▁स्थितिः
26668	▁स्वर्ण
26669	▁हव्य
26670	▁हैंड
26671	♪
26672	ALL
26673	DEC
26674	Indianapolis
26675	Library
26676	PO
26677	Pago
26678	Prince
26679	TING
26680	ane
26681	consider
26682	deeds
26683	eva
26684	ntl
26685	ouch
26686	phone
26687	res
26688	seeming
26689	separated
26690	sum
26691	ural
26692	verse
26693	vertical
26694	क़्क़त
26695	गुणी
26696	ग्राफ
26697	चेहरा
26698	द्द
26699	नट
26700	पट्टिका
26701	पान
26702	प्ति
26703	प्रो
26704	फ़रक़
26705	फ़ोन
26706	बूझ
26707	मज़ाक
26708	माँ
26709	यूं
26710	यूक्रेनी
26711	शाली
26712	संपर्क
26713	हमसे
26714	ाण
26715	ेशनल
26716	▁#1
26717	▁1/4
26718	▁860
26719	▁Alias
26720	▁Anniversary
26721	▁Aspect
26722	▁Attitude
26723	▁Attributes
26724	▁Bert
26725	▁Blast
26726	▁Context
26727	▁Cursed
26728	▁Decide
26729	▁Detected
26730	▁Diamond
26731	▁Draws
26732	▁Elkanah
26733	▁Ellen
26734	▁Entertainment
26735	▁Eunice
26736	▁HTTPS
26737	▁Kol
26738	▁MANY
26739	▁Medes
26740	▁Milk
26741	▁Modem
26742	▁Offer
26743	▁PETER
26744	▁Pat
26745	▁Physical
26746	▁Pioneer
26747	▁Planning
26748	▁Potent
26749	▁Reveal
26750	▁Sidon
26751	▁USA
26752	▁Uh
26753	▁Upload
26754	▁Zerubbabel
26755	▁adoration
26756	▁attainment
26757	▁awakened
26758	▁balloon
26759	▁beam
26760	▁bucket
26761	▁bunch
26762	▁calmly
26763	▁celebrating
26764	▁chaff
26765	▁chances
26766	▁chaos
26767	▁characterize
26768	▁commendable
26769	▁conception
26770	▁confound
26771	▁conveys
26772	▁couch
26773	▁currency
26774	▁degrading
26775	▁delayed
26776	▁deluge
26777	▁deter
26778	▁directive
26779	▁disagreed
26780	▁disciplining
26781	▁edict
26782	▁eminent
26783	▁equality
26784	▁filth
26785	▁forbidding
26786	▁hex
26787	▁html
26788	▁hygiene
26789	▁initiated
26790	▁inordinate
26791	▁intriguing
26792	▁lamentation
26793	▁motivating
26794	▁nationalism
26795	▁pe
26796	▁persecutors
26797	▁plunder
26798	▁polytheist
26799	▁pp
26800	▁procession
26801	▁pu
26802	▁questionable
26803	▁readiness
26804	▁shortage
26805	▁skirt
26806	▁speechless
26807	▁supervision
26808	▁sway
26809	▁telescope
26810	▁uid
26811	▁wit
26812	▁{}
26813	▁अंशदान
26814	▁अदल
26815	▁अनगिन
26816	▁अनपढ़
26817	▁अरामियों
26818	▁अर्घ
26819	▁आँक
26820	▁इत्र
26821	▁इराक
26822	▁ऑफ़िस
26823	▁ऑर्
26824	▁कटी
26825	▁करायी
26826	▁क़सूर
26827	▁किवाड़
26828	▁कुर
26829	▁कोडेक
26830	▁कोरबा
26831	▁खंडहर
26832	▁गंदा
26833	▁गड्ढ
26834	▁चींटियों
26835	▁ज़रूरतमंदों
26836	▁ज्वाला
26837	▁झलकती
26838	▁टेलिपाथी
26839	▁ठंड़
26840	▁डाँवाडोल
26841	▁त्यागकर
26842	▁थलग
26843	▁दादाजी
26844	▁द्विचर
26845	▁नली
26846	▁नाखुश
26847	▁निभाता
26848	▁निर्ग
26849	▁पिघले
26850	▁पिसे
26851	▁पुत्री
26852	▁पूर्वानुमान
26853	▁प्रणाम
26854	▁प्रतिविलोप
26855	▁प्रायश्चित
26856	▁प्रि
26857	▁प्रेज़ीडेंट
26858	▁प्लेट
26859	▁बसाए
26860	▁मरथा
26861	▁मायूसी
26862	▁याजकवर्ग
26863	▁लव
26864	▁लौन्डी
26865	▁विक्टोरिया
26866	▁विश्लेषक
26867	▁शकुन
26868	▁शमायाह
26869	▁श्रेणियाँ
26870	▁साफ्टवेयर
26871	▁सिक्का
26872	▁हफ़्ते
26873	88
26874	Enjoy
26875	GRUNTS
26876	KR
26877	LSO
26878	Month
26879	Report
26880	SCS
26881	Statusbar
26882	Write
26883	_6
26884	ara
26885	axis
26886	check
26887	cipher
26888	control
26889	dah
26890	ech
26891	firm
26892	lash
26893	order
26894	parallel
26895	picture
26896	pply
26897	present
26898	ured
26899	went
26900	एना
26901	चाल
26902	छोड़
26903	ज्यादा
26904	डिंग
26905	डि्डयां
26906	नाह
26907	निशानी
26908	फॉ
26909	बन्धु
26910	भेद
26911	मनुष्यों
26912	राख़
26913	रिन
26914	वधि
26915	वस्तु
26916	विक्रय
26917	वीडियो
26918	सबके
26919	स्ता
26920	हास
26921	हेर
26922	़ड़ा
26923	़ों
26924	ाइज़
26925	ावस्था
26926	▁%4
26927	▁.--
26928	▁121
26929	▁15.)
26930	▁1]
26931	▁37,
26932	▁Anonymous
26933	▁Balsa
26934	▁Belshazzar
26935	▁Beyond
26936	▁Chair
26937	▁Discover
26938	▁Dump
26939	▁Edward
26940	▁Fatal
26941	▁Gr
26942	▁Hellfire
26943	▁Higher
26944	▁Inside
26945	▁Jones
26946	▁Kick
26947	▁Klo
26948	▁MPEG
26949	▁Mem
26950	▁Nine
26951	▁Noise
26952	▁Philo
26953	▁Plasma
26954	▁ROME
26955	▁Realm
26956	▁References
26957	▁Relate
26958	▁Roller
26959	▁Saturation
26960	▁Services
26961	▁Spouse
26962	▁Stat
26963	▁Surface
26964	▁Tamar
26965	▁Thieves
26966	▁Torment
26967	▁absolve
26968	▁ally
26969	▁announcing
26970	▁archaeological
26971	▁astonishment
26972	▁attentively
26973	▁aunt
26974	▁awhile
26975	▁bitch
26976	▁bowels
26977	▁calamitous
26978	▁carnal
26979	▁ceremonies
26980	▁cha
26981	▁cherubs
26982	▁comparisons
26983	▁complexity
26984	▁contracted
26985	▁cop
26986	▁cypher
26987	▁discomfort
26988	▁disturb
26989	▁embarrassment
26990	▁enhanced
26991	▁enrolled
26992	▁expounded
26993	▁flavor
26994	▁forgetting
26995	▁fruitless
26996	▁gender
26997	▁gestures
26998	▁gradual
26999	▁incidents
27000	▁interior
27001	▁keyword
27002	▁lampstand
27003	▁managers
27004	▁onlookers
27005	▁operator
27006	▁overlaid
27007	▁pastures
27008	▁plowshares
27009	▁programming
27010	▁puzzled
27011	▁queued
27012	▁reloaded
27013	▁resistant
27014	▁restrict
27015	▁rot
27016	▁sepulchre
27017	▁slanderer
27018	▁slightest
27019	▁sorting
27020	▁squared
27021	▁theology
27022	▁tillage
27023	▁tithes
27024	▁tolerant
27025	▁unwholesome
27026	▁vent
27027	▁अनुशंसित
27028	▁अल्बेनिया
27029	▁अशुठ्ठ
27030	▁आनुवंशिक
27031	▁आवेग
27032	▁आस्पेक्ट
27033	▁इस्करियोती
27034	▁उंगली
27035	▁उर
27036	▁एसलि
27037	▁ऑस्ट्रिया
27038	▁किस्में
27039	▁कूश
27040	▁खाड़ी
27041	▁गुज़री
27042	▁गोट
27043	▁घुमाने
27044	▁चर्बी
27045	▁चिन्ताओं
27046	▁छोड़ेंगे
27047	▁जड़ें
27048	▁जीनेवाले
27049	▁जेपीईजी
27050	▁टोनी
27051	▁डोल
27052	▁तथापि
27053	▁तरी
27054	▁दुहरायें
27055	▁दौड़ात
27056	▁नवजात
27057	▁नेपोमक
27058	▁पड़ेंगी
27059	▁परस्त्रीगमन
27060	▁पहिना
27061	▁पिक्समैप
27062	▁प्रिस्किल्ला
27063	▁फरोख्त
27064	▁फूलता
27065	▁बढ़ायी
27066	▁बुलाएँगे
27067	▁ब्लड
27068	▁ब्लॉकिंग
27069	▁भड़के
27070	▁भण्डारी
27071	▁मेयर
27072	▁मैगज़ीन
27073	▁योराम
27074	▁रज
27075	▁रोगाणु
27076	▁लगाएँगे
27077	▁वृ
27078	▁शे
27079	▁श्रीलंका
27080	▁संग्रहीत
27081	▁सचिव
27082	▁सफाया
27083	▁सूत
27084	▁हरिण
27085	▁हैंडल
27086	144
27087	46
27088	862)
27089	Aaron
27090	Export
27091	Key
27092	More
27093	OUS
27094	Refresh
27095	Saying
27096	Sy
27097	UP
27098	Yakut
27099	angel
27100	euro
27101	kar
27102	lie
27103	live
27104	metres
27105	pid
27106	pit
27107	round
27108	sacred
27109	spiritual
27110	turn
27111	इका
27112	ईद
27113	टेड
27114	तुर
27115	दाऊद
27116	नम्र
27117	नेक
27118	पकने
27119	मसीही
27120	मैदान
27121	यावृत्ति
27122	वत्
27123	हाई
27124	हाल
27125	ॉन्ग
27126	ोषिक
27127	▁...(_
27128	▁14.)
27129	▁1948
27130	▁1969
27131	▁1977
27132	▁Alphabet
27133	▁Amount
27134	▁Boston
27135	▁Citation
27136	▁Deut
27137	▁Establish
27138	▁Fac
27139	▁Factorial
27140	▁Gestapo
27141	▁Gl
27142	▁Guatemala
27143	▁Kernel
27144	▁Learned
27145	▁Loader
27146	▁Magic
27147	▁Neighbor
27148	▁OUT
27149	▁Obed
27150	▁Objective
27151	▁PEOPLE
27152	▁Romania
27153	▁Rows
27154	▁Stu
27155	▁Successful
27156	▁Trouble
27157	▁XI
27158	▁abusively
27159	▁adorn
27160	▁applause
27161	▁apprehend
27162	▁barriers
27163	▁beguile
27164	▁beholders
27165	▁bowls
27166	▁bundle
27167	▁candidates
27168	▁circumstance
27169	▁compensate
27170	▁concert
27171	▁desperately
27172	▁electric
27173	▁emoticon
27174	▁erected
27175	▁fabrication
27176	▁fornicators
27177	▁fortress
27178	▁frank
27179	▁fullness
27180	▁groupware
27181	▁harvesting
27182	▁humbling
27183	▁immersed
27184	▁implicit
27185	▁indifferent
27186	▁industrial
27187	▁labeled
27188	▁lapse
27189	▁leaning
27190	▁leather
27191	▁lucky
27192	▁maker
27193	▁orchard
27194	▁persevered
27195	▁pixel
27196	▁pledged
27197	▁poetry
27198	▁powerless
27199	▁puberty
27200	▁rectangles
27201	▁registration
27202	▁reporter
27203	▁reverential
27204	▁saddened
27205	▁scoffed
27206	▁simulation
27207	▁ski
27208	▁stopping
27209	▁sung
27210	▁throng
27211	▁transfers
27212	▁ungodliness
27213	▁variables
27214	▁wasting
27215	▁westward
27216	▁widen
27217	▁winners
27218	▁अंतः
27219	▁अंतर्निर्मित
27220	▁अग
27221	▁अपडेट
27222	▁अभिगम
27223	▁आरोह
27224	▁उठायी
27225	▁उसमे
27226	▁एलीपज
27227	▁कमांडः
27228	▁करियर
27229	▁किरणें
27230	▁कॉम्बो
27231	▁खलबली
27232	▁खिलाओ
27233	▁खोजे
27234	▁गुप्तांग
27235	▁ज़ंजीर
27236	▁ज़ा
27237	▁टटोल
27238	▁टोक्यो
27239	▁ट्रा
27240	▁तिनक
27241	▁तैर
27242	▁तॊ
27243	▁दण्डवत
27244	▁दानियेल
27245	▁धारी
27246	▁निन्दित
27247	▁पडेग़ा
27248	▁पलटने
27249	▁पला
27250	▁पिल
27251	▁पेरू
27252	▁प्रतिद्वंद्व
27253	▁प्राइम
27254	▁फब
27255	▁फुसला
27256	▁फॅस
27257	▁फॉर
27258	▁बचाते
27259	▁बनवाया
27260	▁बल्क
27261	▁बुद्धिमत्ता
27262	▁बैत
27263	▁ब्राँच
27264	▁भरकम
27265	▁मार्कअप
27266	▁मिशाल
27267	▁मीकाएल
27268	▁मेहराब
27269	▁मैदे
27270	▁मैरी
27271	▁लटकाया
27272	▁लातिन
27273	▁लादे
27274	▁लौकिक
27275	▁विगत
27276	▁व्यापारिक
27277	▁शेषवर्ग
27278	▁सड़कें
27279	▁सुधारना
27280	▁सूक्ष्मदर्शी
27281	▁स्टार्टअप
27282	▁हारी
27283	▁हितैष
27284	.239
27285	1803
27286	2,000
27287	2880
27288	56
27289	955
27290	AI
27291	Aad
27292	Aqt
27293	Calendar
27294	Empty
27295	HA
27296	Kill
27297	MA
27298	Overwrite
27299	Thank
27300	Through
27301	URI
27302	Unit
27303	WM
27304	background
27305	cia
27306	cue
27307	ends
27308	epreciation
27309	find
27310	hether
27311	hour
27312	known
27313	ontact
27314	qub
27315	rna
27316	ties
27317	typical
27318	uce
27319	wall
27320	west
27321	ंका
27322	औरत
27323	खाओ
27324	घबराकर
27325	चंगा
27326	चयनक
27327	ज़ाद
27328	दाद
27329	दु
27330	देव
27331	न्द्र
27332	परेशान
27333	बाज़ी
27334	लेव
27335	लेस
27336	शिंग
27337	हन
27338	िद
27339	ीयॉ
27340	ुओं
27341	▁1024
27342	▁140
27343	▁3.)
27344	▁59.
27345	▁88
27346	▁9.)
27347	▁Anger
27348	▁Az
27349	▁Beholder
27350	▁Console
27351	▁Dennis
27352	▁Discipline
27353	▁Dispos
27354	▁Exactly
27355	▁Fin
27356	▁Hamath
27357	▁Inquisition
27358	▁Ish
27359	▁Ky
27360	▁Mag
27361	▁Major
27362	▁Mizpah
27363	▁Myth
27364	▁Oriental
27365	▁Participants
27366	▁Pleasure
27367	▁Poverty
27368	▁RA
27369	▁RC
27370	▁Rosa
27371	▁Spend
27372	▁Stone
27373	▁Therefor
27374	▁Thess
27375	▁Thirty
27376	▁Transfers
27377	▁Validity
27378	▁Venezuela
27379	▁Wins
27380	▁acute
27381	▁additions
27382	▁asynchronous
27383	▁brick
27384	▁cable
27385	▁clarified
27386	▁clinic
27387	▁collecting
27388	▁compete
27389	▁deepest
27390	▁despondent
27391	▁devot
27392	▁disfellowshipp
27393	▁disregarded
27394	▁disturbance
27395	▁elementary
27396	▁escaping
27397	▁exiles
27398	▁facility
27399	▁filtered
27400	▁fourteen
27401	▁gall
27402	▁grim
27403	▁holidays
27404	▁imitated
27405	▁kcm
27406	▁logged
27407	▁lungs
27408	▁mono
27409	▁muscle
27410	▁negotiations
27411	▁obstruct
27412	▁perplexed
27413	▁pilgrim
27414	▁prospered
27415	▁punishing
27416	▁rays
27417	▁refugee
27418	▁releasing
27419	▁resumed
27420	▁scum
27421	▁semen
27422	▁sibling
27423	▁slope
27424	▁sticky
27425	▁suggesting
27426	▁suppressed
27427	▁synchronise
27428	▁tattoo
27429	▁theologian
27430	▁threatens
27431	▁ticked
27432	▁tilth
27433	▁treasuries
27434	▁ugly
27435	▁uncles
27436	▁warrior
27437	▁yielded
27438	▁अम्ल
27439	▁इंस्पेक्टर
27440	▁इनलाइल
27441	▁एकाग्र
27442	▁एलिस
27443	▁कसूरवार
27444	▁काबिलीयतों
27445	▁कुर्सियां
27446	▁कूटलेखन
27447	▁कूड़े
27448	▁केडीई४
27449	▁कैसरिया
27450	▁कॉफ़ी
27451	▁क्यूटी
27452	▁खंडन
27453	▁गारे
27454	▁गुफ्तगू
27455	▁गैलरी
27456	▁चमत्कारी
27457	▁चरम
27458	▁चिट्ठियाँ
27459	▁चिल्लाहट
27460	▁चूहे
27461	▁जज़्बा
27462	▁जीवाणु
27463	▁झाँककर
27464	▁टाई
27465	▁दांव
27466	▁दायरे
27467	▁देव
27468	▁निपटना
27469	▁निर्बलता
27470	▁न्यून
27471	▁पदों
27472	▁परिवारवालों
27473	▁पहुंचती
27474	▁पाउंड
27475	▁पात्रों
27476	▁पीडीएफ़
27477	▁फीट
27478	▁बदलती
27479	▁बफ़र
27480	▁बलशाली
27481	▁बुढ़
27482	▁बुध्दिमान
27483	▁मँगवा
27484	▁मंडलियाँ
27485	▁मजाल
27486	▁मण्डल
27487	▁मद्देनज़र
27488	▁मपीबोशेत
27489	▁माग
27490	▁मिद्यानियों
27491	▁मूव
27492	▁रस्सल
27493	▁रोकेगा
27494	▁लाइनों
27495	▁वाचक
27496	▁शिष्टाचार
27497	▁शुठ्ठ
27498	▁संक्रमित
27499	▁सज
27500	▁साबुन
27501	▁सिंक्रनाइज़
27502	▁सुधारा
27503	Box
27504	CHUCKLES
27505	DU
27506	ERS
27507	MENT
27508	Musa
27509	NC
27510	Sound
27511	UKE
27512	Weekday
27513	acc
27514	ady
27515	alendar
27516	cep
27517	dead
27518	defined
27519	ently
27520	ffe
27521	forge
27522	hara
27523	mage
27524	max
27525	may
27526	migrating
27527	odo
27528	office
27529	rg
27530	tacts
27531	walk
27532	wind
27533	इस्राएल
27534	उलटे
27535	कब
27536	ग्य
27537	ज़िप
27538	ज्ञ
27539	टूल
27540	ढ़े
27541	पड़
27542	पराकाष्ठा
27543	भय
27544	मिलकर
27545	मुखी
27546	रद्द
27547	व्यभिचार
27548	शुद्ध
27549	सल
27550	हां
27551	ारून
27552	ुशनुमा
27553	ूएल
27554	ृंगार
27555	्योरी
27556	▁02
27557	▁Addition
27558	▁Allen
27559	▁Appreciative
27560	▁Arabia
27561	▁Beautiful
27562	▁Bur
27563	▁Cameron
27564	▁Cities
27565	▁Contributor
27566	▁Darwin
27567	▁Delivery
27568	▁Hands
27569	▁Hol
27570	▁Hungarian
27571	▁Inform
27572	▁Isabel
27573	▁Juliet
27574	▁Pilgrimage
27575	▁Resolving
27576	▁Rest
27577	▁Safeguard
27578	▁Shade
27579	▁Sites
27580	▁Sounds
27581	▁Swap
27582	▁TH
27583	▁Tabs
27584	▁Tarsus
27585	▁Taught
27586	▁Temporarily
27587	▁Tentatively
27588	▁Territory
27589	▁Zone
27590	▁appeals
27591	▁booklets
27592	▁bringer
27593	▁businesses
27594	▁bzip
27595	▁ceiling
27596	▁colleagues
27597	▁communion
27598	▁conjunction
27599	▁consecrated
27600	▁consort
27601	▁constitute
27602	▁constrained
27603	▁crafty
27604	▁crookedness
27605	▁cures
27606	▁dated
27607	▁desireth
27608	▁diversity
27609	▁emptied
27610	▁encrypting
27611	▁explorer
27612	▁failings
27613	▁flourished
27614	▁gems
27615	▁goblets
27616	▁hallowed
27617	▁hymn
27618	▁innocence
27619	▁malformed
27620	▁mu
27621	▁offensive
27622	▁outlines
27623	▁overdue
27624	▁persuasive
27625	▁processes
27626	▁professionals
27627	▁rash
27628	▁rat
27629	▁satans
27630	▁scratch
27631	▁shackles
27632	▁shields
27633	▁skeptical
27634	▁steer
27635	▁swelling
27636	▁thankless
27637	▁trustee
27638	▁twentie
27639	▁twist
27640	▁unlimited
27641	▁uprooted
27642	▁vertex
27643	▁vie
27644	▁yard
27645	▁अंगोला
27646	▁अंदाज़े
27647	▁अविनाशी
27648	▁अविश्वास
27649	▁आमद
27650	▁इंटरफ़ेस
27651	▁इत्तफाक
27652	▁ऊंच
27653	▁ओक्जा
27654	▁कहलाएगा
27655	▁कादिर
27656	▁कृपाशील
27657	▁कॉर
27658	▁खटखटा
27659	▁खरीदी
27660	▁ख़र्ची
27661	▁खानों
27662	▁खोजकर्ताओं
27663	▁गुथ
27664	▁घिन
27665	▁चौखट
27666	▁छानबीन
27667	▁छु
27668	▁जश्
27669	▁जानबूझ
27670	▁जीपीएस
27671	▁टीका
27672	▁डालर
27673	▁डॆ
27674	▁तप
27675	▁तम्हार
27676	▁तवज्जो
27677	▁देवदारू
27678	▁धारणाओं
27679	▁नंगे
27680	▁नाश्
27681	▁नीकुदेमुस
27682	▁पँहुच
27683	▁पिएँगे
27684	▁पीले
27685	▁पेंसिल
27686	▁प्रेमियों
27687	▁प्लान
27688	▁फोकल
27689	▁फ्ल
27690	▁बदबू
27691	▁बांटने
27692	▁बाली
27693	▁बाले
27694	▁बें
27695	▁बैकएंड
27696	▁बोध
27697	▁मचाओ
27698	▁मानिटर
27699	▁मुक़ा
27700	▁मुर्दो
27701	▁मुस्करा
27702	▁राजदूत
27703	▁रास
27704	▁रेटिंग
27705	▁लगाती
27706	▁लीड
27707	▁लेडी
27708	▁वाकया
27709	▁व्यव
27710	▁संभालने
27711	▁सलवा
27712	▁सहेजता
27713	▁सारिणी
27714	▁सीडीडीबी
27715	▁सुस्त
27716	▁सुहावना
27717	▁सूबेदार
27718	▁सेहतमंद
27719	▁हसीन
27720	▁हिंदू
27721	79
27722	97
27723	Am
27724	EF
27725	Everything
27726	QS
27727	SQL
27728	Selection
27729	Since
27730	TION
27731	Tabari
27732	Thou
27733	ancy
27734	desc
27735	fate
27736	fit
27737	kept
27738	linux
27739	living
27740	ney
27741	pace
27742	rod
27743	thy
27744	woman
27745	wrap
27746	इज्ज़त
27747	उत्तर
27748	खकर
27749	गि
27750	गुमराह
27751	चु
27752	टिक
27753	तमाम
27754	धिकृत
27755	पोषण
27756	प्रिय
27757	फ़ता
27758	बहरहाल
27759	लम
27760	लीफ़ा
27761	लेम
27762	वर्ग
27763	विज्ञान
27764	विषय
27765	संस्थापित
27766	सच्चा
27767	हज़रत
27768	ानुसार
27769	ीअस
27770	ीद
27771	ुल्के
27772	▁240
27773	▁93
27774	▁Agreement
27775	▁Arctic
27776	▁Blessing
27777	▁Called
27778	▁Communication
27779	▁Danger
27780	▁Dynamic
27781	▁Florida
27782	▁Fraction
27783	▁Glass
27784	▁Heshbon
27785	▁Imported
27786	▁Influence
27787	▁Lie
27788	▁Linda
27789	▁Needed
27790	▁Registers
27791	▁Russians
27792	▁Scales
27793	▁Stories
27794	▁THERE
27795	▁Trials
27796	▁Victor
27797	▁ZIP
27798	▁admired
27799	▁apple
27800	▁ascribing
27801	▁asylum
27802	▁baptize
27803	▁boyfriend
27804	▁carpets
27805	▁chemicals
27806	▁coastal
27807	▁cock
27808	▁curtains
27809	▁darknesses
27810	▁defended
27811	▁elephants
27812	▁endeavors
27813	▁escort
27814	▁excluded
27815	▁extremity
27816	▁fancies
27817	▁figured
27818	▁fist
27819	▁fleeting
27820	▁foreheads
27821	▁fund
27822	▁glances
27823	▁hepatitis
27824	▁hints
27825	▁impartiality
27826	▁indecent
27827	▁induce
27828	▁inspection
27829	▁interrupt
27830	▁invaded
27831	▁inwardly
27832	▁juice
27833	▁justification
27834	▁kb
27835	▁mailer
27836	▁markets
27837	▁midday
27838	▁oak
27839	▁objectives
27840	▁pills
27841	▁plucked
27842	▁pollen
27843	▁preoccupied
27844	▁proportioned
27845	▁purge
27846	▁regulate
27847	▁reinforced
27848	▁remark
27849	▁robbery
27850	▁rolling
27851	▁seeketh
27852	▁skipped
27853	▁sometime
27854	▁steeped
27855	▁stormy
27856	▁termed
27857	▁trodden
27858	▁twofold
27859	▁unemployed
27860	▁variant
27861	▁vigorously
27862	▁volcano
27863	▁{3}
27864	▁अपनायी
27865	▁अश्लीलता
27866	▁असंगत
27867	▁आज़माया
27868	▁आबरू
27869	▁इतराने
27870	▁इस्माईल
27871	▁उत्पादक
27872	▁उमंग
27873	▁ऑब्जैक्ट
27874	▁कांगो
27875	▁कार्ट्रिज
27876	▁कुटुम्ब
27877	▁कुतिया
27878	▁कृपादृष्टि
27879	▁ख़ानदान
27880	▁खाएं
27881	▁खूबी
27882	▁खोलो
27883	▁ख्वाहिशे
27884	▁ख्वाहिशें
27885	▁गढ़ी
27886	▁गुलाबी
27887	▁चचा
27888	▁चाकू
27889	▁छांट
27890	▁जनती
27891	▁ज़ुबान
27892	▁जिन्स
27893	▁जीवनसाथी
27894	▁जीविका
27895	▁जेहोवा
27896	▁झाग
27897	▁टैब्स
27898	▁डेस्क
27899	▁तबतक
27900	▁तम्
27901	▁त्यागी
27902	▁दाई
27903	▁दाव
27904	▁देही
27905	▁धु
27906	▁धुरी
27907	▁नमी
27908	▁निकम्मी
27909	▁पकड़ें
27910	▁पकाने
27911	▁परिचर्चा
27912	▁पश्च
27913	▁पारिश्र
27914	▁पूर्णत
27915	▁पेपर
27916	▁पैकेट
27917	▁प्रशस्त
27918	▁फटक
27919	▁फेन
27920	▁फ्राँसीसी
27921	▁बंदर
27922	▁बख्त
27923	▁बाँधने
27924	▁बु
27925	▁बुध
27926	▁मछलियां
27927	▁मजबूरी
27928	▁मारिया
27929	▁मुसाफ़िर
27930	▁मुहि
27931	▁मैडम
27932	▁रिआयत
27933	▁रिश्तेदार
27934	▁रेशो
27935	▁रै
27936	▁लड़केबाले
27937	▁वारंटी
27938	▁विभेदन
27939	▁शाबाशी
27940	▁शॉर्टकट्स
27941	▁सदमे
27942	▁सधा
27943	▁सब्ज़ियाँ
27944	▁सलत
27945	▁सुगंध
27946	▁स्ट्र
27947	▁हरग़िज
27948	822
27949	IP
27950	Lock
27951	Masjid
27952	Monday
27953	Record
27954	VIDEO
27955	connect
27956	fresh
27957	helper
27958	hou
27959	mine
27960	mos
27961	mpleted
27962	oken
27963	oku
27964	ppointment
27965	pu
27966	uh
27967	ón
27968	अधर्म
27969	आज्ञाकारियों
27970	एच
27971	एहद
27972	एहराम
27973	ऑफ
27974	क़ातिल
27975	काफ़िरों
27976	ख्वाहमा
27977	गमेंट
27978	ग़ुलाम
27979	गाह
27980	चीज़
27981	जेंट
27982	डिर
27983	ताल्लुक़ात
27984	दरमेयान
27985	दिवस
27986	नई
27987	नेफ़ाक़
27988	परलोक
27989	पहाड़
27990	फसानी
27991	फ़क़त
27992	फ़रिश्तों
27993	फ़िरऔन
27994	फ़ॉर्म
27995	बैअत
27996	मख़सूस
27997	मुक़द्दस
27998	मुक्ति
27999	मुफ़ीद
28000	मुहाजिरीन
28001	मोमिन
28002	मौजिज़े
28003	यकसाँ
28004	यक़ीन
28005	यम
28006	यहूदियों
28007	य्यु
28008	रहमत
28009	रहमान
28010	रेखीय
28011	लास
28012	लिल्लाह
28013	लुइसविले
28014	लॆन
28015	लै
28016	ल्सा
28017	शूरी
28018	सच्ची
28019	सन्त
28020	सहीफ़े
28021	सिद्ध
28022	सोद्देश्य
28023	स्टाक
28024	स्टिक
28025	़वी
28026	ारी
28027	ूंगी
28028	▁%1...
28029	▁08)
28030	▁1,200
28031	▁Accepted
28032	▁Bethany
28033	▁Brush
28034	▁Burns
28035	▁CSS
28036	▁Castle
28037	▁Codex
28038	▁Crash
28039	▁Danish
28040	▁Demo
28041	▁Eccl
28042	▁Encode
28043	▁Epaphras
28044	▁Gary
28045	▁Globe
28046	▁Growing
28047	▁Hash
28048	▁Honest
28049	▁Indonesia
28050	▁Iraq
28051	▁Kadesh
28052	▁Liberia
28053	▁Nairobi
28054	▁PA
28055	▁Patterson
28056	▁Percent
28057	▁Practical
28058	▁Resources
28059	▁Riches
28060	▁Rob
28061	▁Scrolls
28062	▁Shown
28063	▁Spiritually
28064	▁Startup
28065	▁Taken
28066	▁Wisely
28067	▁achievements
28068	▁acquaintances
28069	▁agencies
28070	▁anchors
28071	▁axes
28072	▁blasphemed
28073	▁bows
28074	▁bruised
28075	▁bullet
28076	▁cdrdao
28077	▁champion
28078	▁club
28079	▁coconut
28080	▁composition
28081	▁contemporary
28082	▁critics
28083	▁delegation
28084	▁dengue
28085	▁denominator
28086	▁denounced
28087	▁discoveries
28088	▁disowned
28089	▁domination
28090	▁downhearted
28091	▁dowry
28092	▁drowning
28093	▁embark
28094	▁expulsion
28095	▁facets
28096	▁fairness
28097	▁fearless
28098	▁felicitous
28099	▁forwarding
28100	▁grabbed
28101	▁handiwork
28102	▁instructs
28103	▁keepeth
28104	▁loudly
28105	▁maid
28106	▁millennium
28107	▁networking
28108	▁null
28109	▁orange
28110	▁papa
28111	▁passive
28112	▁pierce
28113	▁potent
28114	▁pots
28115	▁prices
28116	▁promotion
28117	▁prophetically
28118	▁pulling
28119	▁raped
28120	▁recordings
28121	▁sanction
28122	▁scanning
28123	▁scarcely
28124	▁sinfulness
28125	▁soothsayer
28126	▁speakers
28127	▁sprinkled
28128	▁superhuman
28129	▁theologians
28130	▁uncommon
28131	▁utterances
28132	▁visitation
28133	▁workmates
28134	▁zoomed
28135	▁अंतर्वेशित
28136	▁अक
28137	▁अतिपरवलय
28138	▁अत्याध
28139	▁अन्दाजे
28140	▁अलैकुम
28141	▁अल्हमदो
28142	▁आज़ुर
28143	▁आयतो
28144	▁इंडिया
28145	▁इन्शा
28146	▁इरशाद
28147	▁ईमानवालो
28148	▁उठेगी
28149	▁उत्ताराधिकारी
28150	▁उमूर
28151	▁उल्का
28152	▁एख़ति
28153	▁एनोटेशन
28154	▁औधे
28155	▁कंट
28156	▁कज़ा
28157	▁कफरनहूम
28158	▁कफ्फ़ार
28159	▁कमांडर
28160	▁करतब
28161	▁कालबैक
28162	▁कुन्जिय
28163	▁कुन्द
28164	▁कुसूर
28165	▁ख़जान
28166	▁खामियों
28167	▁खारी
28168	▁ग़ुरु
28169	▁गिर्दा
28170	▁ग्रा
28171	▁चखाए
28172	▁चिर
28173	▁जमाएँ
28174	▁ज़ुलेख़ा
28175	▁जांघ
28176	▁जाऎंगे
28177	▁जाय
28178	▁झगड़ो
28179	▁झटका
28180	▁झुठलाएँ
28181	▁झूठला
28182	▁झोपड़िय
28183	▁डच
28184	▁डलवा
28185	▁डोम
28186	▁ढाले
28187	▁ढूँढने
28188	▁तक़र्र
28189	▁तक़सीम
28190	▁तख्ते
28191	▁तबलीग़
28192	▁ताअ
28193	▁ताप
28194	▁तारिक़
28195	▁तालाक
28196	▁तौहीद
28197	▁दामाद
28198	▁दुम्ब
28199	▁धाक
28200	▁नक्शेकदम
28201	▁नतीज
28202	▁नरसिंगा
28203	▁नापसंद
28204	▁निशाने
28205	▁नेकियों
28206	▁पंच
28207	▁पहुँचेगें
28208	▁पाएँगें
28209	▁पुकारना
28210	▁प्रशंसित
28211	▁फिरेगा
28212	▁फुज़ूल
28213	▁फैलाव
28214	▁बदकिरदार
28215	▁बनवा
28216	▁बर्फबारी
28217	▁बातिन
28218	▁बिल्ली
28219	▁बुढाप
28220	▁बुर
28221	▁बुलवाकर
28222	▁भलाइय
28223	▁भोले
28224	▁मग़रिब
28225	▁मदयनवाल
28226	▁मनघड़
28227	▁मसनद
28228	▁मुआवेज़ा
28229	▁मुसाफिर
28230	▁मुहाजिर
28231	▁मेहमानी
28232	▁यिज्रैल
28233	▁रज़ाम
28234	▁रब्बियों
28235	▁रेग्युलर
28236	▁रोटियां
28237	▁लुभाया
28238	▁लौन्डियों
28239	▁वह्य
28240	▁विज्ञापनों
28241	▁व्यक्तित्व
28242	▁व्युत्पन्न
28243	▁शर
28244	▁शी
28245	▁संख्याः
28246	▁संसाधनों
28247	▁सड़े
28248	▁सन्तति
28249	▁सामरियों
28250	▁सीएसएस
28251	▁सीहोन
28252	▁सुअर
28253	▁सॆल
28254	▁स्रष्टा
28255	▁हड़प
28256	▁हमवार
28257	▁हरकार
28258	▁हालते
28259	▁हिस्टोग्राम
28260	▁हुजर
28261	▁हुला
28262	▁हूरें
28263	▁हैबत
28264	▁होमवर्क
28265	${
28266	7,000
28267	Answer
28268	Certainly
28269	Conversation
28270	KO
28271	KOI
28272	Kentucky
28273	Pine
28274	STE
28275	String
28276	Tentative
28277	arball
28278	face
28279	hai
28280	note
28281	places
28282	private
28283	roving
28284	seek
28285	æ
28286	ʼ
28287	आना
28288	खैर
28289	घटते
28290	जमा
28291	ज़न
28292	डाउसन
28293	थो
28294	नाक
28295	निवे
28296	पूर्वावलोकनः
28297	बीएस
28298	म्बा
28299	याकुत
28300	लूम
28301	लेक्स
28302	समापन
28303	साफ्ट
28304	सियन
28305	सेरिफ
28306	ूद
28307	ॆन्स
28308	ौफनाक
28309	▁"{2}
28310	▁1961
28311	▁2.)
28312	▁Adium
28313	▁Animate
28314	▁Ascending
28315	▁Baker
28316	▁Benin
28317	▁CAR
28318	▁COR
28319	▁Caret
28320	▁Cherisher
28321	▁Confirmation
28322	▁Contain
28323	▁Cultivate
28324	▁Damn
28325	▁Disaster
28326	▁Fragment
28327	▁Front
28328	▁Gaps
28329	▁Gather
28330	▁Grab
28331	▁Hilkiah
28332	▁IPv
28333	▁Inspector
28334	▁Kohath
28335	▁Maximise
28336	▁Nordic
28337	▁Older
28338	▁Overdue
28339	▁Parallel
28340	▁Phrase
28341	▁Proper
28342	▁Rabbi
28343	▁Recogniz
28344	▁Saleh
28345	▁Severe
28346	▁Suggestions
28347	▁Swan
28348	▁Toolbars
28349	▁Vital
28350	▁Vulgate
28351	▁WILL
28352	▁Wicked
28353	▁Worthy
28354	▁abounding
28355	▁abstaining
28356	▁agricultural
28357	▁anticipated
28358	▁assets
28359	▁babes
28360	▁bloom
28361	▁chased
28362	▁chew
28363	▁childbearing
28364	▁chinese
28365	▁cleanliness
28366	▁confusing
28367	▁cooked
28368	▁corba
28369	▁counterfeit
28370	▁coverings
28371	▁desk
28372	▁diligence
28373	▁dissolved
28374	▁drizzle
28375	▁educate
28376	▁endear
28377	▁endorse
28378	▁enslavement
28379	▁establishes
28380	▁eunuchs
28381	▁exceeds
28382	▁exchanged
28383	▁fantasy
28384	▁furniture
28385	▁gases
28386	▁gear
28387	▁grieves
28388	▁henceforth
28389	▁hi
28390	▁impugned
28391	▁incomparable
28392	▁instructing
28393	▁lifting
28394	▁mechanical
28395	▁menstruation
28396	▁mightiness
28397	▁minority
28398	▁molding
28399	▁murderous
28400	▁navigate
28401	▁outstrip
28402	▁ownselves
28403	▁policeman
28404	▁seizing
28405	▁snakes
28406	▁sq
28407	▁stab
28408	▁substantial
28409	▁succoured
28410	▁superstitions
28411	▁toiling
28412	▁tortured
28413	▁trailer
28414	▁unnatural
28415	▁अंतर्दृष्टि
28416	▁अक्लमंद
28417	▁अगु
28418	▁अत्य
28419	▁अफज़ाई
28420	▁उपजा
28421	▁उलझे
28422	▁एंटी
28423	▁एआई
28424	▁ऑपरेटर
28425	▁कुप्प
28426	▁केआईओ
28427	▁कॉपीराइट
28428	▁क्रांति
28429	▁खिलाया
28430	▁गाऊंगा
28431	▁गिरना
28432	▁ग्रहों
28433	▁चिमट
28434	▁चेतना
28435	▁चै
28436	▁ज़ो
28437	▁डम्प
28438	▁डेल
28439	▁तथ्यों
28440	▁तिथिपत्र
28441	▁तुक
28442	▁त्रि
28443	▁दिलाए
28444	▁नज़ारे
28445	▁नागवार
28446	▁निक
28447	▁निरुत्साहित
28448	▁निर्गम
28449	▁पच्चीस
28450	▁पछताए
28451	▁पराक्रमी
28452	▁पेशानी
28453	▁प्याद
28454	▁प्रगतिशील
28455	▁फ़रीस
28456	▁फुरसत
28457	▁बचत
28458	▁बजट
28459	▁बिखेर
28460	▁भुगतना
28461	▁मँडरा
28462	▁मजबूरन
28463	▁मशाल
28464	▁मिलावट
28465	▁मोम
28466	▁लड़क
28467	▁लड़ता
28468	▁लड़ेंगे
28469	▁लह
28470	▁लागिन
28471	▁लाभकारी
28472	▁लेवल
28473	▁वर्क
28474	▁विशेषाधिकारों
28475	▁शान्तिमय
28476	▁शौक़
28477	▁सज्जनों
28478	▁समूही
28479	▁समृद्धि
28480	▁सर्जन
28481	▁सर्दियों
28482	▁साइप्रस
28483	▁सीआरएल
28484	▁स्वयंसेवकों
28485	▁हार्मोन
28486	▁हुक
28487	▁हौ
28488	▁हौद
28489	$1
28490	900
28491	ARD
28492	Arrange
28493	BS
28494	Children
28495	Code
28496	EUC
28497	Global
28498	Ha
28499	Highlight
28500	ION
28501	ITY
28502	Jerusalem
28503	Neither
28504	Office
28505	arch
28506	atin
28507	fellow
28508	gad
28509	handled
28510	hop
28511	ini
28512	nski
28513	obe
28514	orda
28515	pure
28516	rai
28517	tric
28518	vik
28519	watchtower
28520	xxx
28521	इतने
28522	ग्री
28523	जेल
28524	थोड़ा
28525	नल
28526	न्ड्
28527	प्यूर्टो
28528	बारी
28529	र्षा
28530	लियों
28531	सुख
28532	ाउण्डे
28533	ार्ड
28534	िमा
28535	ुब्बा
28536	ैक्ट
28537	ोत्तरी
28538	▁#2
28539	▁2'
28540	▁2.0
28541	▁Accessibility
28542	▁Aid
28543	▁Brings
28544	▁CAPULET
28545	▁Carry
28546	▁Chapter
28547	▁Coordinates
28548	▁Cubic
28549	▁Dar
28550	▁Diagonal
28551	▁EN
28552	▁Eliezer
28553	▁FAMILY
28554	▁Foundations
28555	▁Genuine
28556	▁Gradually
28557	▁Handle
28558	▁Ly
28559	▁Margaret
28560	▁Midianites
28561	▁Missionary
28562	▁Nimrod
28563	▁Patches
28564	▁Playlist
28565	▁Positive
28566	▁Product
28567	▁Ren
28568	▁Scotland
28569	▁Tamil
28570	▁Tarshish
28571	▁Themes
28572	▁Town
28573	▁Zimbabwe
28574	▁[(
28575	▁abase
28576	▁accumulated
28577	▁admiration
28578	▁arch
28579	▁awkward
28580	▁bas
28581	▁bombs
28582	▁breeze
28583	▁clu
28584	▁commonplace
28585	▁complaints
28586	▁covenanted
28587	▁deceiver
28588	▁decompress
28589	▁duck
28590	▁duke
28591	▁editorial
28592	▁eighteen
28593	▁engineer
28594	▁fanatic
28595	▁fortresses
28596	▁frankly
28597	▁fullest
28598	▁gentlemen
28599	▁glow
28600	▁hanged
28601	▁heifer
28602	▁illiterate
28603	▁integration
28604	▁landscape
28605	▁leak
28606	▁legend
28607	▁mediator
28608	▁merges
28609	▁mysterious
28610	▁opaque
28611	▁optimistic
28612	▁organiser
28613	▁paltr
28614	▁persuasion
28615	▁prick
28616	▁proximity
28617	▁radiant
28618	▁revolve
28619	▁savior
28620	▁scandal
28621	▁severity
28622	▁significantly
28623	▁sprinkle
28624	▁sufficeth
28625	▁synchronize
28626	▁unfold
28627	▁utensils
28628	▁vicinity
28629	▁weariness
28630	▁अन्द्रियास
28631	▁अम्नोन
28632	▁अलबर्ट
28633	▁इलेक्ट्रॉनिक
28634	▁ऋणात्मक
28635	▁एंड
28636	▁एतराज़
28637	▁ऑप्टिकल
28638	▁ओसारे
28639	▁कंठ
28640	▁कड़वी
28641	▁कीड़ों
28642	▁कीवर्ड
28643	▁कॉन्फ़िग
28644	▁क्लोन
28645	▁खर्रे
28646	▁खामियाँ
28647	▁गदल्याह
28648	▁गिलगाल
28649	▁चढ़ावा
28650	▁चश्
28651	▁चालाकी
28652	▁चिल्लाते
28653	▁छप
28654	▁छपे
28655	▁छिपाया
28656	▁झाड़ियों
28657	▁झेलन
28658	▁टलता
28659	▁टैंक
28660	▁तारामंडल
28661	▁दाऊदपुर
28662	▁द्रव्यमान
28663	▁धोखाधड़ी
28664	▁पादरीवर्ग
28665	▁पेसो
28666	▁पोतों
28667	▁पौराणिक
28668	▁फी
28669	▁बनीं
28670	▁बेला
28671	▁बोलेंगे
28672	▁भर्त्सना
28673	▁भु
28674	▁मचाने
28675	▁मध्यस्थ
28676	▁माँओं
28677	▁मिलीमीटर
28678	▁मीकायाह
28679	▁मुर्गी
28680	▁मैट
28681	▁मौक़
28682	▁युवकों
28683	▁यूटिलिटी
28684	▁रिपोर्टें
28685	▁लदे
28686	▁लीक
28687	▁लुस्त्रा
28688	▁विचारधारा
28689	▁वेदियों
28690	▁वेबकैल
28691	▁सक्रीय
28692	▁सताता
28693	▁सरहद
28694	▁सान
28695	▁सुनीं
28696	▁सेकण्ड्स
28697	▁स्टिकी
28698	▁स्पिन
28699	▁हिरण
28700	▁५४
28701	-_8
28702	73
28703	ANG
28704	Appl
28705	Bookmark
28706	Ca
28707	HEX
28708	KDE
28709	Map
28710	Muttaqun
28711	SAW
28712	Such
28713	Telepathy
28714	africa
28715	aka
28716	arj
28717	dest
28718	hear
28719	ichi
28720	iled
28721	mod
28722	mode
28723	mus
28724	offline
28725	umber
28726	Â
28727	किट
28728	केल
28729	कॉन
28730	क्रोध
28731	चकित
28732	जितन
28733	ताएँ
28734	तावनी
28735	थै
28736	द्रो
28737	पायें
28738	पेल
28739	प्रति
28740	प्रेस
28741	फ़ाल
28742	रोश
28743	वर्ड
28744	सुसमाचार
28745	ाक्षर
28746	ायब
28747	िठाई
28748	ीयत
28749	▁1927
28750	▁Absolutely
28751	▁Amalek
28752	▁BD
28753	▁Caribbean
28754	▁Compatibility
28755	▁Constraints
28756	▁Course
28757	▁Der
28758	▁Extraction
28759	▁Gedaliah
28760	▁HELP
28761	▁Hostname
28762	▁Iagno
28763	▁Informed
28764	▁Mecca
28765	▁Nature
28766	▁Netmeeting
28767	▁OWA
28768	▁Programs
28769	▁RGB
28770	▁Recite
28771	▁Retry
28772	▁Safety
28773	▁Schema
28774	▁Sex
28775	▁Sexual
28776	▁Signatures
28777	▁Sustainer
28778	▁Teleport
28779	▁Vo
28780	▁WITNESSES
28781	▁Yield
28782	▁alliance
28783	▁astonishing
28784	▁atoms
28785	▁authorisation
28786	▁badger
28787	▁baggage
28788	▁blameworthy
28789	▁blaspheme
28790	▁cameras
28791	▁catching
28792	▁cheating
28793	▁controller
28794	▁curses
28795	▁def
28796	▁dental
28797	▁devious
28798	▁dip
28799	▁ensnared
28800	▁entreated
28801	▁entrenched
28802	▁eventual
28803	▁exalting
28804	▁extol
28805	▁faction
28806	▁hypocrite
28807	▁immersion
28808	▁instructors
28809	▁introducing
28810	▁invade
28811	▁joints
28812	▁kneel
28813	▁liberation
28814	▁losses
28815	▁mil
28816	▁modestly
28817	▁murmured
28818	▁myths
28819	▁pardons
28820	▁partakers
28821	▁peril
28822	▁pleading
28823	▁precision
28824	▁pushing
28825	▁realistically
28826	▁recognizes
28827	▁redeal
28828	▁rend
28829	▁repositories
28830	▁revere
28831	▁satellite
28832	▁scorching
28833	▁sharpen
28834	▁sided
28835	▁simplicity
28836	▁steadfastness
28837	▁straitens
28838	▁succeeding
28839	▁trait
28840	▁underscore
28841	▁undertake
28842	▁uniform
28843	▁unify
28844	▁unitedly
28845	▁uppermost
28846	▁waist
28847	▁अबीशै
28848	▁उपाधि
28849	▁ऊँघ
28850	▁एक्सेसेबल
28851	▁एक्सेसेबेल
28852	▁ओबद्याह
28853	▁क्रॉस
28854	▁क्षमताओं
28855	▁ख़रीदने
28856	▁खिड़कियों
28857	▁खिलाडियो
28858	▁गुस्सैल
28859	▁चोटियों
28860	▁छांटक
28861	▁जताया
28862	▁ज़हरील
28863	▁ज़िन्द
28864	▁डस
28865	▁दरिद्रों
28866	▁दीवारें
28867	▁दुकानों
28868	▁नजर
28869	▁निभाना
28870	▁नीतिकथा
28871	▁नै
28872	▁पलंग
28873	▁पहरू
28874	▁प्रवाल
28875	▁फेंकना
28876	▁बढ़त
28877	▁बीयर
28878	▁बेसिक
28879	▁बेहतरी
28880	▁ब्राउन
28881	▁भेड़ी
28882	▁मशविर
28883	▁मारपीट
28884	▁लक
28885	▁वर्जिन
28886	▁सदूकियों
28887	▁समरूप
28888	▁सरीखे
28889	▁साओ
28890	▁सुपुर्द
28891	▁सूप
28892	▁स्टेपल
28893	▁हिलाने
28894	▁५१
28895	->
28896	DA
28897	King
28898	Like
28899	Plugins
28900	Receive
28901	aching
28902	citing
28903	discover
28904	ene
28905	ftn
28906	group
28907	guard
28908	headed
28909	mera
28910	nine
28911	oi
28912	rash
28913	rock
28914	session
28915	toggle
28916	án
28917	ä
28918	आफिस
28919	एडी
28920	एन्साइक्लोपीडिया
28921	डबल्यू
28922	डस
28923	ढाल
28924	धि
28925	धु
28926	न्तरिक
28927	पत्नी
28928	प्लेयर
28929	फिन
28930	बेस
28931	म्यू
28932	र्डिक
28933	व्यवस्था
28934	व्हाइटह
28935	सारणी
28936	सिव
28937	सीधे
28938	स्ट्री
28939	ाइन
28940	ेटिक
28941	्मोन
28942	▁1513
28943	▁1964
28944	▁6.)
28945	▁AUTH
28946	▁Abiathar
28947	▁Ahithophel
28948	▁Anyway
28949	▁Athena
28950	▁Authorities
28951	▁Bruce
28952	▁Burt
28953	▁Channels
28954	▁Echo
28955	▁Epaphroditus
28956	▁Exclude
28957	▁Fish
28958	▁Haiti
28959	▁Helen
28960	▁Hyperbol
28961	▁Jamaica
28962	▁Joppa
28963	▁Kig
28964	▁Landscape
28965	▁MUSIC
28966	▁Marshall
28967	▁Mono
28968	▁Morning
28969	▁Overview
28970	▁Polygon
28971	▁Possess
28972	▁Praises
28973	▁Rub
28974	▁Sky
28975	▁Undefined
28976	▁VI
28977	▁annihilate
28978	▁annotations
28979	▁aptly
28980	▁bodied
28981	▁bonuses
28982	▁businessman
28983	▁caste
28984	▁cheap
28985	▁chicken
28986	▁congregational
28987	▁cooperating
28988	▁crow
28989	▁darken
28990	▁deviated
28991	▁dispensation
28992	▁equation
28993	▁erroneous
28994	▁extensively
28995	▁fitted
28996	▁garbage
28997	▁graduating
28998	▁graphic
28999	▁graven
29000	▁hadn
29001	▁hurting
29002	▁initiate
29003	▁insults
29004	▁jewels
29005	▁knowledgeable
29006	▁lieth
29007	▁likelihood
29008	▁limb
29009	▁mailboxes
29010	▁mute
29011	▁nutrition
29012	▁organ
29013	▁organizing
29014	▁phenomenon
29015	▁photographs
29016	▁predecessors
29017	▁prejudices
29018	▁prevention
29019	▁pruning
29020	▁rejoin
29021	▁reproving
29022	▁retry
29023	▁sentiment
29024	▁sheltered
29025	▁simplified
29026	▁sixteen
29027	▁spans
29028	▁specification
29029	▁struggles
29030	▁summe
29031	▁supper
29032	▁surname
29033	▁tamper
29034	▁tends
29035	▁thriving
29036	▁throats
29037	▁treasury
29038	▁underscores
29039	▁unfortunate
29040	▁violat
29041	▁willful
29042	▁अकारण
29043	▁आनी
29044	▁उँगलियाँ
29045	▁उजाला
29046	▁उबाऊ
29047	▁एपर्चर
29048	▁ओहदा
29049	▁कहलाने
29050	▁क्लार्क
29051	▁गुजर
29052	▁जड़ों
29053	▁जूत
29054	▁डिग्रीज़
29055	▁तरक्क
29056	▁तांत
29057	▁तामार
29058	▁दबोरा
29059	▁दाँया
29060	▁दाग़
29061	▁दिखानेवाला
29062	▁धर्मशास्त्र
29063	▁धीरजवन्त
29064	▁नात्ज़
29065	▁पत्तियाँ
29066	▁पनामा
29067	▁पनीर
29068	▁परात
29069	▁पहिलौठों
29070	▁पुत्रियों
29071	▁पुरोहित
29072	▁प्रण
29073	▁बदन
29074	▁भाषी
29075	▁भ्रूण
29076	▁मांगे
29077	▁मोआबियों
29078	▁रखनेवालो
29079	▁रूपांतरक
29080	▁लौदीकिया
29081	▁वाहन
29082	▁शीघ्रता
29083	▁शू
29084	▁सँभाला
29085	▁समाया
29086	▁सहम
29087	▁साद
29088	▁साध
29089	▁सौंपने
29090	▁स्नेही
29091	▁हाजिरा
29092	▁होएँ
29093	▁७२
29094	789
29095	Although
29096	Faith
29097	Medium
29098	RINTH
29099	SIGHS
29100	clement
29101	disable
29102	ect
29103	ella
29104	fact
29105	install
29106	lusion
29107	menu
29108	nickname
29109	ogg
29110	ontinue
29111	parse
29112	target
29113	ंगठन
29114	अदा
29115	आइ
29116	क़िले
29117	केलिए
29118	कोस
29119	गणितीय
29120	चढ़
29121	ट्ठा
29122	तृप्ति
29123	निष्क्रिय
29124	मं
29125	मणि
29126	र्र
29127	शियन
29128	सिटी
29129	सेव
29130	ाँग
29131	ीर्ण
29132	ीले
29133	ुलेट
29134	३०
29135	▁02110-1301
29136	▁Abijah
29137	▁Affect
29138	▁Amon
29139	▁Barbara
29140	▁Benefits
29141	▁Brown
29142	▁COM
29143	▁Canfield
29144	▁Coordinate
29145	▁Counter
29146	▁Endure
29147	▁Everybody
29148	▁Favourites
29149	▁Financial
29150	▁Fortran
29151	▁Galeon
29152	▁Greed
29153	▁Hearts
29154	▁Indians
29155	▁InfoBox
29156	▁Irish
29157	▁Listening
29158	▁Michal
29159	▁Museum
29160	▁Origin
29161	▁PI
29162	▁Pierre
29163	▁Pull
29164	▁Rendering
29165	▁SQL
29166	▁Senegal
29167	▁Sequence
29168	▁Signals
29169	▁Subscription
29170	▁Tests
29171	▁Touch
29172	▁Victory
29173	▁Whoa
29174	▁Wonderful
29175	▁abandoning
29176	▁abstract
29177	▁adequately
29178	▁adulterer
29179	▁automake
29180	▁avenger
29181	▁beans
29182	▁butter
29183	▁char
29184	▁cleft
29185	▁cliff
29186	▁constituted
29187	▁consulting
29188	▁conversing
29189	▁der
29190	▁dye
29191	▁embracing
29192	▁exerted
29193	▁farming
29194	▁flew
29195	▁froward
29196	▁frowned
29197	▁guaranteed
29198	▁hordes
29199	▁interchange
29200	▁landed
29201	▁lap
29202	▁lent
29203	▁martyrs
29204	▁melted
29205	▁mist
29206	▁mourned
29207	▁omens
29208	▁owed
29209	▁partly
29210	▁plates
29211	▁popularity
29212	▁prosecutor
29213	▁recursively
29214	▁redistribute
29215	▁residue
29216	▁robbing
29217	▁scalding
29218	▁schism
29219	▁sensor
29220	▁solemnly
29221	▁spokesman
29222	▁swerve
29223	▁tactful
29224	▁undefiled
29225	▁validity
29226	▁vigor
29227	▁worrying
29228	▁ya
29229	▁yearly
29230	▁अंकुर
29231	▁अखबारों
29232	▁अग्रभूमि
29233	▁अत
29234	▁अनिष्ट
29235	▁आयें
29236	▁आयेगा
29237	▁आश्चर्यकर्म
29238	▁आस्था
29239	▁उच्चतम
29240	▁उज्जवल
29241	▁उलझा
29242	▁करतीं
29243	▁कुरिंथ
29244	▁कैंप
29245	▁कोटियाँ
29246	▁कोसाइन
29247	▁क्लोत्सकी
29248	▁खराबा
29249	▁ख़ा
29250	▁खोई
29251	▁गर्भावस्था
29252	▁गुफ़ा
29253	▁गू
29254	▁गोष्ठी
29255	▁ग्रै
29256	▁चंदा
29257	▁छूए
29258	▁जंजीर
29259	▁जलता
29260	▁जायेगे
29261	▁जोख़िम
29262	▁झिलम
29263	▁झुकते
29264	▁डरकर
29265	▁डाकुओं
29266	▁डेलिगे
29267	▁डेवहेल्प
29268	▁ढूँढते
29269	▁तिर्यक
29270	▁तौलकर
29271	▁द्वि
29272	▁धर्मगुरुओं
29273	▁नकार
29274	▁नियति
29275	▁नुक्स
29276	▁पिंग
29277	▁पियर
29278	▁पुरनिये
29279	▁प्रतिशोध
29280	▁प्रोग्रामिंग
29281	▁फोर्
29282	▁बताये
29283	▁बनूँ
29284	▁बारियां
29285	▁बीना
29286	▁बॉट
29287	▁भूलो
29288	▁मनाएंगे
29289	▁मला
29290	▁मॉस्को
29291	▁यिज्रेल
29292	▁युगों
29293	▁राजकुमारी
29294	▁राहुल
29295	▁रिंगिंग
29296	▁रेडियन
29297	▁विषम
29298	▁वॆ
29299	▁वॉशिंगटन
29300	▁शीत
29301	▁सोतों
29302	▁हूंगा
29303	▁हॉप
29304	180
29305	Append
29306	Delay
29307	European
29308	Headers
29309	PATTERN
29310	Private
29311	ROM
29312	SA
29313	Stay
29314	VER
29315	anti
29316	binding
29317	cript
29318	driver
29319	ema
29320	escription
29321	follow
29322	gni
29323	harm
29324	mith
29325	ndo
29326	numbers
29327	references
29328	rk
29329	sans
29330	spirit
29331	ऑनलाइन
29332	ज्जा
29333	ज्जु
29334	डरो
29335	ण्ट
29336	तुझे
29337	तैयार
29338	दल
29339	निब
29340	नीच
29341	रॆ
29342	रेखा
29343	रेन
29344	लाक
29345	लीमा
29346	वारिस
29347	वीर
29348	शान
29349	शू
29350	़रार
29351	ांतर
29352	ुए
29353	ोड़
29354	▁Across
29355	▁Ahead
29356	▁Amid
29357	▁Archives
29358	▁Baasha
29359	▁Bearing
29360	▁Begin
29361	▁Bell
29362	▁CDDB
29363	▁Commission
29364	▁Confidential
29365	▁Connections
29366	▁County
29367	▁Emily
29368	▁Eva
29369	▁Experts
29370	▁Generator
29371	▁Grateful
29372	▁Greenland
29373	▁Horn
29374	▁Jar
29375	▁Og
29376	▁Party
29377	▁Pride
29378	▁Skill
29379	▁Sol
29380	▁Staple
29381	▁Suits
29382	▁Sur
29383	▁Tangent
29384	▁Technical
29385	▁Tr
29386	▁apostol
29387	▁butterfly
29388	▁calves
29389	▁cardinal
29390	▁cleaned
29391	▁clicked
29392	▁clicks
29393	▁colony
29394	▁coloured
29395	▁confuse
29396	▁derivative
29397	▁dioxide
29398	▁effectiveness
29399	▁envelop
29400	▁errand
29401	▁excused
29402	▁faculty
29403	▁fence
29404	▁flashes
29405	▁fondness
29406	▁fowls
29407	▁futility
29408	▁geographical
29409	▁harvested
29410	▁householders
29411	▁indications
29412	▁interpreter
29413	▁interviews
29414	▁logarithm
29415	▁magical
29416	▁maiden
29417	▁mistreated
29418	▁monkey
29419	▁novel
29420	▁patriarchs
29421	▁ports
29422	▁profoundly
29423	▁progressing
29424	▁proportions
29425	▁quitting
29426	▁readjust
29427	▁recounted
29428	▁repairs
29429	▁replacing
29430	▁resolute
29431	▁retained
29432	▁reunited
29433	▁riddle
29434	▁rider
29435	▁sane
29436	▁serpents
29437	▁smiled
29438	▁supplement
29439	▁thumbnails
29440	▁traumatic
29441	▁truthfully
29442	▁twinkling
29443	▁vanities
29444	▁verdict
29445	▁wailing
29446	▁whi
29447	▁wiser
29448	▁wrestling
29449	▁अक़सर
29450	▁अपंगता
29451	▁उत्साहित
29452	▁एक्सप्रेस
29453	▁एश
29454	▁कथाओं
29455	▁कराएँ
29456	▁किराया
29457	▁क्रिस्टल
29458	▁खारा
29459	▁खोना
29460	▁गिरेंगे
29461	▁गोलियों
29462	▁चमकत
29463	▁चालाक
29464	▁जताने
29465	▁जनी
29466	▁जेसन
29467	▁टास्क
29468	▁टीले
29469	▁डिस्प्ले
29470	▁डेंगू
29471	▁डेमॉन
29472	▁तत्परता
29473	▁ताकते
29474	▁थूक
29475	▁दस्तख
29476	▁दहाई
29477	▁दॉ
29478	▁नतीन
29479	▁नम्रतापूर्वक
29480	▁नह
29481	▁नार
29482	▁निगर
29483	▁निभाया
29484	▁निरीक्षक
29485	▁न्यायदण्ड
29486	▁न्यायसंगत
29487	▁परखे
29488	▁परिपूर्णता
29489	▁पश्चाताप
29490	▁पहचानें
29491	▁पाँचवीं
29492	▁पाठ्यक्रम
29493	▁पात
29494	▁पानेवालों
29495	▁पिरो
29496	▁पिस
29497	▁पीड़ाओं
29498	▁पोस्टस्क्रिप्ट
29499	▁प्रतिच्छेद
29500	▁फ़र्श
29501	▁फेंटें
29502	▁बढ़ें
29503	▁बरसाई
29504	▁बहिर्वे
29505	▁बाँटना
29506	▁बिठाने
29507	▁बिनपढ़ा
29508	▁बेन्हदद
29509	▁बोलकर
29510	▁ब्राउजर
29511	▁ब्रेसे
29512	▁भट्ठे
29513	▁मापदण्ड
29514	▁मिश्र
29515	▁मुकद्दमे
29516	▁मुक़द्दम
29517	▁मॉड
29518	▁योद्धाओं
29519	▁रखूँगा
29520	▁रिकॉर्डिंग
29521	▁रोज
29522	▁रोता
29523	▁लगाऊंगा
29524	▁लफ्ज़
29525	▁ललक
29526	▁लातीनी
29527	▁शब्दकोष
29528	▁संस
29529	▁सभो
29530	▁सरसरी
29531	▁सल
29532	▁सिविल
29533	▁स्वयंसेवक
29534	▁हटे
29535	▁हेनरी
29536	▁होमपेज
29537	▁५२
29538	&
29539	.509
29540	?'"
29541	Again
29542	Classic
29543	Israel
29544	Music
29545	NVOL
29546	PR
29547	Quran
29548	Secure
29549	Shared
29550	Teacher
29551	aracter
29552	ause
29553	autodetect
29554	configuration
29555	during
29556	eval
29557	gone
29558	ifying
29559	ima
29560	itch
29561	jinns
29562	liter
29563	location
29564	non
29565	parent
29566	rine
29567	style
29568	today
29569	write
29570	zy
29571	गुप्त
29572	ज़िर
29573	ज्यू
29574	टर्स
29575	ट्रे
29576	ठंडक
29577	ड़ियों
29578	डीआई
29579	डौल
29580	ड्यू
29581	तलब
29582	धड़
29583	धार्मिकता
29584	निकट
29585	नोर
29586	पक्ष
29587	फायर
29588	मेला
29589	यस
29590	राब
29591	विया
29592	संपीड़ित
29593	सन्देह
29594	समुद्र
29595	सुनो
29596	स्ट्रीमर
29597	स्त्री
29598	हाम
29599	हूँ
29600	हैवन
29601	होम
29602	ाऊ
29603	ाहते
29604	▁"2"
29605	▁"="
29606	▁%2)
29607	▁01
29608	▁1972
29609	▁1=
29610	▁2:2).
29611	▁30;
29612	▁APOP
29613	▁Amnon
29614	▁Auliya
29615	▁CAP
29616	▁Catholicism
29617	▁Causes
29618	▁Cher
29619	▁Delegates
29620	▁Depression
29621	▁Discernment
29622	▁Eisa
29623	▁Equal
29624	▁Fan
29625	▁Focal
29626	▁Fortune
29627	▁Fund
29628	▁Geometr
29629	▁Godship
29630	▁Gordon
29631	▁Happen
29632	▁Humble
29633	▁Isra
29634	▁KDM
29635	▁Lee
29636	▁Mad
29637	▁Marium
29638	▁Muttaqun
29639	▁Nero
29640	▁Onesimus
29641	▁Opera
29642	▁Outline
29643	▁Panama
29644	▁Persecution
29645	▁Previews
29646	▁Putting
29647	▁Reduce
29648	▁Sports
29649	▁Suit
29650	▁Texas
29651	▁Thumbnails
29652	▁Tracks
29653	▁UP
29654	▁Ultimately
29655	▁Var
29656	▁Wales
29657	▁Wing
29658	▁Wives
29659	▁accommodate
29660	▁adhering
29661	▁amazement
29662	▁aspire
29663	▁assumption
29664	▁astounded
29665	▁bike
29666	▁carrion
29667	▁cautions
29668	▁commentator
29669	▁condone
29670	▁continuously
29671	▁cubic
29672	▁dedicat
29673	▁desktops
29674	▁detriment
29675	▁diameter
29676	▁dirt
29677	▁doctrinal
29678	▁drinkers
29679	▁eagles
29680	▁ekiga
29681	▁emerged
29682	▁explicitly
29683	▁extremes
29684	▁fabric
29685	▁facilitate
29686	▁grey
29687	▁hammer
29688	▁hover
29689	▁indignant
29690	▁ingredient
29691	▁intact
29692	▁intentionally
29693	▁internet
29694	▁lote
29695	▁lovable
29696	▁marries
29697	▁merry
29698	▁mol
29699	▁motionless
29700	▁murders
29701	▁naming
29702	▁nl
29703	▁opt
29704	▁partition
29705	▁passport
29706	▁pestilences
29707	▁pomp
29708	▁probability
29709	▁quiver
29710	▁reigning
29711	▁resides
29712	▁reviewed
29713	▁rightfully
29714	▁rocky
29715	▁sensible
29716	▁sheath
29717	▁shortcuts
29718	▁sneak
29719	▁solving
29720	▁suffix
29721	▁superficial
29722	▁teams
29723	▁terminate
29724	▁thwart
29725	▁tro
29726	▁undertaking
29727	▁unfaithfulness
29728	▁unthinkable
29729	▁visualize
29730	▁weaning
29731	▁अगुआई
29732	▁अतिथ
29733	▁अधिरोह
29734	▁अधीर
29735	▁अपनाकर
29736	▁आईमैप
29737	▁उपशीर्षक
29738	▁ऊँचाईः
29739	▁ऊरिरयाह
29740	▁एल्काना
29741	▁ओला
29742	▁ओसीआर
29743	▁करूँगी
29744	▁करेगे
29745	▁कहलात
29746	▁काबिलीयतें
29747	▁कोष्ठक
29748	▁क्रिस्ट
29749	▁क्ला
29750	▁खच्चर
29751	▁खूबियाँ
29752	▁खोजनेवालों
29753	▁गतिः
29754	▁गयुस
29755	▁गली
29756	▁चिड़िय
29757	▁चुप्पी
29758	▁छड़
29759	▁छुरी
29760	▁जग
29761	▁जबरदस्ती
29762	▁जव
29763	▁जह
29764	▁जाँचा
29765	▁जोह
29766	▁टीसीपी
29767	▁टोटे
29768	▁टोह
29769	▁ट्रेलर
29770	▁डरावना
29771	▁डालनेवाले
29772	▁तख्तियों
29773	▁दीर्घ
29774	▁दृढ़संकल्प
29775	▁देखनेवाले
29776	▁नासरी
29777	▁निहार
29778	▁नृजातीय
29779	▁पंछी
29780	▁परिषद
29781	▁पवित्रस्थान
29782	▁पाइलट
29783	▁पिघला
29784	▁पीली
29785	▁पुनर्तुल्यकाल
29786	▁प्रतिमा
29787	▁प्रोटीन
29788	▁फेंके
29789	▁बसेंगे
29790	▁बाय
29791	▁ब्राउज
29792	▁ब्रुश
29793	▁भरमा
29794	▁मक़सद
29795	▁माँगनेवाल
29796	▁माद
29797	▁मॆरी
29798	▁मेंढक
29799	▁मोजूद
29800	▁यहोराम
29801	▁रत्ती
29802	▁रस्सियों
29803	▁राजद्रोह
29804	▁राहें
29805	▁रूबेनियों
29806	▁लेंगी
29807	▁लोइस
29808	▁वर्गमूल
29809	▁वाए
29810	▁व्यावसायिक
29811	▁समझाकर
29812	▁सर्वप्रथम
29813	▁सींगों
29814	▁सुधारक
29815	▁सृजी
29816	▁स्टीरियो
29817	▁स्वान
29818	▁स्वास्थ्यकर
29819	▁हक्क
29820	▁हादसा
29821	▁१९४५
29822	▁४९
29823	Bottom
29824	Detach
29825	Forget
29826	PL
29827	Try
29828	amba
29829	certain
29830	current
29831	everlasting
29832	files
29833	gnoring
29834	means
29835	minor
29836	ound
29837	scribe
29838	ंगटे
29839	आरंभ
29840	इट
29841	ऊँचे
29842	ऊद
29843	क़रीब
29844	गया
29845	गुइन
29846	गृह
29847	चुना
29848	ज़ामिन
29849	ठी
29850	तापूर्वक
29851	तेज
29852	नगर
29853	नवे
29854	पड़ोस
29855	प्ले
29856	फ़ीफ़
29857	फोर
29858	यूनानी
29859	रफत
29860	लड़ाई
29861	वायर
29862	वैध
29863	सत्ता
29864	सूरज
29865	▁1923
29866	▁3,500
29867	▁Avatar
29868	▁Cambodia
29869	▁Capture
29870	▁Cultivat
29871	▁Decline
29872	▁Def
29873	▁Describ
29874	▁Detach
29875	▁Elam
29876	▁Elements
29877	▁Eusebius
29878	▁Faces
29879	▁Families
29880	▁Favour
29881	▁Features
29882	▁Friendship
29883	▁Girl
29884	▁Hananiah
29885	▁Hat
29886	▁Historian
29887	▁Hue
29888	▁Invert
29889	▁Irene
29890	▁Iron
29891	▁Juan
29892	▁Manoah
29893	▁Mer
29894	▁Myself
29895	▁PLAYING
29896	▁Pal
29897	▁RAW
29898	▁Repentance
29899	▁Salam
29900	▁Sleep
29901	▁Surah
29902	▁Tape
29903	▁Tip
29904	▁Togo
29905	▁Typ
29906	▁UA
29907	▁Wide
29908	▁accounted
29909	▁acquit
29910	▁ailing
29911	▁alleged
29912	▁archaeologists
29913	▁arrayed
29914	▁ascent
29915	▁blend
29916	▁bool
29917	▁bottles
29918	▁cargo
29919	▁cherishe
29920	▁clinging
29921	▁codex
29922	▁compelling
29923	▁courtship
29924	▁cu
29925	▁derision
29926	▁diagnosis
29927	▁disabilities
29928	▁doves
29929	▁eagerness
29930	▁extracted
29931	▁girlfriend
29932	▁graduate
29933	▁herb
29934	▁incessantly
29935	▁indulged
29936	▁injure
29937	▁intensify
29938	▁irritating
29939	▁jaw
29940	▁jungle
29941	▁knee
29942	▁labors
29943	▁lepers
29944	▁lip
29945	▁mantle
29946	▁measurement
29947	▁melody
29948	▁multiplication
29949	▁nearing
29950	▁neat
29951	▁optimism
29952	▁permissive
29953	▁pleasurable
29954	▁predetermined
29955	▁psychologist
29956	▁quench
29957	▁relinquish
29958	▁resent
29959	▁respective
29960	▁reversed
29961	▁routes
29962	▁rumor
29963	▁scattering
29964	▁sealing
29965	▁shops
29966	▁slides
29967	▁soothing
29968	▁spectacle
29969	▁stabbed
29970	▁staring
29971	▁switcher
29972	▁tilt
29973	▁uncontrolled
29974	▁underestimate
29975	▁unloving
29976	▁vitamin
29977	▁wield
29978	▁woeful
29979	▁~/.
29980	▁असफ़ल
29981	▁आटा
29982	▁उबरन
29983	▁एटीई
29984	▁एटीए
29985	▁एलाम
29986	▁एलिजाबेथ
29987	▁कमज़ोरियाँ
29988	▁क़ु
29989	▁कारागार
29990	▁कीजिये
29991	▁कृषि
29992	▁क्वा
29993	▁खरब
29994	▁खाएगी
29995	▁गढ़े
29996	▁गैल
29997	▁घुमाना
29998	▁चंद्रमा
29999	▁चुनिए
30000	▁चूम
30001	▁चो
30002	▁छाए
30003	▁छुड़ाएगा
30004	▁जुलता
30005	▁ज्ञानेन्द्रिय
30006	▁ज्योतिषी
30007	▁टाँगों
30008	▁डाउनलोडेड
30009	▁डेमो
30010	▁ड्यू
30011	▁ढाला
30012	▁तात्कालिक
30013	▁तोड़ता
30014	▁थंडरस्
30015	▁थोपा
30016	▁धरता
30017	▁निकालिए
30018	▁निर्दय
30019	▁नॉटि
30020	▁पट्टिका
30021	▁पढ़ाने
30022	▁पहिये
30023	▁पागलपन
30024	▁पुन्त
30025	▁प्ले
30026	▁फटे
30027	▁फ़ारस
30028	▁फूलते
30029	▁फेलिक्स
30030	▁बकरियाँ
30031	▁बक्क
30032	▁बरसाए
30033	▁बरामद
30034	▁बैतलहम
30035	▁ब्रूस
30036	▁भुजाएँ
30037	▁भूखों
30038	▁मजा
30039	▁मिद्यान
30040	▁मेजबाननाम
30041	▁रखवाले
30042	▁रोकती
30043	▁वंशजों
30044	▁वेतन
30045	▁शर्मनाक
30046	▁सुई
30047	▁सुविधाजनक
30048	▁हाव
30049	▁१९३५
30050	,500
30051	Bissau
30052	DOM
30053	EW
30054	Four
30055	IAN
30056	IES
30057	ISH
30058	Icon
30059	Later
30060	OUT
30061	Seize
30062	TC
30063	WHO
30064	anna
30065	apping
30066	effect
30067	except
30068	notification
30069	opportune
30070	opscotch
30071	ora
30072	palm
30073	portion
30074	ref
30075	sheba
30076	six
30077	tah
30078	tell
30079	until
30080	कातार
30081	खी
30082	ग्ला
30083	चुने
30084	छोटा
30085	टापिक
30086	डबल्यूएम
30087	डु
30088	तिहा
30089	दायीं
30090	ध्रुव
30091	नॉ
30092	पढे
30093	पीढ़ी
30094	प्रेरित
30095	फोटो
30096	बूझकर
30097	भावना
30098	भेड़
30099	माता
30100	मुक्
30101	रियोट
30102	र्सिंग
30103	वर्ण
30104	विलास
30105	विशिष्ट
30106	व्यू
30107	शांति
30108	साथियों
30109	सिंग
30110	सूचित
30111	हेडे
30112	़ायदा
30113	ोपेल
30114	ौल
30115	्च
30116	्विक
30117	▁AM
30118	▁Adonijah
30119	▁Alaska
30120	▁Alternative
30121	▁Armenia
30122	▁Attack
30123	▁Bahrain
30124	▁Barry
30125	▁Bicky
30126	▁Cairo
30127	▁Cyan
30128	▁Declaration
30129	▁Drink
30130	▁Estonia
30131	▁Exemplar
30132	▁Firefox
30133	▁Francis
30134	▁Fur
30135	▁GOOD
30136	▁Groupware
30137	▁Jotham
30138	▁Judaea
30139	▁KM
30140	▁LOG
30141	▁Libraries
30142	▁MAIL
30143	▁Navajo
30144	▁OCR
30145	▁Pressure
30146	▁RSA
30147	▁Rahul
30148	▁Related
30149	▁Reloading
30150	▁Reports
30151	▁Salt
30152	▁Sep
30153	▁Sig
30154	▁Solution
30155	▁Sudan
30156	▁Suite
30157	▁Thine
30158	▁Transcod
30159	▁Vine
30160	▁Wali
30161	▁Wash
30162	▁Yacc
30163	▁Yugoslavia
30164	▁Zerah
30165	▁abasement
30166	▁abominable
30167	▁anticipation
30168	▁arranging
30169	▁atrocities
30170	▁bidden
30171	▁bodily
30172	▁borrowed
30173	▁brag
30174	▁bridges
30175	▁brochures
30176	▁concealing
30177	▁concubines
30178	▁convicted
30179	▁counterpart
30180	▁crave
30181	▁deletion
30182	▁dev
30183	▁digit
30184	▁diverted
30185	▁eateth
30186	▁embarked
30187	▁emit
30188	▁engrossed
30189	▁erupted
30190	▁essay
30191	▁faci
30192	▁factories
30193	▁farthe
30194	▁fasted
30195	▁flaws
30196	▁fo
30197	▁forcefully
30198	▁forgetful
30199	▁fornicator
30200	▁genocide
30201	▁guessing
30202	▁harassment
30203	▁harshly
30204	▁identical
30205	▁idiot
30206	▁incorruptible
30207	▁inherent
30208	▁intendeth
30209	▁intimidated
30210	▁kidney
30211	▁knot
30212	▁mime
30213	▁moisture
30214	▁mosquito
30215	▁mound
30216	▁ordering
30217	▁outrageous
30218	▁phrases
30219	▁porters
30220	▁prevails
30221	▁prostitutes
30222	▁rating
30223	▁recorder
30224	▁regretted
30225	▁relentless
30226	▁sens
30227	▁shallow
30228	▁shone
30229	▁softly
30230	▁solidly
30231	▁stationed
30232	▁steam
30233	▁stewards
30234	▁streak
30235	▁tank
30236	▁turbulent
30237	▁underline
30238	▁undertone
30239	▁urgently
30240	▁villagers
30241	▁vindicated
30242	▁warring
30243	▁watcher
30244	▁whispering
30245	▁अंतर्क्रिया
30246	▁अनावश्
30247	▁आइस
30248	▁आऊं
30249	▁आभूषण
30250	▁आरेखण
30251	▁इनक्लूड
30252	▁उज़्
30253	▁उठ्ठार
30254	▁उत्पीड़ित
30255	▁एपिफेनी
30256	▁कुक
30257	▁कृतघ्नता
30258	▁कॉन्टेक्ट
30259	▁कोठरियां
30260	▁कोस्टा
30261	▁क्रिप्टो
30262	▁खिलाएँ
30263	▁खोखल
30264	▁खोदा
30265	▁गायन
30266	▁गिड़गिड़ाते
30267	▁गेन
30268	▁घुसकर
30269	▁चचेर
30270	▁चलूंगा
30271	▁चौंका
30272	▁छुपायें
30273	▁जरा
30274	▁जर्सी
30275	▁जीवनकाल
30276	▁झुलसा
30277	▁टिप्पणिय
30278	▁ठानी
30279	▁डेनियल
30280	▁डेवलपर्स
30281	▁ढूंढो
30282	▁तन्ह
30283	▁ताले
30284	▁थंबनेल
30285	▁दफ्तरों
30286	▁दिखलाया
30287	▁दुर्भाग्यशाली
30288	▁दूल्हा
30289	▁नू
30290	▁पड़ाव
30291	▁पलटन
30292	▁पुष्ट
30293	▁पूँछ
30294	▁पेर
30295	▁प्रिया
30296	▁प्रेत
30297	▁फैलती
30298	▁बढ़ाइए
30299	▁बनवाई
30300	▁बॉन्ड
30301	▁भगाने
30302	▁भूरे
30303	▁मनाओ
30304	▁महँगा
30305	▁मालः
30306	▁मिजाज़
30307	▁मुर्ग
30308	▁मेह
30309	▁रुकना
30310	▁रुका
30311	▁रोटिय
30312	▁लटकाए
30313	▁लूई
30314	▁लॆ
30315	▁लेटिन
30316	▁विद्युत
30317	▁विरोधाभास
30318	▁व्याइ
30319	▁संह
30320	▁समीक्षक
30321	▁सर्वनाश
30322	▁सीमां
30323	▁सृष्ट
30324	▁सॅ
30325	▁स्क्रॉलिंग
30326	▁स्टैश
30327	▁हरकतों
30328	▁हरम
30329	▁हाथियों
30330	▁हेड
30331	▁१९८८
30332	2"
30333	AH
30334	AV
30335	Available
30336	DD
30337	Email
30338	Encoding
30339	GRUNTING
30340	Mov
30341	Pray
30342	Rather
30343	Selected
30344	Small
30345	Swiss
30346	Turn
30347	ULE
30348	ahedron
30349	boy
30350	bring
30351	close
30352	cult
30353	elli
30354	folk
30355	gcompris
30356	getting
30357	monger
30358	moving
30359	nor
30360	notify
30361	pray
30362	quit
30363	step
30364	uded
30365	ंह
30366	अति
30367	कराह
30368	खरी
30369	ग़ार
30370	गुरु
30371	ग्राम
30372	घाटन
30373	ङ
30374	च्चा
30375	जु
30376	जेट
30377	तूल
30378	दस
30379	नसीब
30380	नाव
30381	पात्र
30382	प्रिंस
30383	बिट
30384	माज़
30385	युक्त
30386	लोडेड
30387	वट
30388	वन्द
30389	सदा
30390	समूह
30391	सह
30392	स्का
30393	हिर
30394	ाभूत
30395	▁'%2'
30396	▁30,000
30397	▁Army
30398	▁Associate
30399	▁Augustine
30400	▁Bru
30401	▁Dedication
30402	▁Gate
30403	▁Gray
30404	▁Guess
30405	▁Josh
30406	▁Kazakhstan
30407	▁Lev
30408	▁Nautilus
30409	▁Newsweek
30410	▁Ninevites
30411	▁Objects
30412	▁Palm
30413	▁Preserve
30414	▁RIGHT
30415	▁RSS
30416	▁Rama
30417	▁Risk
30418	▁Roger
30419	▁Ruin
30420	▁Sarai
30421	▁Schedule
30422	▁Sim
30423	▁Specified
30424	▁Sticky
30425	▁TRY
30426	▁Understand
30427	▁Watches
30428	▁Worm
30429	▁accessed
30430	▁achieving
30431	▁banner
30432	▁baskets
30433	▁binds
30434	▁boost
30435	▁branded
30436	▁bricks
30437	▁calculations
30438	▁centurion
30439	▁cherubim
30440	▁contended
30441	▁copyright
30442	▁dilemma
30443	▁divisive
30444	▁dolphin
30445	▁ejected
30446	▁emitted
30447	▁engineering
30448	▁equitably
30449	▁fascinate
30450	▁favoritism
30451	▁fax
30452	▁flush
30453	▁fortunate
30454	▁fringe
30455	▁greediness
30456	▁gushing
30457	▁illuminating
30458	▁implications
30459	▁integers
30460	▁messag
30461	▁molest
30462	▁monarch
30463	▁observant
30464	▁overjoyed
30465	▁parade
30466	▁peanut
30467	▁pine
30468	▁planting
30469	▁populations
30470	▁postponed
30471	▁presentations
30472	▁profiles
30473	▁pronunciation
30474	▁pur
30475	▁regained
30476	▁reservation
30477	▁rip
30478	▁sector
30479	▁softened
30480	▁sophisticated
30481	▁speedily
30482	▁stalk
30483	▁subscription
30484	▁substances
30485	▁technique
30486	▁totter
30487	▁traps
30488	▁triggered
30489	▁tutorial
30490	▁unfamiliar
30491	▁unleashed
30492	▁unsuccessfully
30493	▁vault
30494	▁viewpoints
30495	▁vividly
30496	▁voyage
30497	▁willfully
30498	▁अक्षांश
30499	▁अनुमापन
30500	▁अवलोकन
30501	▁आत्यंतिक
30502	▁आलोचक
30503	▁ईशतन्त्र
30504	▁उदासीनता
30505	▁ओएस
30506	▁ओवरव्यू
30507	▁कराएँगे
30508	▁काँटे
30509	▁कालम
30510	▁कोनों
30511	▁कौमा
30512	▁क्लॉन्डिके
30513	▁गुजार
30514	▁घटते
30515	▁चपेट
30516	▁चरा
30517	▁छूना
30518	▁ज़िले
30519	▁जाली
30520	▁जिज्ञासा
30521	▁जीएल
30522	▁टक्कर
30523	▁डरें
30524	▁डॉस
30525	▁ढँक
30526	▁तक़लीफ
30527	▁तामील
30528	▁तारागण
30529	▁दबदब
30530	▁दवाएँ
30531	▁दुष्टात्माएँ
30532	▁दुहरा
30533	▁दूरदर्शी
30534	▁दृष्टांतों
30535	▁धड़कन
30536	▁नाज़
30537	▁नुकसानदेह
30538	▁पड़ताल
30539	▁पन्ने
30540	▁पहुँचें
30541	▁पासपोर्ट
30542	▁पिंडली
30543	▁पुश
30544	▁पूज
30545	▁प्रतिस्थापन
30546	▁प्रधानमंत्री
30547	▁प्रशिक्षक
30548	▁फ़ासल
30549	▁फ़िट
30550	▁फेस्तुस
30551	▁फोर
30552	▁बरतनों
30553	▁बरसाएगा
30554	▁बहाई
30555	▁बांये
30556	▁बालको
30557	▁बालात
30558	▁बुलवाया
30559	▁भाए
30560	▁मढ़ा
30561	▁माज़
30562	▁मिटे
30563	▁रहीम
30564	▁लकड़
30565	▁लपेटें
30566	▁लाये
30567	▁विज़ार्ड
30568	▁वॉर
30569	▁शिक्षिका
30570	▁शूलेम्मिन
30571	▁संकोच
30572	▁संक्रामक
30573	▁संरेख
30574	▁समझवालों
30575	▁सर्जरी
30576	▁सस्पें
30577	▁स्पष्टीकरण
30578	▁हटते
30579	▁१५०
30580	**
30581	Commit
30582	Draw
30583	Editor
30584	Encrypt
30585	Escape
30586	Men
30587	OST
30588	POP
30589	Perhaps
30590	Program
30591	Prompt
30592	TIME
30593	Temporary
30594	athite
30595	believe
30596	dim
30597	dra
30598	earth
30599	ebr
30600	erence
30601	faith
30602	ika
30603	online
30604	plication
30605	rec
30606	religious
30607	same
30608	spread
30609	utter
30610	wiki
30611	अगल
30612	अटकलें
30613	अतः
30614	आने
30615	उपभोक्ता
30616	ऊँची
30617	ओपी
30618	गुए
30619	गैर
30620	ग्रेब
30621	चाँद
30622	चात्ताप
30623	छा
30624	ज़बरदस्ती
30625	ज़ोन
30626	टिव
30627	टेल
30628	डेट
30629	त्रो
30630	दूध
30631	धिक
30632	ध्य
30633	नरक
30634	फ्री
30635	बनाया
30636	बानी
30637	मण्डल
30638	माउस
30639	म्भ
30640	रहे
30641	शाही
30642	सास
30643	सित
30644	सौ
30645	हलाल
30646	ालियों
30647	ुडा
30648	ैं
30649	ोनिया
30650	्टैंट
30651	्रिप्शन
30652	्रू
30653	्हा
30654	१०
30655	३१
30656	▁21.)
30657	▁Adapt
30658	▁Attend
30659	▁Badr
30660	▁Bag
30661	▁CL
30662	▁Carsten
30663	▁Coast
30664	▁Compile
30665	▁Currency
30666	▁Dawud
30667	▁Deaf
30668	▁Dialogue
30669	▁Eagle
30670	▁Examin
30671	▁Expiry
30672	▁Fair
30673	▁Feelings
30674	▁Freecell
30675	▁HIS
30676	▁Hallowe
30677	▁Hawaii
30678	▁Identify
30679	▁Issue
30680	▁Jun
30681	▁Kon
30682	▁Kontact
30683	▁Logical
30684	▁Meet
30685	▁PUBLISHERS
30686	▁Playlists
30687	▁Quoted
30688	▁Removed
30689	▁Sean
30690	▁Sheets
30691	▁Shepherds
30692	▁Standing
30693	▁Tro
30694	▁Turning
30695	▁Uganda
30696	▁Wealth
30697	▁Weekly
30698	▁addict
30699	▁aimed
30700	▁anniversaries
30701	▁apt
30702	▁autumn
30703	▁bastard
30704	▁benevolent
30705	▁bump
30706	▁cherubims
30707	▁climbed
30708	▁consciousness
30709	▁crocodile
30710	▁deactivated
30711	▁debates
30712	▁defending
30713	▁dwelleth
30714	▁ego
30715	▁embarrassing
30716	▁erode
30717	▁ethical
30718	▁evildoer
30719	▁flip
30720	▁foolishly
30721	▁girdle
30722	▁glitter
30723	▁graciousness
30724	▁hoof
30725	▁impure
30726	▁intensified
30727	▁interfaces
30728	▁leopard
30729	▁liberated
30730	▁luxuriant
30731	▁malice
30732	▁meditated
30733	▁meteor
30734	▁milestone
30735	▁modification
30736	▁modules
30737	▁neur
30738	▁peculiar
30739	▁persistently
30740	▁prediction
30741	▁preserves
30742	▁propound
30743	▁purifying
30744	▁ray
30745	▁ruthless
30746	▁safeguarded
30747	▁scare
30748	▁seasoned
30749	▁sew
30750	▁shines
30751	▁spawn
30752	▁stingy
30753	▁succumbed
30754	▁timid
30755	▁tragedies
30756	▁twins
30757	▁valueless
30758	▁volcani
30759	▁websites
30760	▁woven
30761	▁wrapping
30762	▁अंतर्वेषित
30763	▁अदना
30764	▁अही
30765	▁आंगनों
30766	▁आउटलाइन
30767	▁आमोन
30768	▁आरजीबी
30769	▁आशावादी
30770	▁उपयोगकर्ताओं
30771	▁उपयोगिता
30772	▁एनिमेशन
30773	▁एमडी
30774	▁एलान
30775	▁एशियाई
30776	▁कड़वा
30777	▁कब्रिस्तान
30778	▁कम्बख्त
30779	▁कुँवारियाँ
30780	▁खाक
30781	▁गवाँ
30782	▁गादियों
30783	▁गिलास
30784	▁चंचल
30785	▁चयनीय
30786	▁चिट्ठ
30787	▁चितौन
30788	▁छलक
30789	▁छूआ
30790	▁जना
30791	▁ज़बूर
30792	▁ज़ाम्बिया
30793	▁जागृत
30794	▁जै
30795	▁जैसों
30796	▁जोन्स
30797	▁ज्योतिषियों
30798	▁झोक
30799	▁टलने
30800	▁टुडे
30801	▁डराएं
30802	▁डिजायन
30803	▁डिपेंडेंसीज़
30804	▁डेस्कटोप
30805	▁डैन
30806	▁ढकने
30807	▁थ्रेडिंग
30808	▁दमिश्
30809	▁दर्जों
30810	▁दासियों
30811	▁दिलाएगा
30812	▁दुशवार
30813	▁धकेल
30814	▁नम्बर
30815	▁नवयुवक
30816	▁नाउम्मीद
30817	▁नाटकीय
30818	▁पदावनत
30819	▁परिक्रमण
30820	▁पवित्राता
30821	▁पहिराव
30822	▁पोलिश
30823	▁पोस्टर
30824	▁प्रतिबिम्ब
30825	▁प्रपत्र
30826	▁प्रे
30827	▁फाउंडेशन
30828	▁फिरसे
30829	▁बन्धक
30830	▁बर्फ़
30831	▁बेलशस्सर
30832	▁भणडार
30833	▁भूस
30834	▁मसौद
30835	▁महापाप
30836	▁मारें
30837	▁मोहतरम
30838	▁यूआई
30839	▁योताम
30840	▁रवि
30841	▁रिपोर्टों
30842	▁रोबॉट
30843	▁लड़कर
30844	▁लाइबेरी
30845	▁लुभाए
30846	▁वस
30847	▁वेदना
30848	▁सन्हेरीब
30849	▁समझायी
30850	▁सांत्वनादायक
30851	▁सिड
30852	▁सीखकर
30853	▁सुसमाचारक
30854	▁सुस्ती
30855	▁सूई
30856	▁हस्तलिपियाँ
30857	▁हेशबोन
30858	6,000
30859	Bug
30860	GR
30861	Inline
30862	KB
30863	LING
30864	NESS
30865	Obey
30866	PUT
30867	RP
30868	Rotate
30869	acquainted
30870	anu
30871	calendar
30872	cop
30873	gle
30874	glow
30875	hoo
30876	maker
30877	meter
30878	public
30879	search
30880	terrible
30881	vy
30882	written
30883	zop
30884	ंपते
30885	अग्रसारित
30886	अत्युत्तम
30887	आपकी
30888	उद्धार
30889	ऊँगा
30890	कसरत
30891	कृपा
30892	कॉस
30893	ख़ासकर
30894	जगह
30895	जितनी
30896	झा
30897	ताज़ा
30898	दहा
30899	देर
30900	बिलिटी
30901	ब्रै
30902	भटकाकर
30903	मीटिंग
30904	मूठ
30905	राजकीय
30906	रेटर
30907	रेड
30908	लोम
30909	वाड
30910	विवाह
30911	समाविष्ट
30912	सूत्र
30913	स्तान
30914	हक़ीक़ी
30915	हरी
30916	ाएँ
30917	ैश
30918	▁20,000
30919	▁270
30920	▁2=
30921	▁320
30922	▁6)
30923	▁Aperture
30924	▁Apple
30925	▁Appropriately
30926	▁Bristol
30927	▁Bulgaria
30928	▁Courageous
30929	▁DATA
30930	▁DOES
30931	▁Descending
30932	▁Doubtless
30933	▁Eglon
30934	▁Executing
30935	▁Flex
30936	▁Gene
30937	▁Goal
30938	▁Hal
30939	▁Han
30940	▁Inca
30941	▁Interpolate
30942	▁Jaracz
30943	▁Jeshua
30944	▁Loss
30945	▁MERC
30946	▁Papua
30947	▁Persons
30948	▁Pixels
30949	▁Poly
30950	▁Progressive
30951	▁Restor
30952	▁Serpent
30953	▁Stadium
30954	▁Tir
30955	▁Trigger
30956	▁Twelve
30957	▁Yu
30958	▁Zul
30959	▁[4
30960	▁adversely
30961	▁agreements
30962	▁alerted
30963	▁annoyed
30964	▁apparel
30965	▁beams
30966	▁blur
30967	▁bringest
30968	▁campaigns
30969	▁carrier
30970	▁cavalry
30971	▁chasing
30972	▁chieftains
30973	▁compilation
30974	▁compromising
30975	▁constellations
30976	▁constitution
30977	▁countryside
30978	▁courtyards
30979	▁covetous
30980	▁cruelly
30981	▁damsel
30982	▁digging
30983	▁diseased
30984	▁dollar
30985	▁domestics
30986	▁dowries
30987	▁drunkards
30988	▁election
30989	▁emigrants
30990	▁emission
30991	▁endureth
30992	▁eradicate
30993	▁exclude
30994	▁faculties
30995	▁famines
30996	▁fatherly
30997	▁feat
30998	▁fertility
30999	▁finances
31000	▁fishes
31001	▁flooded
31002	▁forego
31003	▁geographic
31004	▁graze
31005	▁harass
31006	▁hues
31007	▁hunter
31008	▁hyperbol
31009	▁indecencies
31010	▁inspect
31011	▁intrigued
31012	▁kinsfolk
31013	▁leveled
31014	▁lexic
31015	▁lively
31016	▁lyrics
31017	▁meaningless
31018	▁nonsense
31019	▁northward
31020	▁nourish
31021	▁observations
31022	▁outburst
31023	▁overturn
31024	▁parks
31025	▁pens
31026	▁persevering
31027	▁phonograph
31028	▁pierced
31029	▁pioneered
31030	▁quantities
31031	▁reforms
31032	▁rejecters
31033	▁savour
31034	▁signify
31035	▁slipped
31036	▁sparks
31037	▁spiritistic
31038	▁spotted
31039	▁squeeze
31040	▁staves
31041	▁tanks
31042	▁torrents
31043	▁toxic
31044	▁trends
31045	▁triple
31046	▁tune
31047	▁uncompress
31048	▁winepress
31049	▁अंतहीन
31050	▁अबाद
31051	▁अभिभावक
31052	▁अल्फ़ा
31053	▁आतिश
31054	▁आन्ध
31055	▁आसार
31056	▁उजागर
31057	▁उठनेवाल
31058	▁उड़नेवाल
31059	▁ऊँच
31060	▁एलर्जी
31061	▁एसवीजी
31062	▁ऑडिय
31063	▁कंधों
31064	▁कूपन
31065	▁क्रास
31066	▁खुलने
31067	▁गढ़ा
31068	▁गुर्दे
31069	▁गुस्ताख
31070	▁गॅव
31071	▁घावों
31072	▁छिपाता
31073	▁जज़बात
31074	▁जमी
31075	▁ज़ब्
31076	▁जीती
31077	▁जीवता
31078	▁जॉनी
31079	▁ज्वर
31080	▁टट्ट
31081	▁डोरे
31082	▁ढालने
31083	▁तम्बु
31084	▁ताक़
31085	▁तुम्
31086	▁त्वरण
31087	▁दग़ाबाज़
31088	▁दरियादिल
31089	▁दायां
31090	▁दिलेर
31091	▁दूसरो
31092	▁द्विपदीय
31093	▁नर्सों
31094	▁नहाने
31095	▁नाखून
31096	▁निष्पादित
31097	▁पंजे
31098	▁पकड़ेंगे
31099	▁पनप
31100	▁परिसंपत्ति
31101	▁प्रतिरक्षा
31102	▁प्रतिस्पर्धा
31103	▁प्रविष्टियाँ
31104	▁फ़ैक्टर
31105	▁फायद
31106	▁फिल्में
31107	▁फेंट
31108	▁बकरों
31109	▁बरकतें
31110	▁बांग्लादेश
31111	▁बिग
31112	▁बिरीया
31113	▁बीड
31114	▁बूटियों
31115	▁बूढे
31116	▁बेआ
31117	▁बैठोगे
31118	▁भतीजों
31119	▁मक्खियों
31120	▁मदीना
31121	▁मधुमक्खी
31122	▁मारनेवाले
31123	▁मिटने
31124	▁मिलीलीटर
31125	▁मेनुअल
31126	▁मैथ
31127	▁रासायनिक
31128	▁रिसेट
31129	▁रोज़गार
31130	▁लाकीश
31131	▁लेगे
31132	▁लेफ्टिनेंट
31133	▁शृंखला
31134	▁शेड्
31135	▁समझौते
31136	▁सर्दी
31137	▁सलाहें
31138	▁सिंच
31139	▁सिपर
31140	▁सीदोन
31141	▁सुरंगों
31142	▁सॉफ्ट
31143	▁स्प्रेडशीट
31144	▁२०००
31145	▁५६
31146	+2
31147	Ascending
31148	Both
31149	Builder
31150	Colour
31151	Descending
31152	IST
31153	ITE
31154	PHOTO
31155	Picture
31156	Quoted
31157	THER
31158	TTP
31159	Yet
31160	already
31161	astic
31162	bol
31163	cam
31164	claim
31165	diff
31166	east
31167	gnore
31168	graphic
31169	hat
31170	hortcut
31171	kill
31172	media
31173	mmc
31174	mond
31175	odim
31176	oni
31177	oz
31178	rack
31179	revealed
31180	saved
31181	vailable
31182	wan
31183	ंखला
31184	ंभ
31185	अंत
31186	ऊॅगा
31187	ऑफ़लाइन
31188	कमी
31189	करके
31190	ख़ी
31191	घोषणा
31192	ज़ीर
31193	जारी
31194	ज्योति
31195	टीपी
31196	टेशन
31197	टेस्ट
31198	ट्र
31199	डोर
31200	ड्रे
31201	दौलत
31202	द्वारा
31203	नज़र
31204	नेकी
31205	फाक
31206	बलि
31207	मतियां
31208	मार्क
31209	रब
31210	रूद्ध
31211	रॉ
31212	लगभग
31213	लिखित
31214	लेखनीय
31215	ल्ट
31216	वर्ष
31217	विटी
31218	समझाने
31219	सीडी
31220	सेस
31221	हत
31222	ाउज़
31223	िआन
31224	ुज़ूल
31225	ोर्स
31226	्सी
31227	४०
31228	▁11.)
31229	▁1870
31230	▁2:2)
31231	▁3).
31232	▁3/4
31233	▁50,000
31234	▁666
31235	▁ARTICLE
31236	▁Amazon
31237	▁Annotation
31238	▁Aristotle
31239	▁BENVOLIO
31240	▁Blanking
31241	▁Bless
31242	▁Brad
31243	▁CH
31244	▁Challenges
31245	▁Checksum
31246	▁Correction
31247	▁Cube
31248	▁Decoder
31249	▁Deli
31250	▁Deliverance
31251	▁Dialog
31252	▁Entering
31253	▁Fishing
31254	▁Franc
31255	▁GET
31256	▁Gershon
31257	▁Giant
31258	▁Glorify
31259	▁Handbook
31260	▁Harold
31261	▁Headings
31262	▁Hus
31263	▁Instruction
31264	▁Klondike
31265	▁Masa
31266	▁Ministeri
31267	▁Mixed
31268	▁Norwegian
31269	▁Orange
31270	▁Oxford
31271	▁Pardoning
31272	▁Prefere
31273	▁Processor
31274	▁Raj
31275	▁Repel
31276	▁STRING
31277	▁Saudi
31278	▁Sharon
31279	▁Sierra
31280	▁Steps
31281	▁Strive
31282	▁Tasmania
31283	▁Tile
31284	▁Waldo
31285	▁Wastebin
31286	▁Weight
31287	▁apologized
31288	▁besought
31289	▁blackened
31290	▁boarded
31291	▁breeding
31292	▁brighten
31293	▁chess
31294	▁classified
31295	▁collective
31296	▁curb
31297	▁dam
31298	▁declining
31299	▁defence
31300	▁delegating
31301	▁denote
31302	▁din
31303	▁disabling
31304	▁doubting
31305	▁empathetic
31306	▁engines
31307	▁envelope
31308	▁eunuch
31309	▁ewes
31310	▁expedition
31311	▁exposition
31312	▁finance
31313	▁fixes
31314	▁foam
31315	▁forgo
31316	▁guarantees
31317	▁hatch
31318	▁hooks
31319	▁incapable
31320	▁jesting
31321	▁knower
31322	▁lowered
31323	▁luminous
31324	▁millenniums
31325	▁misconduct
31326	▁mistreatment
31327	▁molecule
31328	▁monk
31329	▁narrative
31330	▁nuts
31331	▁offence
31332	▁padded
31333	▁parenting
31334	▁pension
31335	▁populated
31336	▁presses
31337	▁proven
31338	▁proverbs
31339	▁qiblah
31340	▁roam
31341	▁routed
31342	▁sank
31343	▁savage
31344	▁scent
31345	▁serial
31346	▁sighted
31347	▁sorrows
31348	▁sows
31349	▁speeches
31350	▁storehouses
31351	▁strangled
31352	▁strenuous
31353	▁sundown
31354	▁susceptible
31355	▁swerved
31356	▁thirteen
31357	▁thyroid
31358	▁ti
31359	▁torch
31360	▁traveller
31361	▁undesirable
31362	▁uppercase
31363	▁virtues
31364	▁whispered
31365	▁whispers
31366	▁wreck
31367	▁अँग्रेज़
31368	▁अज्ञानी
31369	▁अनचाह
31370	▁अन्धियारा
31371	▁अभिनय
31372	▁अमाल
31373	▁अर्थदंड
31374	▁आठवीं
31375	▁आभास
31376	▁इकलौत
31377	▁ईन्
31378	▁उतरती
31379	▁उतरना
31380	▁उत्
31381	▁ऊब
31382	▁एकड़
31383	▁ओहदे
31384	▁औचित्य
31385	▁कपिल
31386	▁कमाता
31387	▁कैरेट
31388	▁क्रय
31389	▁क्रिप्टोग्राफी
31390	▁क्रोएशियाई
31391	▁खनखना
31392	▁खुदक
31393	▁गधों
31394	▁ग्रेडिएंट
31395	▁चमकते
31396	▁चहेत
31397	▁चापलूसी
31398	▁चुस्त
31399	▁छपा
31400	▁छुट्टिय
31401	▁जरुरी
31402	▁जिप्सी
31403	▁झुलस
31404	▁झूम
31405	▁टिंडेल
31406	▁डिस्
31407	▁डू
31408	▁तख़
31409	▁तटस्थता
31410	▁तपस्वी
31411	▁तलछट
31412	▁तापक्रम
31413	▁त्रुटिः
31414	▁दफन
31415	▁दस्ता
31416	▁दिखलाते
31417	▁धुँधला
31418	▁नाहक
31419	▁निरी
31420	▁पिलवा
31421	▁पिलाएँ
31422	▁पोस्टिंग
31423	▁प्राधिकरण
31424	▁प्राय
31425	▁प्लाज्मा
31426	▁प्वाइंट
31427	▁फैमिल
31428	▁बनानेवालों
31429	▁बागडोर
31430	▁बाड़ी
31431	▁बाड़े
31432	▁बाध
31433	▁बितायी
31434	▁बिन्यामीनी
31435	▁बेगार
31436	▁ब्री
31437	▁भावनात्मक
31438	▁भूलेगा
31439	▁भेष
31440	▁मजेंटा
31441	▁मनोवैज्ञानिक
31442	▁मन्त्र
31443	▁मरो
31444	▁मरोड़
31445	▁मलेशिया
31446	▁मसोर
31447	▁माताओं
31448	▁मालकिन
31449	▁मिसर
31450	▁मैक्सिको
31451	▁मैट्रिक्स
31452	▁मोटाई
31453	▁मोतियों
31454	▁याईर
31455	▁योग्यताओं
31456	▁रिको
31457	▁रियो
31458	▁रेखांकन
31459	▁रेग
31460	▁रेलवे
31461	▁रॉल
31462	▁लड
31463	▁लड़ेगा
31464	▁लड़ों
31465	▁लेखिका
31466	▁लोअरकेस
31467	▁लोकल
31468	▁विरल
31469	▁वेक्टर
31470	▁शरणार्थियों
31471	▁शर्मिंदगी
31472	▁शल्लूम
31473	▁सँभाले
31474	▁सहे
31475	▁सांख्यिक
31476	▁सांस्कृतिक
31477	▁साकार
31478	▁सिन
31479	▁सिस
31480	▁सूइट
31481	▁सौप
31482	▁स्टे
31483	▁स्वतःपूर्ण
31484	▁हठीले
31485	▁हेक्स
31486	▁हेलो
31487	1:
31488	94
31489	ANT
31490	Arabic
31491	Gecko
31492	Grand
31493	Great
31494	Long
31495	PER
31496	Revert
31497	TAN
31498	Tag
31499	Trigger
31500	Watch
31501	^
31502	arriage
31503	band
31504	bie
31505	blind
31506	blog
31507	chat
31508	cloud
31509	een
31510	enthusiastically
31511	eplace
31512	falleth
31513	formatted
31514	fur
31515	generating
31516	hide
31517	ille
31518	mad
31519	matter
31520	previous
31521	slow
31522	spoken
31523	support
31524	taking
31525	thirds
31526	uz
31527	अन्
31528	इंग
31529	औरतों
31530	कटकर
31531	करना
31532	क़ाफिर
31533	कांग
31534	कानूनी
31535	केप
31536	क्रो
31537	खड़े
31538	खेती
31539	घुरघुराना
31540	चखो
31541	जहां
31542	जानवर
31543	डू
31544	तूफ़ान
31545	त्ता
31546	द्दे
31547	धे
31548	नीसवी
31549	परती
31550	पेक्षित
31551	फ़्ट
31552	बाक्स
31553	बाग़
31554	बुतों
31555	भिड़े
31556	भूसा
31557	याचना
31558	रबर्ड
31559	रोग
31560	र्नर
31561	शख्स
31562	समझो
31563	हक
31564	हेम
31565	ोमय
31566	्तु
31567	्दगी
31568	२४
31569	▁1800
31570	▁ARB
31571	▁Adolf
31572	▁Atom
31573	▁Battery
31574	▁Bay
31575	▁Bethelites
31576	▁Boot
31577	▁Brethren
31578	▁Buy
31579	▁Cho
31580	▁Columbus
31581	▁Crystal
31582	▁Customise
31583	▁DON
31584	▁Displayed
31585	▁Fail
31586	▁Falsehood
31587	▁Frames
31588	▁GMT
31589	▁Genre
31590	▁Glen
31591	▁Greeting
31592	▁Haze
31593	▁Joan
31594	▁KTTSD
31595	▁Machine
31596	▁Nazarenes
31597	▁Opposition
31598	▁Penguin
31599	▁Pixel
31600	▁Preach
31601	▁Prefix
31602	▁Publication
31603	▁Raw
31604	▁Records
31605	▁Recursive
31606	▁Reformation
31607	▁Refuge
31608	▁Scholar
31609	▁Socket
31610	▁Strings
31611	▁Tahiti
31612	▁Thankfully
31613	▁Validation
31614	▁Worth
31615	▁Yah
31616	▁adherence
31617	▁adventure
31618	▁angered
31619	▁annihilation
31620	▁boarding
31621	▁bolt
31622	▁boom
31623	▁builded
31624	▁candle
31625	▁caves
31626	▁cedars
31627	▁cherub
31628	▁chip
31629	▁cite
31630	▁clone
31631	▁colon
31632	▁compliment
31633	▁confine
31634	▁conqueror
31635	▁credits
31636	▁crumble
31637	▁deride
31638	▁desirous
31639	▁dimensions
31640	▁discouraging
31641	▁engagement
31642	▁engender
31643	▁equate
31644	▁exploitation
31645	▁exploited
31646	▁flare
31647	▁habitat
31648	▁hedge
31649	▁implicitly
31650	▁impurity
31651	▁informative
31652	▁instructive
31653	▁intensive
31654	▁legions
31655	▁lethal
31656	▁luxurious
31657	▁manipulation
31658	▁math
31659	▁mayor
31660	▁mirage
31661	▁mixing
31662	▁monetary
31663	▁neighbours
31664	▁nominal
31665	▁nostrils
31666	▁nourished
31667	▁owes
31668	▁papers
31669	▁prowess
31670	▁publicity
31671	▁punch
31672	▁ref
31673	▁reinstated
31674	▁relented
31675	▁resurrecting
31676	▁ripped
31677	▁risky
31678	▁satisfies
31679	▁sermon
31680	▁seventeen
31681	▁sooth
31682	▁stirs
31683	▁surpassing
31684	▁sweeping
31685	▁swoon
31686	▁tossed
31687	▁traced
31688	▁tracked
31689	▁transported
31690	▁tuberculosis
31691	▁uneven
31692	▁vanquished
31693	▁weddings
31694	▁workman
31695	▁अटक
31696	▁अटारी
31697	▁अध्यक्षता
31698	▁अपनाओ
31699	▁आज़माइए
31700	▁आदिवासियों
31701	▁आरामदेह
31702	▁इंडोनेशिया
31703	▁इन्तिज़ा
31704	▁इयरबुक
31705	▁इशार
31706	▁उबाल
31707	▁एंटीएलियास
31708	▁एनिमेट
31709	▁एब्यातार
31710	▁औज़ारपट्टी
31711	▁कमरों
31712	▁कांग
31713	▁कार्टून
31714	▁कार्यरत
31715	▁कास्ट
31716	▁केटीटीएसडी
31717	▁कैरो
31718	▁क्रियाएं
31719	▁खुशबू
31720	▁गमलीएल
31721	▁ग़ुलामी
31722	▁गाभ
31723	▁गिराया
31724	▁गोल्फ
31725	▁ग्रो
31726	▁घमण्डी
31727	▁चलत
31728	▁ची
31729	▁चुकाया
31730	▁छी
31731	▁जबरन
31732	▁जिग
31733	▁जूडिथ
31734	▁जेरह
31735	▁जोएल
31736	▁झुठलाता
31737	▁टेड
31738	▁डालोगे
31739	▁ढकोसले
31740	▁ढालें
31741	▁ढोल
31742	▁तड़पत
31743	▁ताँब
31744	▁तु्म्ह
31745	▁दरबारियों
31746	▁दुश्वार
31747	▁देंगें
31748	▁दैनिकी
31749	▁धंधा
31750	▁धत्
31751	▁धागा
31752	▁निर्वासित
31753	▁पकड़ेगा
31754	▁पदवी
31755	▁पहुंचाता
31756	▁पालना
31757	▁पूर्वबतलाया
31758	▁पैरा
31759	▁पौधा
31760	▁प्रतापी
31761	▁प्रबोधन
31762	▁फ़त
31763	▁फूटर
31764	▁बख्शेगा
31765	▁बगीचा
31766	▁बत्तख
31767	▁बहकर
31768	▁बहाकर
31769	▁बांग
31770	▁बाइ
31771	▁बाघ
31772	▁बाब
31773	▁बाशिन्द
31774	▁बिला
31775	▁बूलिए
31776	▁बेइन्साफ
31777	▁बोलबाला
31778	▁बोलिविया
31779	▁ब्रिस्टल
31780	▁भड़काया
31781	▁भिड़
31782	▁मंद
31783	▁मदहोश
31784	▁मनभाऊ
31785	▁मसलहत
31786	▁महिना
31787	▁माय
31788	▁मिस्
31789	▁मुकदमे
31790	▁मुस्कान
31791	▁यक़
31792	▁रहस्यों
31793	▁रातें
31794	▁रुककर
31795	▁रुवाण्डा
31796	▁रोती
31797	▁रौब
31798	▁लेंस
31799	▁लोट
31800	▁विद्वेष
31801	▁शक्तिवाला
31802	▁सत्कार
31803	▁समलैंगिक
31804	▁सामायिक
31805	▁सिखानेवाले
31806	▁सुनिश्
31807	▁सुलझाया
31808	▁सोलोमन
31809	▁सौदे
31810	▁सौभाग्यशाली
31811	▁स्क्
31812	▁स्क्र
31813	▁हन
31814	▁हमबिस्तर
31815	▁हुल्लड़
31816	▁हौसले
31817	86
31818	Adelaide
31819	Attached
31820	CHAR
31821	Chooser
31822	Cur
31823	DIF
31824	DT
31825	Dakota
31826	Event
31827	FROM
31828	GMail
31829	INE
31830	Irkutsk
31831	Label
31832	Powerful
31833	Threads
31834	UTl
31835	abble
31836	feel
31837	fin
31838	grad
31839	hald
31840	mite
31841	oma
31842	posing
31843	rch
31844	spamd
31845	thro
31846	women
31847	ł
31848	अगले
31849	अज्र
31850	अता
31851	अप्रत्याशित
31852	अमल
31853	अरा
31854	आटोडिटेक्ट
31855	आयशा
31856	इद्द
31857	इल्म
31858	इल्लीयीन
31859	उनपर
31860	उफ़तादा
31861	कबाज़ी
31862	कर्मपत्र
31863	क़सदन
31864	क़ी
31865	क़ीर
31866	कोहे
31867	कोहेतूर
31868	ग़रज
31869	ग़ू
31870	गिरदा
31871	गुर
31872	च्चू
31873	जहन्नुमी
31874	ज़बाह
31875	ज़मी
31876	ज़रिया
31877	ज़र्रा
31878	ज़ात
31879	ज़ालिम
31880	टस
31881	डायर
31882	तग़
31883	तबलीग
31884	ताहिती
31885	थर
31886	द्दत
31887	नसारा
31888	निग
31889	नियन
31890	न्टो
31891	फ़तेह
31892	फिरकर
31893	फिरत
31894	फीक़
31895	बांयी
31896	बाहम
31897	बुर्राक़
31898	बूत
31899	बेर
31900	ब्बिर
31901	मक्के
31902	मख़लूक़ात
31903	मरे
31904	मुक़ाबले
31905	मुसलमानो
31906	मुसाफ़त
31907	म्बाब
31908	रग़
31909	रफ़ीक़
31910	राज़दार
31911	लॉकिंग
31912	लौन्डिय
31913	वह्य
31914	वाय
31915	शरीक
31916	शिरा
31917	सकीन
31918	सदक़
31919	सबका
31920	सालेह
31921	सिज्जीन
31922	सुलेमान
31923	हवाएँ
31924	हारा
31925	ाऊँगा
31926	ाएब
31927	ाओ
31928	ादशाह
31929	ाबिक़
31930	िरयाह
31931	िरासत
31932	ुज़ू
31933	ुबहा
31934	ुराद
31935	ूउ
31936	ेब
31937	ोरी
31938	्ष
31939	’”
31940	▁18.)
31941	▁24-
31942	▁Administrator
31943	▁Appoint
31944	▁Areas
31945	▁Assignment
31946	▁Basically
31947	▁Bow
31948	▁Capable
31949	▁Cares
31950	▁Chunghae
31951	▁Clark
31952	▁Conscience
31953	▁Constant
31954	▁Demon
31955	▁Economic
31956	▁Expire
31957	▁FUCKING
31958	▁Fasiq
31959	▁Gutenberg
31960	▁Harp
31961	▁Henschel
31962	▁Honduras
31963	▁Huwa
31964	▁IMAGE
31965	▁Indicate
31966	▁JUST
31967	▁Lachish
31968	▁MERCUTIO
31969	▁Meem
31970	▁Meshach
31971	▁Micaiah
31972	▁Musician
31973	▁Nephilim
31974	▁Ner
31975	▁Parsing
31976	▁Patrick
31977	▁Price
31978	▁Prove
31979	▁Ramoth
31980	▁Rational
31981	▁Rejoicing
31982	▁Rod
31983	▁Scene
31984	▁Shadrach
31985	▁Shout
31986	▁Shuaib
31987	▁Slicing
31988	▁Sorting
31989	▁Student
31990	▁Subtract
31991	▁TARS
31992	▁Tas
31993	▁Ted
31994	▁Tunisia
31995	▁Wants
31996	▁YUV
31997	▁addicted
31998	▁adoption
31999	▁aloof
32000	▁analyser
32001	▁artists
32002	▁assertion
32003	▁awarded
32004	▁basin
32005	▁beguiled
32006	▁blissful
32007	▁blotte
32008	▁brightly
32009	▁careless
32010	▁choke
32011	▁collar
32012	▁comprehensive
32013	▁conflicting
32014	▁convict
32015	▁daybreak
32016	▁deci
32017	▁deferred
32018	▁degraded
32019	▁dining
32020	▁disappointments
32021	▁disbelieveth
32022	▁disheartened
32023	▁disliked
32024	▁excavat
32025	▁expended
32026	▁extracting
32027	▁flagrant
32028	▁flirting
32029	▁fortitude
32030	▁fulfilment
32031	▁gloomy
32032	▁grounded
32033	▁hardest
32034	▁heaped
32035	▁hew
32036	▁highways
32037	▁hyper
32038	▁ilah
32039	▁jumped
32040	▁kidding
32041	▁learner
32042	▁loosen
32043	▁lucr
32044	▁manhood
32045	▁medi
32046	▁mire
32047	▁neighborly
32048	▁ointment
32049	▁outrage
32050	▁papyrus
32051	▁participated
32052	▁patrons
32053	▁pencil
32054	▁polite
32055	▁pondered
32056	▁prescribe
32057	▁runner
32058	▁sal
32059	▁sayest
32060	▁silences
32061	▁sings
32062	▁smokers
32063	▁southward
32064	▁stain
32065	▁startling
32066	▁subsequently
32067	▁subsistence
32068	▁suspend
32069	▁switched
32070	▁tickets
32071	▁tolerated
32072	▁tutor
32073	▁tyrannical
32074	▁unending
32075	▁unimportant
32076	▁uttering
32077	▁vague
32078	▁varieties
32079	▁vices
32080	▁viewable
32081	▁viewers
32082	▁wearied
32083	▁zakah
32084	▁अंतःक्रिया
32085	▁अतरिक्त
32086	▁अनुग्राह
32087	▁अपारिभाषित
32088	▁अप्रसन्
32089	▁असहाब
32090	▁आइसलैंडिक
32091	▁आउटगोइं
32092	▁आलिम
32093	▁इद
32094	▁इलीशिबा
32095	▁उजड़े
32096	▁उण्डेल
32097	▁उथल
32098	▁उपग्रह
32099	▁उभारती
32100	▁उम्मी
32101	▁उलेमा
32102	▁एख्तेलाफ़
32103	▁एतक़ा
32104	▁एतराफ
32105	▁एम्बेड
32106	▁एहक़ाम
32107	▁ऐप्लेट
32108	▁ऑं
32109	▁ऑंखे
32110	▁ऑरिज
32111	▁कटि
32112	▁कब्जे
32113	▁करुगाँ
32114	▁कर्नल
32115	▁क़ब्ज़ा
32116	▁क़ब्जे
32117	▁क़याम
32118	▁क़यास
32119	▁क़रम
32120	▁क़सद
32121	▁काउंटर
32122	▁कोलेस्ट्रॉल
32123	▁क्रीम
32124	▁खंगालक
32125	▁खरगोश
32126	▁ख़ल
32127	▁ख़ाला
32128	▁ख़ालिक
32129	▁खाँचे
32130	▁गाड़ियाँ
32131	▁गिड़गिड़ाए
32132	▁गुजराती
32133	▁गुज़ारे
32134	▁गॉड
32135	▁गोबर
32136	▁गोश्
32137	▁चिप
32138	▁छत्ते
32139	▁जलाना
32140	▁जहाजों
32141	▁ज़बाने
32142	▁ज़र्र
32143	▁ज़ुलक़रनैन
32144	▁टु
32145	▁टॉक
32146	▁टोगो
32147	▁ठोड़
32148	▁डरावे
32149	▁ड्राइ
32150	▁तख्फ़ीफ
32151	▁तत्त्वों
32152	▁तबद
32153	▁तरफ़दार
32154	▁तरसते
32155	▁तारिकिय
32156	▁तारीक़
32157	▁तुफ़
32158	▁त्रुटियां
32159	▁दयावन्त
32160	▁दरोग़ा
32161	▁दसवीं
32162	▁दायर
32163	▁देगे
32164	▁धमाके
32165	▁धर्मज्ञाता
32166	▁नज़्र
32167	▁नहरों
32168	▁निकोलस
32169	▁नियाज़
32170	▁निरादर
32171	▁निराशाजनक
32172	▁निस्सदेह
32173	▁नुत्फ
32174	▁नौकरियों
32175	▁न्यायपूर्ण
32176	▁पग
32177	▁पत्ऩिय
32178	▁पपी
32179	▁परदाज़िय
32180	▁परमशॆवर
32181	▁पहरूए
32182	▁पहुँचेंगे
32183	▁पांचवें
32184	▁पाकीज़
32185	▁पार्टियों
32186	▁पार्ट्स
32187	▁पीड़ितों
32188	▁पुर्स
32189	▁पूछेगें
32190	▁पोतीप
32191	▁प्रचय
32192	▁प्रदाता
32193	▁प्रमाणन
32194	▁प्रस्तावना
32195	▁प्रियो
32196	▁फराख़
32197	▁फ़रमाए
32198	▁फ़रमाय
32199	▁फ़सादी
32200	▁फाड़कर
32201	▁फायज़
32202	▁फीस
32203	▁फुत
32204	▁बद्दू
32205	▁बनानी
32206	▁बरकतों
32207	▁बशर
32208	▁बाईस
32209	▁बेइं
32210	▁बेचना
32211	▁बेरोज़गार
32212	▁बेसाख्ता
32213	▁बॉधा
32214	▁भालू
32215	▁मद्दगार
32216	▁मर्दो
32217	▁माज़अल्लाह
32218	▁मादनियों
32219	▁मिश्
32220	▁मुज़ाएक
32221	▁मुत्त
32222	▁मुनत
32223	▁मुर्झा
32224	▁मुवाफ़िक़
32225	▁मुहाल
32226	▁मेढ़ों
32227	▁मौजिज
32228	▁यह्या
32229	▁यात्राओं
32230	▁यूनिक्स
32231	▁राज्यपाल
32232	▁रीढ़
32233	▁रुकने
32234	▁रूहों
32235	▁रेज़ोल्यूशन
32236	▁रोटियाँ
32237	▁लाएगें
32238	▁लालसाओं
32239	▁लूटने
32240	▁लोथें
32241	▁वली
32242	▁वसी
32243	▁वाके
32244	▁वारदात
32245	▁वास्त
32246	▁वैल
32247	▁शंका
32248	▁शफ्फ
32249	▁शादाब
32250	▁शिकनी
32251	▁शिफ़ा
32252	▁शुम्ब
32253	▁श्रेणियों
32254	▁सँवर
32255	▁सक्रियता
32256	▁सत्यवान
32257	▁सन्तोष
32258	▁सपाट
32259	▁सफ़ल
32260	▁सफ़ा
32261	▁समझाए
32262	▁सम्बोध
32263	▁सलाहियत
32264	▁सहीफ़ों
32265	▁सारै
32266	▁सिफत
32267	▁सेप्टुआजेंट
32268	▁स्क्रोल
32269	▁हरामख़ोर
32270	▁हैटर
32271	▁हॉट
32272	▁होस्टनाम
32273	▁१९३९
32274	▁६१
32275	509
32276	Board
32277	Color
32278	Dublin
32279	Greek
32280	Johannesburg
32281	KS
32282	MF
32283	Messengers
32284	NO
32285	Online
32286	Toggle
32287	VN
32288	cho
32289	clockwise
32290	corporate
32291	dat
32292	death
32293	ential
32294	eyed
32295	flesh
32296	hypocrites
32297	kname
32298	lO
32299	perfect
32300	pick
32301	rank
32302	rebellious
32303	scription
32304	spring
32305	width
32306	ऊर्ध्वाधर
32307	कोमोरो
32308	गिरवी
32309	गुल
32310	ज़िबाह
32311	ज़ेड
32312	जाना
32313	जिनमें
32314	टाल
32315	दाह
32316	देखने
32317	ध्यान
32318	नाफ़रमानी
32319	पूरे
32320	रिका
32321	रीन
32322	रुद्ध
32323	रेगुलर
32324	लाल
32325	लोंग
32326	व्यर्थ
32327	शर
32328	शियल
32329	संख्या
32330	सरे
32331	होगा
32332	ामा
32333	ेयर
32334	ैतिज
32335	्यान
32336	१४
32337	१७
32338	८०
32339	▁("1
32340	▁08
32341	▁1914?
32342	▁2.5
32343	▁23.)
32344	▁Afghanistan
32345	▁Aramaic
32346	▁Aren
32347	▁Aristarchus
32348	▁Bak
32349	▁Bedouins
32350	▁Boo
32351	▁Booths
32352	▁Confidence
32353	▁Depart
32354	▁Desert
32355	▁Disassembl
32356	▁Effort
32357	▁Estienne
32358	▁Gethsemane
32359	▁Grandpa
32360	▁Gryphon
32361	▁Gujarati
32362	▁Hadad
32363	▁Harvest
32364	▁Hatred
32365	▁Hindi
32366	▁Hur
32367	▁INDI
32368	▁Joram
32369	▁KSpread
32370	▁Konsole
32371	▁LAST
32372	▁Latvia
32373	▁Lithuania
32374	▁Luxembourg
32375	▁Madrid
32376	▁Melchizedek
32377	▁Monochrome
32378	▁Morocco
32379	▁Petersburg
32380	▁Ping
32381	▁Plus
32382	▁Producer
32383	▁Rep
32384	▁Sahara
32385	▁Secretary
32386	▁Slovenia
32387	▁Smoking
32388	▁THINK
32389	▁Tanzania
32390	▁Teachers
32391	▁Tetragrammaton
32392	▁Virginia
32393	▁Vocabulary
32394	▁Wake
32395	▁aboard
32396	▁abounds
32397	▁adulteress
32398	▁adulterous
32399	▁adviser
32400	▁afflicting
32401	▁ailments
32402	▁alleviate
32403	▁arraigned
32404	▁attracts
32405	▁availability
32406	▁bark
32407	▁besiege
32408	▁bewildered
32409	▁carcase
32410	▁carve
32411	▁chill
32412	▁choked
32413	▁civilians
32414	▁coal
32415	▁committees
32416	▁conclusive
32417	▁confinement
32418	▁contending
32419	▁corulers
32420	▁courtesy
32421	▁curfew
32422	▁cushions
32423	▁cycles
32424	▁debased
32425	▁defenses
32426	▁deteriorate
32427	▁dialogs
32428	▁directors
32429	▁dragons
32430	▁endangered
32431	▁exalts
32432	▁fallback
32433	▁farms
32434	▁flank
32435	▁fourteenth
32436	▁fowl
32437	▁glade
32438	▁gram
32439	▁headache
32440	▁headlines
32441	▁hesitation
32442	▁increaseth
32443	▁indigenous
32444	▁intervened
32445	▁lev
32446	▁mathematical
32447	▁membership
32448	▁metaphor
32449	▁mischievous
32450	▁obsessed
32451	▁officially
32452	▁practicer
32453	▁precede
32454	▁queue
32455	▁ranging
32456	▁rapist
32457	▁receiveth
32458	▁recur
32459	▁relapse
32460	▁renam
32461	▁resolving
32462	▁silently
32463	▁slack
32464	▁southwest
32465	▁specialized
32466	▁stark
32467	▁theories
32468	▁thoughtful
32469	▁tourist
32470	▁uttermost
32471	▁अजीबो
32472	▁अज्जा
32473	▁अटलांटिक
32474	▁अर्थव्यवस्था
32475	▁आइलैंड्स
32476	▁आलू
32477	▁आव
32478	▁इंजीनियर
32479	▁इंटरपोलेट
32480	▁इब्लीस
32481	▁ईट
32482	▁उकसाए
32483	▁उगत
32484	▁उन्मुखीकरण
32485	▁उम्मीदों
32486	▁एन्ट
32487	▁एलेन
32488	▁कन्सोल
32489	▁कमाना
32490	▁कांटे
32491	▁कार्यकर्ता
32492	▁कैथी
32493	▁क्ले
32494	▁खंभे
32495	▁गज
32496	▁गहिरा
32497	▁गिराए
32498	▁गिरेगा
32499	▁गुरुवार
32500	▁चिट्ठाकार
32501	▁चिट्ठियों
32502	▁चुकेगा
32503	▁छठी
32504	▁जलाते
32505	▁जीन्स
32506	▁झुंझला
32507	▁टूटेगा
32508	▁टैं
32509	▁ट्यूब
32510	▁ढ़ूंढ़
32511	▁ढालना
32512	▁तबके
32513	▁तमिल
32514	▁तालाब
32515	▁तुर्कीश
32516	▁दस्तक
32517	▁दुःस्वप्न
32518	▁निकलेगी
32519	▁निम्रोद
32520	▁निर्जन
32521	▁परिवर्धितः
32522	▁पहनावा
32523	▁पियक्कड़पन
32524	▁प्रसारित
32525	▁प्रेशर
32526	▁प्लेग
32527	▁फली
32528	▁फैलनेवाल
32529	▁बरसे
32530	▁बल्ब
32531	▁बाडी
32532	▁बुद्ध
32533	▁बेघर
32534	▁बेर्शेबा
32535	▁भरमार
32536	▁भून
32537	▁महत्त
32538	▁मांगता
32539	▁मांगो
32540	▁माइक्रोसॉफ्ट
32541	▁मापने
32542	▁मिलो
32543	▁मृदुल
32544	▁मौसी
32545	▁यथार्थता
32546	▁योहानान
32547	▁रचनाकार
32548	▁लद
32549	▁लाऊंगा
32550	▁वाद्य
32551	▁वास्ता
32552	▁श्रवण
32553	▁श्रृंगार
32554	▁संबोध
32555	▁समंज
32556	▁सिकुड़
32557	▁सूज़न
32558	▁सौदागर
32559	▁स्मिथ
32560	▁हब
32561	▁३००
32562	,900
32563	.0
32564	1200
32565	AB
32566	Attachment
32567	Fields
32568	Gen
32569	Hour
32570	Jibrael
32571	Mauritius
32572	PA
32573	Participant
32574	RFC
32575	Random
32576	STO
32577	White
32578	amp
32579	bug
32580	continue
32581	deep
32582	eff
32583	fe
32584	fear
32585	hidden
32586	lection
32587	member
32588	ndelete
32589	ody
32590	oop
32591	ounce
32592	owa
32593	phra
32594	psy
32595	recurr
32596	sensitive
32597	uid
32598	uto
32599	whom
32600	zal
32601	ंतमें
32602	कॉन्फ़िग
32603	कोर
32604	गुआडेलो
32605	गैंबिय
32606	गोन
32607	टें
32608	टोमे
32609	ट्रो
32610	डीज़
32611	तियां
32612	दीवार
32613	निदा
32614	परम
32615	पापा
32616	प्रचार
32617	फॉर्म
32618	बीसीसी
32619	भाती
32620	मछली
32621	मज
32622	मेयन
32623	रूपण
32624	रोकार
32625	लाफ
32626	लिस्बन
32627	वती
32628	शक
32629	स्टेप
32630	ाधिकार
32631	ूयाह
32632	ेलाइज
32633	ैंग
32634	ौंस
32635	्तान
32636	्विला
32637	१६
32638	▁123
32639	▁136
32640	▁1926
32641	▁41:
32642	▁Abu
32643	▁Accerciser
32644	▁Accurate
32645	▁Aisleriot
32646	▁Albanian
32647	▁Anglo
32648	▁Appreciation
32649	▁Artemis
32650	▁Br
32651	▁Branches
32652	▁Bull
32653	▁Bytes
32654	▁Calamity
32655	▁Calvin
32656	▁Codecs
32657	▁Cold
32658	▁Consult
32659	▁Corporation
32660	▁DTMF
32661	▁Declare
32662	▁Digest
32663	▁Drug
32664	▁Effective
32665	▁Execution
32666	▁Extended
32667	▁Flat
32668	▁Float
32669	▁Flu
32670	▁Goals
32671	▁Horeb
32672	▁ISAIAH
32673	▁Icelandic
32674	▁Means
32675	▁Michel
32676	▁Omnipotent
32677	▁PRINCIPLE
32678	▁Pie
32679	▁Pla
32680	▁Plant
32681	▁Plato
32682	▁Plot
32683	▁Potter
32684	▁Pound
32685	▁QUESTIONS
32686	▁Rais
32687	▁Receiver
32688	▁Redeemer
32689	▁Ron
32690	▁Segment
32691	▁Shopping
32692	▁Shutdown
32693	▁Siberia
32694	▁Site
32695	▁Stopped
32696	▁Subtle
32697	▁TIME
32698	▁Talker
32699	▁Threat
32700	▁Trinidad
32701	▁USB
32702	▁WEEKS
32703	▁Zaqqum
32704	▁adjusting
32705	▁adolescence
32706	▁atone
32707	▁attacking
32708	▁baker
32709	▁battery
32710	▁beaches
32711	▁beholding
32712	▁beneficiary
32713	▁bolster
32714	▁byte
32715	▁chant
32716	▁charities
32717	▁childbirth
32718	▁clipping
32719	▁coasts
32720	▁collections
32721	▁considerably
32722	▁daunting
32723	▁delude
32724	▁disappoint
32725	▁discreetly
32726	▁disdainful
32727	▁electrical
32728	▁elimination
32729	▁fabricating
32730	▁falter
32731	▁feminine
32732	▁fragrance
32733	▁genealogy
32734	▁groves
32735	▁groweth
32736	▁homecoming
32737	▁homeless
32738	▁imperial
32739	▁inactivity
32740	▁industrious
32741	▁insulting
32742	▁jw
32743	▁keywords
32744	▁kilometers
32745	▁massacre
32746	▁materialized
32747	▁maze
32748	▁moderation
32749	▁northwest
32750	▁numb
32751	▁penitently
32752	▁plenteous
32753	▁poets
32754	▁por
32755	▁premarital
32756	▁prematurely
32757	▁pronouncement
32758	▁prophetess
32759	▁propitiator
32760	▁purgatory
32761	▁purposeful
32762	▁ranged
32763	▁reputable
32764	▁sailors
32765	▁sandals
32766	▁separators
32767	▁shark
32768	▁simulate
32769	▁slanderers
32770	▁subtraction
32771	▁sunk
32772	▁terribly
32773	▁tiding
32774	▁whoredom
32775	▁अध्यापक
32776	▁अभिन्यास
32777	▁अहीत
32778	▁इंग
32779	▁इंस
32780	▁इआग्नो
32781	▁इथियोपिया
32782	▁ईस्टर
32783	▁उकसाते
32784	▁उठाएं
32785	▁उत्तरदायी
32786	▁ऎस
32787	▁एकांत
32788	▁एग्लोन
32789	▁एन्कोड
32790	▁ओग
32791	▁कहोगे
32792	▁कैरट
32793	▁गाढ़े
32794	▁गुरुत्वाकर्षण
32795	▁ग्लास
32796	▁घोंट
32797	▁चढ़ाता
32798	▁छुड़ाता
32799	▁छूटे
32800	▁छूते
32801	▁जंतुओं
32802	▁जादु
32803	▁जिलाए
32804	▁टाइपिंग
32805	▁टीलों
32806	▁टुकड़ी
32807	▁टेलर
32808	▁ठग
32809	▁ठहरकर
32810	▁डिकोडर
32811	▁डेटिंग
32812	▁ढूँढ़कर
32813	▁तंगहाल
32814	▁तजुर्बा
32815	▁तैयारियाँ
32816	▁दफ़
32817	▁धक्के
32818	▁निर्वासन
32819	▁न्यौते
32820	▁पड़ीं
32821	▁पांचवां
32822	▁पाइंट्स
32823	▁पीपीपी
32824	▁पुरख
32825	▁पॉली
32826	▁प्रजन
32827	▁प्रवीण
32828	▁फिज़ूल
32829	▁फ्रेंक
32830	▁फ्लू
32831	▁बछड़ों
32832	▁बनाएंगे
32833	▁बाइनरी
32834	▁बेबसी
32835	▁भेंटों
32836	▁मजे
32837	▁मनमाना
32838	▁मरहम
32839	▁महारत
32840	▁मांगने
32841	▁मारेंगे
32842	▁मिच
32843	▁युग्म
32844	▁रेव
32845	▁लगना
32846	▁लगाएगा
32847	▁लायब्रेरी
32848	▁लार
32849	▁लॉगरिद्म
32850	▁वाइन
32851	▁विक्टर
32852	▁वियतनाम
32853	▁वृत्ति
32854	▁वैटिकन
32855	▁व्याकरण
32856	▁शह
32857	▁शिष्टता
32858	▁शौचालय
32859	▁संग्राम
32860	▁सगे
32861	▁सघन
32862	▁सताती
32863	▁सलामी
32864	▁सिंथ
32865	▁सूचनार्थ
32866	▁स्क्रीनशॉट
32867	▁स्टाइलशीट
32868	▁स्तंभों
32869	▁स्पीकर
32870	▁हारिए
32871	▁हैरतअंगेज़
32872	▁१९५०
32873	Bow
32874	Divine
32875	Id
32876	Kamchatka
32877	Kash
32878	Knox
32879	LAUGHS
32880	Lam
32881	Sat
32882	UID
32883	URE
32884	appointed
32885	bank
32886	boat
32887	br
32888	chem
32889	door
32890	gates
32891	hau
32892	languages
32893	laughter
32894	lining
32895	lovers
32896	protector
32897	pted
32898	really
32899	subscribe
32900	tamil
32901	tips
32902	versioned
32903	wealth
32904	wit
32905	xpunge
32906	ín
32907	ंघ
32908	अस्
32909	इज़
32910	उप
32911	एंट
32912	केंद्र
32913	खुश
32914	ख्र
32915	गलत
32916	ग़ल
32917	गुआय
32918	घाड़
32919	चुप
32920	च्च
32921	च्ची
32922	जला
32923	ज़ाया
32924	ज्ञा
32925	ज्य
32926	तरतीब
32927	तर्क
32928	दन
32929	धाराएं
32930	पिक्सेल
32931	पीजीपी
32932	फाइल
32933	ब्रुनेई
32934	माई
32935	रास्ते
32936	रोधी
32937	र्ज़
32938	लिस
32939	ल्ब
32940	ल्लू
32941	विंसेट
32942	शूरियों
32943	शोन
32944	सर्वर
32945	सीधी
32946	स्पेन
32947	ूग
32948	ॉती
32949	्रान
32950	३७
32951	▁"[
32952	▁%1%
32953	▁Amazing
32954	▁Angel
32955	▁Bat
32956	▁Blocks
32957	▁Born
32958	▁Braille
32959	▁CHRIST
32960	▁Certification
32961	▁Conduct
32962	▁Cruel
32963	▁Depend
32964	▁Doctors
32965	▁Drizzle
32966	▁Dun
32967	▁Editable
32968	▁Envoys
32969	▁Fade
32970	▁Flame
32971	▁Foreground
32972	▁Galatia
32973	▁Galilean
32974	▁Generous
32975	▁Ger
32976	▁Hab
32977	▁Haven
32978	▁Hypocrites
32979	▁IPTC
32980	▁Iconium
32981	▁Improve
32982	▁Larger
32983	▁Lars
32984	▁Leone
32985	▁Magazine
32986	▁Nazirite
32987	▁Opaque
32988	▁Pasteur
32989	▁Philadelphia
32990	▁ROM
32991	▁Render
32992	▁Sacrifice
32993	▁Smaller
32994	▁Structure
32995	▁Substitut
32996	▁Tabor
32997	▁Thought
32998	▁Thumb
32999	▁Williams
33000	▁XOR
33001	▁accusing
33002	▁admin
33003	▁aggressor
33004	▁annuity
33005	▁assail
33006	▁astounding
33007	▁attire
33008	▁aye
33009	▁beautified
33010	▁blasphemers
33011	▁chastised
33012	▁chrome
33013	▁circ
33014	▁clash
33015	▁collaborat
33016	▁collectively
33017	▁commentary
33018	▁concubine
33019	▁contented
33020	▁dieth
33021	▁eclipse
33022	▁editions
33023	▁endu
33024	▁expiate
33025	▁findeth
33026	▁finishing
33027	▁firewood
33028	▁greenhouse
33029	▁harassed
33030	▁haunt
33031	▁hind
33032	▁implored
33033	▁impulses
33034	▁impute
33035	▁interference
33036	▁intimately
33037	▁intoxication
33038	▁journals
33039	▁knit
33040	▁lab
33041	▁lengthy
33042	▁lineage
33043	▁loader
33044	▁logout
33045	▁menubar
33046	▁morn
33047	▁mules
33048	▁noisy
33049	▁notation
33050	▁odor
33051	▁ounce
33052	▁poetic
33053	▁posted
33054	▁premature
33055	▁procure
33056	▁profaned
33057	▁profited
33058	▁quickeneth
33059	▁retract
33060	▁rotated
33061	▁roused
33062	▁sap
33063	▁scrap
33064	▁screw
33065	▁smiling
33066	▁speculation
33067	▁spiral
33068	▁starvation
33069	▁subdirectories
33070	▁supplying
33071	▁theological
33072	▁unrecognized
33073	▁unresponsive
33074	▁unsent
33075	▁viewport
33076	▁weekday
33077	▁weird
33078	▁अक्षों
33079	▁अछूत
33080	▁अनचाहे
33081	▁अपर
33082	▁अमान
33083	▁अलंगों
33084	▁आधिक
33085	▁आनन्दपूर्ण
33086	▁आनन्दमय
33087	▁आपातकाल
33088	▁ईज़ा
33089	▁उँडेल
33090	▁उगाया
33091	▁उत्तरजीवी
33092	▁एक्रोन
33093	▁एै
33094	▁ऐश्
33095	▁ओके
33096	▁कमियाँ
33097	▁कराओ
33098	▁कसदी
33099	▁कहलाते
33100	▁काटी
33101	▁काठी
33102	▁कार्डिनल
33103	▁कैरल
33104	▁क्रमविकास
33105	▁क्रियान्वय
33106	▁खिलाए
33107	▁गुने
33108	▁घटीं
33109	▁चंगुल
33110	▁चेत
33111	▁चोंच
33112	▁छुपाए
33113	▁ज़ह
33114	▁ज़िप
33115	▁जानोगे
33116	▁जीएमटी
33117	▁डंक
33118	▁डेवढ़ी
33119	▁ढूँढ़ता
33120	▁तरल
33121	▁तालियाँ
33122	▁तुरहियां
33123	▁दश
33124	▁नात
33125	▁नारियल
33126	▁निम्नतर
33127	▁नॆ
33128	▁परलोक
33129	▁पाइल
33130	▁पीडीएफ
33131	▁पीसी
33132	▁पूछकर
33133	▁प्राधिकारी
33134	▁फँसाने
33135	▁फंद
33136	▁फाइल्स
33137	▁फिलीपींस
33138	▁फूलने
33139	▁बग़ीचे
33140	▁बजाकर
33141	▁बनैल
33142	▁बाह
33143	▁बुकमार्क
33144	▁बेदाग
33145	▁बैठती
33146	▁बॉबी
33147	▁बोअज
33148	▁बोलनेवाला
33149	▁भरमानेवाल
33150	▁भेड़िए
33151	▁भ्वा
33152	▁मनहूस
33153	▁यिर्म
33154	▁यूए
33155	▁रईसों
33156	▁रूलर
33157	▁लँगड़े
33158	▁लकवा
33159	▁लैपटॉप
33160	▁विलापगीत
33161	▁विस्मयकारी
33162	▁वैभव
33163	▁व्यूपोर्ट
33164	▁शम
33165	▁शहादत
33166	▁शांतिपूर्ण
33167	▁संगम
33168	▁संयमी
33169	▁सड़ने
33170	▁समूहन
33171	▁सहूलियत
33172	▁सिरिल
33173	▁सुन्
33174	▁सुस्वागतम
33175	▁सूजन
33176	▁सेवन
33177	▁स्राप
33178	▁स्वामित्व
33179	▁११९
33180	▁१९६०
33181	ANCE
33182	Amen
33183	Belfast
33184	GA
33185	GROANS
33186	Green
33187	Kiev
33188	LAUGHING
33189	Row
33190	Skip
33191	TIC
33192	Turk
33193	baltic
33194	bert
33195	child
33196	cyrillic
33197	devanagari
33198	father
33199	foot
33200	fruit
33201	gul
33202	handed
33203	happy
33204	instead
33205	kground
33206	lest
33207	leted
33208	lute
33209	mere
33210	nal
33211	ouble
33212	setting
33213	vcs
33214	xpiration
33215	एथेंस
33216	एस्ता
33217	कलीसिया
33218	कितना
33219	कीश
33220	जबतक
33221	जवान
33222	झग
33223	टक
33224	ठों
33225	ड़ियां
33226	ताज़
33227	त्री
33228	थोड़े
33229	थ्रेड
33230	मतलब
33231	मात्र
33232	मील
33233	राग
33234	लय
33235	लेड
33236	लॉग
33237	ल्फ़
33238	वेटिकन
33239	संख्य
33240	सफर
33241	सब्त
33242	स्पेक्ट्रम
33243	ायी
33244	्की
33245	्जा
33246	्तक
33247	्त्वपूर्ण
33248	१५
33249	६०
33250	▁07)
33251	▁108
33252	▁19.)
33253	▁1929
33254	▁42:
33255	▁Babel
33256	▁Bel
33257	▁Blind
33258	▁Bro
33259	▁CLang
33260	▁Caring
33261	▁Carlo
33262	▁Cognizant
33263	▁Committees
33264	▁Corky
33265	▁DB
33266	▁Dhu
33267	▁Dream
33268	▁Ephesian
33269	▁Equatorial
33270	▁Escape
33271	▁Fre
33272	▁Gossip
33273	▁Guides
33274	▁Gun
33275	▁Hiram
33276	▁Horizontally
33277	▁Individuals
33278	▁Jabesh
33279	▁Kai
33280	▁Luqman
33281	▁Magdalene
33282	▁Mario
33283	▁Melt
33284	▁Mid
33285	▁Milton
33286	▁Miracle
33287	▁Mumbai
33288	▁OH
33289	▁PROVERBS
33290	▁Packages
33291	▁Pain
33292	▁Passphrase
33293	▁Polyglot
33294	▁Principles
33295	▁Pursue
33296	▁Responsible
33297	▁Reviewer
33298	▁Shallum
33299	▁Stan
33300	▁Terah
33301	▁UNIX
33302	▁Unified
33303	▁Vertically
33304	▁Waldenses
33305	▁Walker
33306	▁Witnessing
33307	▁Yahya
33308	▁Yourselves
33309	▁Zeruiah
33310	▁abort
33311	▁accidental
33312	▁annoy
33313	▁burthen
33314	▁consummate
33315	▁contamination
33316	▁decayed
33317	▁diarrhea
33318	▁dishonour
33319	▁dra
33320	▁enumerate
33321	▁fighters
33322	▁fleet
33323	▁grazing
33324	▁hip
33325	▁hitting
33326	▁hopefully
33327	▁impaired
33328	▁informally
33329	▁ingredients
33330	▁iniquitous
33331	▁kbit
33332	▁kit
33333	▁lawyers
33334	▁mice
33335	▁mightily
33336	▁nineteen
33337	▁oneness
33338	▁operated
33339	▁orchestra
33340	▁pants
33341	▁paste
33342	▁peg
33343	▁persecutor
33344	▁pirate
33345	▁plasma
33346	▁policies
33347	▁politically
33348	▁poly
33349	▁portrays
33350	▁positioned
33351	▁predators
33352	▁predestination
33353	▁producer
33354	▁protein
33355	▁provocation
33356	▁racism
33357	▁rainstorm
33358	▁realised
33359	▁reasonings
33360	▁recruit
33361	▁reduction
33362	▁respondent
33363	▁revised
33364	▁sequel
33365	▁solicited
33366	▁sowed
33367	▁stag
33368	▁stimulating
33369	▁sublime
33370	▁tech
33371	▁underwent
33372	▁uninstall
33373	▁untrue
33374	▁valor
33375	▁warden
33376	▁wares
33377	▁wastebin
33378	▁widowed
33379	▁windstorm
33380	▁woke
33381	▁yore
33382	▁अन्धेरा
33383	▁अन्वेषक
33384	▁अपनानेवाले
33385	▁अबिरयाह
33386	▁असमान
33387	▁अस्पष्ट
33388	▁आगंतुक
33389	▁आसंधि
33390	▁इंदु
33391	▁इपफ्रास
33392	▁ईद
33393	▁उठें
33394	▁उद्यम
33395	▁ऊरिय्याह
33396	▁एनकोडर
33397	▁एमोरी
33398	▁एसी
33399	▁ऑफस्क्रीन
33400	▁औषध
33401	▁कचोट
33402	▁कनेक्शन्स
33403	▁कहेंगी
33404	▁कारखाने
33405	▁कार्
33406	▁केएटीई
33407	▁कैमरे
33408	▁कैलिफोर्निया
33409	▁क्रेते
33410	▁खेलकूद
33411	▁गाता
33412	▁गूँज
33413	▁गेटवे
33414	▁गोलियाँ
33415	▁ग्रीन
33416	▁घटता
33417	▁चलचित्र
33418	▁चांद
33419	▁चान्द
33420	▁चुंगी
33421	▁चूमा
33422	▁छत्र
33423	▁जाँचे
33424	▁जौ
33425	▁टिड्डियाँ
33426	▁डरावन
33427	▁तस्वीरों
33428	▁थैला
33429	▁दानिश
33430	▁नापकर
33431	▁नावों
33432	▁नीरो
33433	▁नीली
33434	▁नेगेटिव
33435	▁न्यूयॉर्क
33436	▁पढ़ेंगे
33437	▁पनपने
33438	▁परमपवित्र
33439	▁परिश्रमी
33440	▁पसीना
33441	▁पहिलौठा
33442	▁पुनरावृत्त
33443	▁पुनरूत्थान
33444	▁पुरा
33445	▁पेरिस
33446	▁फलने
33447	▁फ़ीका
33448	▁फायर
33449	▁फौजी
33450	▁बदलेंगे
33451	▁बसते
33452	▁बाँटे
33453	▁बान्धूंगा
33454	▁बीजों
33455	▁बुद्धिहीन
33456	▁बुल
33457	▁बेवफाई
33458	▁बॉर्डर
33459	▁बोना
33460	▁भट्ट
33461	▁भाईचारा
33462	▁मर्म
33463	▁माका
33464	▁मीकल
33465	▁मॆं
33466	▁मेडिकल
33467	▁यूआरआइ
33468	▁लंगड़े
33469	▁लिखनेवाले
33470	▁लुई
33471	▁लूटा
33472	▁वाल्द
33473	▁वाहक
33474	▁विचर
33475	▁विस्थापन
33476	▁वॉन
33477	▁शराबी
33478	▁शर्तें
33479	▁शिरो
33480	▁शूट
33481	▁श्रेष्ठगीत
33482	▁संभालें
33483	▁संसाध
33484	▁संस्करणों
33485	▁सन्त
33486	▁समूहबद्ध
33487	▁साँपों
33488	▁साम्यवाद
33489	▁सालगिरह
33490	▁सीन॰
33491	▁सूचकांक
33492	▁स्टीवन
33493	▁स्टेप
33494	▁स्टै
33495	▁हाजिर
33496	▁हिलाया
33497	▁हौज़
33498	▁१९८०
33499	Arguments
33500	CONF
33501	Cast
33502	Except
33503	Fast
33504	Fri
33505	Kampala
33506	ME
33507	Manila
33508	Mayotte
33509	Pod
33510	Pre
33511	Priority
33512	Recover
33513	Regina
33514	SPEAKING
33515	Table
33516	Very
33517	Yeah
33518	`
33519	above
33520	achi
33521	active
33522	atchtower
33523	buddy
33524	cond
33525	criminals
33526	ctivate
33527	equal
33528	flee
33529	habit
33530	heart
33531	idia
33532	irtu
33533	mmed
33534	ndar
33535	nut
33536	offer
33537	opics
33538	opy
33539	pain
33540	please
33541	ply
33542	revious
33543	town
33544	track
33545	ugh
33546	verb
33547	windows
33548	ñ
33549	ँख
33550	आखिरी
33551	आराम
33552	इपफ्रुदीतुस
33553	कालीन
33554	कोमल
33555	गाई
33556	गूनी
33557	गोश
33558	ज़ैन
33559	जोश
33560	झड़
33561	डेल
33562	डेविस
33563	ड्रो
33564	त्यागी
33565	दक्षिणी
33566	धारक
33567	नाश
33568	फो
33569	बाब
33570	बीन
33571	मंत्र
33572	मास
33573	यापन
33574	र्स्
33575	ल्य
33576	विस्टा
33577	वेन
33578	शरी
33579	शीघ्र
33580	साइफर
33581	हांफते
33582	ैर
33583	्लाह
33584	▁(4
33585	▁14)
33586	▁1932
33587	▁450
33588	▁ARCHIVE
33589	▁Allowed
33590	▁Alternat
33591	▁Beloved
33592	▁Binary
33593	▁Burundi
33594	▁CALL
33595	▁Carl
33596	▁Conflicted
33597	▁Corruption
33598	▁Difficult
33599	▁Ear
33600	▁Ekron
33601	▁Geo
33602	▁Hazael
33603	▁Hermon
33604	▁Ismail
33605	▁KNOW
33606	▁Kir
33607	▁Lisa
33608	▁Marked
33609	▁Mongolia
33610	▁Neutron
33611	▁OVER
33612	▁Organi
33613	▁Qa
33614	▁Quadra
33615	▁Queue
33616	▁ROMAN
33617	▁Snake
33618	▁Suggest
33619	▁Tele
33620	▁Ukrainian
33621	▁Webcam
33622	▁Webster
33623	▁Worse
33624	▁abated
33625	▁acceleration
33626	▁adherents
33627	▁agonizing
33628	▁ancestor
33629	▁appreciating
33630	▁atheism
33631	▁banana
33632	▁battlefield
33633	▁beatings
33634	▁belittle
33635	▁candlestick
33636	▁cats
33637	▁cistern
33638	▁clue
33639	▁commut
33640	▁crowned
33641	▁daytime
33642	▁decorations
33643	▁decreases
33644	▁downpour
33645	▁drone
33646	▁drowsiness
33647	▁epoch
33648	▁extinct
33649	▁foliage
33650	▁forefather
33651	▁foresee
33652	▁fragile
33653	▁frozen
33654	▁fuller
33655	▁giants
33656	▁gird
33657	▁gleaning
33658	▁grinding
33659	▁halls
33660	▁hurrying
33661	▁implant
33662	▁incompatible
33663	▁incorrectly
33664	▁injection
33665	▁insertion
33666	▁insolently
33667	▁institute
33668	▁inventor
33669	▁irritated
33670	▁landmarks
33671	▁lessen
33672	▁linear
33673	▁loom
33674	▁machinations
33675	▁marveled
33676	▁mistress
33677	▁nourishing
33678	▁oppressor
33679	▁overpower
33680	▁pained
33681	▁paramount
33682	▁passenger
33683	▁precinct
33684	▁predominant
33685	▁reeds
33686	▁renounced
33687	▁saturated
33688	▁schoolteacher
33689	▁selectable
33690	▁shoe
33691	▁smoothly
33692	▁sphere
33693	▁stoop
33694	▁strained
33695	▁strays
33696	▁stunning
33697	▁sufferers
33698	▁superlative
33699	▁thereat
33700	▁thereunto
33701	▁toys
33702	▁trampled
33703	▁trek
33704	▁twig
33705	▁umbrella
33706	▁unselfishly
33707	▁untouched
33708	▁vers
33709	▁visionary
33710	▁vomit
33711	▁wink
33712	▁wishful
33713	▁अचम्भे
33714	▁अभाग
33715	▁अस्र
33716	▁अहस्ताक्षरित
33717	▁आँकड़
33718	▁आईं
33719	▁आरक्षित
33720	▁आर्ट
33721	▁आहा
33722	▁इलिया
33723	▁उज़
33724	▁उतारू
33725	▁उत्प्रवासन
33726	▁उनेसिमुस
33727	▁उबुन्ट
33728	▁एडवर्ड
33729	▁एमी
33730	▁एलीआब
33731	▁एल्गोरिदम
33732	▁कड़ियां
33733	▁कबीले
33734	▁कमाए
33735	▁कसकर
33736	▁कहॉ
33737	▁किरदारों
33738	▁किस्सों
33739	▁कीड़ा
33740	▁कॉम्प्लेक्स
33741	▁क्योकि
33742	▁खनिज
33743	▁ख़रीदार
33744	▁खिसकाय
33745	▁गद्दार
33746	▁गरमी
33747	▁गर्जन
33748	▁गाकर
33749	▁ग्राफ़िक्स
33750	▁घूमत
33751	▁घूर्णन
33752	▁चक
33753	▁चढ़ना
33754	▁चाहिएँ
33755	▁चीरत
33756	▁ज़ेन
33757	▁ज़ोन
33758	▁ज्यार्जिया
33759	▁झुकना
33760	▁टैम्प्लेट्स
33761	▁ट्रांसकोड
33762	▁ट्रू
33763	▁ट्रैल
33764	▁डंप
33765	▁डरती
33766	▁ढूंढ़ो
33767	▁तकरार
33768	▁दूँगी
33769	▁दूल्हे
33770	▁नज़ा
33771	▁नाती
33772	▁नीदरलैंड्स
33773	▁नेत्र
33774	▁पछताएँगे
33775	▁पर्ची
33776	▁पार्से
33777	▁पीआईडी
33778	▁पैडिंग
33779	▁प्यादे
33780	▁प्रहार
33781	▁फन
33782	▁फ़ु
33783	▁फ्लैट
33784	▁फ्लो
33785	▁बनवाए
33786	▁बनवाकर
33787	▁बन्धा
33788	▁बाइबलें
33789	▁बुन
33790	▁भूलने
33791	▁मनो
33792	▁महाराजाधिराज
33793	▁माड्यूल
33794	▁माला
33795	▁मिज़ाज
33796	▁मिटाएगा
33797	▁मुआयना
33798	▁मुहब्बत
33799	▁यज्ञ
33800	▁यद
33801	▁रश्
33802	▁रोकी
33803	▁लट्ठ
33804	▁लूसी
33805	▁लेटते
33806	▁लेयर
33807	▁लैंग
33808	▁वजन
33809	▁वाटिका
33810	▁विख्यात
33811	▁विनाशक
33812	▁विपत्तिया
33813	▁वीरता
33814	▁वैक्सीन
33815	▁व्यंजन
33816	▁शक्ल
33817	▁शिष्ट
33818	▁समन्वय
33819	▁समलैंगिकता
33820	▁सहनी
33821	▁सीसा
33822	▁सुगम
33823	▁सुव्यवस्थित
33824	▁स्लेव
33825	▁हटी
33826	▁हस्ताछर
33827	▁हियर
33828	▁५३
33829	00:
33830	480
33831	69
33832	Best
33833	CID
33834	Chat
33835	Db
33836	Denver
33837	Downloads
33838	Frequency
33839	Frequently
33840	Holy
33841	Invite
33842	Jinn
33843	NEF
33844	Pon
33845	Roman
33846	Serve
33847	Sign
33848	Thule
33849	Warn
33850	attach
33851	best
33852	biblical
33853	entry
33854	friend
33855	fulness
33856	godly
33857	haritable
33858	kel
33859	kg
33860	km
33861	mind
33862	nim
33863	plicate
33864	position
33865	rought
33866	trial
33867	unbelievers
33868	ँट
33869	ईम
33870	एवोल्यूशन
33871	ओर
33872	क़ब्र
33873	क्षण
33874	खंड
33875	ख़ान
33876	ख्यात
33877	गूज
33878	घटाकर
33879	जल्दी
33880	जाने
33881	ट्रा
33882	तरस
33883	दाई
33884	धोखा
33885	नियाम
33886	पाया
33887	पोल
33888	फ्त
33889	माएं
33890	योंकि
33891	रियम
33892	रीज़
33893	लिक
33894	लॆंड
33895	वक्
33896	वर्य
33897	सिद
33898	सिफ़
33899	सिलो
33900	हरेक
33901	हित
33902	होरेब
33903	ारा
33904	ूफ
33905	ेंज
33906	ॉल्ट
33907	्लर
33908	५६
33909	८४
33910	→
33911	▁%1@
33912	▁13)
33913	▁Accuracy
33914	▁Admonition
33915	▁Adversary
33916	▁Ahijah
33917	▁Aim
33918	▁Anon
33919	▁Ashdod
33920	▁Becom
33921	▁Belize
33922	▁Conic
33923	▁Criterion
33924	▁Dam
33925	▁DeskJet
33926	▁Dim
33927	▁Efforts
33928	▁Eliab
33929	▁Env
33930	▁Expositor
33931	▁Farm
33932	▁Female
33933	▁Ferdinand
33934	▁Forbidden
33935	▁Gha
33936	▁Gregory
33937	▁Grey
33938	▁Greyscale
33939	▁Holmes
33940	▁Hushai
33941	▁IMAGINE
33942	▁Janeiro
33943	▁Johanan
33944	▁Kevin
33945	▁Kuwait
33946	▁Lamech
33947	▁Leo
33948	▁Lift
33949	▁Logo
33950	▁Luc
33951	▁Lutheran
33952	▁MATT
33953	▁Measure
33954	▁Mic
33955	▁Movies
33956	▁NFS
33957	▁Nadab
33958	▁Palestinian
33959	▁Pedro
33960	▁Polynesia
33961	▁Preparation
33962	▁Previously
33963	▁Proof
33964	▁Race
33965	▁Sat
33966	▁Separate
33967	▁Serbian
33968	▁Shiva
33969	▁Skipp
33970	▁Snap
33971	▁Somalia
33972	▁Spec
33973	▁Speech
33974	▁Stream
33975	▁Strip
33976	▁Suriname
33977	▁TREVOR
33978	▁Transferring
33979	▁Trustee
33980	▁Unencrypted
33981	▁Vegas
33982	▁Vicinity
33983	▁XS
33984	▁[8
33985	▁abnormally
33986	▁accent
33987	▁alight
33988	▁ambassadors
33989	▁anonymously
33990	▁archer
33991	▁attorney
33992	▁barn
33993	▁bathroom
33994	▁bindings
33995	▁bridal
33996	▁bridle
33997	▁cement
33998	▁cites
33999	▁complications
34000	▁compromised
34001	▁conscientiously
34002	▁cracks
34003	▁despairing
34004	▁deteriorated
34005	▁discipleship
34006	▁disconnect
34007	▁downward
34008	▁engulfed
34009	▁flooding
34010	▁frequency
34011	▁gateway
34012	▁glean
34013	▁goddamn
34014	▁grammar
34015	▁greas
34016	▁headline
34017	▁hesitant
34018	▁hindrance
34019	▁imaginary
34020	▁imparted
34021	▁independently
34022	▁indispensable
34023	▁infirmities
34024	▁instinct
34025	▁integrated
34026	▁lash
34027	▁lengthen
34028	▁letup
34029	▁maidservant
34030	▁makers
34031	▁mathematics
34032	▁misc
34033	▁mounting
34034	▁notified
34035	▁nought
34036	▁opera
34037	▁overweight
34038	▁owl
34039	▁ozone
34040	▁pavilion
34041	▁perceiving
34042	▁permitting
34043	▁pitcher
34044	▁pri
34045	▁printery
34046	▁profiling
34047	▁rap
34048	▁rea
34049	▁recourse
34050	▁rectangular
34051	▁relie
34052	▁scorpion
34053	▁shaved
34054	▁shrine
34055	▁skinned
34056	▁soup
34057	▁sovereign
34058	▁spearhead
34059	▁strains
34060	▁sufficiently
34061	▁tact
34062	▁trample
34063	▁veiled
34064	▁virginity
34065	▁wasteful
34066	▁webcal
34067	▁welcoming
34068	▁wrangle
34069	▁zebra
34070	▁अंगारे
34071	▁अखाड़
34072	▁अफ
34073	▁अफ़सर
34074	▁असा
34075	▁अहमद
34076	▁आर्कटिक
34077	▁आशय
34078	▁आसिया
34079	▁इज़ाज
34080	▁इफ्
34081	▁इरान
34082	▁उगता
34083	▁उत्पादित
34084	▁उद्यान
34085	▁उन्नति
34086	▁एक्सेप्शन
34087	▁ऐलन
34088	▁कराती
34089	▁कुकर्मियों
34090	▁कोयले
34091	▁गिरफ्तारी
34092	▁गैरी
34093	▁ग्रीनलैंड
34094	▁घिस
34095	▁घुसा
34096	▁चकमक
34097	▁चराने
34098	▁चाकर
34099	▁चिल्लाती
34100	▁चॉ
34101	▁छठव
34102	▁छोट
34103	▁जगाने
34104	▁जताना
34105	▁जाऐं
34106	▁जिल
34107	▁जुड़ेग
34108	▁जूरी
34109	▁झूल
34110	▁टांग
34111	▁टिं
34112	▁डार्विन
34113	▁डॉयलपैड
34114	▁तमीज़
34115	▁ताँबा
34116	▁दफनाय
34117	▁दर्शनों
34118	▁दिलानेवाल
34119	▁दुलहन
34120	▁धधकत
34121	▁धुँधल
34122	▁नन्ही
34123	▁नहा
34124	▁नाख़ुश
34125	▁निदेशक
34126	▁निन्द
34127	▁निर्भरता
34128	▁पंजीकरण
34129	▁पकी
34130	▁पत्रा
34131	▁परतें
34132	▁परतों
34133	▁पापपूर्ण
34134	▁पीएनजी
34135	▁पुनरावृत
34136	▁पुलिसवाले
34137	▁प्रेतात्मवाद
34138	▁प्लेबैक
34139	▁फ़ॉर्मेटिंग
34140	▁फांसी
34141	▁फिसला
34142	▁फ्र
34143	▁बजने
34144	▁बटा
34145	▁बढ़ानेवाले
34146	▁बदमाश
34147	▁बर्दाश्त
34148	▁बाक
34149	▁बाड़ा
34150	▁बिगड़े
34151	▁बुज़दिल
34152	▁बेइंसाफी
34153	▁मधुमक्खियों
34154	▁मरारी
34155	▁माइन
34156	▁मिन
34157	▁मूँदकर
34158	▁मूर्त्ति
34159	▁येशू
34160	▁रखीं
34161	▁राजमार्ग
34162	▁रेस्तराँ
34163	▁लड़ाइयाँ
34164	▁लताड़
34165	▁लोकतंत्र
34166	▁लौटाएँ
34167	▁संविधान
34168	▁सकूं
34169	▁सप्लाई
34170	▁समझाओ
34171	▁सम्भालेगा
34172	▁सूच
34173	▁सेंध
34174	▁सेनेगल
34175	▁स्लोवेनिया
34176	▁हड़ताल
34177	▁हिजकियाह
34178	▁होस्टनेम
34179	850
34180	Bangkok
34181	Detroit
34182	Engine
34183	Header
34184	Lagos
34185	Spain
34186	TIS
34187	While
34188	bear
34189	created
34190	dbus
34191	eme
34192	fermented
34193	gnature
34194	gua
34195	heaven
34196	ith
34197	jabber
34198	lene
34199	mia
34200	nna
34201	pdf
34202	pple
34203	preach
34204	ready
34205	ré
34206	sg
34207	short
34208	specific
34209	uni
34210	viv
34211	yourselves
34212	ç
34213	ó
34214	ंचे
34215	आज़र
34216	आदमियों
34217	आदेश
34218	ऑन
34219	ख़तर
34220	ग्ग
34221	घोषकों
34222	जिप
34223	टु
34224	ट्रक
34225	डेशन
34226	दाँ
34227	पट्टियाँ
34228	पाय
34229	प्रतिष्ठित
34230	बाउंस
34231	बातों
34232	बादल
34233	बुद
34234	बेश
34235	भार
34236	भारत
34237	महत्वपूर्ण
34238	मूर्ख
34239	लिए
34240	व्ड
34241	सक्षम
34242	सीसी
34243	सुनने
34244	स्कट
34245	हरूम
34246	ानेवाला
34247	ायन
34248	ीआ
34249	ॉर्ड
34250	ौक
34251	्को
34252	्ले
34253	९३०
34254	▁(1998)
34255	▁76
34256	▁Ahikam
34257	▁Balanced
34258	▁Blend
34259	▁Caller
34260	▁Calling
34261	▁Cancer
34262	▁Chooser
34263	▁Churches
34264	▁Cle
34265	▁Cyril
34266	▁DEC
34267	▁Dinah
34268	▁Distress
34269	▁Dorcas
34270	▁Dragon
34271	▁Evangel
34272	▁Fighting
34273	▁Filled
34274	▁Fri
34275	▁HEBREW
34276	▁HP
34277	▁Harvard
34278	▁Heritage
34279	▁Hill
34280	▁Kalzium
34281	▁Kolab
34282	▁Latitude
34283	▁Minimise
34284	▁Necessary
34285	▁Observing
34286	▁Okular
34287	▁Oops
34288	▁Organized
34289	▁PHONE
34290	▁Parameter
34291	▁Por
34292	▁Pornography
34293	▁Priya
34294	▁Provision
34295	▁Ransom
34296	▁Ray
34297	▁Remind
34298	▁Reserve
34299	▁Sheep
34300	▁Shulammite
34301	▁Studying
34302	▁Suffer
34303	▁THEY
34304	▁Tech
34305	▁Traffic
34306	▁Tuvalu
34307	▁VAR
34308	▁Warner
34309	▁advertisers
34310	▁advisable
34311	▁alternatives
34312	▁annoyance
34313	▁ardent
34314	▁asshole
34315	▁astronomer
34316	▁atheist
34317	▁barr
34318	▁behove
34319	▁bombard
34320	▁camest
34321	▁chatter
34322	▁chieftain
34323	▁classical
34324	▁cleaving
34325	▁compulsive
34326	▁cosine
34327	▁createth
34328	▁debilitating
34329	▁debtors
34330	▁defects
34331	▁elevate
34332	▁evolutionist
34333	▁expectancy
34334	▁fetus
34335	▁footstool
34336	▁forcing
34337	▁foretelling
34338	▁frankincense
34339	▁gem
34340	▁girded
34341	▁gourd
34342	▁hazard
34343	▁headstrong
34344	▁immunity
34345	▁inability
34346	▁increment
34347	▁intake
34348	▁interact
34349	▁intervals
34350	▁invading
34351	▁inventions
34352	▁jailer
34353	▁joking
34354	▁jury
34355	▁keyring
34356	▁legislation
34357	▁longest
34358	▁martyr
34359	▁parcel
34360	▁pigs
34361	▁pillow
34362	▁planes
34363	▁pond
34364	▁precaution
34365	▁prescription
34366	▁preside
34367	▁prestig
34368	▁prop
34369	▁quart
34370	▁ranking
34371	▁refine
34372	▁refute
34373	▁replenish
34374	▁repudiate
34375	▁repurchase
34376	▁retreating
34377	▁sadly
34378	▁secured
34379	▁slanderous
34380	▁slash
34381	▁sling
34382	▁slippery
34383	▁sprang
34384	▁starving
34385	▁stunned
34386	▁supervisor
34387	▁tap
34388	▁tended
34389	▁tentative
34390	▁travellers
34391	▁tumult
34392	▁unfortunately
34393	▁unleash
34394	▁unnamed
34395	▁vendor
34396	▁viruses
34397	▁worthily
34398	▁worthlessness
34399	▁yo
34400	▁π
34401	▁अंदाजा
34402	▁अंधी
34403	▁अनुवर्त
34404	▁अफगानिस्तान
34405	▁अफ़
34406	▁अले
34407	▁आईसीसी
34408	▁आएंगी
34409	▁आल्
34410	▁आसरा
34411	▁इज
34412	▁एंग
34413	▁एंडर
34414	▁एक्सप
34415	▁एडम
34416	▁एडी
34417	▁एब
34418	▁एलियास
34419	▁ओहद
34420	▁कबूतरी
34421	▁कसमें
34422	▁काटेंगे
34423	▁कुलीन
34424	▁कुवैत
34425	▁कोटेड
34426	▁क्षे
34427	▁ख़रीदा
34428	▁ग़ुस्स
34429	▁गांठ
34430	▁गानों
34431	▁गौरैय
34432	▁ग्वा
34433	▁घटनाएं
34434	▁घटने
34435	▁घोंसल
34436	▁घोंसला
34437	▁छिनाल
34438	▁जाँचकर्ता
34439	▁जारीकर्ता
34440	▁टालने
34441	▁टीयर
34442	▁ठुकराना
34443	▁डेर
34444	▁डेली
34445	▁तफर
34446	▁तौ
34447	▁त्यागने
34448	▁दवाई
34449	▁दिलवा
34450	▁दूरवर्ती
34451	▁दौलतमंद
34452	▁द्रुत
34453	▁धर्माधिकरण
34454	▁नशा
34455	▁निमंत्र
34456	▁न्यूमेरिक
34457	▁पकाना
34458	▁पतले
34459	▁पन्न
34460	▁परिवारवाले
34461	▁परीक्ष
34462	▁पर्व्व
34463	▁पहुँचाएँ
34464	▁पाठशाला
34465	▁पिक्स
34466	▁पुनर्जन्म
34467	▁प्रसार
34468	▁प्रोसेस
34469	▁फूँकी
34470	▁फैलाना
34471	▁बंज
34472	▁बधाइयाँ
34473	▁बनिस्बत
34474	▁बायो
34475	▁बार्बर
34476	▁बिछाए
34477	▁बिताएँ
34478	▁बोस्टन
34479	▁भँवर
34480	▁मद्द
34481	▁मद्य
34482	▁माइन्स
34483	▁मामा
34484	▁मिथ्यापवाद
34485	▁मिलीमीटर्स
34486	▁मैथ्यू
34487	▁मैसेजिंग
34488	▁मोहक
34489	▁रामोत
34490	▁रुकिए
34491	▁रुतबा
34492	▁रोमांच
34493	▁लघुगणक
34494	▁लाइव
34495	▁लेक
34496	▁लैंडस्केप
34497	▁वनपशु
34498	▁विचारशील
34499	▁वेदियां
34500	▁शादियाँ
34501	▁श्याम
34502	▁श्रोतागण
34503	▁संचित
34504	▁संपर्को
34505	▁सत्ताधिकार
34506	▁सदृश्
34507	▁सपोर्ट
34508	▁सप्ताहों
34509	▁समयावधि
34510	▁सातवाँ
34511	▁सॉक्स
34512	▁स्थानांतरण
34513	▁स्नू
34514	▁स्वीडिश
34515	▁७५
34516	02:
34517	29
34518	5.4
34519	BCC
34520	CHI
34521	Cedar
34522	Control
34523	DL
34524	Domingo
34525	Exit
34526	Java
34527	Monterrey
34528	Reject
34529	TM
34530	Two
34531	UPS
34532	Winnipeg
34533	accept
34534	adventure
34535	alias
34536	appear
34537	bag
34538	block
34539	call
34540	clusive
34541	cry
34542	daptive
34543	ddress
34544	erson
34545	etti
34546	fly
34547	ggle
34548	himself
34549	horizontal
34550	irun
34551	lei
34552	lessly
34553	mask
34554	nce
34555	ntered
34556	ode
34557	ography
34558	olating
34559	ontrary
34560	plevel
34561	rise
34562	secret
34563	secure
34564	ski
34565	stylesheet
34566	swe
34567	tended
34568	tivate
34569	toward
34570	waiting
34571	watch
34572	{}
34573	ँटों
34574	इज़र
34575	ईमानदार
34576	उँ
34577	एचए
34578	एचटीएमएल
34579	किसने
34580	कोलकाता
34581	क्षमता
34582	ख्त
34583	झूठे
34584	टाइन
34585	टैग
34586	टोक
34587	डकोटा
34588	डिफ़ॉल्ट
34589	डीपी
34590	णा
34591	ताचीन
34592	दक्षिण
34593	दरलैंड्
34594	दस्त
34595	धन्यवाद
34596	धर्मियों
34597	नार्
34598	निजी
34599	बन्ध
34600	बहन
34601	बाइस
34602	बादलों
34603	बीएम
34604	बेथ
34605	भंग
34606	भविष्य
34607	मती
34608	मित्र
34609	राफ़
34610	राष्ट्र
34611	लाख
34612	लेन
34613	लेशन
34614	वादियों
34615	संबंध
34616	सुलह
34617	स्वच्छ
34618	हाउस
34619	हैम
34620	ायिक
34621	ोव
34622	्दुल
34623	्ला
34624	्लाग
34625	३२
34626	▁!!!
34627	▁(0=
34628	▁1,2
34629	▁113
34630	▁176
34631	▁1934
34632	▁24.)
34633	▁4=
34634	▁AB
34635	▁Allocate
34636	▁Arnon
34637	▁Asking
34638	▁Atomic
34639	▁BACK
34640	▁Bestower
34641	▁Bitrate
34642	▁Blame
34643	▁Caps
34644	▁Choosing
34645	▁Climax
34646	▁Conversion
34647	▁Curse
34648	▁DIS
34649	▁DOS
34650	▁Deny
34651	▁Dial
34652	▁Dick
34653	▁Dorothy
34654	▁Dust
34655	▁Ethiopians
34656	▁Feeling
34657	▁Fifth
34658	▁Flight
34659	▁Floyd
34660	▁GNUstep
34661	▁Grayscale
34662	▁Gro
34663	▁Harm
34664	▁Held
34665	▁Helena
34666	▁Homogeneous
34667	▁Increasing
34668	▁Jessica
34669	▁Jigsaw
34670	▁Jinns
34671	▁Julian
34672	▁Layers
34673	▁Lion
34674	▁Lived
34675	▁Maimonides
34676	▁Mama
34677	▁Maxim
34678	▁Miguel
34679	▁Moldova
34680	▁Mum
34681	▁Mute
34682	▁Naught
34683	▁Niue
34684	▁Occ
34685	▁Outside
34686	▁PRE
34687	▁Pad
34688	▁Perish
34689	▁Pour
34690	▁Prejudice
34691	▁Prime
34692	▁Promises
34693	▁QUIT
34694	▁Quadratic
34695	▁Quite
34696	▁Quote
34697	▁Recipe
34698	▁Relief
34699	▁SCOTT
34700	▁Samiri
34701	▁Samood
34702	▁Secondary
34703	▁Silence
34704	▁Strikeout
34705	▁Successfully
34706	▁Synth
34707	▁Tilt
34708	▁Tommy
34709	▁Tubba
34710	▁Waste
34711	▁Writer
34712	▁absorbing
34713	▁administrative
34714	▁advent
34715	▁appease
34716	▁archangel
34717	▁artistic
34718	▁assess
34719	▁batch
34720	▁behaving
34721	▁betrayers
34722	▁bloodless
34723	▁brighter
34724	▁bronze
34725	▁bullets
34726	▁bullocks
34727	▁cage
34728	▁capability
34729	▁carving
34730	▁closeness
34731	▁comforters
34732	▁compartment
34733	▁confessing
34734	▁corporation
34735	▁correcting
34736	▁courteous
34737	▁crag
34738	▁debris
34739	▁downcast
34740	▁elbow
34741	▁elegant
34742	▁elicit
34743	▁eruption
34744	▁exaltation
34745	▁exclusion
34746	▁exp
34747	▁exultant
34748	▁exulting
34749	▁fibers
34750	▁flattering
34751	▁flawless
34752	▁folding
34753	▁fu
34754	▁galaxies
34755	▁gentleness
34756	▁godless
34757	▁godliness
34758	▁goest
34759	▁goodbye
34760	▁grape
34761	▁grudgingly
34762	▁harming
34763	▁hearer
34764	▁hoarded
34765	▁homosexuals
34766	▁hormone
34767	▁hostage
34768	▁illumination
34769	▁implore
34770	▁indulg
34771	▁injunction
34772	▁jacket
34773	▁lavish
34774	▁league
34775	▁listbox
34776	▁listeth
34777	▁meadow
34778	▁migrator
34779	▁momentary
34780	▁mosquitoes
34781	▁mysteries
34782	▁overseas
34783	▁owing
34784	▁pal
34785	▁panels
34786	▁parallels
34787	▁perchance
34788	▁playback
34789	▁poem
34790	▁purification
34791	▁radius
34792	▁relaxation
34793	▁restrictive
34794	▁reverent
34795	▁roughly
34796	▁ruinous
34797	▁scheduling
34798	▁securely
34799	▁shoots
34800	▁similarities
34801	▁staggering
34802	▁stall
34803	▁steadfastly
34804	▁stint
34805	▁stork
34806	▁straightway
34807	▁subtitles
34808	▁summoner
34809	▁syndrome
34810	▁terrain
34811	▁thoughtless
34812	▁timer
34813	▁transactions
34814	▁transparent
34815	▁vCards
34816	▁vegetable
34817	▁venerate
34818	▁waged
34819	▁winner
34820	▁yonder
34821	▁अंजीरों
34822	▁अंतरराष्ट्रीय
34823	▁अंधेर
34824	▁अधूरी
34825	▁अनंतकाल
34826	▁अनुमोदित
34827	▁अन्तःकरण
34828	▁अवरोहण
34829	▁अस्थिर
34830	▁आर्थर
34831	▁इमेल
34832	▁उंगलिया
34833	▁ऊतक
34834	▁एक्सपोनेंट
34835	▁एटी
34836	▁एन्ड
34837	▁एपीफैनी
34838	▁कठिनता
34839	▁कब्रें
34840	▁करुँगा
34841	▁कसी
34842	▁कैट
34843	▁कॉम्पैक्ट
34844	▁कोलंबिया
34845	▁खण्डहर
34846	▁खिड़कियाँ
34847	▁चखने
34848	▁चलानेवाले
34849	▁चाट
34850	▁चिंगारी
34851	▁चीत्कार
34852	▁चुंबन
34853	▁चौकोर
34854	▁छोड़ूंगा
34855	▁ज़ीलैंड
34856	▁जूतों
34857	▁ट्यूमर
34858	▁डिक्रिप्
34859	▁डेलिमिटर
34860	▁डै
34861	▁तहखान
34862	▁ताइवान
34863	▁तेईस
34864	▁दंत
34865	▁धमका
34866	▁नक़्शे
34867	▁नन्हा
34868	▁नादाब
34869	▁नुक्
34870	▁पछताया
34871	▁पटरी
34872	▁परवा
34873	▁पहलौठ
34874	▁पासवर्ड्स
34875	▁पूर्वबता
34876	▁पैठ
34877	▁प्याज़
34878	▁प्यूरिट
34879	▁प्रभात
34880	▁प्रवीणता
34881	▁प्रॆस
34882	▁प्रौद्योगिकी
34883	▁फुटबॉल
34884	▁फुलके
34885	▁फ्रा
34886	▁बचाती
34887	▁बढ़ाऊंगा
34888	▁बढ़ेंगे
34889	▁बत
34890	▁बहलाव
34891	▁बाहु
34892	▁बेचारे
34893	▁ब्रिटॆन
34894	▁ब्रे
34895	▁मतधारक
34896	▁मर्तबा
34897	▁मारके
34898	▁मिद्यानी
34899	▁मुड़ा
34900	▁मुनाफा
34901	▁मैत्री
34902	▁मॉन
34903	▁रीयल
34904	▁रीस्टोरेशन
34905	▁रेन
34906	▁रोकथाम
34907	▁लाइबेरिया
34908	▁लिवर
34909	▁लौटोगे
34910	▁वर्कशीट
34911	▁वान
34912	▁वित्त
34913	▁शर्मीले
34914	▁शेखी
34915	▁शेडर
34916	▁सदूकी
34917	▁समुद्रों
34918	▁सस्ते
34919	▁सहकर्मियों
34920	▁साँ
34921	▁सिखे
34922	▁सुनाएं
34923	▁सूरिया
34924	▁सेंपल
34925	▁स्म
34926	▁हक्का
34927	▁हाट
34928	▁हिंसात्मक
34929	▁हेक्साडेसीमल
34930	▁होस्ट्स
34931	▁१९८५
34932	▁५००
34933	-0
34934	-2
34935	2000
34936	89
34937	Alt
34938	Brussels
34939	CONT
34940	Davis
34941	Disk
34942	Documents
34943	Domain
34944	Hong
34945	Kinshasa
34946	Nassau
34947	North
34948	Nothing
34949	Path
34950	Profession
34951	Questions
34952	RIG
34953	RM
34954	SM
34955	Seek
34956	Shu
34957	Sofia
34958	Taipei
34959	Tripoli
34960	Truth
34961	VR
34962	Va
34963	Vista
34964	began
34965	bounce
34966	burden
34967	charge
34968	egory
34969	epe
34970	fight
34971	gain
34972	kiga
34973	lb
34974	ldap
34975	lead
34976	pal
34977	scroll
34978	story
34979	sys
34980	torment
34981	umea
34982	uta
34983	uth
34984	whole
34985	ंसे
34986	अयाल
34987	आनन्द
34988	इफर
34989	उधर
34990	केस्प्रेड
34991	कोपेनहेगन
34992	क्वि
34993	गै
34994	ग्रैड
34995	घ्न
34996	चुन
34997	छिपे
34998	ज़िश
34999	ज्र
35000	ट्टी
35001	तूफान
35002	त्रण
35003	दरिया
35004	दि
35005	दॉ
35006	नियुक्
35007	नोड
35008	नोबल
35009	पक्के
35010	पडे
35011	पहल
35012	पाद
35013	पुलिस
35014	प्रधान
35015	फाल
35016	बॉल
35017	ब्यू
35018	मनमानी
35019	मने
35020	यर्स
35021	रेनी
35022	लुआ
35023	लेना
35024	लोगो
35025	वरत्व
35026	वारा
35027	वोल्यूशन
35028	साय
35029	स्किल
35030	स्टैनली
35031	हंस
35032	हत्तर
35033	हाज़
35034	़ता
35035	ाऊंगा
35036	ॆक्ट
35037	▁$10
35038	▁(16
35039	▁175
35040	▁200,000
35041	▁Ace
35042	▁Advance
35043	▁Alright
35044	▁Amy
35045	▁Amélie
35046	▁Andreas
35047	▁Animal
35048	▁Annotate
35049	▁Appreciating
35050	▁Athaliah
35051	▁BIN
35052	▁Bahamas
35053	▁Blocked
35054	▁Bou
35055	▁Bulgarian
35056	▁Chamber
35057	▁College
35058	▁Delta
35059	▁Destroy
35060	▁Difference
35061	▁Disconnect
35062	▁Distribution
35063	▁EPH
35064	▁Electric
35065	▁Federa
35066	▁Gehazi
35067	▁Generally
35068	▁Gir
35069	▁Guyana
35070	▁Harley
35071	▁Harry
35072	▁Hay
35073	▁Hivite
35074	▁Howbeit
35075	▁IC
35076	▁Imperial
35077	▁JW
35078	▁Julia
35079	▁Kansas
35080	▁Karaite
35081	▁Knight
35082	▁Loose
35083	▁Maaseiah
35084	▁Marvel
35085	▁Metal
35086	▁Mont
35087	▁Monte
35088	▁Nahum
35089	▁Nebat
35090	▁Occasionally
35091	▁PER
35092	▁Planne
35093	▁Pur
35094	▁QUI
35095	▁Recording
35096	▁SAY
35097	▁SP
35098	▁Sara
35099	▁Shutt
35100	▁Sine
35101	▁Solar
35102	▁Spread
35103	▁Tender
35104	▁WORK
35105	▁Wallet
35106	▁Winter
35107	▁affirmed
35108	▁ailment
35109	▁allege
35110	▁altering
35111	▁assaulted
35112	▁assessment
35113	▁athletes
35114	▁banish
35115	▁boasted
35116	▁bored
35117	▁bothered
35118	▁brim
35119	▁cents
35120	▁chained
35121	▁civilian
35122	▁commotion
35123	▁comparatively
35124	▁complied
35125	▁comprehends
35126	▁condemning
35127	▁constitutes
35128	▁coordinator
35129	▁correspondence
35130	▁dared
35131	▁despoil
35132	▁deviating
35133	▁devoutly
35134	▁discharged
35135	▁disillusioned
35136	▁drastic
35137	▁earthen
35138	▁embroider
35139	▁emerges
35140	▁exhibition
35141	▁flourishing
35142	▁forcibly
35143	▁forsak
35144	▁founder
35145	▁functioning
35146	▁gallons
35147	▁gulf
35148	▁inauguration
35149	▁inclusive
35150	▁indicators
35151	▁infirm
35152	▁invasion
35153	▁jurisdiction
35154	▁lakes
35155	▁liking
35156	▁manipulate
35157	▁misunderstood
35158	▁molecul
35159	▁mum
35160	▁northeast
35161	▁overthrew
35162	▁passeth
35163	▁peacemakers
35164	▁pellets
35165	▁penitence
35166	▁phases
35167	▁phenomena
35168	▁pitfalls
35169	▁poorly
35170	▁pronouncements
35171	▁receiver
35172	▁regretful
35173	▁relay
35174	▁reservoir
35175	▁romance
35176	▁rugged
35177	▁runners
35178	▁serenity
35179	▁sinless
35180	▁slopes
35181	▁snuff
35182	▁solitude
35183	▁spark
35184	▁sponsored
35185	▁staunch
35186	▁sternly
35187	▁striven
35188	▁supremacy
35189	▁symptom
35190	▁tablet
35191	▁thirsting
35192	▁transcend
35193	▁twilight
35194	▁um
35195	▁undisturbed
35196	▁unlettered
35197	▁unloaded
35198	▁victories
35199	▁whip
35200	▁workspace
35201	▁अंकल
35202	▁अक़्सर
35203	▁अड़ा
35204	▁अदला
35205	▁अय्यू
35206	▁अर्तक्षत्र
35207	▁आकांक्षा
35208	▁आली
35209	▁उत्तेजना
35210	▁कराहत
35211	▁कल्पनाओं
35212	▁कोलम्बिया
35213	▁क्वे
35214	▁खचा
35215	▁खता
35216	▁खरीदना
35217	▁खर्रों
35218	▁खाइए
35219	▁गवार
35220	▁गिनता
35221	▁घटाता
35222	▁घूँट
35223	▁चैनल्स
35224	▁छितरा
35225	▁छोड़िए
35226	▁जिन्हे
35227	▁जेड
35228	▁जोसफ
35229	▁झंडा
35230	▁टलेगा
35231	▁टहनी
35232	▁टिमटिमाता
35233	▁टॉमी
35234	▁ठहराती
35235	▁डालूँ
35236	▁डिकोड
35237	▁डिब्बे
35238	▁डिवायस
35239	▁त्यागे
35240	▁त्रिएक
35241	▁दाल
35242	▁देखूँ
35243	▁धधकते
35244	▁नाश्ता
35245	▁निकलीं
35246	▁न्यायप्रिय
35247	▁पतंगे
35248	▁परिवेश
35249	▁पसे
35250	▁पहनाया
35251	▁पार्श्व
35252	▁पालते
35253	▁पुथल
35254	▁पूछोगे
35255	▁पॉलिश
35256	▁पोत
35257	▁प्रदर्शनी
35258	▁फ़ौज
35259	▁फिराया
35260	▁बंधे
35261	▁बचेगी
35262	▁बसाने
35263	▁बहाली
35264	▁बांटा
35265	▁बाधाएँ
35266	▁बिट्स
35267	▁बिठाना
35268	▁बूथ
35269	▁बेफिक्र
35270	▁बेबुनियाद
35271	▁बैठेगा
35272	▁भांज
35273	▁भुखमरी
35274	▁भुजबल
35275	▁भुन
35276	▁मगिद्दो
35277	▁मज़बूर
35278	▁मसाले
35279	▁मीकाईल
35280	▁मुकदमा
35281	▁मेडागास्कर
35282	▁यहोआहाज
35283	▁रबर
35284	▁रिवर
35285	▁रिसेप्शन
35286	▁रिसॉल्यूशन
35287	▁रीत
35288	▁रूबी
35289	▁रॉब
35290	▁लता
35291	▁लुभाने
35292	▁लैट
35293	▁लैस
35294	▁विरा
35295	▁व्योपारी
35296	▁सभापति
35297	▁समतुल्य
35298	▁समुंदर
35299	▁सिक्कों
35300	▁सिखलाए
35301	▁सुगन्धित
35302	▁सुथरे
35303	▁सुनाऊँ
35304	▁सोया
35305	▁हड्डिया
35306	▁हदद
35307	▁हमदर्द
35308	▁हवन
35309	▁१९४०
35310	▁१९९९
35311	-2008
35312	11)
35313	2015
35314	Birthday
35315	CA
35316	Deal
35317	Department
35318	Iblis
35319	MM
35320	NUM
35321	Over
35322	Plain
35323	Qu
35324	Riga
35325	SL
35326	Seeing
35327	Switch
35328	TO
35329	Though
35330	VS
35331	Yellow
35332	aeus
35333	angle
35334	ature
35335	brothers
35336	built
35337	case
35338	erbury
35339	evolutionary
35340	hak
35341	hem
35342	joy
35343	khtml
35344	large
35345	must
35346	onite
35347	returning
35348	rgb
35349	roll
35350	saints
35351	seeking
35352	shire
35353	stick
35354	storm
35355	talk
35356	taste
35357	weak
35358	wide
35359	wild
35360	ंफू
35361	ंम
35362	ंसाइट
35363	असीम
35364	आफ़त
35365	इनके
35366	उठ
35367	उत्तरी
35368	ऊस
35369	क्षणिक
35370	ख़राब
35371	ख़ाने
35372	गुआ
35373	चलने
35374	ज़ोर
35375	जानवरों
35376	जीव
35377	ध्वजा
35378	नामी
35379	नारी
35380	पूछ
35381	पूर्वावलोकन
35382	पेज
35383	मबर्ग
35384	माड
35385	मॉन
35386	मोर
35387	याओं
35388	रिको
35389	रैम
35390	ल्या
35391	वानी
35392	शाके
35393	समझदार
35394	सहारा
35395	सावधान
35396	सीह
35397	स्को
35398	हांग
35399	हाज़िर
35400	हूद
35401	़वा
35402	िथ
35403	िष्ठ
35404	ुज़
35405	ूज़
35406	्पा
35407	▁06)
35408	▁1910
35409	▁1968
35410	▁2006-
35411	▁43,
35412	▁Adjustment
35413	▁Adrian
35414	▁Alcohol
35415	▁Azar
35416	▁Beat
35417	▁Bye
35418	▁Christine
35419	▁Conv
35420	▁Cope
35421	▁Croatia
35422	▁Cue
35423	▁DCC
35424	▁DOTS
35425	▁Dear
35426	▁Detect
35427	▁Dhul
35428	▁Dimensions
35429	▁ERROR
35430	▁Encourage
35431	▁Entity
35432	▁Hindus
35433	▁Hmm
35434	▁Holiday
35435	▁Honour
35436	▁Hum
35437	▁Hurry
35438	▁Intersect
35439	▁Jenny
35440	▁Johnny
35441	▁Kiriath
35442	▁Logarithm
35443	▁MAR
35444	▁Mate
35445	▁Meshullam
35446	▁Milan
35447	▁Montague
35448	▁Mushrikun
35449	▁Mutt
35450	▁Nahor
35451	▁Nightmare
35452	▁PHP
35453	▁PROP
35454	▁Perspective
35455	▁Prepend
35456	▁Promote
35457	▁Qaf
35458	▁Rac
35459	▁Ralph
35460	▁Robot
35461	▁Sunnah
35462	▁Timed
35463	▁Valentine
35464	▁Vers
35465	▁WI
35466	▁XX
35467	▁abbreviations
35468	▁abusing
35469	▁adj
35470	▁admission
35471	▁advantageous
35472	▁applicable
35473	▁arena
35474	▁arisen
35475	▁attribut
35476	▁authorise
35477	▁bay
35478	▁bedouins
35479	▁benevolence
35480	▁biologist
35481	▁blinking
35482	▁bloodstream
35483	▁brutality
35484	▁comfortably
35485	▁compassed
35486	▁computation
35487	▁coverage
35488	▁deepened
35489	▁deer
35490	▁detain
35491	▁dialect
35492	▁diploma
35493	▁disadvantaged
35494	▁distinguishing
35495	▁distrust
35496	▁documented
35497	▁elevation
35498	▁elevator
35499	▁eliminat
35500	▁entangle
35501	▁exhorting
35502	▁explosive
35503	▁fluent
35504	▁folded
35505	▁forfeit
35506	▁fright
35507	▁gamma
35508	▁garrison
35509	▁grind
35510	▁harness
35511	▁harshness
35512	▁healthier
35513	▁heinous
35514	▁inbox
35515	▁infirmity
35516	▁inquiry
35517	▁instilled
35518	▁instrumental
35519	▁intoxicated
35520	▁irritation
35521	▁jeopardize
35522	▁liable
35523	▁limitless
35524	▁logically
35525	▁logo
35526	▁lottery
35527	▁meddle
35528	▁metals
35529	▁miser
35530	▁momentum
35531	▁moths
35532	▁multiplie
35533	▁multiplier
35534	▁myriads
35535	▁myrrh
35536	▁onions
35537	▁opposer
35538	▁parsed
35539	▁pelt
35540	▁perpetrated
35541	▁phi
35542	▁pie
35543	▁plaque
35544	▁plumb
35545	▁polar
35546	▁pollute
35547	▁polygonal
35548	▁prejudiced
35549	▁rainbow
35550	▁reaping
35551	▁receipts
35552	▁reckoner
35553	▁remaineth
35554	▁resentful
35555	▁respectively
35556	▁retire
35557	▁revenue
35558	▁reviling
35559	▁severed
35560	▁sharers
35561	▁singular
35562	▁skull
35563	▁smites
35564	▁socks
35565	▁spelt
35566	▁sponsor
35567	▁spoon
35568	▁stashes
35569	▁statue
35570	▁sterling
35571	▁surpasses
35572	▁surveillance
35573	▁survivor
35574	▁symlink
35575	▁taunting
35576	▁troubling
35577	▁unfaith
35578	▁unforgettable
35579	▁unhealthy
35580	▁unknowingly
35581	▁upstairs
35582	▁usurp
35583	▁warmed
35584	▁wi
35585	▁witches
35586	▁worms
35587	▁writ
35588	▁अंतर्निहित
35589	▁अचेत
35590	▁अधीनस्थ
35591	▁अन्धों
35592	▁अपरकेस
35593	▁अपरीक्षित
35594	▁अल्पविराम
35595	▁आईडीई
35596	▁उजल
35597	▁उन्नीस
35598	▁उपस्क्रिप्ट
35599	▁उबर
35600	▁ऊँटों
35601	▁एंटोन
35602	▁एमपीईजी
35603	▁एलीएजेर
35604	▁कड़वे
35605	▁कड़ाई
35606	▁कर्मेल
35607	▁कहनेवाले
35608	▁कामुक
35609	▁कार्यभार
35610	▁कालीन
35611	▁केआईजी
35612	▁केएक्ज़ाई
35613	▁क्रा
35614	▁क्रिस्चियन
35615	▁क्विब
35616	▁खटखटाया
35617	▁खीज
35618	▁खुच
35619	▁खोय
35620	▁गुच्छ
35621	▁गृहस्थी
35622	▁गेर्शोन
35623	▁गोफ
35624	▁ग्लेन
35625	▁घटाए
35626	▁घनिष्ट
35627	▁चहरे
35628	▁चार्
35629	▁चिढ़ा
35630	▁चिल्लाना
35631	▁छात्रों
35632	▁छुपाता
35633	▁जयकार
35634	▁जेठ
35635	▁जेनरेट
35636	▁ज्वार
35637	▁टाँग
35638	▁टिड्डी
35639	▁ठहरानेवाल
35640	▁डालूं
35641	▁ढ़ील
35642	▁ढाँप
35643	▁ताबे
35644	▁तोड़ों
35645	▁थाइलैंड
35646	▁दख़ल
35647	▁दणड
35648	▁दबोचा
35649	▁दमन
35650	▁दानव
35651	▁दीदी
35652	▁दुष्कर्म
35653	▁दोहराते
35654	▁धंधे
35655	▁धूपकाल
35656	▁नामीबिया
35657	▁निकालोगे
35658	▁निर्दयता
35659	▁पकड़वा
35660	▁परिवर्धक
35661	▁पलड़
35662	▁पहनकर
35663	▁पहरे
35664	▁पीटते
35665	▁पुनर्निर्देशन
35666	▁पुनर्स्थापित
35667	▁प्रवक्
35668	▁फॉर्क
35669	▁फ्रांसिस
35670	▁बचिए
35671	▁बछिया
35672	▁बढ़ाएँगे
35673	▁बढ़ानेवाला
35674	▁बताएँगे
35675	▁बांया
35676	▁बाइंड
35677	▁बूंद
35678	▁बेचार
35679	▁बेरुखी
35680	▁ब्राज़िल
35681	▁ब्लेंड
35682	▁भेजती
35683	▁मन्नतें
35684	▁मलिक
35685	▁मल्लाह
35686	▁मवेशी
35687	▁मिक्स
35688	▁मुजरिमों
35689	▁मुहा
35690	▁मोन्
35691	▁मौस
35692	▁यूएसबी
35693	▁रिका
35694	▁रिटर्न
35695	▁रेंज
35696	▁लहलहा
35697	▁लाएं
35698	▁लूकारिस
35699	▁वसूल
35700	▁विचित्र
35701	▁विन्डो
35702	▁व्यवसायी
35703	▁शटर
35704	▁संप्रेषण
35705	▁सप
35706	▁सलीम
35707	▁सुनाएँ
35708	▁सोल
35709	▁स्थानीयकृत
35710	▁स्नो
35711	▁स्पर्शज्या
35712	▁हत्यारों
35713	▁हिलाई
35714	-----
35715	620
35716	76
35717	91
35718	ACTS
35719	Ababa
35720	Brisbane
35721	DK
35722	Disc
35723	Dur
35724	FIND
35725	Fir
35726	HAS
35727	Isaac
35728	LIST
35729	Luanda
35730	NIC
35731	RAM
35732	Shanghai
35733	Snooze
35734	Tbilisi
35735	UH
35736	ality
35737	ano
35738	better
35739	breaking
35740	cloth
35741	concerning
35742	dad
35743	eli
35744	elle
35745	ethod
35746	garden
35747	guided
35748	hell
35749	ich
35750	lzo
35751	mena
35752	ncy
35753	ningrad
35754	past
35755	phu
35756	ptions
35757	raf
35758	reach
35759	rule
35760	sen
35761	thai
35762	umerous
35763	utheast
35764	voking
35765	wash
35766	zel
35767	zoomed
35768	ँए
35769	ंदा
35770	अक्ल
35771	अत्यन्
35772	अन्यजातियों
35773	अपमान
35774	आपने
35775	उत्तम
35776	उद
35777	उला
35778	कराहना
35779	कहो
35780	क़ैद
35781	कॉन्फ़
35782	कोड
35783	खुले
35784	ग्रह
35785	चतुर
35786	चीत
35787	ज़िया
35788	ज़ूर
35789	ट्रियल
35790	डकार
35791	तीं
35792	थप्
35793	दाब
35794	द्दी
35795	नुसार
35796	न्डी
35797	न्याह
35798	पार्ट
35799	बचाने
35800	बारा
35801	बियों
35802	बीज
35803	बुन्ट
35804	बोआ
35805	मदीद
35806	यूनुस
35807	रिख
35808	रोड
35809	र्डो
35810	र्तमान
35811	लक्षित
35812	लाईन
35813	लेंड
35814	शों
35815	ष्क
35816	सुरक्षा
35817	सॆ
35818	स्ट्रा
35819	स्पर
35820	स्लाव
35821	ाउट
35822	ाधिकारी
35823	ायाह
35824	िच
35825	िष
35826	ीरों
35827	ोनादी
35828	▁138
35829	▁1916
35830	▁1996)
35831	▁3"
35832	▁ADHD
35833	▁Abiding
35834	▁Animals
35835	▁Audi
35836	▁Autotools
35837	▁Barbados
35838	▁Bernard
35839	▁Buddhism
35840	▁CHRISTIAN
35841	▁Calcutta
35842	▁Chad
35843	▁Cloud
35844	▁Deletion
35845	▁Disconnecting
35846	▁Ebed
35847	▁Edomites
35848	▁Enhancement
35849	▁Esc
35850	▁Exponent
35851	▁Ezek
35852	▁Faure
35853	▁Feeds
35854	▁Fiji
35855	▁GP
35856	▁Gone
35857	▁Guam
35858	▁Hazor
35859	▁Hid
35860	▁Hyper
35861	▁Implement
35862	▁Inspired
35863	▁JUL
35864	▁Janet
35865	▁Jay
35866	▁Johnson
35867	▁Kish
35868	▁Kit
35869	▁Loved
35870	▁Luck
35871	▁Marker
35872	▁Mere
35873	▁Micro
35874	▁Mitch
35875	▁Mixer
35876	▁Moabite
35877	▁Neh
35878	▁Olive
35879	▁Olympic
35880	▁Ontario
35881	▁Qualities
35882	▁Regularly
35883	▁Sche
35884	▁Steven
35885	▁TODAY
35886	▁Tea
35887	▁Tiled
35888	▁Tobias
35889	▁Tracker
35890	▁Unload
35891	▁VIDEO
35892	▁Vector
35893	▁Zarephath
35894	▁adore
35895	▁advisers
35896	▁advocates
35897	▁angles
35898	▁arithmetic
35899	▁atheists
35900	▁athletic
35901	▁avatars
35902	▁avid
35903	▁bribes
35904	▁chorus
35905	▁cleanup
35906	▁collapses
35907	▁collars
35908	▁commandeth
35909	▁confesses
35910	▁contentiousness
35911	▁cursing
35912	▁dart
35913	▁defame
35914	▁demo
35915	▁demonstrations
35916	▁destroyer
35917	▁devotees
35918	▁disloyalty
35919	▁dragnet
35920	▁egotism
35921	▁enco
35922	▁engulf
35923	▁enlarges
35924	▁exaggerated
35925	▁excellency
35926	▁expenditure
35927	▁exploits
35928	▁fir
35929	▁glide
35930	▁grasping
35931	▁harps
35932	▁hesitated
35933	▁hive
35934	▁ignite
35935	▁imperative
35936	▁impulse
35937	▁inclining
35938	▁ingrained
35939	▁insensitive
35940	▁intimidate
35941	▁lectures
35942	▁lowercase
35943	▁masterpiece
35944	▁memorize
35945	▁mistreat
35946	▁mosaic
35947	▁narratives
35948	▁optical
35949	▁packet
35950	▁paw
35951	▁pigeons
35952	▁plough
35953	▁plowing
35954	▁policemen
35955	▁predicament
35956	▁projection
35957	▁reef
35958	▁resign
35959	▁semi
35960	▁shears
35961	▁shutdown
35962	▁similarity
35963	▁slit
35964	▁someday
35965	▁spreadsheet
35966	▁storehouse
35967	▁straighten
35968	▁strongholds
35969	▁surpass
35970	▁sympathize
35971	▁tangent
35972	▁tangible
35973	▁thunderstorm
35974	▁towering
35975	▁trueness
35976	▁turtle
35977	▁unchaste
35978	▁unfruitful
35979	▁unholy
35980	▁unlocked
35981	▁unmindful
35982	▁unusable
35983	▁verbs
35984	▁verification
35985	▁vernacular
35986	▁अजी
35987	▁अनन्य
35988	▁अनहोन
35989	▁अनाकोन्डा
35990	▁अनुकरणीय
35991	▁अपाहिज
35992	▁अफसरों
35993	▁अम्मोन
35994	▁आराधना
35995	▁ईडी
35996	▁उजाड़ने
35997	▁उतरवा
35998	▁उन्नतांश
35999	▁ऊरी
36000	▁एप्लेट
36001	▁एसएमटीपी
36002	▁ओक
36003	▁कंपा
36004	▁कलह
36005	▁कस्बे
36006	▁काग़ज
36007	▁कुचले
36008	▁कुल्हाड़ी
36009	▁कॉन्फ़िगुरेशन
36010	▁खंभा
36011	▁ख़ासी
36012	▁खींचो
36013	▁खूंटी
36014	▁खोखला
36015	▁खौफ़
36016	▁गिनने
36017	▁गुटों
36018	▁घुटन
36019	▁घुटा
36020	▁घुड़क
36021	▁चुराते
36022	▁छँट
36023	▁छुड़ानेवाले
36024	▁जमैका
36025	▁जानेगा
36026	▁जैब्बर
36027	▁जोड़ेंगे
36028	▁टूक
36029	▁ढूंढ़े
36030	▁तख्ता
36031	▁तन्
36032	▁दानि
36033	▁दिखाये
36034	▁दिल्ली
36035	▁दीर्ध
36036	▁धोइए
36037	▁धोके
36038	▁निगरानों
36039	▁नॉर्वे
36040	▁पत्तियों
36041	▁पाऊँगी
36042	▁पिलानेवाल
36043	▁प्रबन्धों
36044	▁प्रेक्षक
36045	▁फला
36046	▁फले
36047	▁बंदूकें
36048	▁बखान
36049	▁बडा
36050	▁बनाएगी
36051	▁बली
36052	▁बहकाकर
36053	▁बिगड़त
36054	▁बिस्तरों
36055	▁बूल
36056	▁बेचते
36057	▁बेटो
36058	▁बेड़े
36059	▁बेदखल
36060	▁बेलारूस
36061	▁बैंड
36062	▁बॉय
36063	▁बोरे
36064	▁भतीजे
36065	▁भुना
36066	▁मरनेवालों
36067	▁मरोगे
36068	▁मशग़
36069	▁मसा
36070	▁माइक्रोसेंकेंड
36071	▁माउंट
36072	▁मिलीसेंकेंड
36073	▁मीन
36074	▁मुआवज़ा
36075	▁मुच
36076	▁मैजिक
36077	▁मोन
36078	▁रगड़
36079	▁राग
36080	▁रेट
36081	▁रोए
36082	▁रोड
36083	▁लहज
36084	▁लॉयड
36085	▁लोबान
36086	▁वू
36087	▁वेलेंटाइन
36088	▁वैयक्
36089	▁व्यस्तता
36090	▁व्युत्क्रम
36091	▁संग्राहक
36092	▁संशोधनीय
36093	▁सकेंगें
36094	▁सकेत
36095	▁सरगर्म
36096	▁सर्पिल
36097	▁सिम्
36098	▁सीडर
36099	▁सीता
36100	▁स्पाइडर
36101	▁हजाएल
36102	▁हाशिए
36103	❍
36104	+0
36105	.7
36106	0-2
36107	1961
36108	2006)
36109	Anniversary
36110	BRA
36111	BUS
36112	Beloved
36113	Colombo
36114	Dakar
36115	Dumont
36116	Fit
36117	Graph
36118	Helsinki
36119	Hobart
36120	INT
36121	Jan
36122	Jeeves
36123	Kali
36124	Karachi
36125	Makkah
36126	Mi
36127	Murdo
36128	ORIG
36129	Offline
36130	Phoenix
36131	Postal
36132	State
36133	Wide
36134	Zagreb
36135	arrow
36136	ayland
36137	bearing
36138	bounteous
36139	ccerciser
36140	cell
36141	cellation
36142	emacs
36143	fil
36144	flag
36145	fou
36146	gave
36147	hab
36148	iaison
36149	male
36150	ools
36151	pattern
36152	pg
36153	pleasing
36154	primary
36155	protect
36156	righteousness
36157	sB
36158	serve
36159	shot
36160	stom
36161	tching
36162	tkhtml
36163	uching
36164	urge
36165	xclude
36166	zero
36167	ंसी
36168	आज़ार
36169	इफ
36170	उपद्रव
36171	ऑल
36172	कालिक
36173	किं
36174	कोटि
36175	क्रिसमस
36176	खच
36177	ख़ुशनुमा
36178	खायीं
36179	ग़ुज़ार
36180	ग्नो
36181	चिका
36182	छाड़
36183	ज़मा
36184	जुले
36185	ट्रेट
36186	तबाही
36187	तारीख़
36188	ताल
36189	दुख
36190	दैन
36191	नैरोबी
36192	प्राप्त
36193	फि
36194	बड़
36195	बहरापन
36196	बाउंड
36197	बेलफास्ट
36198	बेलम
36199	बोल
36200	भिन्न
36201	मयोट
36202	रक्षण
36203	रार
36204	रोमांचित
36205	लाठी
36206	लिप्ट
36207	लियत
36208	वीएनसी
36209	सरकार
36210	साबित
36211	सियोल
36212	हुद
36213	ायों
36214	ाशमान
36215	िड़ी
36216	ेजेर
36217	्लेयर
36218	्स्टेन
36219	▁(%1
36220	▁***
36221	▁1.5
36222	▁1997)
36223	▁410
36224	▁Achish
36225	▁André
36226	▁Announce
36227	▁Anxiety
36228	▁Appointed
36229	▁Assigne
36230	▁Augustus
36231	▁Aztec
36232	▁BG
36233	▁Basis
36234	▁Belong
36235	▁Bountiful
36236	▁Burk
36237	▁Cam
36238	▁Codec
36239	▁DID
36240	▁Dave
36241	▁Defend
36242	▁Definition
36243	▁Designed
36244	▁Diotrephes
36245	▁Divide
36246	▁Division
36247	▁Elah
36248	▁Emma
36249	▁Encrypting
36250	▁Ender
36251	▁Euro
36252	▁Everywhere
36253	▁Explorer
36254	▁Extreme
36255	▁Fortunately
36256	▁GObject
36257	▁Gdk
36258	▁Gibeonites
36259	▁Graphical
36260	▁Gypsy
36261	▁Handling
36262	▁Hephaistion
36263	▁Household
36264	▁Inches
36265	▁Jebusite
36266	▁Karbon
36267	▁Liv
36268	▁Marry
36269	▁Medina
36270	▁Migration
36271	▁Mission
36272	▁Missionaries
36273	▁Mt
36274	▁Munificent
36275	▁Napoleon
36276	▁Omri
36277	▁Particular
36278	▁Perizzite
36279	▁Phillips
36280	▁Postal
36281	▁Province
36282	▁Ramadan
36283	▁Ratio
36284	▁Rebuild
36285	▁Rectangle
36286	▁Remo
36287	▁SUM
36288	▁Sharmila
36289	▁Sudokus
36290	▁Terror
36291	▁Tuwa
36292	▁Useful
36293	▁Visited
36294	▁Wilt
36295	▁Yesterday
36296	▁acceptably
36297	▁accumulat
36298	▁ads
36299	▁aggravate
36300	▁bathing
36301	▁betwixt
36302	▁brew
36303	▁caregiver
36304	▁cartridge
36305	▁castle
36306	▁castles
36307	▁casualties
36308	▁catalog
36309	▁catastrophic
36310	▁comforter
36311	▁concentrated
36312	▁conductor
36313	▁conveying
36314	▁cooperative
36315	▁coworker
36316	▁customize
36317	▁decisively
36318	▁descripti
36319	▁despising
36320	▁dietary
36321	▁differentiate
36322	▁diminishing
36323	▁disunity
36324	▁div
36325	▁doubtful
36326	▁dower
36327	▁ellipsiz
36328	▁emptiness
36329	▁enrage
36330	▁evaluation
36331	▁exemplified
36332	▁eyewitness
36333	▁fairseeming
36334	▁faulty
36335	▁fearsome
36336	▁fenced
36337	▁flaw
36338	▁flipp
36339	▁football
36340	▁furnishings
36341	▁germs
36342	▁grander
36343	▁gratification
36344	▁grunt
36345	▁haul
36346	▁hay
36347	▁hospitably
36348	▁hut
36349	▁imposing
36350	▁impugn
36351	▁industrialize
36352	▁kine
36353	▁lain
36354	▁lending
36355	▁libg
36356	▁limbs
36357	▁lung
36358	▁lurch
36359	▁manifestations
36360	▁marrow
36361	▁memorized
36362	▁misconfigured
36363	▁monitored
36364	▁musicians
36365	▁notorious
36366	▁offscreen
36367	▁orchid
36368	▁organism
36369	▁pervasive
36370	▁populat
36371	▁pornographic
36372	▁rancour
36373	▁rebelling
36374	▁repairing
36375	▁repenting
36376	▁runtime
36377	▁scalp
36378	▁schemed
36379	▁scornful
36380	▁settlers
36381	▁sexes
36382	▁sift
36383	▁speck
36384	▁speculate
36385	▁spontaneous
36386	▁strait
36387	▁taxi
36388	▁trespassed
36389	▁troublesome
36390	▁twelfth
36391	▁tyrants
36392	▁unbelievable
36393	▁unblemished
36394	▁unconcerned
36395	▁vapor
36396	▁versed
36397	▁wedded
36398	▁workout
36399	▁अजन्म
36400	▁अदोनिरयाह
36401	▁अध्यवसाय
36402	▁अनलोड
36403	▁अबेदनगो
36404	▁अभिशाप
36405	▁अरतिमिस
36406	▁असहन
36407	▁असहनशीलता
36408	▁अस्थि
36409	▁अहीकाम
36410	▁आईएन
36411	▁आलेखी
36412	▁आल्ट
36413	▁इच्छानुसार
36414	▁ईतामार
36415	▁उजाल
36416	▁उज्जा
36417	▁उठाओगे
36418	▁उठान
36419	▁उपलब्धता
36420	▁उफ़
36421	▁उभारते
36422	▁एथेन्स
36423	▁ऑकुलर
36424	▁ऑप
36425	▁कद
36426	▁करवट
36427	▁करवाए
36428	▁कलेजा
36429	▁काँटा
36430	▁कामिल
36431	▁कालटिप्स
36432	▁कीलों
36433	▁कुड़कुड़ा
36434	▁कैदखान
36435	▁कैप
36436	▁कोटि
36437	▁कोलाब
36438	▁कौर
36439	▁खल
36440	▁खुलता
36441	▁खोएगा
36442	▁ख्वान
36443	▁गुठल
36444	▁गोदाम
36445	▁चपरास
36446	▁चराते
36447	▁चाबी
36448	▁छल्ले
36449	▁जनाब
36450	▁ज़ज़
36451	▁जॉर्जिया
36452	▁झपकन
36453	▁टीके
36454	▁ठहरती
36455	▁ठहरायी
36456	▁डिरेक्ट्रीज़
36457	▁डैट
36458	▁ढाँचे
36459	▁थर
36460	▁दर्पण
36461	▁दिखावे
36462	▁दुल्हिन
36463	▁दोबार
36464	▁धान
36465	▁नतन
36466	▁नाइरोबी
36467	▁नाट्
36468	▁निःसन्देह
36469	▁नोक
36470	▁पक्षपाती
36471	▁पतापुस्तिका
36472	▁परिभाषाओं
36473	▁पर्यटक
36474	▁पलटेगा
36475	▁पवित्रशास्त्र
36476	▁पसीने
36477	▁पार्स
36478	▁पाली
36479	▁पिटाई
36480	▁पुकारोगे
36481	▁पुतली
36482	▁पूर्वकाल
36483	▁प्रक्रियाओं
36484	▁प्रतिद्वंद्वी
36485	▁प्रदीप
36486	▁प्रयोगशाला
36487	▁प्रर्दशन
36488	▁फफूँदी
36489	▁फलो
36490	▁फ़्लैश
36491	▁फ्रांसिस्को
36492	▁फ्रेड
36493	▁बँटाने
36494	▁बचाएँगे
36495	▁बलात्कारी
36496	▁बाइट्स
36497	▁बारूद
36498	▁बाल्सा
36499	▁बिगाड़ते
36500	▁बुकलेट
36501	▁बेनिन
36502	▁बैन
36503	▁बोन
36504	▁ब्लाक
36505	▁भक्तिहीन
36506	▁भट्ठ
36507	▁भत्ता
36508	▁भारक
36509	▁भुर
36510	▁भूलभुलैया
36511	▁मक्खन
36512	▁मजम
36513	▁मनायी
36514	▁मरोड़कर
36515	▁महलों
36516	▁महिन
36517	▁माकीर
36518	▁मिस्टर
36519	▁मुम
36520	▁मूड
36521	▁मूत्र
36522	▁मूलाधार
36523	▁मेव
36524	▁मैग्न
36525	▁याददाश्त
36526	▁राजकुमारों
36527	▁रिंग
36528	▁रेफ
36529	▁लंगड़ा
36530	▁लगवाना
36531	▁लिखेंगे
36532	▁लेबल्स
36533	▁लोडर
36534	▁लोप
36535	▁लोम
36536	▁विकिरण
36537	▁शर्मिला
36538	▁शहरी
36539	▁शान्तिपूर्ण
36540	▁शूशन
36541	▁शोले
36542	▁शौच
36543	▁संग्रहालय
36544	▁संजीवि
36545	▁संभोग
36546	▁संस्थापक
36547	▁सत्रों
36548	▁सबटाइटल
36549	▁समानताएँ
36550	▁सर्वसत्ताधारी
36551	▁सहस्राब्दि
36552	▁सां
36553	▁सिमट
36554	▁सिरा
36555	▁सुहावनी
36556	▁सूचीकरण
36557	▁सौंपना
36558	▁स्नेपशॉट
36559	▁स्पलाइन
36560	▁स्प्लैश
36561	▁स्वरूपण
36562	▁हुद
36563	▁होशियारी
36564	/4
36565	1.4
36566	256
36567	39
36568	66
36569	Alarm
36570	Anchorage
36571	Bible
36572	Die
36573	Extension
36574	Faeroe
36575	Know
36576	Lusaka
36577	Maputo
36578	Mexico
36579	OL
36580	Oslo
36581	Paz
36582	Steinberg
36583	Until
36584	Ve
36585	Without
36586	accurate
36587	anger
36588	build
36589	buk
36590	chin
36591	cibly
36592	cular
36593	enabled
36594	estim
36595	invalid
36596	libgnome
36597	mouth
36598	nothing
36599	olour
36600	otic
36601	pagans
36602	popup
36603	pound
36604	prove
36605	rbi
36606	shua
36607	special
36608	stein
36609	supplied
36610	terior
36611	thinking
36612	umbling
36613	ंज़
36614	अज़ीज़
36615	अबाबा
36616	अमरीका
36617	अम्मान
36618	अस
36619	उलट
36620	किताबों
36621	क्यूए
36622	ख़रीद
36623	गहरा
36624	चरण
36625	जुस्त
36626	त्रुटि
36627	दै
36628	नहस
36629	नीचे
36630	नून
36631	नैन
36632	परिधि
36633	पशु
36634	बढ़कर
36635	बलिपशु
36636	बिरंग
36637	बोदे
36638	भली
36639	मेहरबानी
36640	मौरी
36641	यहूदा
36642	यास
36643	यूशा
36644	यॉन
36645	रदानी
36646	रदार
36647	लगी
36648	वाक़ई
36649	वाजिब
36650	विरोधी
36651	शिला
36652	सम्पादक
36653	सूद
36654	सोफिया
36655	हालत
36656	ांव
36657	ाइमी
36658	िप्रोक
36659	ियाली
36660	ुटी
36661	ॊं
36662	६५
36663	▁(18
36664	▁107
36665	▁15,000
36666	▁1998)
36667	▁20.)
36668	▁401
36669	▁44,
36670	▁537
36671	▁Achan
36672	▁Apocalypse
36673	▁Arabian
36674	▁Autogenerate
36675	▁Canceled
36676	▁Capital
36677	▁Carlos
36678	▁Compound
36679	▁Conferencing
36680	▁Cuba
36681	▁Daemon
36682	▁Dawn
36683	▁Deer
36684	▁Desire
36685	▁Destroyed
36686	▁Devotion
36687	▁Discuss
36688	▁Drawn
36689	▁ED
36690	▁Eliminat
36691	▁Extensions
36692	▁Fat
36693	▁Fern
36694	▁Fuzzy
36695	▁GR
36696	▁Gay
36697	▁Gulf
36698	▁Injustice
36699	▁Ithamar
36700	▁Jackson
36701	▁Kaf
36702	▁Known
36703	▁Lover
36704	▁Machir
36705	▁Maldives
36706	▁Meditate
36707	▁NEW
36708	▁Nathanael
36709	▁Olsen
36710	▁Opposite
36711	▁Optimized
36712	▁Pl
36713	▁Placed
36714	▁Proposal
36715	▁Sentence
36716	▁Shim
36717	▁Sl
36718	▁Stark
36719	▁Station
36720	▁Suggestion
36721	▁Sustain
36722	▁Swaziland
36723	▁TED
36724	▁Tel
36725	▁Thyatira
36726	▁Tidings
36727	▁Timor
36728	▁Trade
36729	▁Unsigned
36730	▁Validate
36731	▁Warrior
36732	▁Wipe
36733	▁accountability
36734	▁actuat
36735	▁adapted
36736	▁anaconda
36737	▁assumptions
36738	▁avenged
36739	▁bald
36740	▁bandwidth
36741	▁basins
36742	▁befitting
36743	▁betel
36744	▁blending
36745	▁boiled
36746	▁borrower
36747	▁borrowing
36748	▁brackets
36749	▁breakup
36750	▁brokenhearted
36751	▁carpet
36752	▁cleric
36753	▁coincidence
36754	▁colt
36755	▁compute
36756	▁conjectures
36757	▁contentions
36758	▁crashes
36759	▁crosses
36760	▁damned
36761	▁deb
36762	▁debauchery
36763	▁decli
36764	▁deepens
36765	▁defective
36766	▁degrade
36767	▁denunciation
36768	▁designate
36769	▁detached
36770	▁detrimental
36771	▁displaced
36772	▁dogmatic
36773	▁dregs
36774	▁elected
36775	▁embellished
36776	▁emerging
36777	▁enclosed
36778	▁encompassing
36779	▁engineers
36780	▁envision
36781	▁exterminate
36782	▁fairy
36783	▁fossil
36784	▁gloss
36785	▁hazardous
36786	▁headaches
36787	▁heave
36788	▁hillside
36789	▁hin
36790	▁horrors
36791	▁immature
36792	▁impostors
36793	▁inattentive
36794	▁ingathering
36795	▁initialization
36796	▁insidious
36797	▁landmark
36798	▁lewd
36799	▁looketh
36800	▁mainstream
36801	▁miserly
36802	▁murderers
36803	▁nutrients
36804	▁nutritious
36805	▁outpouring
36806	▁overeating
36807	▁overreact
36808	▁palette
36809	▁parched
36810	▁portable
36811	▁powerfully
36812	▁quenched
36813	▁rabbi
36814	▁reactor
36815	▁reincarnation
36816	▁riders
36817	▁rig
36818	▁shameless
36819	▁sickle
36820	▁signifies
36821	▁snapped
36822	▁sorrowful
36823	▁spike
36824	▁stamped
36825	▁stamps
36826	▁stems
36827	▁subvert
36828	▁supervise
36829	▁surplus
36830	▁synchronized
36831	▁syncing
36832	▁terrorists
36833	▁throngs
36834	▁torches
36835	▁txt
36836	▁unchecked
36837	▁uneasy
36838	▁unsure
36839	▁variously
36840	▁waging
36841	▁weakening
36842	▁ype
36843	▁अंग्रेज़
36844	▁अड़चन
36845	▁अनुगाम
36846	▁अनुशास
36847	▁अन्दाज
36848	▁अशदोद
36849	▁अस्पतालों
36850	▁आँखोंवाल
36851	▁आमे
36852	▁आवाज़े
36853	▁आशाओं
36854	▁इलया
36855	▁उतावला
36856	▁उनही
36857	▁एकबार
36858	▁एफटीपी
36859	▁ऑक्ट
36860	▁ऑप्टीमाइज़
36861	▁ओढ़ा
36862	▁ओबलास्ट
36863	▁कट्टरपंथी
36864	▁कम्पनी
36865	▁करोगी
36866	▁क़ब
36867	▁क़िताब
36868	▁कुर्ते
36869	▁कुलः
36870	▁कॉन्फिग
36871	▁क्यूबा
36872	▁क्रिकेट
36873	▁क्रोन
36874	▁गूंगे
36875	▁गॉव
36876	▁घसीटकर
36877	▁घूमना
36878	▁चढ़ाओ
36879	▁चिट्ठा
36880	▁चित्रकार
36881	▁चित्रण
36882	▁चीत
36883	▁चुकाएगा
36884	▁चेन
36885	▁छिद
36886	▁छिपते
36887	▁छुडा
36888	▁जड़े
36889	▁ज़ोरावर
36890	▁जागत
36891	▁जुलना
36892	▁जुला
36893	▁जॆरोम
36894	▁जेर
36895	▁जेवर
36896	▁टमाटर
36897	▁टिकने
36898	▁टेरेस
36899	▁ट्रेक
36900	▁डरेंगे
36901	▁डरेगा
36902	▁डेरों
36903	▁तना
36904	▁तीख
36905	▁तृतीय
36906	▁दिखाओगे
36907	▁दिवा
36908	▁दीनी
36909	▁दुकानदार
36910	▁दुराचारी
36911	▁दोज़ख
36912	▁द्रव
36913	▁धावक
36914	▁धौंस
36915	▁नथन
36916	▁नारा
36917	▁नालों
36918	▁नाहोर
36919	▁निरसित
36920	▁नुमा
36921	▁न्यूज़वीक
36922	▁पगड़ी
36923	▁पठार
36924	▁पतियो
36925	▁पहेले
36926	▁पाऊं
36927	▁पास्कल
36928	▁पुजारी
36929	▁पुस्तिकाएँ
36930	▁पूजत
36931	▁पैंट
36932	▁प्रोफ़ॆसर
36933	▁फिनिश
36934	▁बत्तीस
36935	▁बदसूरत
36936	▁बनाम
36937	▁बागी
36938	▁बान्धो
36939	▁बावला
36940	▁बिटवाइ
36941	▁बिली
36942	▁बीटा
36943	▁बुलबुले
36944	▁बेहूद
36945	▁बोर्डिंग
36946	▁ब्रेकपाइन्ट
36947	▁भरपाई
36948	▁भूली
36949	▁मरण
36950	▁मरीब
36951	▁महज
36952	▁माइक्रोफोन
36953	▁मात्राओं
36954	▁मारती
36955	▁माल्टा
36956	▁मिठाई
36957	▁मिशना
36958	▁मृतक
36959	▁मेशक
36960	▁मेहमाननवाज़
36961	▁मोनो
36962	▁यबूसी
36963	▁याजकपद
36964	▁यूनिट
36965	▁योगदानकर्ता
36966	▁राजदण्ड
36967	▁राहगीर
36968	▁रिवाज
36969	▁रीयल्म
36970	▁रूग
36971	▁रेंग
36972	▁लिखूं
36973	▁लुढ़क
36974	▁लौटाने
36975	▁वहशी
36976	▁वाच
36977	▁वानर
36978	▁विद्यालय
36979	▁वीं
36980	▁शद्रक
36981	▁शबे
36982	▁सत्हृदय
36983	▁सर्जक
36984	▁सहमे
36985	▁सहो
36986	▁सारंगी
36987	▁सिनेमा
36988	▁सीव
36989	▁सुलझाना
36990	▁सूझती
36991	▁सॉल
36992	▁हस्तियों
36993	▁हांगकांग
36994	▁हाउ
36995	▁हाज
36996	▁हिस
36997	!--
36998	+/-
36999	44
37000	AF
37001	Anyone
37002	Beirut
37003	Belgrade
37004	Caracas
37005	Compress
37006	Creek
37007	Dhaka
37008	EVER
37009	Filename
37010	Honolulu
37011	Http
37012	IGHT
37013	Job
37014	Kifl
37015	Marquesas
37016	Mendoza
37017	Monrovia
37018	Mouse
37019	Multiple
37020	Penh
37021	Phnom
37022	Recipients
37023	SP
37024	Skopje
37025	Stand
37026	Tehran
37027	True
37028	Unsort
37029	Url
37030	Whenever
37031	Zurich
37032	acao
37033	balsa
37034	ecompress
37035	fo
37036	focal
37037	fonts
37038	front
37039	height
37040	lder
37041	lose
37042	meat
37043	metric
37044	mission
37045	owed
37046	period
37047	recoverabl
37048	riving
37049	rville
37050	sanity
37051	semble
37052	sexual
37053	uli
37054	verride
37055	version
37056	whose
37057	ú
37058	ँस
37059	अज़
37060	अफ़
37061	असत्य
37062	आलम
37063	ऑडियो
37064	कंप
37065	कमतर
37066	काठमांड
37067	काबुल
37068	काबू
37069	कैन
37070	कैम्ब्रिज
37071	क्क़त
37072	क्षैतिज
37073	ख़र्ची
37074	गहरी
37075	चक्र
37076	चारो
37077	चिन्त
37078	ज़िना
37079	ज़िन्दगी
37080	जुलत
37081	टियां
37082	टेक
37083	ठिकाना
37084	डार
37085	दिली
37086	दुनियावी
37087	धृत
37088	नास
37089	निहायत
37090	नूर
37091	पिंग
37092	पुटो
37093	फता
37094	फिरता
37095	फोड़
37096	बि
37097	मथ
37098	मर्थित
37099	माको
37100	मामले
37101	मुस्लिम
37102	याक़ूब
37103	यादगारें
37104	यिक
37105	राने
37106	रौनक़
37107	लिवर
37108	लोस
37109	वरशासन
37110	वर्तन
37111	विधि
37112	वैसा
37113	शरारत
37114	शेख़ी
37115	सन्स
37116	समझने
37117	समाचार
37118	सम्मत
37119	साज़
37120	साध्य
37121	सिफ़ारिश
37122	सुन्दर
37123	सुलैमान
37124	सोने
37125	स्टाइन
37126	हिस्सा
37127	हुकूमत
37128	ाँएगे
37129	िति
37130	ीऊर
37131	ीनो
37132	ैबिय
37133	ोटा
37134	ोबिया
37135	४९
37136	७००
37137	८००
37138	८७
37139	९००
37140	▁"%3"
37141	▁2001"
37142	▁66:
37143	▁Abednego
37144	▁Abiram
37145	▁Amasa
37146	▁Amorite
37147	▁Ava
37148	▁Batch
37149	▁Bella
37150	▁Birds
37151	▁Booth
37152	▁Brunei
37153	▁Builder
37154	▁CASE
37155	▁COUNT
37156	▁Commander
37157	▁Darkness
37158	▁Determined
37159	▁Diet
37160	▁Disciples
37161	▁Door
37162	▁Dwell
37163	▁Easing
37164	▁Elderly
37165	▁Exceptions
37166	▁Flush
37167	▁Geba
37168	▁Gera
37169	▁Golf
37170	▁Goodness
37171	▁Gre
37172	▁HOME
37173	▁Holocaust
37174	▁Intervals
37175	▁Jennifer
37176	▁Jok
37177	▁Jubilee
37178	▁KING
37179	▁KPresenter
37180	▁Kobe
37181	▁Kra
37182	▁Lawrence
37183	▁Macmillan
37184	▁Mystery
37185	▁Nazarene
37186	▁Nurse
37187	▁Orient
37188	▁Pascal
37189	▁Pursuing
37190	▁Qatar
37191	▁Rabshakeh
37192	▁Registry
37193	▁Replied
37194	▁Requital
37195	▁Roy
37196	▁Scythian
37197	▁Shear
37198	▁Shutter
37199	▁Sieve
37200	▁Silver
37201	▁Stick
37202	▁Stocks
37203	▁Suicide
37204	▁Telescope
37205	▁Trevor
37206	▁Tunneling
37207	▁Warm
37208	▁Wear
37209	▁Wilson
37210	▁YOUNG
37211	▁Yankee
37212	▁Zakah
37213	▁Ziba
37214	▁[10
37215	▁acce
37216	▁affectionate
37217	▁agitated
37218	▁associators
37219	▁bake
37220	▁barracks
37221	▁bethink
37222	▁blatant
37223	▁bondservant
37224	▁bountifully
37225	▁bur
37226	▁circulate
37227	▁cleaner
37228	▁cognisant
37229	▁contradictions
37230	▁cosm
37231	▁demeaning
37232	▁dependence
37233	▁despicable
37234	▁doubters
37235	▁drunkard
37236	▁durable
37237	▁dynasty
37238	▁eased
37239	▁encamp
37240	▁enchantment
37241	▁equator
37242	▁exams
37243	▁explode
37244	▁fairer
37245	▁federal
37246	▁flatter
37247	▁gangs
37248	▁grove
37249	▁headedness
37250	▁hemoglobin
37251	▁housetop
37252	▁illuminate
37253	▁infamous
37254	▁initialized
37255	▁initiation
37256	▁inquiring
37257	▁insulted
37258	▁interrogation
37259	▁judgmental
37260	▁keypresses
37261	▁lace
37262	▁laundry
37263	▁levelled
37264	▁literary
37265	▁logfile
37266	▁luxuries
37267	▁manufacturer
37268	▁martial
37269	▁meager
37270	▁mortality
37271	▁mutation
37272	▁negatively
37273	▁nightfall
37274	▁oblast
37275	▁occupancy
37276	▁offences
37277	▁onslaught
37278	▁organisms
37279	▁outsiders
37280	▁parentheses
37281	▁peaceably
37282	▁philosophical
37283	▁pleas
37284	▁pretext
37285	▁principally
37286	▁probe
37287	▁propose
37288	▁pus
37289	▁quarreling
37290	▁quarrelsome
37291	▁raced
37292	▁ration
37293	▁razor
37294	▁rearrang
37295	▁recital
37296	▁remission
37297	▁reviled
37298	▁ripen
37299	▁sermons
37300	▁servicing
37301	▁snap
37302	▁stabilize
37303	▁stalks
37304	▁starve
37305	▁stink
37306	▁sunder
37307	▁tighten
37308	▁trembled
37309	▁trench
37310	▁unanswered
37311	▁unified
37312	▁unimplemented
37313	▁unruly
37314	▁uproot
37315	▁vex
37316	▁vouchsafe
37317	▁wagons
37318	▁whistle
37319	▁wildlife
37320	▁अज़ा
37321	▁अड्डा
37322	▁अधम
37323	▁अधिकृत
37324	▁अफसान
37325	▁अभिदान
37326	▁अमूल्य
37327	▁अविश्वासियों
37328	▁अविश्वासी
37329	▁अहिरयाह
37330	▁इंटरप्ट
37331	▁इट
37332	▁इलाक़
37333	▁इलाह
37334	▁उकसाने
37335	▁उतारना
37336	▁उभारेगा
37337	▁उलाहन
37338	▁ऊंटों
37339	▁एचआईवी
37340	▁एचपी
37341	▁एदोमी
37342	▁एयर
37343	▁कंपोज
37344	▁कप्स
37345	▁कम्बोडिया
37346	▁करवाते
37347	▁कष्टों
37348	▁कहनेवाला
37349	▁क़िस्में
37350	▁कादेश
37351	▁कार्यस्थल
37352	▁कीबाइंडिंग
37353	▁कृतध्न
37354	▁कोड़ा
37355	▁कौड़
37356	▁कौवे
37357	▁क्लैर
37358	▁क्वॉ
37359	▁ख़जाना
37360	▁ख़ासा
37361	▁ख़ु
37362	▁खिलाई
37363	▁गदहों
37364	▁गधा
37365	▁गेम्स
37366	▁गोरी
37367	▁ग्रेजुएशन
37368	▁घु
37369	▁चावल
37370	▁चाहोगे
37371	▁चिटि्ठयां
37372	▁छंट
37373	▁छुट्टियाँ
37374	▁जलाल
37375	▁ज़ंग
37376	▁जीवतों
37377	▁जेएस
37378	▁जैविक
37379	▁टैक्सी
37380	▁ठुकराकर
37381	▁डण्डों
37382	▁डमी
37383	▁डांस
37384	▁डाइ
37385	▁ढूंढे
37386	▁तापो
37387	▁तिल
37388	▁त्रासदी
37389	▁थकते
37390	▁दंगा
37391	▁नफीस
37392	▁नीम
37393	▁नोच
37394	▁नोटिस
37395	▁पकड़ते
37396	▁पड़ेगें
37397	▁पढ़नेवालों
37398	▁पढा
37399	▁पन्द्रह
37400	▁पहिनने
37401	▁पारी
37402	▁पैटरसन
37403	▁प्रतीकः
37404	▁प्रशंसक
37405	▁प्रेमिका
37406	▁प्लॉट
37407	▁फरात
37408	▁फ़िल्टरिंग
37409	▁फ़्लॉपी
37410	▁फाइ
37411	▁फुसफुसा
37412	▁फूंका
37413	▁फेफड़
37414	▁फो
37415	▁फ्ला
37416	▁फ्लायड
37417	▁फ्लैशकार्ड
37418	▁बचोगे
37419	▁बड़
37420	▁बतला
37421	▁बत्ती
37422	▁बद्
37423	▁बरती
37424	▁बर्दाश्
37425	▁बलसान
37426	▁बहिनों
37427	▁बानी
37428	▁बास्क
37429	▁बॆ
37430	▁बोस्निया
37431	▁ब्रज़िल
37432	▁मकर
37433	▁मची
37434	▁मनोविज्ञान
37435	▁मल्
37436	▁मसूर
37437	▁माँओ
37438	▁मिरैन्डो
37439	▁मूक
37440	▁मूर
37441	▁मॉगा
37442	▁मोहताजी
37443	▁याफा
37444	▁यूनीके
37445	▁यूरो
37446	▁रल
37447	▁रिवर्सी
37448	▁रोओ
37449	▁लगानेवाला
37450	▁लहरा
37451	▁लिंक्स
37452	▁लिथुआनिया
37453	▁लिय
37454	▁लॉजिक
37455	▁वाइरस
37456	▁शर्ट
37457	▁शस्त्रों
37458	▁शूनेम
37459	▁संहार
37460	▁सकेगें
37461	▁सड़ी
37462	▁सनसनीखेज
37463	▁सन्दर्भ
37464	▁सयान
37465	▁सहचर
37466	▁साई
37467	▁साक्षात्
37468	▁सूडान
37469	▁सैंड
37470	▁सौगंध
37471	▁स्टाइनबर्ग
37472	▁स्टेन
37473	▁स्लेटी
37474	▁हंसमुख
37475	▁हठधर्मी
37476	▁हनी
37477	▁हादस
37478	▁हिन्दुस्तान
37479	▁हेडर्स
37480	▁हेपेटाइटिस
37481	▁होंगें
37482	199
37483	539
37484	Antananarivo
37485	Azores
37486	Cause
37487	Christmas
37488	Delivered
37489	Douala
37490	Embark
37491	Epoch
37492	FUL
37493	Fe
37494	Fortaleza
37495	France
37496	Gambier
37497	Guayaquil
37498	Halifax
37499	Ivoire
37500	Large
37501	Midway
37502	Moresby
37503	POT
37504	Salaam
37505	Samar
37506	San
37507	Timeout
37508	Wake
37509	Ya
37510	Zip
37511	allow
37512	anyone
37513	assar
37514	bane
37515	bashi
37516	big
37517	bow
37518	caption
37519	could
37520	craft
37521	ensor
37522	feature
37523	flux
37524	former
37525	fused
37526	gilead
37527	horn
37528	hud
37529	hut
37530	immediately
37531	iro
37532	lagged
37533	later
37534	main
37535	myself
37536	pil
37537	ple
37538	recommended
37539	return
37540	rowse
37541	said
37542	solid
37543	tender
37544	tribe
37545	truly
37546	unset
37547	uzz
37548	wicked
37549	अदिस
37550	अमदन
37551	अम्र
37552	अलबत्ता
37553	असना
37554	आजिज़
37555	आदर
37556	आश
37557	इन्तज़ाम
37558	इन्तेज़ाम
37559	इन्साफ
37560	इबरत
37561	इबलीस
37562	इसराफ़ील
37563	ईमानवालों
37564	उनज़ुरना
37565	एंटिगुआ
37566	एतदाल
37567	एन्कर
37568	ऑं
37569	कलमा
37570	कलैंड
37571	क़ब्रों
37572	क़िया
37573	क़िस
37574	किताबे
37575	कीय
37576	कृति
37577	क्के
37578	ख़ब
37579	ख़लासी
37580	ख़ाब
37581	ख़िज्र
37582	ख़ुदावन्दा
37583	ख़ून
37584	ख्याल
37585	ख्याली
37586	गड़ा
37587	ग़नीमत
37588	ग़रक
37589	ग़ीब
37590	ग़ुज़र
37591	ग़ैब
37592	ग़ौर
37593	गीत
37594	ग्लो
37595	घटना
37596	घृणित
37597	चुर्ण
37598	चोंगकिंग
37599	ज़माने
37600	ज़हूर
37601	ज़ैद
37602	जागते
37603	जामिन
37604	जिहालत
37605	टकरा
37606	टेज़
37607	ट्रिया
37608	डेनवर
37609	ढ़ंग
37610	णी
37611	तबाह
37612	तमन्नाओं
37613	तमाशा
37614	ताइपे
37615	ताबेए
37616	तेहरान
37617	तेहान
37618	तौहीद
37619	दण्ड
37620	दर्शन
37621	दिल्लगी
37622	दुबई
37623	दुरूद
37624	दुशमन
37625	देखे
37626	नाबूद
37627	निफ़ाक
37628	निशानियाँ
37629	नीया
37630	नुआ
37631	नोवो
37632	न्तिक
37633	न्स्
37634	पारिश्रामिक
37635	पीडी
37636	पुत्र
37637	प्रवृत्त
37638	प्रेजेन्ट
37639	फतेह
37640	फ़रीक़
37641	फूलो
37642	फेरकर
37643	फ्रीटाउन
37644	बंदूक
37645	बदन
37646	बदहवास
37647	बन्दी
37648	बर्न
37649	बस्ती
37650	बहिश्त
37651	बाग़ो
37652	बारगाहे
37653	बारे
37654	बॆ
37655	बेक़रार
37656	बेटे
37657	बेताम्मुल
37658	बेसाख्ता
37659	बेहतर
37660	मनीला
37661	मस्जिदे
37662	मास्को
37663	मिला
37664	मिलेनियम
37665	मुटाव
37666	मेव
37667	मेहरबान
37668	यरूशलेम
37669	याप
37670	याफ्त
37671	रीगा
37672	रूई
37673	रोज़े
37674	लाज़िम
37675	लिक़
37676	लिये
37677	वग़ैरह
37678	वसनीयता
37679	वाज़ी
37680	विज्ञानी
37681	विन्य
37682	वीरान
37683	शिप
37684	श्री
37685	सज़ावार
37686	सरकश
37687	सरतापा
37688	सायल
37689	सीओ
37690	स्कोप
37691	हफ़सा
37692	हमपर
37693	हीनता
37694	हुक्मे
37695	हुदहुद
37696	़सरत
37697	़ाफ़
37698	ाचार
37699	िंट
37700	िबल
37701	िलक़ीस
37702	ीत्व
37703	ुशखबरी
37704	ूसत
37705	ॅसा
37706	ोहड़
37707	्गर
37708	्तियार
37709	्तेहा
37710	्रम
37711	्सक
37712	▁03
37713	▁1900
37714	▁Angeles
37715	▁Bani
37716	▁Boss
37717	▁Bound
37718	▁Brace
37719	▁COME
37720	▁Claudius
37721	▁Collecting
37722	▁Conquer
37723	▁Constants
37724	▁Cord
37725	▁DOM
37726	▁Decimal
37727	▁Dishon
37728	▁Distinguish
37729	▁Entries
37730	▁Exaltation
37731	▁Film
37732	▁Frequently
37733	▁Fun
37734	▁GPG
37735	▁Hinnom
37736	▁Ignored
37737	▁Imperfect
37738	▁Inactive
37739	▁Included
37740	▁Isle
37741	▁Jebusites
37742	▁Jehoahaz
37743	▁LOVE
37744	▁Labor
37745	▁Lucaris
37746	▁Massachusetts
37747	▁Matches
37748	▁NOTE
37749	▁Overcast
37750	▁Pra
37751	▁Preset
37752	▁Ryan
37753	▁SA
37754	▁SD
37755	▁Scaled
37756	▁Serbia
37757	▁Sita
37758	▁Stefan
37759	▁TIFF
37760	▁Talking
37761	▁Temperature
37762	▁Thames
37763	▁Timeline
37764	▁ToDo
37765	▁UDP
37766	▁Uppercase
37767	▁Uz
37768	▁Valgrind
37769	▁WOMAN
37770	▁Whither
37771	▁Widow
37772	▁Worst
37773	▁Zacchaeus
37774	▁Zones
37775	▁[6
37776	▁abortions
37777	▁accusers
37778	▁aliens
37779	▁almsgiving
37780	▁bequeath
37781	▁beverage
37782	▁bloggers
37783	▁blunt
37784	▁boils
37785	▁bouts
37786	▁chickens
37787	▁chicks
37788	▁chronology
37789	▁circulated
37790	▁consolingly
37791	▁conspicuous
37792	▁cosmetic
37793	▁defenseless
37794	▁defiant
37795	▁dependable
37796	▁deputy
37797	▁detained
37798	▁dictated
37799	▁disgust
37800	▁dispense
37801	▁downfall
37802	▁economically
37803	▁educators
37804	▁efface
37805	▁encroach
37806	▁enlighten
37807	▁entertaining
37808	▁exponent
37809	▁fastest
37810	▁fooled
37811	▁grandsons
37812	▁holder
37813	▁hula
37814	▁impresse
37815	▁inborn
37816	▁inexpensive
37817	▁jars
37818	▁judgeth
37819	▁lately
37820	▁lice
37821	▁malnutrition
37822	▁mapping
37823	▁marching
37824	▁nap
37825	▁needless
37826	▁noun
37827	▁obesity
37828	▁obscured
37829	▁overpowered
37830	▁overview
37831	▁ownership
37832	▁paintings
37833	▁passionate
37834	▁plaster
37835	▁pole
37836	▁presumptuously
37837	▁pseudo
37838	▁pulse
37839	▁radian
37840	▁referenced
37841	▁regional
37842	▁ribs
37843	▁rounded
37844	▁samayik
37845	▁sandwich
37846	▁sculpture
37847	▁seminar
37848	▁sensation
37849	▁slandering
37850	▁solicit
37851	▁splendour
37852	▁sprouts
37853	▁stool
37854	▁stove
37855	▁suitcase
37856	▁supplicated
37857	▁swells
37858	▁tailor
37859	▁technological
37860	▁terrifying
37861	▁transaction
37862	▁transmitting
37863	▁unchristian
37864	▁unhappiness
37865	▁unpunished
37866	▁valour
37867	▁varies
37868	▁visibly
37869	▁weaned
37870	▁withdrawal
37871	▁wreak
37872	▁wrestle
37873	▁yeast
37874	▁अँधर
37875	▁अंगुली
37876	▁अंडों
37877	▁अच्छ
37878	▁अतल्याह
37879	▁अनभिज्ञ
37880	▁अनातोत
37881	▁अनादि
37882	▁अफ़स
37883	▁अब्द
37884	▁असंयमी
37885	▁आएँगें
37886	▁आज़माएँ
37887	▁आज़र
37888	▁आदिल
37889	▁आरोग्य
37890	▁आशनाई
37891	▁इंटरनैशनल
37892	▁इत्तेला
37893	▁इफ्फ़त
37894	▁इमदाद
37895	▁ईमानदारो
37896	▁उठाएंगे
37897	▁उत्तरदायित्व
37898	▁उद्धरित
37899	▁उनवान
37900	▁उम्म
37901	▁उल्लू
37902	▁एकाध
37903	▁एख़ते
37904	▁एहलो
37905	▁ओढ़े
37906	▁औंध
37907	▁कंधा
37908	▁कन्धा
37909	▁कपटाचार
37910	▁करवाता
37911	▁करूणामय
37912	▁कर्क
37913	▁कहेंगा
37914	▁क़तआ
37915	▁क़दरदान
37916	▁क़न्दील
37917	▁क़राबत
37918	▁क़हा
37919	▁क़ाफ़िल
37920	▁क़ाफ़िले
37921	▁कारसतानिय
37922	▁कुरआ
37923	▁केन्द्रीय
37924	▁केरल
37925	▁केविन
37926	▁कोज्या
37927	▁कौंध
37928	▁खजूरें
37929	▁खड़खड़ानेवाली
37930	▁खम्भा
37931	▁खरन्जे
37932	▁ख़न्दक़
37933	▁ख़ब
37934	▁ख़बरे
37935	▁ख़लीफ
37936	▁ख़़ुश
37937	▁ख़ाकसार
37938	▁ख़ाता
37939	▁ख़ेम
37940	▁ख़ैरख्वाह
37941	▁खेतियाँ
37942	▁गन्धक
37943	▁गफ़लत
37944	▁गम्भीरता
37945	▁गरेब
37946	▁गर्द
37947	▁ग़नी
37948	▁ग़िलाफ
37949	▁गिरोंह
37950	▁गुच्छा
37951	▁गुणानुवाद
37952	▁गुब्बारे
37953	▁गेहजी
37954	▁गोर
37955	▁ग्राफिक
37956	▁चख़
37957	▁चख़ा
37958	▁चखाते
37959	▁चशम
37960	▁चारो
37961	▁चीटी
37962	▁चेतते
37963	▁चेतें
37964	▁छुहार
37965	▁छोड़ेगें
37966	▁जनजाति
37967	▁ज़ाए
37968	▁ज़ुलक
37969	▁ज़ुलेख
37970	▁ज़ू
37971	▁जाँएगे
37972	▁जाँचता
37973	▁जागृति
37974	▁जारज़
37975	▁जुआरी
37976	▁जैन
37977	▁झपकना
37978	▁झुकें
37979	▁झुठलानेवालो
37980	▁टायबाल्ट
37981	▁टिकाऊ
37982	▁टोकरिय
37983	▁डराएगा
37984	▁डिंग
37985	▁डुबकी
37986	▁ढूढ़े
37987	▁ढूढूँ
37988	▁ढॉक
37989	▁तअ
37990	▁तदबीरे
37991	▁तश
37992	▁तहरीर
37993	▁तुलू
37994	▁तौफ़ीक़
37995	▁तौफीक
37996	▁थरथराते
37997	▁दलीले
37998	▁दिखाओं
37999	▁दीख
38000	▁दीया
38001	▁दुंब
38002	▁दुर्लभ
38003	▁दोहरायी
38004	▁दौड़ना
38005	▁धाराओं
38006	▁धुंधले
38007	▁धोया
38008	▁नाज़ीर
38009	▁नायाब
38010	▁निगेह
38011	▁निदा
38012	▁निधि
38013	▁निष्कास
38014	▁नेपोलियन
38015	▁पथरा
38016	▁परदाज़िया
38017	▁परस्ति
38018	▁परिपक्व
38019	▁पली
38020	▁पिंड
38021	▁पिन्डल
38022	▁पियेंगे
38023	▁पीएंगे
38024	▁पीएसट
38025	▁पूछती
38026	▁पैग़म्बरान
38027	▁पैग़म्बरो
38028	▁पैरव
38029	▁पैलेट
38030	▁पोस
38031	▁प्रतिध्वनित
38032	▁प्रोफाईल
38033	▁फटाफट
38034	▁फतह
38035	▁फराग़
38036	▁फरीक
38037	▁फ़रमाई
38038	▁फ़ोटो
38039	▁फिदय
38040	▁फिरौत
38041	▁फूफ
38042	▁फूफिय
38043	▁फेकत
38044	▁फेड
38045	▁फेरता
38046	▁फ्रांक
38047	▁फ्लिप
38048	▁बँधायी
38049	▁बंध
38050	▁बख़ील
38051	▁बख्यि
38052	▁बचाएँ
38053	▁बद्दु
38054	▁बीब
38055	▁बुर्जों
38056	▁बॅध
38057	▁बैतुल
38058	▁बोदा
38059	▁ब्रह्
38060	▁ब्रेल
38061	▁ब्लूटूथ
38062	▁भड़काने
38063	▁भागीदार
38064	▁भूक
38065	▁भेजिए
38066	▁भौतिकवादी
38067	▁मचाया
38068	▁मज़कूर
38069	▁मजीद
38070	▁मण्डलिय
38071	▁मशक्क
38072	▁मशरिक
38073	▁मस
38074	▁मसलहतों
38075	▁मस्त
38076	▁महामहिम
38077	▁माअज़
38078	▁मादरज़
38079	▁मामू
38080	▁मासेयाह
38081	▁मिक़दार
38082	▁मिटिया
38083	▁मियाँ
38084	▁मिलिए
38085	▁मुक़र्र
38086	▁मुख़तलिफ
38087	▁मुड़ें
38088	▁मुतशाबेह
38089	▁मुफ
38090	▁मुबादा
38091	▁मुरादे
38092	▁मुवाफिक
38093	▁मूँग
38094	▁मेख़े
38095	▁मॉनिटर
38096	▁मोर्च
38097	▁यकसॉ
38098	▁रजिस्ट्री
38099	▁रद्दो
38100	▁रन्ज
38101	▁रिस्टोर
38102	▁रुकावटें
38103	▁रैंक
38104	▁लहज़े
38105	▁लिफ्ट
38106	▁लुक़
38107	▁लेनेवालो
38108	▁लोथड़ा
38109	▁लौटेंगे
38110	▁वसवस
38111	▁वॉकर
38112	▁व्हि
38113	▁शरीफ़
38114	▁शादियों
38115	▁शिगाफ
38116	▁शिल्प
38117	▁शेषजन
38118	▁शैलियाँ
38119	▁संचय
38120	▁संवेदनशीलता
38121	▁सकीन
38122	▁सकेंगी
38123	▁सत्याना
38124	▁सदक़ो
38125	▁सरणी
38126	▁साएबान
38127	▁साग़र
38128	▁सिकंदरिया
38129	▁सिद्दीक़
38130	▁सिरदर्द
38131	▁सीबा
38132	▁सुतून
38133	▁सुन्न
38134	▁सुविधाएँ
38135	▁सैक्स
38136	▁स्टाक
38137	▁हमउम्र
38138	▁हमराह
38139	▁हाँक
38140	▁हिज़किय्याह
38141	▁हीले
38142	▁हुयीं
38143	▁हॅका
38144	▁हैरल्ड
38145	▁९७
38146	"#$:%%+,.=@^_`~"
38147	-2.0
38148	>>
38149	Accra
38150	BX
38151	Begone
38152	Brazzaville
38153	CSS
38154	Cal
38155	Compassionate
38156	Context
38157	Edmonton
38158	Encapsulate
38159	Fetch
38160	GROANING
38161	Georgia
38162	Imran
38163	Islam
38164	Issuer
38165	JK
38166	Kabul
38167	Kit
38168	Larger
38169	Madeira
38170	Magadan
38171	Minsk
38172	Montevideo
38173	Pass
38174	Produce
38175	Proxy
38176	Rangoon
38177	Recife
38178	Rome
38179	Saul
38180	Sir
38181	Subscriptions
38182	Tool
38183	Tunis
38184	Variables
38185	Warsaw
38186	Webcam
38187	Whitehorse
38188	Zapo
38189	_5
38190	brother
38191	choo
38192	conduct
38193	course
38194	creen
38195	ctivatable
38196	data
38197	declining
38198	ditional
38199	encrypted
38200	ete
38201	eyes
38202	gconf
38203	hope
38204	iserable
38205	iza
38206	katerin
38207	knife
38208	kra
38209	loving
38210	maller
38211	mment
38212	module
38213	neither
38214	pond
38215	process
38216	razil
38217	road
38218	scale
38219	stronomical
38220	submitted
38221	thought
38222	uak
38223	url
38224	ware
38225	wisdom
38226	worth
38227	É
38228	अरेबिक
38229	अविश्
38230	आधार
38231	आपका
38232	इनों
38233	उगते
38234	ऊन
38235	एमपी
38236	कड़
38237	करते
38238	कराची
38239	करें
38240	काट
38241	काफ़
38242	कुच
38243	कुशल
38244	कोडिंग
38245	कोलंबो
38246	क्रीक
38247	क्रेट
38248	क्लिक
38249	खरे
38250	गाला
38251	चितता
38252	चू
38253	जोड़े
38254	झं
38255	त्तियों
38256	दया
38257	दृष्ट
38258	देना
38259	नक़ल
38260	नकुन
38261	नम्रता
38262	निर्
38263	नुस
38264	नौका
38265	ऩ
38266	पॉस
38267	पोरो
38268	प्रत्येक
38269	फाटक
38270	बंध
38271	भक्
38272	भगत
38273	मध्य
38274	मांड
38275	माएल
38276	मुद्रण
38277	मुस
38278	येरेव
38279	रंगून
38280	रर्य
38281	र्त्ति
38282	लेख
38283	वार्ड
38284	विवेकपूर्ण
38285	शै
38286	सर्वशक्
38287	सेंटर
38288	सेंटो
38289	सेलो
38290	सैपान
38291	स्पेस
38292	ह्
38293	िंस्की
38294	ॉन्ट
38295	्नो
38296	्योवा
38297	०९
38298	२५
38299	▁135
38300	▁25.)
38301	▁640
38302	▁ANSWER
38303	▁ASK
38304	▁Achaia
38305	▁Anthony
38306	▁Applet
38307	▁Aram
38308	▁Athenians
38309	▁Atlas
38310	▁Autogen
38311	▁Bailey
38312	▁Basti
38313	▁Beauty
38314	▁Bobbie
38315	▁Boil
38316	▁Brain
38317	▁Broad
38318	▁Carpet
38319	▁Cass
38320	▁Christopher
38321	▁Climb
38322	▁Collegia
38323	▁Combo
38324	▁Composing
38325	▁Conference
38326	▁Congress
38327	▁Cosine
38328	▁Cush
38329	▁DEVICE
38330	▁Eliashib
38331	▁Essential
38332	▁Expert
38333	▁Federation
38334	▁Finger
38335	▁Fully
38336	▁Gambling
38337	▁Hazar
38338	▁Hexadecimal
38339	▁Hezron
38340	▁ICC
38341	▁Interactive
38342	▁Julie
38343	▁Jupiter
38344	▁LIKE
38345	▁Logout
38346	▁Market
38347	▁Maximize
38348	▁Meter
38349	▁Micronesia
38350	▁Mmm
38351	▁Modifier
38352	▁Obedient
38353	▁Outstanding
38354	▁PARENTS
38355	▁PID
38356	▁Papa
38357	▁Partial
38358	▁Patron
38359	▁Pfeiffer
38360	▁Pointing
38361	▁Practise
38362	▁Prize
38363	▁Protecting
38364	▁Provid
38365	▁Qarun
38366	▁Quot
38367	▁Rand
38368	▁Rebase
38369	▁Reich
38370	▁Rewards
38371	▁Ronnie
38372	▁Ruby
38373	▁Saba
38374	▁Santiago
38375	▁Seigo
38376	▁Shan
38377	▁Specifications
38378	▁Stephan
38379	▁Stern
38380	▁Supporter
38381	▁Sustenance
38382	▁Syncroni
38383	▁Theological
38384	▁Tobiah
38385	▁Village
38386	▁WARNING
38387	▁Wallkill
38388	▁Watcher
38389	▁abnormal
38390	▁acres
38391	▁admonisher
38392	▁alliances
38393	▁allotted
38394	▁antialiasing
38395	▁appointing
38396	▁arteries
38397	▁auditorium
38398	▁auth
38399	▁betake
38400	▁biology
38401	▁bully
38402	▁buses
38403	▁buyer
38404	▁calculator
38405	▁cater
38406	▁censure
38407	▁citizenship
38408	▁cohabit
38409	▁collision
38410	▁colonies
38411	▁colporteurs
38412	▁conceited
38413	▁conducive
38414	▁conf
38415	▁conventioners
38416	▁copyists
38417	▁countrymen
38418	▁debtor
38419	▁defiling
38420	▁dictator
38421	▁discriminate
38422	▁ecstasy
38423	▁efficiency
38424	▁encircled
38425	▁endearing
38426	▁energetic
38427	▁enquire
38428	▁enroll
38429	▁envi
38430	▁errs
38431	▁evoke
38432	▁exported
38433	▁fain
38434	▁falleth
38435	▁floss
38436	▁foment
38437	▁foregleam
38438	▁foreknowledge
38439	▁forging
38440	▁forthwith
38441	▁garb
38442	▁grasshopper
38443	▁gratefully
38444	▁handler
38445	▁harmonious
38446	▁humanitarian
38447	▁husk
38448	▁idolatress
38449	▁impediment
38450	▁impoverished
38451	▁imprison
38452	▁inconvenience
38453	▁insulin
38454	▁inventing
38455	▁jewel
38456	▁kneeling
38457	▁lowland
38458	▁manger
38459	▁musician
38460	▁needlessly
38461	▁pact
38462	▁parasites
38463	▁paved
38464	▁permeate
38465	▁planks
38466	▁plantation
38467	▁practised
38468	▁proselyte
38469	▁recommendation
38470	▁recommendations
38471	▁replica
38472	▁repress
38473	▁reprimand
38474	▁reversal
38475	▁rifle
38476	▁rift
38477	▁rite
38478	▁rubber
38479	▁rubies
38480	▁sac
38481	▁samples
38482	▁shatter
38483	▁shorten
38484	▁sicknesses
38485	▁sketch
38486	▁spray
38487	▁squad
38488	▁stained
38489	▁stepping
38490	▁submarine
38491	▁summit
38492	▁summons
38493	▁surpassed
38494	▁surveyed
38495	▁swayed
38496	▁tainted
38497	▁tempest
38498	▁testament
38499	▁timetable
38500	▁tooltips
38501	▁tricks
38502	▁tyranny
38503	▁unfit
38504	▁uninhabited
38505	▁unintentionally
38506	▁unrest
38507	▁unsett
38508	▁vehemently
38509	▁wanton
38510	▁wick
38511	▁अंको
38512	▁अनौपचारिक
38513	▁अर्नोन
38514	▁आइटम
38515	▁इंजीनियरिंग
38516	▁इक्वेडोर
38517	▁उजला
38518	▁उपाधिय
38519	▁उषाकाल
38520	▁एक्सपोज़र
38521	▁एडाप्टिव
38522	▁एथेना
38523	▁एलीआज़र
38524	▁ऑक्स
38525	▁औद्योगिक
38526	▁कठपुतल
38527	▁कारखाना
38528	▁कार्लो
38529	▁कुर्ब
38530	▁केटोरेंट
38531	▁कॉन्क्वेरर
38532	▁कॉन्टेक्स्ट
38533	▁क्रमांकन
38534	▁क्रिश्चियन
38535	▁खड़खड़ाने
38536	▁खानेवालों
38537	▁खामोशी
38538	▁खींचते
38539	▁गठ
38540	▁गतसमन
38541	▁ग्रंथ
38542	▁ग्रन्थ
38543	▁ग्रामीण
38544	▁ग्रीटिंग
38545	▁ग्रेड
38546	▁घाटियों
38547	▁चमकने
38548	▁चमकी
38549	▁चितौनियाँ
38550	▁चौदहवे
38551	▁जटिलता
38552	▁जरूब्बाबेल
38553	▁जलाई
38554	▁जुलूस
38555	▁जूली
38556	▁टिकाए
38557	▁टॆलि
38558	▁टॉवर
38559	▁टोर
38560	▁ट्रेज
38561	▁डाक्टर
38562	▁डॉल्फ़िन
38563	▁थायरॉइड
38564	▁दयनीय
38565	▁दिखानेवाली
38566	▁दीर्घवृत
38567	▁दुगुन
38568	▁दुर्घटनाएँ
38569	▁देखेगी
38570	▁दोरकास
38571	▁दौड़ो
38572	▁धमकाने
38573	▁धर्मसभा
38574	▁ध्वनी
38575	▁नक्श
38576	▁नज़दीक़
38577	▁निष्कपटता
38578	▁निेसन्
38579	▁नॉट
38580	▁पचा
38581	▁पहुंचाई
38582	▁पियानो
38583	▁पुरवाई
38584	▁पैंस
38585	▁प्रत्यय
38586	▁फाईलो
38587	▁फील्ड्स
38588	▁बचायी
38589	▁बाँटकर
38590	▁बान्धना
38591	▁बुद
38592	▁बेड़िय
38593	▁बॉरो
38594	▁ब्रांड
38595	▁ब्राउ
38596	▁भावुक
38597	▁भूसी
38598	▁भ्
38599	▁मंगनी
38600	▁मगदलीनी
38601	▁मम
38602	▁मलबे
38603	▁मशुल्लाम
38604	▁मिलियन
38605	▁मुर्दार
38606	▁मूँगफली
38607	▁मूलतत्त्ववाद
38608	▁मूवी
38609	▁मेजर
38610	▁मॉक
38611	▁मॉड्यूल्स
38612	▁मोक्ष
38613	▁मौ
38614	▁म्यांमार
38615	▁रट
38616	▁राजवंश
38617	▁रिकवर
38618	▁रियल्म
38619	▁रुझान
38620	▁रॉय
38621	▁लपेटना
38622	▁लियोन
38623	▁लुइस
38624	▁लुदिया
38625	▁लेबनान
38626	▁विजार्ड
38627	▁विन्सेंट
38628	▁विश्वासी
38629	▁व्यवधान
38630	▁शोधन
38631	▁श्रृ
38632	▁समितिय
38633	▁साइटें
38634	▁साझेदार
38635	▁सामथ
38636	▁सीगो
38637	▁सुनाएगा
38638	▁सूखकर
38639	▁हदे
38640	▁हासोर
38641	▁हैरतअँगेज़
38642	▁१९८३
38643	▁४००
38644	111
38645	768
38646	AVE
38647	Act
38648	Algiers
38649	Almaty
38650	Asunci
38651	Attach
38652	Catamarca
38653	Category
38654	Command
38655	Cordoba
38656	Dual
38657	Dubai
38658	Easter
38659	Embracing
38660	Expunge
38661	Freetown
38662	GUN
38663	Guatemala
38664	HC
38665	Harbin
38666	INV
38667	India
38668	Jujuy
38669	Juneau
38670	Kat
38671	Kiri
38672	Ljubljana
38673	Los
38674	Luxembourg
38675	MEN
38676	Macau
38677	Majuro
38678	Middle
38679	NS
38680	Nor
38681	Noronha
38682	Novosibirsk
38683	Palmer
38684	Panama
38685	Province
38686	Saipan
38687	Scores
38688	Tallinn
38689	Tongatapu
38690	Transform
38691	Week
38692	Windhoek
38693	Yerevan
38694	_(
38695	anguage
38696	belong
38697	bindings
38698	bscribe
38699	chot
38700	devils
38701	done
38702	everything
38703	frared
38704	gree
38705	guel
38706	icos
38707	ilename
38708	judge
38709	kry
38710	learn
38711	math
38712	minating
38713	money
38714	radians
38715	rchbishop
38716	rz
38717	sea
38718	sidu
38719	sight
38720	stals
38721	thread
38722	tted
38723	vantage
38724	vision
38725	ंबो
38726	अपराह्न
38727	आपराधिक
38728	आरडब्ल्यू
38729	ईसाई
38730	करंट
38731	काउन्ट
38732	कृष्ट
38733	केंटकी
38734	केक
38735	क्वाज
38736	गुस्
38737	चयन
38738	चिसिन
38739	छुटकारा
38740	जुजु
38741	टोला
38742	डियों
38743	ड्रॉप
38744	तंग
38745	तदोष
38746	दिखाने
38747	दिब
38748	दूत
38749	नतें
38750	नीज़
38751	नुमा
38752	नोट
38753	पनाह
38754	पहाड़ों
38755	फर्ड
38756	बना
38757	बेटी
38758	मर्दों
38759	मल्टीपार्ट
38760	मिली
38761	मुख
38762	मूलन
38763	रगु
38764	र्डोबा
38765	लक्समबर्ग
38766	लागोस
38767	लिप्स
38768	लॉक
38769	वानगी
38770	वालिस
38771	विंडो
38772	विकास
38773	विच
38774	विष्य
38775	शमक
38776	शराब
38777	ष्ण
38778	सम्मेलन
38779	सेज़
38780	सेल्स
38781	स्वतंत्र
38782	हेलसिंकी
38783	ापन
38784	ालिनी
38785	िजुआना
38786	ुर्ज़
38787	ॆन्ट
38788	ॉर्ट
38789	ॉल्स
38790	ॉव
38791	्डम
38792	▁1917
38793	▁Akregator
38794	▁Alerts
38795	▁Alexandra
38796	▁Align
38797	▁Approach
38798	▁Assemble
38799	▁Backward
38800	▁Blow
38801	▁Bobby
38802	▁Brief
38803	▁Bright
38804	▁Cid
38805	▁Crop
38806	▁Dathan
38807	▁Deem
38808	▁Delhi
38809	▁Dese
38810	▁Evelyn
38811	▁FACT
38812	▁Finishing
38813	▁Fool
38814	▁Fourteen
38815	▁Franck
38816	▁Franklin
38817	▁Graduat
38818	▁Greet
38819	▁Histor
38820	▁Holiness
38821	▁Inder
38822	▁Indicator
38823	▁Interchange
38824	▁Invoke
38825	▁Jinn
38826	▁KGet
38827	▁Khan
38828	▁Laurent
38829	▁Libya
38830	▁Madam
38831	▁Married
38832	▁Mirando
38833	▁Modesty
38834	▁Motivated
38835	▁Niger
38836	▁Niles
38837	▁Notwithstanding
38838	▁Official
38839	▁PRO
38840	▁Pale
38841	▁Patient
38842	▁Pel
38843	▁Peninnah
38844	▁Pierce
38845	▁Pot
38846	▁Proceed
38847	▁Purg
38848	▁REPORT
38849	▁Rab
38850	▁Randomly
38851	▁Rial
38852	▁Ross
38853	▁Sec
38854	▁Seth
38855	▁Shushan
38856	▁Sorbonne
38857	▁Spring
38858	▁Steel
38859	▁Subscript
38860	▁Suppress
38861	▁Theophilus
38862	▁Thu
38863	▁Tirzah
38864	▁Tomb
38865	▁Transaction
38866	▁Trial
38867	▁Tru
38868	▁Tychicus
38869	▁Vengeance
38870	▁Vietnam
38871	▁Walshy
38872	▁Wayne
38873	▁Yukon
38874	▁Zimri
38875	▁acacia
38876	▁addictive
38877	▁admonishing
38878	▁advertisements
38879	▁alluring
38880	▁athlete
38881	▁avenues
38882	▁backwards
38883	▁bail
38884	▁barter
38885	▁blunder
38886	▁brazen
38887	▁broaden
38888	▁callous
38889	▁candidate
38890	▁commemoration
38891	▁confiscated
38892	▁contradiction
38893	▁coolness
38894	▁corruptly
38895	▁cotton
38896	▁cough
38897	▁customise
38898	▁decode
38899	▁departing
38900	▁devastation
38901	▁dictates
38902	▁disadvantage
38903	▁discontent
38904	▁dispel
38905	▁dissent
38906	▁dive
38907	▁dogma
38908	▁drifted
38909	▁eavesdrop
38910	▁employs
38911	▁ensued
38912	▁espresso
38913	▁eyed
38914	▁feasting
38915	▁fireworks
38916	▁flirt
38917	▁forfeited
38918	▁friction
38919	▁frivolous
38920	▁gay
38921	▁glorification
38922	▁glue
38923	▁helicopter
38924	▁honeycomb
38925	▁howl
38926	▁hum
38927	▁hurdle
38928	▁insecurity
38929	▁intestines
38930	▁irregular
38931	▁jitter
38932	▁ko
38933	▁laborers
38934	▁languish
38935	▁lashes
38936	▁limiting
38937	▁loathsome
38938	▁menstru
38939	▁meter
38940	▁monitoring
38941	▁morbid
38942	▁oust
38943	▁outwardly
38944	▁overlay
38945	▁pepper
38946	▁piss
38947	▁pleasantness
38948	▁poised
38949	▁portrait
38950	▁predestined
38951	▁psycho
38952	▁rafter
38953	▁rainfall
38954	▁rally
38955	▁refrained
38956	▁reproaches
38957	▁restaurants
38958	▁sacks
38959	▁saint
38960	▁scanner
38961	▁scholarship
38962	▁selector
38963	▁seller
38964	▁sensual
38965	▁sewing
38966	▁shaft
38967	▁sitteth
38968	▁sleeve
38969	▁smoker
38970	▁sniff
38971	▁soothe
38972	▁stump
38973	▁suited
38974	▁surgical
38975	▁switching
38976	▁symbolizing
38977	▁tightly
38978	▁tint
38979	▁trillion
38980	▁undermined
38981	▁unpopular
38982	▁unwavering
38983	▁verbally
38984	▁viper
38985	▁vocal
38986	▁whistling
38987	▁whit
38988	▁yards
38989	▁अंधेरी
38990	▁अज्ञातनाम
38991	▁अदम
38992	▁अध
38993	▁अनमाउन्ट
38994	▁अभिभूत
38995	▁आँ
38996	▁आकाशगंगा
38997	▁आपात्
38998	▁आफ्रिका
38999	▁आरामदायक
39000	▁आर्गुमेंट्सः
39001	▁इंदर
39002	▁इकाइया
39003	▁इकुनियुम
39004	▁ईरान
39005	▁उकसाएगा
39006	▁उपनगर
39007	▁एलीवेटर
39008	▁ऑप्टी
39009	▁ओल्ड
39010	▁कड़ियाँ
39011	▁कसूर
39012	▁कुंजियां
39013	▁कॉमन
39014	▁खींचे
39015	▁गतिमान
39016	▁गिल्स
39017	▁गीदड़
39018	▁गेश
39019	▁ग्रेगरी
39020	▁चमकीले
39021	▁चर्मपत्र
39022	▁चाची
39023	▁चार्ज
39024	▁चुंबक
39025	▁जिटर
39026	▁जुलियट
39027	▁जॆन
39028	▁झूले
39029	▁टखन
39030	▁टर्टुलियन
39031	▁टाप
39032	▁ठाक
39033	▁डाइऑक्साइड
39034	▁डायरी
39035	▁डिग
39036	▁ढूँढ़िए
39037	▁ढूंढ़ता
39038	▁तनहा
39039	▁तर्शीश
39040	▁थ्र
39041	▁दहल
39042	▁दौ
39043	▁नकारा
39044	▁नदियां
39045	▁निर्दिष्
39046	▁नॉर्थ
39047	▁परिच्छेद
39048	▁परियोजनाएँ
39049	▁पूर्वालोकन
39050	▁पेट्रोल
39051	▁पेशाब
39052	▁पोषित
39053	▁प्रथाओं
39054	▁फ़ायरफ़ॉक्स
39055	▁बंडल
39056	▁बताऊंगा
39057	▁बहामा
39058	▁बहुधा
39059	▁बिच
39060	▁बीम
39061	▁बूझते
39062	▁बेकसूर
39063	▁बेतशेमेश
39064	▁बैक्टीरिया
39065	▁ब्लॉक्स
39066	▁भरेगा
39067	▁मंगोलिया
39068	▁मनाए
39069	▁मीजा
39070	▁मुँडवा
39071	▁मुरदा
39072	▁मूंग
39073	▁मूलपाठ
39074	▁मोज़ेइक
39075	▁म्यानमार
39076	▁यित्र
39077	▁रगड़े
39078	▁रुचिकर
39079	▁रेक
39080	▁रॉस
39081	▁रोच
39082	▁लड़ें
39083	▁लाएंगे
39084	▁लाएगी
39085	▁लिन
39086	▁लुभा
39087	▁विडो
39088	▁व्यास
39089	▁व्योपार
39090	▁व्ह
39091	▁शब
39092	▁शरणागत
39093	▁शासकत्
39094	▁शिफ
39095	▁शीओल
39096	▁संगठ
39097	▁संज्ञा
39098	▁संदर्भित
39099	▁संपन्
39100	▁संवार
39101	▁सत्रह
39102	▁सरलता
39103	▁सल्
39104	▁सामुद
39105	▁सुपरमैन
39106	▁स्केल्ड
39107	▁स्वदेश
39108	▁हथेली
39109	▁हमलावर
39110	▁हर्ड
39111	▁१९८६
39112	("2
39113	(0)
39114	-1,
39115	2048
39116	4096
39117	5-
39118	ACK
39119	Actions
39120	Amman
39121	Any
39122	Application
39123	Bucharest
39124	Caret
39125	Casablanca
39126	Certificate
39127	Chihuahua
39128	Dar
39129	Height
39130	Kwajalein
39131	Maren
39132	Mazatl
39133	Monti
39134	Mushrikun
39135	NMA
39136	Ouagadougou
39137	Pang
39138	Paramaribo
39139	Rain
39140	Rosario
39141	Sender
39142	Shipr
39143	Shortcut
39144	Signs
39145	Singapore
39146	Sometimes
39147	TCHED
39148	Tarawa
39149	Tegucigalpa
39150	Thim
39151	Unless
39152	Vladivostok
39153	Whose
39154	aste
39155	blood
39156	cdr
39157	cello
39158	detect
39159	dwell
39160	ercent
39161	erial
39162	evious
39163	express
39164	eye
39165	fs
39166	fusion
39167	gorod
39168	hite
39169	inute
39170	iso
39171	itle
39172	kde
39173	knowledge
39174	lgebraic
39175	lite
39176	lockwise
39177	mercifully
39178	natures
39179	nominee
39180	olours
39181	pages
39182	pagos
39183	pluggable
39184	related
39185	rose
39186	seem
39187	since
39188	tellers
39189	tention
39190	thab
39191	uckle
39192	walking
39193	within
39194	young
39195	अदन
39196	अब्र
39197	इधर
39198	इरकु
39199	इलेक्ट्रॉन
39200	उरू
39201	एमएस
39202	एम्सटर
39203	ओस्लो
39204	औ
39205	कती
39206	कते
39207	कल्प
39208	कॉपी
39209	क्लीन
39210	गस
39211	गाजा
39212	गिर्द
39213	ग्वैन
39214	चिह्नित
39215	चेष्टा
39216	ज़नी
39217	जिकल
39218	जिनका
39219	टिरान
39220	डटा
39221	थंडर
39222	दरवाजा
39223	दर्भ
39224	देखा
39225	धारा
39226	धीरे
39227	निर्गमक
39228	नूस
39229	नोक्स
39230	पुराने
39231	बाकू
39232	बाशी
39233	बेलग्रेड
39234	मट
39235	माणीकरण
39236	मिडवे
39237	मेहमान
39238	मोशन
39239	राकाओ
39240	रेजीना
39241	रैश
39242	लिसी
39243	लुसाका
39244	वकोश
39245	वीवे
39246	शत्रु
39247	संतान
39248	समारा
39249	साऊ
39250	स्वर्गदूत
39251	स्विफ्ट
39252	हरारे
39253	हर्ष
39254	होनोलूलू
39255	होवा
39256	ाइज़ेशन
39257	िन्दा
39258	िफ्ट
39259	ृहस्पतिवार
39260	ेण्ड
39261	ोसा
39262	्ज़दार
39263	्टाउ
39264	्योन
39265	्रोजन
39266	▁$100
39267	▁("2
39268	▁(00:00)
39269	▁......
39270	▁170
39271	▁2015
39272	▁41,
39273	▁Adult
39274	▁Allocation
39275	▁Amram
39276	▁Anathoth
39277	▁Beroea
39278	▁Bethuel
39279	▁Bullet
39280	▁Carolina
39281	▁Cilicia
39282	▁Cleveland
39283	▁Comm
39284	▁Complex
39285	▁Couple
39286	▁DAY
39287	▁Deactivate
39288	▁ELIZABETH
39289	▁Elephant
39290	▁Emergency
39291	▁FITS
39292	▁Faso
39293	▁Fifty
39294	▁Figure
39295	▁Grievous
39296	▁HANK
39297	▁HERE
39298	▁Haroon
39299	▁Hyp
39300	▁Identification
39301	▁Initiat
39302	▁Interpreter
39303	▁Ironically
39304	▁Irresistible
39305	▁Ittai
39306	▁Jairus
39307	▁Jihad
39308	▁Johannes
39309	▁KStars
39310	▁KWrite
39311	▁Keyword
39312	▁LDIF
39313	▁Lack
39314	▁Lecture
39315	▁Lens
39316	▁Lisbon
39317	▁MEMORI
39318	▁MP
39319	▁Magenta
39320	▁Mahr
39321	▁Mime
39322	▁Muhsinun
39323	▁Multiplier
39324	▁NULL
39325	▁Nativity
39326	▁PLAIN
39327	▁Peer
39328	▁Prope
39329	▁RAND
39330	▁Rechab
39331	▁Revealed
39332	▁Reversi
39333	▁SW
39334	▁Sapphira
39335	▁Saviour
39336	▁Saw
39337	▁Scalix
39338	▁Sebastian
39339	▁Statusbar
39340	▁Surprise
39341	▁Theodore
39342	▁Trap
39343	▁Troas
39344	▁Verde
39345	▁Yemen
39346	▁Yunus
39347	▁Zakariya
39348	▁Zeitung
39349	▁[*
39350	▁abolish
39351	▁abolished
39352	▁ankles
39353	▁artery
39354	▁artwork
39355	▁ashore
39356	▁birthright
39357	▁blasphemies
39358	▁bloodguilty
39359	▁bypass
39360	▁cartoon
39361	▁celibacy
39362	▁clarification
39363	▁clinical
39364	▁columnist
39365	▁config
39366	▁consigned
39367	▁cornerstone
39368	▁correspondent
39369	▁coworkers
39370	▁crier
39371	▁cube
39372	▁delta
39373	▁deported
39374	▁designation
39375	▁ecosystem
39376	▁emanat
39377	▁emphasizing
39378	▁enzyme
39379	▁experiments
39380	▁extinguished
39381	▁fainted
39382	▁feedback
39383	▁fetched
39384	▁fiber
39385	▁flogged
39386	▁flurries
39387	▁forceful
39388	▁gamblers
39389	▁gentleman
39390	▁gifted
39391	▁gro
39392	▁hajj
39393	▁havoc
39394	▁heartening
39395	▁histogram
39396	▁ineffective
39397	▁inhibit
39398	▁intersection
39399	▁invested
39400	▁italic
39401	▁jug
39402	▁labored
39403	▁leavened
39404	▁lingering
39405	▁linguistic
39406	▁lone
39407	▁loser
39408	▁luggage
39409	▁lurk
39410	▁maids
39411	▁marvellous
39412	▁mechanic
39413	▁mingle
39414	▁misspelled
39415	▁motorcycle
39416	▁nationalistic
39417	▁nationalities
39418	▁neuro
39419	▁nuns
39420	▁nurtured
39421	▁ostrich
39422	▁outdoors
39423	▁painter
39424	▁patrol
39425	▁plural
39426	▁pointless
39427	▁praisers
39428	▁presume
39429	▁pretended
39430	▁pronouncing
39431	▁proteins
39432	▁purposely
39433	▁quarrelling
39434	▁rack
39435	▁railroad
39436	▁refraining
39437	▁regulated
39438	▁rehears
39439	▁rekindle
39440	▁repelled
39441	▁reprieve
39442	▁revel
39443	▁richer
39444	▁rouse
39445	▁saddlebag
39446	▁salary
39447	▁sarcastic
39448	▁scepter
39449	▁schoolwork
39450	▁seashore
39451	▁setbacks
39452	▁shortened
39453	▁slacken
39454	▁soccer
39455	▁southeast
39456	▁stifle
39457	▁straits
39458	▁sufficiency
39459	▁surmise
39460	▁swallowing
39461	▁systematically
39462	▁tactic
39463	▁taunted
39464	▁tempestuous
39465	▁thoughtlessly
39466	▁tiring
39467	▁trellises
39468	▁turtledove
39469	▁unbreakable
39470	▁untranslat
39471	▁unusually
39472	▁unveiled
39473	▁vanquish
39474	▁variations
39475	▁venom
39476	▁vexation
39477	▁vexed
39478	▁visa
39479	▁waterless
39480	▁youngster
39481	▁अनुप्रयोगः
39482	▁अभिवृत्ति
39483	▁अलास्का
39484	▁असंतुष्ट
39485	▁आनलाइन
39486	▁आमेल
39487	▁आरमागेडोन
39488	▁आवारा
39489	▁आस्ट्रिया
39490	▁इलेक्ट्रिक
39491	▁इसाबेल
39492	▁उज्जिरयाह
39493	▁उठीं
39494	▁ऎस्
39495	▁एक्सइफ
39496	▁एख
39497	▁एमएस
39498	▁एम्प
39499	▁ऑर्डर
39500	▁ओमान
39501	▁कंकरी
39502	▁कणों
39503	▁क़ैदखान
39504	▁कार्यक्षेत्र
39505	▁कृत
39506	▁कृमि
39507	▁केरन
39508	▁कॉक
39509	▁खट्ट
39510	▁खाद
39511	▁गं
39512	▁गठन
39513	▁गणनाः
39514	▁गदहा
39515	▁गलतिया
39516	▁गुंड
39517	▁गैलन
39518	▁घटाई
39519	▁घेराबंदी
39520	▁चालबाज़ी
39521	▁चाहूँ
39522	▁चोरों
39523	▁छुपाएं
39524	▁छोडूंगा
39525	▁छोडे
39526	▁जन्मभूमि
39527	▁ज़ीउस
39528	▁जाऊँगी
39529	▁जीवाणुओं
39530	▁जुड़ें
39531	▁ज्ञाता
39532	▁झांझ
39533	▁टकराव
39534	▁टेली
39535	▁टेलीफोन
39536	▁तटस्थ
39537	▁तत्त्वज्ञानी
39538	▁तदनु
39539	▁तस्मानिया
39540	▁ताबोर
39541	▁तिमोर
39542	▁तुर्क
39543	▁थाली
39544	▁दत्तक
39545	▁दुगुनी
39546	▁दुर्गुण
39547	▁देय
39548	▁धन्यवादपूर्ण
39549	▁धोखेबाज़ी
39550	▁नकद
39551	▁नरकाग्नि
39552	▁नाकाबिल
39553	▁पतंग
39554	▁पतला
39555	▁परखो
39556	▁पहुंचाएगा
39557	▁पहुंचाकर
39558	▁पाच
39559	▁पायेंगे
39560	▁पुनःभेंट
39561	▁पुनःस्थापना
39562	▁पुरज़ो
39563	▁पुरातत्वविज्ञान
39564	▁पॆन्सिलवेनिया
39565	▁पेस्ट
39566	▁प्रतिक्रमण
39567	▁प्रतिभा
39568	▁फकीर
39569	▁फर्न
39570	▁फाड़ा
39571	▁फादर
39572	▁फेरेगा
39573	▁फैलायी
39574	▁फोड़े
39575	▁बंदिश
39576	▁बंधक
39577	▁बकबक
39578	▁बकवाद
39579	▁बटोरता
39580	▁बर्फीला
39581	▁बहलाने
39582	▁बाथरूम
39583	▁बान
39584	▁बालबच्चे
39585	▁बास्तिया
39586	▁बिगड़ा
39587	▁बीनने
39588	▁बुजुर्ग
39589	▁बेध
39590	▁बैकगेमॉन
39591	▁बैलेंस
39592	▁भड़कने
39593	▁भो
39594	▁मल्टीपल
39595	▁महक
39596	▁मिठास
39597	▁मिल्टन
39598	▁मीनार
39599	▁मॉरी
39600	▁मोनोक्रोम
39601	▁रक़म
39602	▁रखेलिय
39603	▁राउटर
39604	▁राजनेता
39605	▁रिएक्टर
39606	▁रीराइटेबल
39607	▁रूचि
39608	▁रूज़
39609	▁रौंदा
39610	▁लकीरें
39611	▁लपेटने
39612	▁लाइसे
39613	▁लिपिबद्ध
39614	▁लुभावन
39615	▁लेमेक
39616	▁वाइ
39617	▁वासस्थान
39618	▁विकल
39619	▁वैन
39620	▁व्यथा
39621	▁व्यभिचारियों
39622	▁संकेंद्र
39623	▁संजो
39624	▁सब्सक्रिप्शन
39625	▁समाए
39626	▁सराय
39627	▁सुनूंगा
39628	▁सृजनात्मक
39629	▁सोमालिया
39630	▁सोसन
39631	▁सौंदर्य
39632	▁स्कैनर
39633	▁स्वामियों
39634	▁हं
39635	▁हत्त
39636	▁हिंटिंग
39637	▁हिचकिचा
39638	▁हित्तियों
39639	▁होगाः
39640	▁६४
39641	▁‘[
39642	(1.2
39643	................
39644	0.5
39645	048
39646	740
39647	Abort
39648	Bama
39649	Bishkek
39650	Ce
39651	Chatham
39652	Chin
39653	Choi
39654	Chongqing
39655	Comoro
39656	Country
39657	Darwin
39658	Funafuti
39659	Glace
39660	Goose
39661	Guadalcanal
39662	HOME
39663	Harare
39664	Hard
39665	Hill
39666	Iqaluit
39667	Ker
39668	Kosrae
39669	LAN
39670	LOW
39671	Libreville
39672	Maser
39673	Match
39674	Moscow
39675	Muscat
39676	Ndja
39677	Nip
39678	Novo
39679	OLDER
39680	Original
39681	Quality
39682	Sakhalin
39683	Thomas
39684	Timbuktu
39685	Torto
39686	Vilnius
39687	activity
39688	akh
39689	alculate
39690	bach
39691	ben
39692	biah
39693	china
39694	contact
39695	deal
39696	deed
39697	deliver
39698	editor
39699	extract
39700	fending
39701	haiah
39702	indent
39703	mmary
39704	northeastern
39705	oice
39706	ragua
39707	rousing
39708	socks
39709	stay
39710	think
39711	thorn
39712	timati
39713	tune
39714	uda
39715	uq
39716	vay
39717	warn
39718	xtract
39719	yenne
39720	yzyl
39721	ंचारण
39722	अजोर
39723	आफ
39724	आला
39725	इरा
39726	उआ
39727	उम्र
39728	ऊगा
39729	ओम्
39730	कान्फ
39731	ख़े
39732	गाड़ी
39733	गेल
39734	ग्रहण
39735	घड़ी
39736	चलो
39737	ज़ो
39738	जाए
39739	जुने
39740	झू
39741	टेगु
39742	ट्रिगर
39743	ठिकाने
39744	डब्ल्यू
39745	ड्ड
39746	तारों
39747	त्बिलिसी
39748	त्रिपोली
39749	धीमा
39750	धीरज
39751	धेड़
39752	नोवोसिबिर्
39753	पाठकों
39754	पुर
39755	प्राचीन
39756	बफ
39757	बीब
39758	बेक
39759	भाल
39760	मदार
39761	महिला
39762	रहा
39763	रेनहाइट
39764	रॉड
39765	ल्प
39766	वाके
39767	विनिपेग
39768	वियना
39769	सेरु
39770	सैंटियागो
39771	स्म
39772	स्यो
39773	ाँढ़
39774	ागोस
39775	ालय
39776	िवा
39777	ैला
39778	ॉग
39779	ोह
39780	्क्वेस
39781	्जाना
39782	०१
39783	१३
39784	२००
39785	▁12:00
39786	▁300,000
39787	▁Actual
39788	▁Alfred
39789	▁Anglican
39790	▁Attempt
39791	▁Audience
39792	▁Barzillai
39793	▁Belarus
39794	▁Benjamite
39795	▁Bezalel
39796	▁Bickersteth
39797	▁CHECK
39798	▁Candidate
39799	▁Chernobyl
39800	▁Converse
39801	▁Copier
39802	▁DAO
39803	▁Demetrius
39804	▁Difficulty
39805	▁Dir
39806	▁Djibouti
39807	▁Doris
39808	▁Downloader
39809	▁Dozen
39810	▁Epicurean
39811	▁FOL
39812	▁Gabon
39813	▁HIM
39814	▁Hearken
39815	▁Hierarchy
39816	▁Hole
39817	▁Honesty
39818	▁Huh
39819	▁Hutu
39820	▁Immaculate
39821	▁Italics
39822	▁JS
39823	▁Jehonadab
39824	▁Jonadab
39825	▁Ladies
39826	▁Lamentations
39827	▁Logic
39828	▁Luis
39829	▁Macros
39830	▁Mako
39831	▁Mali
39832	▁Mapped
39833	▁Masoretes
39834	▁Mod
39835	▁Mol
39836	▁Nah
39837	▁Newton
39838	▁Oxygen
39839	▁Pagans
39840	▁Pic
39841	▁Piece
39842	▁Pioneers
39843	▁Prophetic
39844	▁Rashi
39845	▁STUDIES
39846	▁Shark
39847	▁Sick
39848	▁Sincere
39849	▁Skin
39850	▁Smiley
39851	▁Snapshot
39852	▁Solve
39853	▁Sparrow
39854	▁Sphere
39855	▁Tablets
39856	▁Tahitian
39857	▁Thirteen
39858	▁Thorn
39859	▁Treatment
39860	▁Tutsi
39861	▁Unlimited
39862	▁Walter
39863	▁Wheel
39864	▁Wine
39865	▁[100
39866	▁accuser
39867	▁acquaint
39868	▁almond
39869	▁ambiguous
39870	▁architecture
39871	▁armour
39872	▁aspirations
39873	▁balancing
39874	▁basement
39875	▁bigotry
39876	▁bleak
39877	▁burglar
39878	▁catches
39879	▁census
39880	▁chasten
39881	▁chemistry
39882	▁chocolate
39883	▁commence
39884	▁configur
39885	▁cooled
39886	▁covereth
39887	▁credited
39888	▁crieth
39889	▁cryptographic
39890	▁culminat
39891	▁decreased
39892	▁democracy
39893	▁deteriorating
39894	▁ding
39895	▁distraught
39896	▁drill
39897	▁dungeon
39898	▁dusty
39899	▁ecclesiastic
39900	▁educat
39901	▁eleventh
39902	▁elude
39903	▁embalm
39904	▁enriches
39905	▁evade
39906	▁evildoing
39907	▁evolved
39908	▁flashcard
39909	▁forerunner
39910	▁foreskin
39911	▁fret
39912	▁gardener
39913	▁glacier
39914	▁gland
39915	▁hello
39916	▁herbal
39917	▁hereditary
39918	▁hormones
39919	▁hydrogen
39920	▁ignominious
39921	▁immigrant
39922	▁insisting
39923	▁intending
39924	▁knots
39925	▁laziness
39926	▁lender
39927	▁leprous
39928	▁limp
39929	▁loyalties
39930	▁magnetic
39931	▁mall
39932	▁mete
39933	▁misrepresent
39934	▁morsel
39935	▁muddy
39936	▁nicely
39937	▁outweigh
39938	▁pardoning
39939	▁poorer
39940	▁prominently
39941	▁pushe
39942	▁quotation
39943	▁radioactive
39944	▁rail
39945	▁recovering
39946	▁refinements
39947	▁reptile
39948	▁salty
39949	▁secrecy
39950	▁shiver
39951	▁shovel
39952	▁shyness
39953	▁simpler
39954	▁slogan
39955	▁smuggle
39956	▁snatche
39957	▁solace
39958	▁spec
39959	▁spheres
39960	▁spun
39961	▁stipulated
39962	▁stubbornly
39963	▁sunshine
39964	▁synced
39965	▁terminating
39966	▁tsunami
39967	▁uncircumcision
39968	▁undershepherds
39969	▁undertaken
39970	▁unfulfilled
39971	▁unmaximis
39972	▁unnecessarily
39973	▁unsuitable
39974	▁unused
39975	▁upcoming
39976	▁veneration
39977	▁warmer
39978	▁watchers
39979	▁widower
39980	▁worthier
39981	▁yearned
39982	▁zooming
39983	▁अंगूठा
39984	▁अक्षरशः
39985	▁अनुबंध
39986	▁अनुमापित
39987	▁अपशकुन
39988	▁असम्भव
39989	▁आकृत
39990	▁आदिम
39991	▁आम्हने
39992	▁आर्काइव
39993	▁आर्च
39994	▁आशियाना
39995	▁उधेड़
39996	▁ऊँचाइयों
39997	▁एदोमियों
39998	▁एमिली
39999	▁एलेक्स
40000	▁कराह
40001	▁करूंगी
40002	▁क़रीबी
40003	▁कार्ड्स
40004	▁कुड़कुड़ाए
40005	▁केएल्जियम
40006	▁खामोश
40007	▁खारिज
40008	▁खुदगर्ज़
40009	▁गर्भधारण
40010	▁गूंगा
40011	▁गूटेनबर्ग
40012	▁गैप
40013	▁गॉसियन
40014	▁चमड़ा
40015	▁चलाये
40016	▁छुड़ाई
40017	▁जक
40018	▁जगहें
40019	▁जब्दी
40020	▁ज़िम
40021	▁ज़्ह
40022	▁जोडे
40023	▁जोसीफस
40024	▁झरोख
40025	▁टूल्स
40026	▁टेककर
40027	▁ठाठ
40028	▁डुप्लीकेट
40029	▁डॉटा
40030	▁डॉमिनिकन
40031	▁डौल
40032	▁ड्यूक
40033	▁ढूँढो
40034	▁तालमुद
40035	▁दिखना
40036	▁दोतरफ़
40037	▁धमकियाँ
40038	▁धाड़
40039	▁नाचने
40040	▁निबंध
40041	▁निलंबित
40042	▁न्यूजीलैंड
40043	▁पकाया
40044	▁पढ़ाया
40045	▁परदाफाश
40046	▁परपोता
40047	▁पांडा
40048	▁पाउडर
40049	▁पार्टीशन
40050	▁पार्सल
40051	▁पुनर्निदेश
40052	▁पूर्वाह्न
40053	▁पेंच
40054	▁पॉकेट
40055	▁प्रतिध्वनि
40056	▁प्ररूप
40057	▁प्लेटो
40058	▁फटकारा
40059	▁फर्म
40060	▁फ़ाइलः
40061	▁फिलिपाईन्स
40062	▁फीका
40063	▁फेच
40064	▁बतूएल
40065	▁बन्धुए
40066	▁बसलेल
40067	▁बागे
40068	▁बिं
40069	▁बेड़ियाँ
40070	▁बेल्ट
40071	▁बैच
40072	▁भरेंगे
40073	▁भेड़शाला
40074	▁मकबरा
40075	▁मनोरंज
40076	▁मसूड़
40077	▁मालदीव
40078	▁मिटता
40079	▁मिसाइल
40080	▁मॆडि
40081	▁मैक
40082	▁मैकमिलन
40083	▁मैक्रो
40084	▁रचे
40085	▁राजनीतिज्ञ
40086	▁लंबव
40087	▁लड़खड़ा
40088	▁लिटा
40089	▁लीगल
40090	▁वांछ
40091	▁वॆब
40092	▁वॉल्डेनसस
40093	▁व्यर्थता
40094	▁शास्त्रपद
40095	▁शिवा
40096	▁शीश
40097	▁शुष्क
40098	▁संप
40099	▁सकूंगा
40100	▁समझोगे
40101	▁सल्वाडोर
40102	▁साज
40103	▁सान्त्वना
40104	▁सिखाकर
40105	▁सीएसवी
40106	▁सुप्रभात
40107	▁सुल
40108	▁सुलगत
40109	▁सूझा
40110	▁सेनापतियों
40111	▁स्टार्क
40112	▁स्तीफा
40113	▁स्थानापन्
40114	▁स्पेनिश
40115	▁स्मूथ
40116	▁हर्ज
40117	▁हांग
40118	▁हारो
40119	▁हार्ट
40120	▁हाश
40121	▁हिचकिचाते
40122	▁हूशै
40123	Acquainted
40124	Baku
40125	Bangui
40126	Basic
40127	Black
40128	Costa
40129	Death
40130	Dushanbe
40131	Exeunt
40132	Hermosillo
40133	Himself
40134	Kong
40135	Mace
40136	Madinah
40137	Marino
40138	Maws
40139	Members
40140	Minute
40141	NNA
40142	Omsk
40143	Oral
40144	Permissions
40145	Pitcairn
40146	Rejoice
40147	Repent
40148	Rica
40149	SPI
40150	Saigon
40151	Samara
40152	Scoresbysund
40153	Screen
40154	Sharp
40155	Simferopol
40156	Single
40157	Swift
40158	Sydney
40159	Target
40160	Tijuana
40161	Ur
40162	Vatican
40163	adan
40164	anywhere
40165	artist
40166	believing
40167	bre
40168	bread
40169	code
40170	continued
40171	corporated
40172	cover
40173	eave
40174	hir
40175	hra
40176	igon
40177	ime
40178	inau
40179	ind
40180	kand
40181	listen
40182	lobal
40183	machine
40184	mai
40185	mandu
40186	olumn
40187	pack
40188	pixel
40189	played
40190	pocryphal
40191	presumptuousness
40192	proper
40193	recall
40194	ril
40195	rozh
40196	saturate
40197	snoyarsk
40198	strict
40199	template
40200	ught
40201	ukrain
40202	umq
40203	usy
40204	utotools
40205	why
40206	wipe
40207	worthy
40208	xit
40209	ν
40210	ंदाज़
40211	आईटीएस
40212	आकार
40213	आठ
40214	इंजन
40215	इसने
40216	इस्टर
40217	उत्कृष्ट
40218	एंग
40219	एंटानानारिवो
40220	एंडर
40221	एरने
40222	कंपाला
40223	कटू
40224	कपट
40225	कार्यक्षेत्र
40226	किनार
40227	कैरो
40228	कोनाक्री
40229	कोस्टा
40230	खास
40231	ग्लेस
40232	चिहुआहुआ
40233	ज़ख़
40234	जिएगा
40235	जिसको
40236	जेड
40237	टपट
40238	टिम्ब
40239	टॉर
40240	डैड
40241	तह
40242	तार्किक
40243	तीर
40244	त्रिक
40245	दानिय
40246	दीने
40247	दोष
40248	दोस्त
40249	निष्ठ
40250	न्त्र
40251	न्धे
40252	पकड़
40253	पट्
40254	पाई
40255	पाज
40256	पीठ
40257	प्रसिद्ध
40258	प्राथमिक
40259	फेरोप
40260	फोर्ड
40261	बताओ
40262	बहुतों
40263	बेरूत
40264	मकाउ
40265	मुद
40266	मूट
40267	रकंद
40268	रीटि
40269	रुप
40270	रेस
40271	लबर्ट
40272	लिंडे
40273	लुसिया
40274	लोनाइफ
40275	लोर्ड
40276	ल्मर
40277	ल्लिन
40278	वर्क
40279	वाइयों
40280	वार्स
40281	वृत्त
40282	वेश
40283	वैसे
40284	व्यवहार
40285	संगत
40286	संभव
40287	साओ
40288	सिमुलेशन
40289	स्टल्स
40290	हनत
40291	हुए
40292	ात्लान
40293	ार्स्ट
40294	ाल्ट
40295	ुदा
40296	ूक
40297	ॅू
40298	ॆक्स
40299	ॆरी
40300	ेंकिन
40301	ोत्तर
40302	ोन्स
40303	्टो
40304	्लटर
40305	▁$3
40306	▁2/3
40307	▁ATTENDANCE
40308	▁Admin
40309	▁Administration
40310	▁Ahimelech
40311	▁Annotations
40312	▁Antônio
40313	▁Apollo
40314	▁Await
40315	▁Axes
40316	▁Beroeans
40317	▁Bethink
40318	▁Bildad
40319	▁Browsing
40320	▁Chicago
40321	▁Clea
40322	▁Closed
40323	▁Cobra
40324	▁Communism
40325	▁Countenance
40326	▁Crusades
40327	▁Dealing
40328	▁Dickon
40329	▁Dismiss
40330	▁Doctor
40331	▁Engag
40332	▁Evan
40333	▁Expect
40334	▁Expectation
40335	▁Finnish
40336	▁Fittingly
40337	▁Fourth
40338	▁Framework
40339	▁Frankly
40340	▁Frequent
40341	▁Gaz
40342	▁Gentle
40343	▁Gerar
40344	▁Goshen
40345	▁Hanif
40346	▁Haroun
40347	▁Hinduism
40348	▁Hollow
40349	▁Honey
40350	▁Hoo
40351	▁Hurricane
40352	▁Imran
40353	▁Ingredient
40354	▁Jeff
40355	▁João
40356	▁KDat
40357	▁KIO
40358	▁Kathy
40359	▁Klein
40360	▁Linear
40361	▁Lowest
40362	▁MORE
40363	▁Mamie
40364	▁Masoret
40365	▁Matching
40366	▁Mildness
40367	▁Molech
40368	▁Nicolas
40369	▁Overseers
40370	▁PLAY
40371	▁PURPOSE
40372	▁Pearl
40373	▁Pile
40374	▁Pretty
40375	▁Prev
40376	▁Prevention
40377	▁Primarily
40378	▁Privileges
40379	▁ROUND
40380	▁Rat
40381	▁Recovery
40382	▁Rescue
40383	▁Resizing
40384	▁SHE
40385	▁Sabaeans
40386	▁Saturn
40387	▁Scaling
40388	▁Schroeder
40389	▁Shelah
40390	▁Sickness
40391	▁Somebody
40392	▁Stretch
40393	▁Sublime
40394	▁Succoth
40395	▁Superscript
40396	▁Timer
40397	▁Tobago
40398	▁Ugarit
40399	▁VARP
40400	▁VIEWPOINT
40401	▁Violet
40402	▁Voluntar
40403	▁Yaqub
40404	▁abhorrence
40405	▁ablaze
40406	▁airline
40407	▁align
40408	▁aloft
40409	▁annotation
40410	▁antiquity
40411	▁appendix
40412	▁apples
40413	▁beak
40414	▁beliers
40415	▁biting
40416	▁cert
40417	▁charging
40418	▁churchgoers
40419	▁clarity
40420	▁coincide
40421	▁colleague
40422	▁convocation
40423	▁crocodiles
40424	▁debated
40425	▁decorous
40426	▁defrauded
40427	▁demise
40428	▁democratic
40429	▁denominations
40430	▁denounce
40431	▁depraved
40432	▁deprivation
40433	▁dictate
40434	▁dissatisfied
40435	▁distortion
40436	▁diver
40437	▁dough
40438	▁drifting
40439	▁drums
40440	▁elections
40441	▁entangled
40442	▁envelopes
40443	▁excell
40444	▁extortion
40445	▁fasten
40446	▁fierceness
40447	▁fingertip
40448	▁fling
40449	▁flowed
40450	▁foresaw
40451	▁forewarned
40452	▁fueled
40453	▁garlic
40454	▁gazing
40455	▁glasses
40456	▁grocer
40457	▁heroes
40458	▁hitherto
40459	▁hood
40460	▁hopeful
40461	▁hunted
40462	▁icy
40463	▁incidental
40464	▁incurable
40465	▁interrogated
40466	▁invariably
40467	▁lookout
40468	▁lukewarm
40469	▁mainland
40470	▁mammals
40471	▁manipulating
40472	▁messa
40473	▁miniature
40474	▁mockers
40475	▁moist
40476	▁monastery
40477	▁mule
40478	▁negotiate
40479	▁niche
40480	▁overlooking
40481	▁partisan
40482	▁partitions
40483	▁pebble
40484	▁penny
40485	▁piled
40486	▁pottery
40487	▁puppy
40488	▁rabbit
40489	▁rainy
40490	▁rang
40491	▁recede
40492	▁reconsider
40493	▁remarkably
40494	▁remedies
40495	▁reverted
40496	▁rhythm
40497	▁sensitivity
40498	▁simplest
40499	▁socially
40500	▁spathes
40501	▁stereos
40502	▁subscriptions
40503	▁subset
40504	▁subside
40505	▁swollen
40506	▁systematic
40507	▁tackle
40508	▁tithing
40509	▁trickery
40510	▁unforgivable
40511	▁unquestionabl
40512	▁vestige
40513	▁vigilance
40514	▁vinegar
40515	▁vowel
40516	▁waking
40517	▁watchmen
40518	▁watery
40519	▁whims
40520	▁workmate
40521	▁wreath
40522	▁अँग
40523	▁अंडा
40524	▁अंधियार
40525	▁अतिकल्पना
40526	▁अप्रयुक्
40527	▁अशिष्ट
40528	▁असाध्य
40529	▁अॅन्ड
40530	▁आतिशबाज़ी
40531	▁आयरन
40532	▁आरोही
40533	▁इंजेक्शन
40534	▁इंधन
40535	▁इंस्टैंस
40536	▁इनिट
40537	▁इला
40538	▁ईंटें
40539	▁ईशतंत्र
40540	▁उक्रेन
40541	▁उठनेवाले
40542	▁उत्तराधिकार
40543	▁उत्सर्जन
40544	▁उपनिवेश
40545	▁उपस्त
40546	▁ऎल
40547	▁एकाग्रता
40548	▁एन्युटी
40549	▁एसडीएल
40550	▁एस्टीमेट
40551	▁कटील
40552	▁कमान्ड
40553	▁करबरोस
40554	▁कल्प
40555	▁कहलानेवाल
40556	▁क़ब्रिस्तान
40557	▁कांटा
40558	▁काउन्टी
40559	▁कागज़ात
40560	▁कुँवारियों
40561	▁कुपोषण
40562	▁कॉन्टे
40563	▁खड्ड
40564	▁गड़हा
40565	▁गिटार
40566	▁चखेंगे
40567	▁चुराई
40568	▁चेंजलॉग
40569	▁चेता
40570	▁छठे
40571	▁छूछ
40572	▁जंप
40573	▁जक्कई
40574	▁जगाया
40575	▁जाऊंगी
40576	▁जिज्ञासु
40577	▁जिलाकर
40578	▁झेलना
40579	▁टीकाकार
40580	▁टुकड़िय
40581	▁डफ
40582	▁डालनेवाली
40583	▁तद
40584	▁तेमान
40585	▁थोमा
40586	▁दंगे
40587	▁धूमकेतु
40588	▁नक्काशी
40589	▁नाइल्स
40590	▁नास
40591	▁निर्दयी
40592	▁पंप
40593	▁पट्टियाँ
40594	▁परदेश
40595	▁पादिका
40596	▁पावन
40597	▁पिलाता
40598	▁पीओगे
40599	▁पेटू
40600	▁पैंतीस
40601	▁प्राणदण्ड
40602	▁प्रेरि
40603	▁फ़र्ज़
40604	▁फ़ाइलसिस्टम
40605	▁फ़ार्म
40606	▁फाइनल
40607	▁फाउन्
40608	▁फ्रॉ
40609	▁फ्लेग
40610	▁फ्लोर
40611	▁बँटवारा
40612	▁बँटाया
40613	▁बंधा
40614	▁बंधुए
40615	▁बतायेगा
40616	▁बर्छ
40617	▁बाँधकर
40618	▁बाउंस
40619	▁बादाम
40620	▁बीट
40621	▁बुलाएँ
40622	▁बेट
40623	▁बोट
40624	▁बोनेवाले
40625	▁ब्ला
40626	▁ब्लिंक
40627	▁भूलते
40628	▁भेजेंगे
40629	▁भैया
40630	▁मत्त
40631	▁मलिनता
40632	▁मशीनें
40633	▁मार्कस
40634	▁मिर्च
40635	▁मुक़दमा
40636	▁मेलबलिय
40637	▁रखूं
40638	▁राशी
40639	▁रेज
40640	▁रोमानिया
40641	▁लागों
40642	▁लुटेरों
40643	▁विडजेट
40644	▁विरामचिह्न
40645	▁विवादों
40646	▁विस्फोटक
40647	▁व्याध
40648	▁शीबा
40649	▁शूटिंग
40650	▁संवर्द्ध
40651	▁सनक
40652	▁समाग्र
40653	▁सयाने
40654	▁सहभागिता
40655	▁सिकन्दर
40656	▁सिधा
40657	▁सीखीं
40658	▁सीमांक
40659	▁सुनाम
40660	▁हित्त
40661	▁हिलाए
40662	▁हुनरमंद
40663	▁ह्रास
40664	▁१९४३
40665	520
40666	AME
40667	Abandon
40668	Abidjan
40669	Angeles
40670	Assign
40671	Athens
40672	Bahrain
40673	Belize
40674	Berlin
40675	Brunei
40676	CV
40677	Calcutta
40678	Chis
40679	Cui
40680	Deleted
40681	Dominica
40682	Gala
40683	Georgian
40684	Helena
40685	Hov
40686	Howe
40687	Icons
40688	Jamaica
40689	Kitts
40690	Kuwait
40691	Linde
40692	Lubu
40693	Lucia
40694	Macao
40695	Malta
40696	Manual
40697	Mayen
40698	Mba
40699	Mc
40700	Microphone
40701	Monaco
40702	Paris
40703	Pole
40704	Puerto
40705	Qatar
40706	Rankin
40707	Required
40708	Rico
40709	River
40710	Riya
40711	Salvador
40712	Schedule
40713	Slideshow
40714	THE
40715	THY
40716	TIRE
40717	Template
40718	TimeZone
40719	Tome
40720	Tru
40721	Tue
40722	Verde
40723	Vincent
40724	Yap
40725	York
40726	agan
40727	apan
40728	atch
40729	bard
40730	bcc
40731	chel
40732	cision
40733	claration
40734	completed
40735	condition
40736	devel
40737	difficulty
40738	digits
40739	duz
40740	extrac
40741	fc
40742	fter
40743	hang
40744	isle
40745	jpg
40746	kja
40747	lord
40748	meaning
40749	milli
40750	mino
40751	natural
40752	nego
40753	nviting
40754	omanian
40755	original
40756	orward
40757	ostok
40758	plane
40759	plant
40760	population
40761	prisoners
40762	reaching
40763	repeated
40764	revelation
40765	shuffle
40766	stream
40767	therein
40768	truth
40769	turned
40770	vered
40771	verified
40772	wx
40773	yah
40774	zen
40775	zur
40776	ंटुकी
40777	अड
40778	अल्जीयर्स
40779	इफे
40780	इब्रानी
40781	उदाहरणार्थ
40782	कथा
40783	कमचट
40784	कलैन्ड
40785	कह
40786	काटामार्का
40787	कारियों
40788	कासाब्ला
40789	कुवैत
40790	कैज
40791	कोन
40792	क्विल
40793	गुआड
40794	चार्ट
40795	चाह
40796	चिन्ह
40797	चेस्टर
40798	जमैका
40799	जागरण
40800	जादू
40801	जानता
40802	जेरूसलम
40803	टोंगाटापू
40804	ट्यूनिस
40805	डार्विन
40806	त्स्क
40807	थुले
40808	दियों
40809	दुरुस्त
40810	देन
40811	नियत
40812	पनामा
40813	पीछा
40814	पेन्ह
40815	प्रणाली
40816	प्रांत
40817	बिश्
40818	बुं
40819	बुखारेस्ट
40820	बूट
40821	ब्रिसबेन
40822	ब्लॉग
40823	भेजे
40824	मंदर
40825	मन्न
40826	महल
40827	माजु
40828	माल्टा
40829	मूद
40830	मोंटी
40831	मोनेको
40832	येकाटेरि
40833	रडिक
40834	राए
40835	रान
40836	रियाद
40837	रिसाइ
40838	रै
40839	रोने
40840	लंदन
40841	लबोर्न
40842	लाएँ
40843	लाता
40844	लार्ड
40845	वाहे
40846	शंघाई
40847	शासित
40848	सदृश
40849	सनातन
40850	सहन
40851	सिंगापुर
40852	सिडनी
40853	सिफर
40854	सेनाओं
40855	स्कोपज
40856	स्कोर्सबाइस
40857	स्थानीय
40858	होक
40859	होबार्ट
40860	ाइर
40861	ाईल
40862	िपिग
40863	ीज़ा
40864	ीरत
40865	ुनाफ
40866	ॆज़
40867	ॆस्ट
40868	ेंड
40869	ोता
40870	ोनिक्स
40871	ोमिनी
40872	्तियाँ
40873	्लॉड
40874	६७
40875	▁Acco
40876	▁Acquir
40877	▁Alley
40878	▁Artwork
40879	▁Authe
40880	▁Azerbaijan
40881	▁BAD
40882	▁Babylonia
40883	▁Babylonish
40884	▁Believing
40885	▁Brasília
40886	▁Brotherhood
40887	▁Bus
40888	▁COUNTRY
40889	▁Calculating
40890	▁Cardinal
40891	▁Careful
40892	▁Cate
40893	▁Catherine
40894	▁Cephas
40895	▁Companion
40896	▁Compute
40897	▁Constitution
40898	▁Continuing
40899	▁Culture
40900	▁Cycle
40901	▁Decrypting
40902	▁Defense
40903	▁Deliverer
40904	▁Digits
40905	▁Directly
40906	▁Doesn
40907	▁Dog
40908	▁Eritrea
40909	▁Giuliano
40910	▁Goto
40911	▁Gross
40912	▁Ground
40913	▁HISTORY
40914	▁Hardware
40915	▁Herbert
40916	▁Hod
40917	▁Hunt
40918	▁Idris
40919	▁Impress
40920	▁Journey
40921	▁Jung
40922	▁KiB
40923	▁LOOK
40924	▁Leak
40925	▁Lyme
40926	▁MIN
40927	▁Manuel
40928	▁Marco
40929	▁Merging
40930	▁Millimetres
40931	▁Mock
40932	▁Multiplication
40933	▁NASA
40934	▁Navigat
40935	▁Nethaniah
40936	▁Nobel
40937	▁Nowhere
40938	▁Pango
40939	▁Paran
40940	▁Peaks
40941	▁Peor
40942	▁Period
40943	▁Poker
40944	▁Popular
40945	▁Praying
40946	▁Produce
40947	▁Pul
40948	▁Purging
40949	▁RINGING
40950	▁Recompress
40951	▁Repair
40952	▁Rimmon
40953	▁Ronald
40954	▁Sacrifices
40955	▁Santo
40956	▁Scorpio
40957	▁Shunem
40958	▁Sight
40959	▁Silent
40960	▁Stanley
40961	▁Statement
40962	▁Stein
40963	▁Synchronization
40964	▁THESE
40965	▁Taylor
40966	▁Tentative
40967	▁Testimony
40968	▁Thankful
40969	▁Tho
40970	▁Tolerance
40971	▁Tone
40972	▁Tongue
40973	▁Translator
40974	▁Triple
40975	▁Twice
40976	▁Umm
40977	▁WORLDWIDE
40978	▁Whence
40979	▁Whitehead
40980	▁Zaire
40981	▁accomplishes
40982	▁affinity
40983	▁alarming
40984	▁allay
40985	▁ancestry
40986	▁antibiotics
40987	▁antichrist
40988	▁bench
40989	▁boughs
40990	▁bribery
40991	▁candy
40992	▁censer
40993	▁charger
40994	▁chewing
40995	▁chokes
40996	▁chop
40997	▁concealment
40998	▁congregate
40999	▁cops
41000	▁corruptible
41001	▁cultivation
41002	▁cymbals
41003	▁dashed
41004	▁demolished
41005	▁deterioration
41006	▁deterrent
41007	▁digged
41008	▁dismay
41009	▁drum
41010	▁dweller
41011	▁emerald
41012	▁entails
41013	▁entreaty
41014	▁ethics
41015	▁exulted
41016	▁faileth
41017	▁fend
41018	▁fidelity
41019	▁filler
41020	▁filthiness
41021	▁fittingly
41022	▁flattery
41023	▁frost
41024	▁galaxy
41025	▁gale
41026	▁gnat
41027	▁gt
41028	▁halfway
41029	▁handwriting
41030	▁happiest
41031	▁imparting
41032	▁inanimate
41033	▁inaugurated
41034	▁infidel
41035	▁interpreting
41036	▁intricate
41037	▁irritate
41038	▁lick
41039	▁lilies
41040	▁lin
41041	▁literacy
41042	▁locality
41043	▁magnifie
41044	▁martyrdom
41045	▁midwives
41046	▁millstone
41047	▁mimic
41048	▁minerals
41049	▁mortgage
41050	▁necklace
41051	▁numerator
41052	▁oblation
41053	▁omit
41054	▁outbox
41055	▁pads
41056	▁palatable
41057	▁paradisaic
41058	▁pasturage
41059	▁pathways
41060	▁penance
41061	▁perilous
41062	▁persona
41063	▁piano
41064	▁pill
41065	▁pink
41066	▁pomegranate
41067	▁practitioner
41068	▁pregnancies
41069	▁pretending
41070	▁proposition
41071	▁quiz
41072	▁ransomed
41073	▁rect
41074	▁redundant
41075	▁rehabilitation
41076	▁renown
41077	▁reproducti
41078	▁republic
41079	▁residing
41080	▁rocked
41081	▁scaled
41082	▁sharks
41083	▁shifted
41084	▁sine
41085	▁snack
41086	▁stat
41087	▁subsided
41088	▁sufferer
41089	▁sweetheart
41090	▁tasty
41091	▁testifying
41092	▁thickness
41093	▁threefold
41094	▁tornado
41095	▁unbalanced
41096	▁uninvited
41097	▁unparalleled
41098	▁unscrupulous
41099	▁unsearchable
41100	▁vacuum
41101	▁vail
41102	▁winged
41103	▁अँध
41104	▁अतल
41105	▁अधिपतियों
41106	▁अनुष्ठान
41107	▁अन्ध
41108	▁अपार्टमेंट
41109	▁अफवाह
41110	▁अमालेकी
41111	▁अम्राम
41112	▁अवरोही
41113	▁इब्राहिम
41114	▁उत्परिवर्तन
41115	▁उपलब्धि
41116	▁उल्टी
41117	▁एकजुट
41118	▁एमपी
41119	▁एसे
41120	▁ओबेदेदोम
41121	▁कठिनाइयाँ
41122	▁क्रमिक
41123	▁क्रिएशन
41124	▁खरीदार
41125	▁ख़ुशबू
41126	▁खालीपन
41127	▁खासा
41128	▁खिलौने
41129	▁खुफिया
41130	▁खुलते
41131	▁गज़
41132	▁गती
41133	▁गूँगा
41134	▁ग्रुपवाइज़
41135	▁ग्रैजुएट
41136	▁चाहना
41137	▁चुड़ैल
41138	▁चौडाई
41139	▁जासूसी
41140	▁जीतते
41141	▁जीतना
41142	▁जुर्रत
41143	▁जूँ
41144	▁जेफ
41145	▁ज्योंह
41146	▁झपक
41147	▁झपकी
41148	▁झाँस
41149	▁झुको
41150	▁टिफ
41151	▁डंड
41152	▁डिलीट
41153	▁डिस
41154	▁डोमिनिकन
41155	▁ढकना
41156	▁ढकी
41157	▁तावीज़
41158	▁तुखिकुस
41159	▁त्यागूंगा
41160	▁दर्शानेवाल
41161	▁दार्शनिक
41162	▁दावेदार
41163	▁दास्तान
41164	▁दोहराएं
41165	▁धुआं
41166	▁धैर्यपूर्वक
41167	▁ध्रुवी
41168	▁नहूम
41169	▁निकलोगे
41170	▁निन्दक
41171	▁निपटाया
41172	▁निभात
41173	▁निरुत्साह
41174	▁परिपक्वता
41175	▁पर्दाफाश
41176	▁पसार
41177	▁पाठः
41178	▁पिक्सल
41179	▁पिलाए
41180	▁पॉइंट
41181	▁पोषक
41182	▁प्रतिज्ञाएँ
41183	▁प्रत्याशाएँ
41184	▁प्रदूषित
41185	▁प्रधानता
41186	▁प्रामाणिक
41187	▁प्रोफाइलिंग
41188	▁फटते
41189	▁फलदायक
41190	▁फ़ासि
41191	▁फाँसी
41192	▁फासो
41193	▁फिराओ
41194	▁फैंसी
41195	▁फैक्टर
41196	▁फ्रेमवर्क
41197	▁बच्च
41198	▁बदलनेवाला
41199	▁बरतना
41200	▁बर्तनों
41201	▁बाँस
41202	▁बाजे
41203	▁बायस
41204	▁बायी
41205	▁बिच्छू
41206	▁बेंड़े
41207	▁बैरभाव
41208	▁बौखला
41209	▁ब्रह्मांड
41210	▁भल
41211	▁भानेवाले
41212	▁भूलकर
41213	▁मकदूनिया
41214	▁मछुवाई
41215	▁मण्डप
41216	▁मसालों
41217	▁मांगी
41218	▁मांद
41219	▁मामी
41220	▁मुर्
41221	▁मुलायम
41222	▁मुस्त
41223	▁मैथुन
41224	▁मॉनीटर्स
41225	▁मोरक्को
41226	▁रजिस्ट्रार
41227	▁रम
41228	▁राज्यगृहों
41229	▁रेकाब
41230	▁रेश
41231	▁लांछन
41232	▁लाटविया
41233	▁लीबिया
41234	▁लौटती
41235	▁वस्तुयें
41236	▁विकलांग
41237	▁विघट
41238	▁विज्ञ
41239	▁विनय
41240	▁विवादी
41241	▁विशालता
41242	▁शोधकर्ता
41243	▁श्रमिक
41244	▁संघटक
41245	▁संतों
41246	▁संयोजक
41247	▁सतल
41248	▁सतानेवाले
41249	▁सन्देशवाहक
41250	▁समयोचित
41251	▁सम्बद्धता
41252	▁सस्ता
41253	▁साँचे
41254	▁सांता
41255	▁साक्स
41256	▁सिंक्रोनाइज
41257	▁सीमो
41258	▁सुक्कोत
41259	▁सूझी
41260	▁सूपर
41261	▁सेकेण्ड
41262	▁सैंकड़ों
41263	▁स्ट्रोक
41264	▁स्वेच्छाबलि
41265	▁हंसते
41266	▁हवास
41267	▁हास्य
41268	▁हिप्प
41269	▁हिस्सेदार
41270	▁हॆं
41271	▁हेर्मोन
41272	▁हैंडलर
41273	▁१२०
41274	▁५८
41275	.<
41276	1.0
41277	1250)
41278	864
41279	>2
41280	Api
41281	Armenian
41282	BSD
41283	Base
41284	CRAM
41285	Cairo
41286	Cambridge
41287	Canary
41288	Chag
41289	Click
41290	Consider
41291	Deactivate
41292	Expel
41293	GASPS
41294	HK
41295	Ibrahim
41296	JOHA
41297	Mahe
41298	Merid
41299	Nairobi
41300	Overdue
41301	PU
41302	Paint
41303	Qarnayn
41304	Qurtubi
41305	Resign
41306	Sinai
41307	Spend
41308	Tahiti
41309	UAL
41310	Umrah
41311	Zone
41312	]?’
41313	ast
41314	aved
41315	azz
41316	believer
41317	bject
41318	cca
41319	chen
41320	chooser
41321	client
41322	daughter
41323	dden
41324	declare
41325	eeting
41326	eleaguer
41327	ero
41328	forth
41329	gather
41330	gio
41331	grafted
41332	haracter
41333	hip
41334	hmm
41335	idal
41336	logic
41337	mach
41338	ncoding
41339	ream
41340	reply
41341	rties
41342	sgroups
41343	simple
41344	speaking
41345	stigated
41346	throw
41347	vascular
41348	wishers
41349	°
41350	Á
41351	ה
41352	ंसबर्ग
41353	आखिर
41354	आधारित
41355	आरडबल्यू
41356	एंजेल्स
41357	कटाई
41358	कलाकार
41359	काराकस
41360	केमन
41361	कोह
41362	क्रैस्न
41363	खारे
41364	गल्प
41365	गादान
41366	गुरू
41367	ग्नेस
41368	चाथ
41369	चार्ज
41370	जामेना
41371	जुब्ल
41372	टोर्
41373	ट्रैट
41374	डब्लिन
41375	डीएस
41376	डीया
41377	डोमिन्गो
41378	ढ़ाई
41379	तरावा
41380	तुवा
41381	थामस
41382	दर्शी
41383	दहाड़
41384	दुशान्बे
41385	दैनिक
41386	नापे
41387	नींद
41388	नॆस
41389	पाइंट
41390	पारामारिबो
41391	पिटकैर्न
41392	पेरिस
41393	प्रिंट
41394	प्लूट
41395	फ़िल्टर
41396	फोर्टालेज
41397	बंदी
41398	बक्सा
41399	बरम
41400	बर्लिन
41401	बलसान
41402	बाइन
41403	बाउ
41404	बालक
41405	बिदजान
41406	बिया
41407	बेटा
41408	बैंकाक
41409	बैजर
41410	बोन
41411	ब्रोक
41412	ब्ली
41413	मालदीव
41414	मिन्स्
41415	मैकम
41416	मोंटेवीडियो
41417	यार्क
41418	यार्स्क
41419	रानी
41420	र्बिन
41421	लकेन
41422	वाणी
41423	विंड
41424	वॉर
41425	वोस्तोक
41426	व्लाडीव
41427	शासा
41428	सख
41429	सबर्ग
41430	सलों
41431	सहायक
41432	सहेजे
41433	सादा
41434	सिर्फ़
41435	स्ट्रो
41436	स्रोत
41437	ाशय
41438	िल्ला
41439	ीजीए
41440	ैयनी
41441	्न्यूस
41442	१८
41443	२६
41444	५१
41445	७९
41446	▁"--
41447	▁(02:00)
41448	▁..."
41449	▁............
41450	▁165
41451	▁1999)
41452	▁550
41453	▁AFTER
41454	▁Abuse
41455	▁Adventist
41456	▁Agnes
41457	▁Akilan
41458	▁Annual
41459	▁Calltip
41460	▁Came
41461	▁Circumstances
41462	▁Citizen
41463	▁Climate
41464	▁Colorado
41465	▁Compassion
41466	▁Crypto
41467	▁Differences
41468	▁Duplex
41469	▁Emotional
41470	▁Experiment
41471	▁Flavi
41472	▁Flesh
41473	▁Flock
41474	▁Formula
41475	▁Galileo
41476	▁Grade
41477	▁HER
41478	▁Healing
41479	▁Histogram
41480	▁Hurt
41481	▁Idle
41482	▁Implementation
41483	▁Indicators
41484	▁Insecure
41485	▁Insurance
41486	▁Introduction
41487	▁Jabin
41488	▁Jamestown
41489	▁Japheth
41490	▁Jose
41491	▁KOrganizer
41492	▁Keilah
41493	▁Kishon
41494	▁Louise
41495	▁MONTH
41496	▁Mailyn
41497	▁Malaysian
41498	▁Marilyn
41499	▁Martyr
41500	▁Mauritania
41501	▁Messi
41502	▁Meyer
41503	▁NONE
41504	▁Offering
41505	▁Offscreen
41506	▁Org
41507	▁PL
41508	▁Pardon
41509	▁Parenthes
41510	▁Pellets
41511	▁Printed
41512	▁Quraish
41513	▁Radial
41514	▁Refus
41515	▁Relenting
41516	▁Restrict
41517	▁Sardis
41518	▁Sense
41519	▁Seraiah
41520	▁Spi
41521	▁Stoic
41522	▁Strict
41523	▁Sweep
41524	▁TIMO
41525	▁Tears
41526	▁Telegraph
41527	▁Tunnelling
41528	▁Um
41529	▁Valuable
41530	▁Virtue
41531	▁Vision
41532	▁WONDERED
41533	▁WOULD
41534	▁WebGL
41535	▁Woo
41536	▁Wycliffe
41537	▁Zeal
41538	▁abruptly
41539	▁accidentally
41540	▁activist
41541	▁agitation
41542	▁analyzing
41543	▁annoying
41544	▁annulled
41545	▁answerable
41546	▁apprehension
41547	▁arches
41548	▁atomic
41549	▁bade
41550	▁bananas
41551	▁bankruptcy
41552	▁belligerent
41553	▁blight
41554	▁blink
41555	▁blogger
41556	▁bookmarked
41557	▁booth
41558	▁bracket
41559	▁browsed
41560	▁butterflies
41561	▁cabinet
41562	▁calories
41563	▁caprices
41564	▁carriage
41565	▁casino
41566	▁charming
41567	▁choking
41568	▁clap
41569	▁comb
41570	▁conditional
41571	▁consecration
41572	▁contemplated
41573	▁contemplation
41574	▁contradictory
41575	▁controversial
41576	▁cookie
41577	▁costume
41578	▁craftsmen
41579	▁crashing
41580	▁cubs
41581	▁cucumbers
41582	▁cuneiform
41583	▁deactivate
41584	▁decoration
41585	▁deliverer
41586	▁dignitaries
41587	▁disapprove
41588	▁discount
41589	▁disintegrate
41590	▁ditch
41591	▁divulge
41592	▁donate
41593	▁dowers
41594	▁earrings
41595	▁ecological
41596	▁elated
41597	▁energies
41598	▁epistle
41599	▁evermore
41600	▁excellencies
41601	▁excite
41602	▁fathom
41603	▁flawed
41604	▁flexibility
41605	▁flute
41606	▁garage
41607	▁garlands
41608	▁germ
41609	▁glowing
41610	▁gorgeous
41611	▁gripp
41612	▁guiltless
41613	▁heretics
41614	▁horseback
41615	▁iceberg
41616	▁impede
41617	▁inadequacy
41618	▁indebted
41619	▁indent
41620	▁innumerable
41621	▁intimidating
41622	▁jeopardy
41623	▁keybinding
41624	▁lax
41625	▁lentils
41626	▁lining
41627	▁maledictions
41628	▁manufacturers
41629	▁marshal
41630	▁mining
41631	▁misplaced
41632	▁musk
41633	▁mythology
41634	▁nightmares
41635	▁nucleus
41636	▁nun
41637	▁painfully
41638	▁panting
41639	▁particle
41640	▁passersby
41641	▁periodically
41642	▁pessimistic
41643	▁petty
41644	▁platter
41645	▁plunging
41646	▁poorest
41647	▁psychology
41648	▁puff
41649	▁rashly
41650	▁reachable
41651	▁reaffirm
41652	▁repute
41653	▁resemblance
41654	▁reunion
41655	▁rotating
41656	▁scanned
41657	▁segments
41658	▁setteth
41659	▁sly
41660	▁smash
41661	▁smiting
41662	▁snapshot
41663	▁sour
41664	▁speakest
41665	▁startled
41666	▁stimulated
41667	▁stroll
41668	▁studio
41669	▁suicidal
41670	▁sunny
41671	▁towel
41672	▁traders
41673	▁twisting
41674	▁unchangeable
41675	▁unravel
41676	▁unshakable
41677	▁unstable
41678	▁vandalism
41679	▁vanilla
41680	▁verge
41681	▁veritabl
41682	▁wallpaper
41683	▁wiping
41684	▁yawn
41685	▁zeroes
41686	▁अंशतः
41687	▁अधूर
41688	▁अनुकृति
41689	▁अन्धी
41690	▁अबीराम
41691	▁अबीहू
41692	▁अलहदा
41693	▁अस्तर
41694	▁अस्वीकारें
41695	▁आकस्मिक
41696	▁आकान
41697	▁आदान
41698	▁आफतों
41699	▁आमंत्रणों
41700	▁आराधनालयों
41701	▁इंक
41702	▁इंस्टाल
41703	▁इकरा
41704	▁उँडेली
41705	▁उड़न
41706	▁उपसमुच्चय
41707	▁एमएसएन
41708	▁ऑर्ग
41709	▁ओलि
41710	▁कबूतरों
41711	▁कम्प्यूट
41712	▁कहलाना
41713	▁किराये
41714	▁कृपाल
41715	▁कैल्विन
41716	▁कॉम्प
41717	▁क्यूब
41718	▁क्रेश
41719	▁क्षेत्रीय
41720	▁खराबे
41721	▁ख़तना
41722	▁ख़रीदारी
41723	▁खाऊं
41724	▁खानेवाला
41725	▁खिंचाव
41726	▁खोदे
41727	▁गन्धरस
41728	▁गिरके
41729	▁गेमफ
41730	▁गोत्रवाले
41731	▁गोल्ड
41732	▁गौरैया
41733	▁ग्लॉसी
41734	▁घना
41735	▁घुसपैठ
41736	▁चकरा
41737	▁चट्टानें
41738	▁चप्प
41739	▁चर्चाओं
41740	▁चलूँगा
41741	▁चिरस्था
41742	▁चूकता
41743	▁चूना
41744	▁ज़ेब
41745	▁जागी
41746	▁जॅ
41747	▁जेनरेटर
41748	▁जेम्सटाउन
41749	▁झलका
41750	▁टकराने
41751	▁ट्रांजेक्शन
41752	▁ठेठ
41753	▁ठोंक
41754	▁डायना
41755	▁डिज़ाइनर
41756	▁डुप्ले
41757	▁ड्राप
41758	▁ढाँचा
41759	▁तनावपूर्ण
41760	▁तप्त
41761	▁तबदीली
41762	▁तरसुस
41763	▁तरुण
41764	▁तितली
41765	▁तिम्ना
41766	▁तोहफ
41767	▁तौलने
41768	▁दर्शाने
41769	▁दातान
41770	▁दीर्घायु
41771	▁दुर्बलता
41772	▁देतीं
41773	▁दोहराए
41774	▁नग्न
41775	▁नतन्याह
41776	▁नपुंसक
41777	▁नब्बे
41778	▁नावहो
41779	▁पटुक
41780	▁परिधि
41781	▁पर्याय
41782	▁पहचानेंगे
41783	▁पहिनकर
41784	▁पहुंचाना
41785	▁पाखण्ड
41786	▁पासवर्डः
41787	▁पीसीआई
41788	▁पुनरीक्षण
41789	▁पूरक
41790	▁प्रतीयमानतः
41791	▁प्रविष्ठि
41792	▁प्रीसेट
41793	▁प्रेमपूर्वक
41794	▁फलसफ
41795	▁फलेंगे
41796	▁फ़ायदेमंद
41797	▁बजाता
41798	▁बढ़ाओ
41799	▁बल्गारिया
41800	▁बवंडर
41801	▁बसनेवाले
41802	▁बहर
41803	▁बहुओं
41804	▁बांज
41805	▁बांजवृक्ष
41806	▁बाशा
41807	▁बुलाहट
41808	▁बेची
41809	▁बेलजियम
41810	▁ब्राजील
41811	▁भिखार
41812	▁भौं
41813	▁मजनू
41814	▁मनोभावचिह्न
41815	▁महारानी
41816	▁माइक्रोमीटर
41817	▁मागोग
41818	▁मून
41819	▁यम
41820	▁यूटीएफ
41821	▁रमज़ान
41822	▁रयवस्था
41823	▁राल्फ
41824	▁रॉबिन
41825	▁रोकेंगे
41826	▁लड़कियां
41827	▁लड़खड़ात
41828	▁लीला
41829	▁लुढ़का
41830	▁लैन
41831	▁लौटेगा
41832	▁वरन्
41833	▁वर्षो
41834	▁वल्ग
41835	▁वाइस
41836	▁विकासवादी
41837	▁विगोपित
41838	▁विचलन
41839	▁विभक्
41840	▁विशिष्टता
41841	▁वेगास
41842	▁वॉलपेपर
41843	▁शिकंज
41844	▁शीर्षकः
41845	▁शुद्धात्मा
41846	▁सँ
41847	▁संवेदना
41848	▁समलिंगी
41849	▁सशस्त्र
41850	▁साशा
41851	▁सितारा
41852	▁सुनाऊं
41853	▁सुनाकर
41854	▁सुलझ
41855	▁सैली
41856	▁स्वाभावि
41857	▁हत्थे
41858	▁हदो
41859	▁हर्जेगोविना
41860	▁हार्ले
41861	▁हिमायत
41862	▁हिरन
41863	▁होनहार
41864	▁१९८७
41865	▁८६
41866	❏
41867	2.5
41868	20,000
41869	66)
41870	864)
41871	Addis
41872	Aden
41873	Amsterdam
41874	Anguilla
41875	Antigua
41876	Arise
41877	Aruba
41878	Assistant
41879	Auckland
41880	Barbados
41881	Bele
41882	Bermuda
41883	Boa
41884	Broken
41885	Brothers
41886	Budapest
41887	CY
41888	Canc
41889	Cape
41890	Casey
41891	Categories
41892	Cayman
41893	Chicago
41894	Cocos
41895	Cona
41896	Confidential
41897	Copenhagen
41898	Damascus
41899	Djibouti
41900	Fiji
41901	GID
41902	Gaza
41903	Gibraltar
41904	Grenada
41905	Guadeloupe
41906	Guam
41907	Guyana
41908	HILE
41909	Intense
41910	JOH
41911	Johnsto
41912	Kra
41913	LF
41914	Lima
41915	Lisbon
41916	London
41917	Loop
41918	MacC
41919	Madrid
41920	Mailing
41921	Maldives
41922	Martinique
41923	Meem
41924	Melbourne
41925	Merge
41926	Miquelon
41927	Montreal
41928	Mutt
41929	Nauru
41930	Nia
41931	Niue
41932	Nome
41933	Norfolk
41934	Once
41935	Palau
41936	Perth
41937	Pontia
41938	Porto
41939	Prague
41940	Repeat
41941	Reunion
41942	Rey
41943	Santiago
41944	Santo
41945	Sao
41946	Scaling
41947	Sea
41948	Seoul
41949	Shrink
41950	Socket
41951	Speech
41952	Spouse
41953	Stanley
41954	Stockholm
41955	Switcher
41956	TX
41957	Thunder
41958	Tiran
41959	Unlock
41960	Vienna
41961	Wallis
41962	Wants
41963	ailing
41964	answer
41965	ark
41966	assassin
41967	became
41968	bly
41969	borne
41970	chief
41971	cipients
41972	comfort
41973	cuba
41974	dif
41975	expected
41976	family
41977	felt
41978	flies
41979	fp
41980	gli
41981	gtail
41982	hate
41983	hl
41984	home
41985	ikos
41986	insert
41987	iquet
41988	ival
41989	japanese
41990	kha
41991	korean
41992	ligible
41993	mply
41994	ntegrated
41995	offspring
41996	olor
41997	onsistency
41998	pair
41999	paragraph
42000	poor
42001	produce
42002	proposal
42003	quotations
42004	repent
42005	rik
42006	sentation
42007	tebasket
42008	tegories
42009	traditional
42010	ttach
42011	unknown
42012	urrent
42013	wait
42014	washed
42015	weight
42016	ystem
42017	}:
42018	ë
42019	ंटेट
42020	ंस्टन
42021	अक्र
42022	अनाथ
42023	अपात्र
42024	अरूबा
42025	अर्थ
42026	इता
42027	इयरब
42028	उन्हों
42029	एक्टो
42030	एपिय
42031	एलेन
42032	एसं
42033	ऑस्ट्रेलियाई
42034	ओरल
42035	कचोट
42036	कर्ताओं
42037	किट्स
42038	कीव
42039	कोकोस
42040	खते
42041	ख्
42042	गाण्डा
42043	गुआटेमाला
42044	गुआम
42045	गेम
42046	गोपित
42047	ग्ज़
42048	ग्रेडिएंट
42049	ग्रेनाडा
42050	ग्रैंड
42051	चुग
42052	छुपायें
42053	ज़ियों
42054	जान्स
42055	जार्जिया
42056	जिब्राल्टर
42057	जोहा
42058	झाए
42059	टर्क
42060	टाइल्ड
42061	टियाना
42062	टोकन
42063	डियम
42064	डील
42065	डोमिनिका
42066	ढ़ाक
42067	णित
42068	तनिक
42069	ताछ
42070	दमस्
42071	देखते
42072	देवनागरी
42073	धिष्ठाप
42074	धोखे
42075	नकल
42076	नफील्ड
42077	नलोडेड
42078	नामकरण
42079	निंदा
42080	निर्मित
42081	नौरू
42082	पंथ
42083	पर्थ
42084	पलाऊ
42085	पार्थीव
42086	पिटल
42087	पुताई
42088	पुस्तक
42089	पूर्वाह्न
42090	पैंग
42091	पोर्टो
42092	प्रस्ताव
42093	प्राग
42094	प्रारूप
42095	प्लेट
42096	फ़िन
42097	फिजी
42098	बहरीन
42099	बांग्
42100	बारबो
42101	बुडापेस्ट
42102	भागी
42103	मकाओ
42104	महीना
42105	मानर
42106	मारटीन
42107	मारेंग
42108	मावर्त
42109	माहे
42110	मिक्वेलन
42111	मेंडोज
42112	मेरिनो
42113	मैक्सिको
42114	मैड्रिड
42115	मोंटेन
42116	मोंटेर
42117	मोरेस
42118	म्स
42119	यल्
42120	युटा
42121	रिफ़
42122	रिवर
42123	रीयूनियन
42124	लक्ष्य
42125	लेक्शन
42126	लौस
42127	वर्डस
42128	वर्डे
42129	वाऊंगा
42130	विस्थापन
42131	शादी
42132	शिकागो
42133	शिक्षा
42134	शुआ
42135	श्चिक
42136	श्रीमान्
42137	सठ
42138	सल्वाडोर
42139	सवारी
42140	सहभागी
42141	सारियो
42142	सिद्धि
42143	सुखी
42144	स्टन
42145	स्त्रा
42146	हर्मो
42147	हारी
42148	हीब्रू
42149	हृ
42150	हेलेना
42151	हैलीफ
42152	होवे
42153	ाइप
42154	िंक
42155	िरा
42156	िस्साओ
42157	ेशिया
42158	ेहन्
42159	ैन्ड
42160	ोगू
42161	ोड
42162	ोन्हा
42163	्रायट
42164	्रेष
42165	्सटन
42166	१९४१
42167	८८
42168	▁07
42169	▁1,600
42170	▁1.6
42171	▁500,000
42172	▁Abihu
42173	▁Admit
42174	▁Alway
42175	▁Archaeology
42176	▁Arizona
42177	▁Autodetect
42178	▁BABY
42179	▁Blink
42180	▁Breast
42181	▁Burst
42182	▁Cayman
42183	▁Clovis
42184	▁Collegiants
42185	▁Comenius
42186	▁Compared
42187	▁Compiz
42188	▁Contemporar
42189	▁Corner
42190	▁Crisis
42191	▁DA
42192	▁Dell
42193	▁Discern
42194	▁Dolphin
42195	▁EL
42196	▁Earnest
42197	▁Elevator
42198	▁Elishama
42199	▁Elsewhere
42200	▁Encouragement
42201	▁Exiting
42202	▁Fitzpatrick
42203	▁Fla
42204	▁Follo
42205	▁Fortress
42206	▁GD
42207	▁Gamefu
42208	▁Georg
42209	▁Gibraltar
42210	▁Gil
42211	▁Gloria
42212	▁Growth
42213	▁Guiana
42214	▁Guys
42215	▁Gwen
42216	▁Hanan
42217	▁Hua
42218	▁Husband
42219	▁Indiana
42220	▁Inevitable
42221	▁Inspiration
42222	▁Jehoiachin
42223	▁KPPP
42224	▁Kan
42225	▁Kenite
42226	▁Kirjath
42227	▁Lansing
42228	▁Libnah
42229	▁Literal
42230	▁Locked
42231	▁Lowercase
42232	▁Luz
42233	▁MAX
42234	▁Magdalena
42235	▁Makarios
42236	▁Marion
42237	▁Medi
42238	▁Minimal
42239	▁Multiply
42240	▁Nicole
42241	▁Odessa
42242	▁Optimised
42243	▁PIM
42244	▁Perez
42245	▁Periodically
42246	▁Plug
42247	▁Population
42248	▁Punctuation
42249	▁Regenerat
42250	▁Shay
42251	▁Shoot
42252	▁Sicily
42253	▁Singh
42254	▁Smyrna
42255	▁Springs
42256	▁Survival
42257	▁TEACHINGS
42258	▁Tatian
42259	▁Tiberius
42260	▁Tiger
42261	▁Tradition
42262	▁Turkmenistan
42263	▁Vertex
42264	▁Vika
42265	▁WORLD
42266	▁Werner
42267	▁Wolf
42268	▁YouTube
42269	▁___
42270	▁accelerate
42271	▁accompanies
42272	▁apologizing
42273	▁appliances
42274	▁architect
42275	▁atmospheric
42276	▁attest
42277	▁awoke
42278	▁bargaining
42279	▁befriending
42280	▁blackness
42281	▁booths
42282	▁breaches
42283	▁broader
42284	▁bytes
42285	▁cautioned
42286	▁changers
42287	▁chins
42288	▁classmate
42289	▁compassionately
42290	▁conceit
42291	▁concentrating
42292	▁constructive
42293	▁consultant
42294	▁contagious
42295	▁contour
42296	▁coward
42297	▁crumbling
42298	▁cumulative
42299	▁dampen
42300	▁delivereth
42301	▁dipped
42302	▁dishonored
42303	▁dispens
42304	▁dissuade
42305	▁divorcing
42306	▁doc
42307	▁edifice
42308	▁enforced
42309	▁ensnare
42310	▁entail
42311	▁enthronement
42312	▁envied
42313	▁envoy
42314	▁exacting
42315	▁exam
42316	▁faded
42317	▁feather
42318	▁feud
42319	▁finale
42320	▁finery
42321	▁fondly
42322	▁gen
42323	▁glaucoma
42324	▁gpx
42325	▁graceful
42326	▁greedily
42327	▁gzip
42328	▁harmoniously
42329	▁haughtily
42330	▁heartily
42331	▁hobbies
42332	▁hopelessness
42333	▁horrendous
42334	▁impatience
42335	▁implanted
42336	▁impulsive
42337	▁java
42338	▁larva
42339	▁latin
42340	▁loveless
42341	▁marred
42342	▁merciless
42343	▁miscarriage
42344	▁monasteries
42345	▁murdering
42346	▁nicotine
42347	▁omitted
42348	▁outdated
42349	▁overheard
42350	▁panda
42351	▁paradox
42352	▁parenthood
42353	▁pave
42354	▁physics
42355	▁pinpoint
42356	▁plummet
42357	▁pneumonia
42358	▁poisoning
42359	▁preface
42360	▁providence
42361	▁pupils
42362	▁radiance
42363	▁reformers
42364	▁relish
42365	▁replayed
42366	▁resizable
42367	▁revolutionary
42368	▁sadden
42369	▁scary
42370	▁shaping
42371	▁shipped
42372	▁sleepless
42373	▁snail
42374	▁sparingly
42375	▁sparked
42376	▁sporting
42377	▁swamp
42378	▁tasting
42379	▁traverse
42380	▁trialsome
42381	▁unprofitable
42382	▁unrelenting
42383	▁unreserved
42384	▁unspeakable
42385	▁uplifting
42386	▁uproar
42387	▁urine
42388	▁wh
42389	▁wr
42390	▁zip
42391	▁{4}
42392	▁अंकुरित
42393	▁अंधाधुंध
42394	▁अदालतों
42395	▁अनलॉक
42396	▁अनुपल
42397	▁अभिलाष
42398	▁अमासा
42399	▁अलफा
42400	▁असहमत
42401	▁अहा
42402	▁आभूष
42403	▁आशाएँ
42404	▁इंद्र
42405	▁इज़
42406	▁इब्र
42407	▁उठवा
42408	▁उठाऊंगा
42409	▁उत्क
42410	▁उत्तरजीविता
42411	▁उफ
42412	▁एक्सज
42413	▁एक्सटेंशन्स
42414	▁एक्सेसि
42415	▁एल्याशीब
42416	▁औषधि
42417	▁कठ
42418	▁कलाकृति
42419	▁कुम
42420	▁कुरते
42421	▁कुलपिताओं
42422	▁कैसेट
42423	▁कॉम्प्रे
42424	▁कोलपोर्टर
42425	▁क्लिनिक
42426	▁क्विज
42427	▁खत्त
42428	▁ख़ाम
42429	▁ख़ूबसूरत
42430	▁खासियतें
42431	▁खिंचकर
42432	▁खोपड़ी
42433	▁गरार
42434	▁गुरूमुखी
42435	▁गेटकीपर
42436	▁गेरा
42437	▁गैप्स
42438	▁गोशेन
42439	▁ग्रैजुएशन
42440	▁ग्वेन
42441	▁घटेंगी
42442	▁चित्रकारी
42443	▁चुनिये
42444	▁छक
42445	▁छुओ
42446	▁जंगी
42447	▁जद्दोजेहद
42448	▁जाँचिए
42449	▁जाएग
42450	▁जार्जिया
42451	▁जीवजन्तु
42452	▁जुड़ाव
42453	▁जोसेफ
42454	▁झरने
42455	▁टाइमस्टैंप
42456	▁ट्रै
42457	▁ठहराएँगे
42458	▁डकैती
42459	▁डरपोक
42460	▁डिप्रेशन
42461	▁ढकोसल
42462	▁ढक्कन
42463	▁तरसता
42464	▁तैरने
42465	▁थू
42466	▁दहाड़े
42467	▁दियुत्रिफेस
42468	▁दीपकों
42469	▁धर्मविज्ञान
42470	▁धर्मविज्ञानी
42471	▁धुआँ
42472	▁नन्हें
42473	▁नाख़ून
42474	▁नार्वे
42475	▁नासा
42476	▁निधन
42477	▁निरंकुश
42478	▁निर्लज्जता
42479	▁नैनोमीटर
42480	▁नोट्
42481	▁पनडुब्ब
42482	▁परोपकारी
42483	▁पहुँचाएँगे
42484	▁पहुंचाओ
42485	▁पिघलाकर
42486	▁पीएचपी
42487	▁पीया
42488	▁पूर
42489	▁पेशेंस
42490	▁पैठा
42491	▁पैशाचिक
42492	▁प्ररित
42493	▁प्रवासी
42494	▁प्रसारण
42495	▁प्रस्त
42496	▁प्रस्थ
42497	▁प्रिंटिंग
42498	▁प्रोफ़ेसर
42499	▁फ़ै
42500	▁फुर्तील
42501	▁फेक
42502	▁फोर्ट
42503	▁फ्लि
42504	▁फ्ले
42505	▁बँधुआ
42506	▁बट
42507	▁बटोह
42508	▁बनिस्
42509	▁बरम
42510	▁बागियों
42511	▁बिगड़ता
42512	▁बिगड़ने
42513	▁बिताइए
42514	▁बिनपढ़
42515	▁बिसर
42516	▁बुलाएं
42517	▁बूँदें
42518	▁ब्लैंकिंग
42519	▁भई
42520	▁भाईबन्धु
42521	▁भागेगा
42522	▁मधुमेह
42523	▁मनगढ़
42524	▁मनमोहक
42525	▁माइक्रोसॉफ़्ट
42526	▁मालुम
42527	▁मिलजुल
42528	▁मिलाते
42529	▁मीटर्स
42530	▁मुंड़ा
42531	▁मुंबई
42532	▁मॆ
42533	▁मेहमानदार
42534	▁रखरखाव
42535	▁रचनाएँ
42536	▁रमणीय
42537	▁रहनेवालो
42538	▁रहस्यमय
42539	▁राइटर
42540	▁रोएँ
42541	▁रोककर
42542	▁लंका
42543	▁लिब्ना
42544	▁लॉटरी
42545	▁लॉस
42546	▁वाइट
42547	▁वेन्डी
42548	▁शर्मील
42549	▁शल्य
42550	▁शिमा
42551	▁शुरुआती
42552	▁सँवारा
42553	▁संघट
42554	▁संदूष
42555	▁संयंत्र
42556	▁समाता
42557	▁सम्भवतः
42558	▁सहेलियों
42559	▁साइंस
42560	▁साक्ष्य
42561	▁सिंगल
42562	▁सिखायीं
42563	▁सियान
42564	▁सेक्टर
42565	▁स्टेट्स
42566	▁स्टैंड
42567	▁स्टैक
42568	▁स्तब्ध
42569	▁स्नेप
42570	▁स्पा
42571	▁स्वत्वाधिकार
42572	▁स्वीकारने
42573	▁स्वैच्छिक
42574	▁हंड
42575	▁हठी
42576	▁हुक़ू
42577	▁९५
42578	-86
42579	168.
42580	71
42581	81
42582	Celtic
42583	Deliver
42584	Diff
42585	ELF
42586	Evolution
42587	Favourite
42588	Field
42589	Hallelujah
42590	Hav
42591	High
42592	Hik
42593	Honor
42594	Human
42595	Konqueror
42596	Login
42597	NED
42598	NES
42599	Nordic
42600	OCT
42601	QUE
42602	SCREAMING
42603	Saleh
42604	acent
42605	addressbook
42606	aker
42607	ame
42608	crop
42609	early
42610	elves
42611	hessboard
42612	honor
42613	hot
42614	juj
42615	lat
42616	legal
42617	mmensely
42618	niah
42619	nowhere
42620	ontinuation
42621	pertinent
42622	pin
42623	prophet
42624	rl
42625	smosis
42626	tica
42627	till
42628	una
42629	ustomise
42630	utomatically
42631	â
42632	ंचल
42633	ंसुओं
42634	अभिषिक्
42635	आईएसओ
42636	ईमेल
42637	ऊँगी
42638	ऎ
42639	एक्टिव
42640	एमबी
42641	कपड़े
42642	कितनी
42643	कृपया
42644	कॉन्क्वेरर
42645	चयनित
42646	टोरिय
42647	ट्रक्ट
42648	तालिया
42649	नरम
42650	नरी
42651	नाइट
42652	नुक्सान
42653	नूई
42654	परिवर्तन
42655	पीरियल
42656	पुकार
42657	प्रॆसो
42658	फिश
42659	बरदार
42660	बुढ़ापे
42661	भोर
42662	मरियम
42663	मेथड
42664	याजकों
42665	रम्पार
42666	राट
42667	रापा
42668	रीति
42669	रोटी
42670	ल्सियस
42671	विलोम
42672	वोल्ट
42673	शब्द
42674	सचमुच
42675	सदस्यता
42676	सभा
42677	समझा
42678	सिट
42679	ाँट
42680	ापेक्ष
42681	ारपत
42682	िनो
42683	ॅट
42684	ेक्स
42685	ैटिक
42686	ोनियो
42687	्मेल
42688	९०
42689	▁')'
42690	▁007
42691	▁04
42692	▁12,000
42693	▁143
42694	▁190
42695	▁2002"
42696	▁5/6
42697	▁87
42698	▁ANY
42699	▁Accordi
42700	▁Adar
42701	▁Airport
42702	▁Arabah
42703	▁Asahel
42704	▁Barabbas
42705	▁Beneficial
42706	▁Bern
42707	▁Billy
42708	▁Bird
42709	▁Bithynia
42710	▁Brook
42711	▁Bruno
42712	▁Claire
42713	▁Closer
42714	▁Constraint
42715	▁Criminal
42716	▁Crowd
42717	▁Denied
42718	▁Destruction
42719	▁Eboshi
42720	▁Emboss
42721	▁Energy
42722	▁Exif
42723	▁Expanded
42724	▁FAITH
42725	▁Fil
42726	▁Frederick
42727	▁GLSL
42728	▁Gambia
42729	▁Gang
42730	▁Grave
42731	▁Heard
42732	▁Initializing
42733	▁Jibreel
42734	▁Jimmy
42735	▁Justin
42736	▁Kubuntu
42737	▁Laura
42738	▁Leon
42739	▁Mach
42740	▁Madinah
42741	▁Matthias
42742	▁Muncher
42743	▁NOW
42744	▁Overflow
42745	▁PCI
42746	▁PF
42747	▁Performance
42748	▁Played
42749	▁Pompeii
42750	▁Prague
42751	▁Puritan
42752	▁Pym
42753	▁Quarter
42754	▁Queensland
42755	▁Qui
42756	▁Repent
42757	▁Reubenites
42758	▁Rewind
42759	▁STDEV
42760	▁Seraphim
42761	▁Shinto
42762	▁Slice
42763	▁Stage
42764	▁Strange
42765	▁Succeed
42766	▁Superstition
42767	▁Surprisingly
42768	▁Sweet
42769	▁Terrace
42770	▁Thompson
42771	▁Triangle
42772	▁Turks
42773	▁Typical
42774	▁Unsubscrib
42775	▁Uzziel
42776	▁Visibility
42777	▁WAY
42778	▁Weakness
42779	▁Yep
42780	▁Zip
42781	▁absurd
42782	▁admirable
42783	▁affluence
42784	▁apportion
42785	▁arbiter
42786	▁ardently
42787	▁asserting
42788	▁assimilate
42789	▁associaters
42790	▁asteroids
42791	▁attune
42792	▁barber
42793	▁battered
42794	▁benefactor
42795	▁bewail
42796	▁bizarre
42797	▁boaster
42798	▁calcium
42799	▁canoe
42800	▁caretaker
42801	▁cholera
42802	▁coined
42803	▁colossal
42804	▁commemorated
42805	▁complacent
42806	▁consented
42807	▁county
42808	▁credibility
42809	▁cruise
42810	▁curriculum
42811	▁daddy
42812	▁defensive
42813	▁deplorable
42814	▁detract
42815	▁disgusted
42816	▁docking
42817	▁dominance
42818	▁downgrade
42819	▁drastically
42820	▁druid
42821	▁dubbed
42822	▁dyed
42823	▁eclipsed
42824	▁eh
42825	▁el
42826	▁elusive
42827	▁enlist
42828	▁ensur
42829	▁entities
42830	▁expell
42831	▁farewell
42832	▁feign
42833	▁festivities
42834	▁firing
42835	▁footprints
42836	▁fourscore
42837	▁fucked
42838	▁gene
42839	▁grudging
42840	▁harbinger
42841	▁hardness
42842	▁immunization
42843	▁incensed
42844	▁incest
42845	▁ingenuity
42846	▁islanders
42847	▁kilogram
42848	▁lawn
42849	▁leaped
42850	▁lurking
42851	▁maimed
42852	▁mandate
42853	▁medicinal
42854	▁migraine
42855	▁mpeg
42856	▁mystic
42857	▁naive
42858	▁niece
42859	▁nightmare
42860	▁occupant
42861	▁ominous
42862	▁operative
42863	▁orphaned
42864	▁outskirts
42865	▁outspreads
42866	▁padding
42867	▁parish
42868	▁perishes
42869	▁polygamy
42870	▁postal
42871	▁premises
42872	▁probing
42873	▁prudence
42874	▁puzzling
42875	▁remarry
42876	▁remorseful
42877	▁resourceful
42878	▁respiratory
42879	▁restless
42880	▁saddle
42881	▁scorch
42882	▁scrutiny
42883	▁secularly
42884	▁selfless
42885	▁sharpened
42886	▁shudder
42887	▁sidetracked
42888	▁skeleton
42889	▁sluggish
42890	▁smallpox
42891	▁spectators
42892	▁spine
42893	▁standeth
42894	▁sturdy
42895	▁successes
42896	▁sugarcane
42897	▁supermarket
42898	▁symbolically
42899	▁syncroni
42900	▁teacheth
42901	▁teraphim
42902	▁thicket
42903	▁tirelessly
42904	▁tot
42905	▁tranquility
42906	▁treason
42907	▁unanimous
42908	▁unfavorable
42909	▁unwisely
42910	▁updating
42911	▁upheaval
42912	▁vigil
42913	▁walled
42914	▁warp
42915	▁warred
42916	▁worsened
42917	▁अख़
42918	▁अच्छाइयों
42919	▁अरस्तू
42920	▁अल्पकाल
42921	▁अवलोकक
42922	▁असमर्थता
42923	▁असाहेल
42924	▁आंट
42925	▁आदरपूर्ण
42926	▁आलेम
42927	▁आवे
42928	▁इत्तफ़ाक़
42929	▁इन्फ्रारेड
42930	▁इन्हे
42931	▁इब
42932	▁इम्प्लीमेंटेशन
42933	▁एक्सेसर्स
42934	▁एडिट
42935	▁एफओवी
42936	▁एमुलेटर
42937	▁ऐपलेट
42938	▁कंपनियाँ
42939	▁कम्यूनि
42940	▁कराहना
42941	▁क़िस्स
42942	▁कार्यकारी
42943	▁कालावधि
42944	▁काव्य
42945	▁कुबुन्
42946	▁कुर्बानी
42947	▁कुस
42948	▁केडीईडी
42949	▁केसिर्क
42950	▁कैथ
42951	▁कैराइट
42952	▁कॉन्स्टनटाइन
42953	▁क्लॉ
42954	▁क्वार्ट
42955	▁ख़िताब
42956	▁खुजली
42957	▁खू
42958	▁गड़गड़ाह
42959	▁गड़े
42960	▁गड्डी
42961	▁ग्रेडियन
42962	▁घोंघ
42963	▁चर्चाएँ
42964	▁चलूं
42965	▁चहिए
42966	▁चादरों
42967	▁चिंगारिय
42968	▁चिल्ड्रन
42969	▁जंतु
42970	▁जताता
42971	▁जनसंहार
42972	▁ज़ारी
42973	▁जाँचते
42974	▁झण्डा
42975	▁झेली
42976	▁टरटल
42977	▁टेलि
42978	▁टोबैगो
42979	▁ट्विटर
42980	▁डब्बे
42981	▁डोमिनिका
42982	▁ढांढ
42983	▁तंत्रः
42984	▁ताज़े
42985	▁त्रोआस
42986	▁थोपे
42987	▁दफ़न
42988	▁दलीला
42989	▁दायें
42990	▁नमून
42991	▁नातों
42992	▁निपुणता
42993	▁निर्बलताओं
42994	▁निषिद्ध
42995	▁नुस्खे
42996	▁पंछ
42997	▁पड़ोगे
42998	▁परदाफ़ाश
42999	▁परम्पराओं
43000	▁पाउलो
43001	▁पाम
43002	▁पिलाएगा
43003	▁पुष्प
43004	▁पूर्वदर्श
43005	▁पेरेस
43006	▁पैंतर
43007	▁पैंतालीस
43008	▁पॉज़िटिव
43009	▁पौंड
43010	▁प्रक्रियाएँ
43011	▁प्रतिलिप
43012	▁प्रत्युत्तर
43013	▁प्रमाणिक
43014	▁प्राध्यापक
43015	▁प्रोटॆस्टॆंट
43016	▁फंसे
43017	▁फाँद
43018	▁फुटर
43019	▁फैक्टराइज
43020	▁बरतें
43021	▁बर्नेट
43022	▁बवण्डर
43023	▁बाह्
43024	▁बिगाड़कर
43025	▁बिया
43026	▁बिलक
43027	▁बुलबुल
43028	▁बेवफ़ा
43029	▁भड़काई
43030	▁भाज्य
43031	▁भूगोल
43032	▁मज
43033	▁मज़ाकिया
43034	▁मधुमक्खियाँ
43035	▁मसाला
43036	▁मुसकरा
43037	▁मैमोनाइड
43038	▁मॉल्
43039	▁मोड्स
43040	▁योठ्ठा
43041	▁रचनात्मक
43042	▁रण
43043	▁रनलेवल
43044	▁राष्ट्रवाद
43045	▁रिपोर्टर
43046	▁रीको
43047	▁रुपय
43048	▁रूबरू
43049	▁रेपॉसिटरी
43050	▁रॉकेट
43051	▁लकड़ियों
43052	▁लगाये
43053	▁लडकी
43054	▁लाइम
43055	▁लिखो
43056	▁लिपटा
43057	▁लॉगीन
43058	▁वर्षगाँठ
43059	▁विधियाँ
43060	▁विन्स
43061	▁विराज
43062	▁शक्कर
43063	▁शतपतियों
43064	▁शबा
43065	▁शिफ़्ट
43066	▁शेब
43067	▁श्वानपुच्छ
43068	▁सँभालेगा
43069	▁संकीर्ण
43070	▁सजी
43071	▁सत्यता
43072	▁सफी
43073	▁समकालीन
43074	▁सरायाह
43075	▁सार्थक
43076	▁सार्वभौमिक
43077	▁सिखानेवालों
43078	▁सिम
43079	▁सुर्खियों
43080	▁सॆक्स
43081	▁सेन्टीमीटर
43082	▁सैदा
43083	▁सोख
43084	▁स्किन
43085	▁स्कॉटलैंड
43086	▁स्टिपल
43087	▁स्ट्रिग
43088	▁स्वीकारा
43089	▁हँसना
43090	▁हस्तकला
43091	▁हिल्किरयाह
43092	▁हुह
43093	▁हेलेना
43094	▁हौदी
43095	▁१०३
43096	▁१९७५
43097	■
43098	10,000
43099	1934
43100	456
43101	80,000
43102	AMP
43103	ATED
43104	AutoComplete
43105	Beware
43106	Chinese
43107	Complete
43108	Configure
43109	Database
43110	Debian
43111	Direct
43112	Info
43113	Ishmael
43114	Life
43115	Old
43116	PD
43117	Question
43118	Secur
43119	Sensitivity
43120	Shrewd
43121	Squiggl
43122	Think
43123	United
43124	Walk
43125	actually
43126	attaching
43127	atusbar
43128	auer
43129	bytes
43130	commit
43131	curring
43132	eering
43133	elena
43134	fell
43135	forgive
43136	gramme
43137	heat
43138	heavenly
43139	lapse
43140	liest
43141	mahjongg
43142	ollapse
43143	pop
43144	religion
43145	reliminary
43146	render
43147	spain
43148	sprung
43149	stage
43150	struck
43151	suffer
43152	timely
43153	tray
43154	unseen
43155	upplementary
43156	wald
43157	want
43158	week
43159	worm
43160	~
43161	ā
43162	अजी
43163	अधर्मियों
43164	उच्च
43165	कष्ट
43166	क़ार
43167	किना
43168	क्टिव
43169	क्यो
43170	गति
43171	ग़ज़
43172	गिर
43173	गीले
43174	चट
43175	चर्च
43176	ज़िंदगी
43177	झाऊ
43178	तमिल
43179	तीसरी
43180	दरगाह
43181	दर्द
43182	दाश
43183	दीद
43184	धनुष
43185	न्थ
43186	पतियों
43187	पुस्तिका
43188	पैथी
43189	प्रदान
43190	फ़साद
43191	फ़ाइन
43192	फ़ीस
43193	बाएँ
43194	बीमार
43195	बैठकर
43196	मामूली
43197	मारा
43198	माला
43199	मूम
43200	मेह
43201	मॉस
43202	म्प्ट
43203	म्बो
43204	राख
43205	रिश्तों
43206	रोजी
43207	लगा
43208	लफ़ी
43209	विक्
43210	वृत्ति
43211	शबे
43212	शान्त
43213	शीम
43214	शेर
43215	सब्र
43216	साइक्लोपीडिया
43217	स्पेक्ट
43218	स्पेसेस
43219	हालांकि
43220	ांकित
43221	ायित
43222	िएट
43223	िहत
43224	ीएलएस
43225	्झ
43226	२१
43227	७४
43228	▁'('
43229	▁(15)
43230	▁1234
43231	▁350
43232	▁40,000
43233	▁Aborigine
43234	▁Acceptable
43235	▁Aegean
43236	▁Affection
43237	▁Analyser
43238	▁Beck
43239	▁Beersheba
43240	▁Bomb
43241	▁Borrow
43242	▁Cancelling
43243	▁Compar
43244	▁Container
43245	▁Corp
43246	▁Cultural
43247	▁Dignity
43248	▁Doubt
43249	▁Downloaded
43250	▁Dress
43251	▁Eager
43252	▁Earl
43253	▁Enduring
43254	▁Escalat
43255	▁Evangelizer
43256	▁Exercis
43257	▁Fie
43258	▁GPL
43259	▁Gustav
43260	▁Hap
43261	▁Hasten
43262	▁Hit
43263	▁Integrate
43264	▁JACK
43265	▁Jumb
43266	▁KWin
43267	▁Kay
43268	▁Kidron
43269	▁Kopete
43270	▁LDL
43271	▁LET
43272	▁Lamp
43273	▁Latvian
43274	▁Lodge
43275	▁Madi
43276	▁Martinique
43277	▁Meribah
43278	▁Mile
43279	▁Miller
43280	▁Mommy
43281	▁Montel
43282	▁Morris
43283	▁Nain
43284	▁Nebuchadrezzar
43285	▁Noumair
43286	▁Observer
43287	▁Peek
43288	▁Philistia
43289	▁Protected
43290	▁Publisher
43291	▁REVELATION
43292	▁Rape
43293	▁Reasonable
43294	▁Responsibility
43295	▁Returning
43296	▁Rick
43297	▁STORY
43298	▁Sarato
43299	▁Satellite
43300	▁Scheduled
43301	▁Semi
43302	▁Span
43303	▁Spelling
43304	▁Striking
43305	▁Superior
43306	▁Surgery
43307	▁Survive
43308	▁Syntyche
43309	▁Torrance
43310	▁Torrent
43311	▁Tourn
43312	▁Turtle
43313	▁Vitamin
43314	▁Wisp
43315	▁Workers
43316	▁Zelophehad
43317	▁Zur
43318	▁[200
43319	▁abhorred
43320	▁abrogate
43321	▁analysed
43322	▁arduous
43323	▁assembling
43324	▁attainable
43325	▁authenticated
43326	▁beckon
43327	▁bias
43328	▁blurry
43329	▁boar
43330	▁brewing
43331	▁canals
43332	▁carnival
43333	▁caul
43334	▁cheerfully
43335	▁chooseth
43336	▁chunk
43337	▁clamor
43338	▁coach
43339	▁coastline
43340	▁combin
43341	▁compliance
43342	▁concise
43343	▁conservative
43344	▁cooperated
43345	▁coped
43346	▁counseller
43347	▁critic
43348	▁crude
43349	▁cupbearer
43350	▁custodian
43351	▁deficiency
43352	▁disappointing
43353	▁disapproved
43354	▁doorstep
43355	▁dubious
43356	▁editable
43357	▁endlessly
43358	▁eradicated
43359	▁exhaustion
43360	▁extermination
43361	▁fealty
43362	▁fog
43363	▁forbearance
43364	▁foreground
43365	▁foreshadow
43366	▁fraudulent
43367	▁gamble
43368	▁genius
43369	▁gut
43370	▁herbage
43371	▁hexadecimal
43372	▁howling
43373	▁imagining
43374	▁impersonal
43375	▁implication
43376	▁indigent
43377	▁infect
43378	▁insurmountable
43379	▁jumping
43380	▁kio
43381	▁lens
43382	▁lime
43383	▁loathe
43384	▁lull
43385	▁machinery
43386	▁malediction
43387	▁microscopic
43388	▁misguide
43389	▁misinterpret
43390	▁narration
43391	▁negligence
43392	▁netbook
43393	▁nowadays
43394	▁nullify
43395	▁nurturing
43396	▁ok
43397	▁outspread
43398	▁overhead
43399	▁packing
43400	▁paraphrase
43401	▁pea
43402	▁perpetrator
43403	▁physicist
43404	▁pivotal
43405	▁populace
43406	▁prevalen
43407	▁programmed
43408	▁prophesies
43409	▁rampart
43410	▁refining
43411	▁relocate
43412	▁reluctance
43413	▁reprehensible
43414	▁retracted
43415	▁rightfulness
43416	▁routinely
43417	▁runaway
43418	▁sacredness
43419	▁saliva
43420	▁scald
43421	▁scold
43422	▁scorched
43423	▁scrutinize
43424	▁sheepfold
43425	▁shortsighted
43426	▁shove
43427	▁shunned
43428	▁sidewalk
43429	▁silly
43430	▁smelling
43431	▁songbook
43432	▁spectrum
43433	▁speedy
43434	▁spill
43435	▁sulfur
43436	▁swoop
43437	▁taskbar
43438	▁tidy
43439	▁tm
43440	▁trainer
43441	▁tranquil
43442	▁undertook
43443	▁unmistakable
43444	▁uplifted
43445	▁vase
43446	▁wail
43447	▁whirl
43448	▁worsening
43449	▁अत्
43450	▁अधिसूच
43451	▁अन्तर्ग्रस्त
43452	▁अपशब्द
43453	▁अप्रत्यक्ष
43454	▁अरमान
43455	▁अरिस्तरखुस
43456	▁अवन
43457	▁असाम
43458	▁आइने
43459	▁आईएम
43460	▁आत्मसमर्पण
43461	▁आधिपत्य
43462	▁आर्द्र
43463	▁आलस
43464	▁आवेश
43465	▁इत्त
43466	▁इर
43467	▁इस्तमाल
43468	▁उकता
43469	▁उपन्यास
43470	▁एआरज
43471	▁एसएसएच
43472	▁एस्केल
43473	▁एस्टोनिया
43474	▁ओवरबर्न
43475	▁कटोरों
43476	▁कतरें
43477	▁कब्जा
43478	▁कलाकारों
43479	▁कार्यकलाप
43480	▁किंग्डम
43481	▁कुचलने
43482	▁कूल
43483	▁केएक्जाई
43484	▁कोणीय
43485	▁कोबरा
43486	▁क्रो
43487	▁क्लाइम
43488	▁खतनाहीन
43489	▁खरोंच
43490	▁ख़ामोश
43491	▁खिलाकर
43492	▁खुरा
43493	▁गड्ढा
43494	▁गद
43495	▁गलतफहमियाँ
43496	▁गलियार
43497	▁गवैये
43498	▁ग़ु
43499	▁गोरड
43500	▁ग्रीनहा
43501	▁ग्वाटेमाला
43502	▁घूंघट
43503	▁चढ़ाएं
43504	▁चमके
43505	▁चिट्ठाकारों
43506	▁चीता
43507	▁चुम्बन
43508	▁चूके
43509	▁चौबा
43510	▁चौराहा
43511	▁छिड़का
43512	▁छिपता
43513	▁ज़ंजीरें
43514	▁जानूं
43515	▁जॆस
43516	▁झटकें
43517	▁झोल
43518	▁टूटेगी
43519	▁टॉरंस
43520	▁ट्राइ
43521	▁डिजिट
43522	▁डेबियन
43523	▁ढाने
43524	▁तजेगा
43525	▁तरफ़दारी
43526	▁ताव
43527	▁दफ
43528	▁दरारों
43529	▁दुखदाय
43530	▁दुहा
43531	▁दृष्य
43532	▁द्विआधारी
43533	▁धुँ
43534	▁धुत्
43535	▁नबूजरदान
43536	▁नरकट
43537	▁निगलने
43538	▁निरोध
43539	▁निष्पा
43540	▁नीरस
43541	▁नीव
43542	▁नौकरियाँ
43543	▁न्यूम
43544	▁परिवर्तक
43545	▁पलायन
43546	▁पिछड़
43547	▁पिलग्रिम
43548	▁पुआ
43549	▁पुछल्ल
43550	▁पुरनिए
43551	▁प्रतिमाओं
43552	▁प्रत्याशाओं
43553	▁प्रवास
43554	▁प्रवृत्तियों
43555	▁प्रोवाइडर
43556	▁फ़रवरी
43557	▁फूस
43558	▁फैर
43559	▁फैलाकर
43560	▁बढाय
43561	▁बनेगी
43562	▁बन्धाई
43563	▁बहिर
43564	▁बिचवई
43565	▁बुझने
43566	▁बुझाने
43567	▁बुलेट
43568	▁बॆल
43569	▁बोलचाल
43570	▁बोलीविया
43571	▁ब्रु
43572	▁ब्लेक
43573	▁भड
43574	▁भ्रांति
43575	▁मंगवा
43576	▁मतदान
43577	▁ममता
43578	▁महाराज
43579	▁महिमायुक्
43580	▁महिलाएँ
43581	▁माइक्रोवेव
43582	▁मारटीन
43583	▁मार्क्स
43584	▁मूर्छ
43585	▁मॅक
43586	▁मॉन्ट
43587	▁मॉल
43588	▁मोहल्ल
43589	▁म्यूज़ियम
43590	▁यन्त्र
43591	▁यबूसियों
43592	▁यासीन
43593	▁युगोस्लाविया
43594	▁यूज़र
43595	▁रब्बा
43596	▁रवैयों
43597	▁रेकार्ड
43598	▁लंबित
43599	▁लार्स
43600	▁लूटो
43601	▁लॉर
43602	▁वंशागत
43603	▁वहशियाना
43604	▁वॉलेट
43605	▁व्याख्याएँ
43606	▁शार्टकट
43607	▁शिकंजा
43608	▁शुक्राणु
43609	▁शूमेकर
43610	▁संस्थानों
43611	▁सब्ज़ी
43612	▁समग्र
43613	▁सर्द
43614	▁सादी
43615	▁सिन्
43616	▁सीज़र
43617	▁सुपारी
43618	▁सुहा
43619	▁सेक्रेटरी
43620	▁स्पीच
43621	▁स्प्रिंग
43622	▁स्वयंभू
43623	▁हाइड
43624	▁हाप
43625	▁हार्प
43626	▁हैंडलिंग
43627	▁होमबलियों
43628	▁१४५
43629	▁१९४७
43630	▁१९५८
43631	!'"
43632	1-%
43633	2.0
43634	600,000
43635	Arabs
43636	Authentication
43637	Bear
43638	Centre
43639	Concern
43640	Dismiss
43641	EACH
43642	Eject
43643	Guard
43644	IZE
43645	Instead
43646	Invoke
43647	Lau
43648	Mention
43649	Munkar
43650	PF
43651	Qarnain
43652	Reminder
43653	Step
43654	Theme
43655	ULL
43656	Unformatted
43657	YS
43658	agging
43659	alarms
43660	biddeth
43661	bookmarks
43662	cana
43663	categories
43664	checking
43665	chil
43666	congregation
43667	cream
43668	earch
43669	ecu
43670	especially
43671	eternal
43672	existing
43673	grain
43674	green
43675	half
43676	kah
43677	lignment
43678	llergic
43679	loading
43680	lumn
43681	lust
43682	messenger
43683	next
43684	nik
43685	omatic
43686	overdue
43687	perform
43688	rail
43689	raised
43690	rejoice
43691	requested
43692	ridge
43693	rife
43694	rm
43695	rotocols
43696	rue
43697	scape
43698	shade
43699	smileys
43700	spli
43701	subscribing
43702	tacity
43703	ugging
43704	undane
43705	uris
43706	usually
43707	vah
43708	vbgr
43709	vrgb
43710	wives
43711	ía
43712	अनुमति
43713	आते
43714	आमीन
43715	ईर्ष्यालु
43716	एस्केप
43717	कदा
43718	क़ाम
43719	कानी
43720	किस्म
43721	कोने
43722	खें
43723	खोल
43724	गवाही
43725	ग़रीब
43726	ग़र्ज़
43727	गुर्दों
43728	चिकित्सक
43729	चूँकि
43730	चेयर
43731	ज़रूरी
43732	जाज़
43733	जादूगर
43734	जापानीस
43735	जिसने
43736	जीमेल
43737	जेंस
43738	टाइम
43739	टुट
43740	टॉन
43741	टोग
43742	डॉर्फ
43743	थेय
43744	दृढ़
43745	निज़्म
43746	निरी
43747	नै
43748	पीट
43749	पोतों
43750	पोषक
43751	प्टिक
43752	फ़ला
43753	फ़ील
43754	बैर
43755	भूचाल
43756	मणडल
43757	मालिक
43758	मालूम
43759	मोस
43760	मोसिस
43761	यूटर
43762	रिरयाह
43763	रौन्द
43764	वंशी
43765	वला
43766	वाइए
43767	वास्त
43768	शर्त
43769	शिशु
43770	सम्पन्न
43771	सील
43772	सुबह
43773	स्काच
43774	स्कॉच
43775	स्ट्रिक्ट
43776	हशत
43777	हिज
43778	़ारों
43779	ात्का
43780	ियेगा
43781	ुना
43782	ूगा
43783	ृति
43784	ेअन
43785	ेबान
43786	्कनेक्टेड
43787	्काने
43788	्ची
43789	्माइल
43790	्रॉन
43791	्वील
43792	१२
43793	२९
43794	▁122
43795	▁1998-200
43796	▁Accomplish
43797	▁Accursed
43798	▁Acid
43799	▁Apostate
43800	▁Aroer
43801	▁Arrangements
43802	▁Assistance
43803	▁Backbone
43804	▁Baptized
43805	▁Barber
43806	▁Bla
43807	▁Bohemia
43808	▁Brunett
43809	▁CONTINUES
43810	▁Cambridge
43811	▁Chu
43812	▁Condemn
43813	▁Confederate
43814	▁Copenhagen
43815	▁Corrupted
43816	▁Counting
43817	▁Dagon
43818	▁Dawood
43819	▁Decorati
43820	▁Disorder
43821	▁Disturb
43822	▁Drum
43823	▁Eber
43824	▁Einstein
43825	▁Enlightenment
43826	▁Equation
43827	▁Euodia
43828	▁FOV
43829	▁Fernando
43830	▁Flam
43831	▁Fleet
43832	▁Florence
43833	▁Forecast
43834	▁Geometry
43835	▁Gerizim
43836	▁Gomer
43837	▁Hanani
43838	▁Harbor
43839	▁Harris
43840	▁Hemisphere
43841	▁Hotel
43842	▁IBM
43843	▁IMSIN
43844	▁Immer
43845	▁Impressed
43846	▁Inherit
43847	▁Jacques
43848	▁Joanna
43849	▁KEEP
43850	▁Kathi
43851	▁Kentucky
43852	▁Koba
43853	▁Koenig
43854	▁Krona
43855	▁Labyrinth
43856	▁Lang
43857	▁Latest
43858	▁Lucia
43859	▁Magi
43860	▁Manually
43861	▁María
43862	▁Mediator
43863	▁Mention
43864	▁Metric
43865	▁Minimize
43866	▁Missouri
43867	▁Nauru
43868	▁Norfolk
43869	▁Nowadays
43870	▁Numeration
43871	▁OA
43872	▁Oil
43873	▁POPULATION
43874	▁Pekah
43875	▁Pino
43876	▁Political
43877	▁Proc
43878	▁Purple
43879	▁Quickly
43880	▁READ
43881	▁Rabbah
43882	▁Rad
43883	▁Relations
43884	▁Relax
43885	▁Retro
43886	▁Reunion
43887	▁Rewarding
43888	▁Robin
43889	▁Sasha
43890	▁Slavonic
43891	▁Storrs
43892	▁Superman
43893	▁THEIR
43894	▁Tacitus
43895	▁Templeton
43896	▁Terri
43897	▁Thick
43898	▁Todo
43899	▁Tragedy
43900	▁Tribes
43901	▁Weapon
43902	▁YEAH
43903	▁Younger
43904	▁Ziklag
43905	▁abduct
43906	▁aborting
43907	▁abounded
43908	▁alluding
43909	▁alright
43910	▁angrily
43911	▁apathetic
43912	▁arthritis
43913	▁aspirin
43914	▁avowed
43915	▁backsliding
43916	▁bandage
43917	▁battl
43918	▁beacon
43919	▁bedtime
43920	▁blasphemer
43921	▁blasphemous
43922	▁blueprint
43923	▁bombing
43924	▁browse
43925	▁bulb
43926	▁bullying
43927	▁bulwark
43928	▁buzz
43929	▁casually
43930	▁caterpillar
43931	▁cemetery
43932	▁chasteness
43933	▁coefficient
43934	▁coma
43935	▁compression
43936	▁concession
43937	▁confidant
43938	▁connotation
43939	▁contrite
43940	▁crises
43941	▁derided
43942	▁devastate
43943	▁discontinue
43944	▁dispos
43945	▁distressful
43946	▁draught
43947	▁electron
43948	▁encampment
43949	▁enriching
43950	▁envies
43951	▁evangelist
43952	▁evicted
43953	▁exaggerate
43954	▁expending
43955	▁extortioners
43956	▁extraction
43957	▁extrapolate
43958	▁fading
43959	▁fantastic
43960	▁firmament
43961	▁flax
43962	▁floodwaters
43963	▁floppy
43964	▁fodder
43965	▁forsooth
43966	▁freak
43967	▁functional
43968	▁gauge
43969	▁genis
43970	▁glittering
43971	▁glove
43972	▁goddesses
43973	▁grievance
43974	▁grossly
43975	▁heedlessness
43976	▁heighten
43977	▁heresy
43978	▁hideth
43979	▁hijack
43980	▁hobby
43981	▁hoopoe
43982	▁hop
43983	▁immodest
43984	▁impious
43985	▁industriousness
43986	▁inflame
43987	▁innate
43988	▁intrigue
43989	▁laboratory
43990	▁laborer
43991	▁laser
43992	▁latitude
43993	▁lid
43994	▁litter
43995	▁lordship
43996	▁mobilize
43997	▁modifier
43998	▁mortar
43999	▁moulded
44000	▁mutter
44001	▁nitrogen
44002	▁orthodox
44003	▁outwit
44004	▁penetrating
44005	▁politician
44006	▁poster
44007	▁precedence
44008	▁proffer
44009	▁promiscuity
44010	▁promoter
44011	▁prompting
44012	▁propounded
44013	▁purchasing
44014	▁pyramid
44015	▁qual
44016	▁quintuple
44017	▁reassigned
44018	▁reel
44019	▁reliability
44020	▁residential
44021	▁revolted
44022	▁ridiculous
44023	▁robot
44024	▁rumour
44025	▁sanctuaries
44026	▁seduc
44027	▁semblance
44028	▁servitude
44029	▁setback
44030	▁shred
44031	▁sip
44032	▁sixes
44033	▁slim
44034	▁slum
44035	▁spinning
44036	▁spotless
44037	▁stew
44038	▁subtitle
44039	▁suburb
44040	▁suspension
44041	▁synthesizer
44042	▁thistles
44043	▁timestamp
44044	▁transplant
44045	▁truncate
44046	▁unearthed
44047	▁unfolded
44048	▁unprepared
44049	▁unsteady
44050	▁verbose
44051	▁vibrant
44052	▁waved
44053	▁wors
44054	▁wring
44055	▁अंतराष्ट्रीय
44056	▁अंतर्जा
44057	▁अक्टू
44058	▁अतंर
44059	▁अथ
44060	▁अनाक
44061	▁अम्मीनादाब
44062	▁आँतों
44063	▁आइरीन
44064	▁आईपीटीसी
44065	▁आईसी
44066	▁आरडबल्यू
44067	▁इत
44068	▁इत्रा
44069	▁इशा
44070	▁उँगलिय
44071	▁उछलती
44072	▁उड़ायी
44073	▁उन्ह
44074	▁ऊगरीट
44075	▁एल्ब
44076	▁एह
44077	▁ओडेसा
44078	▁ओबेद
44079	▁कच
44080	▁कटिबन्ध
44081	▁क़द
44082	▁कांच
44083	▁कार्यपट्टी
44084	▁कॉन्फ
44085	▁कॉलिज्यिन्ट
44086	▁क्रिस्टीन
44087	▁ख़ुराक
44088	▁ख़ोल
44089	▁खिले
44090	▁खुजान
44091	▁खोदी
44092	▁गद्दो
44093	▁गुणांक
44094	▁गुद
44095	▁गुन
44096	▁गोलाकार
44097	▁ग्लाउकोमा
44098	▁घटाया
44099	▁घड़ियाँ
44100	▁घुम
44101	▁चढाया
44102	▁चन्द्र
44103	▁चियास्मस
44104	▁चिल्लाता
44105	▁छवियां
44106	▁छिड़के
44107	▁जन्मजात
44108	▁जहर
44109	▁ज़मानत
44110	▁जाएँगीं
44111	▁जायंट
44112	▁जालों
44113	▁जियो
44114	▁जीपीएक्स
44115	▁जूझने
44116	▁जूलिया
44117	▁जोड़ीदार
44118	▁झटके
44119	▁झाडू
44120	▁टिंडॆल
44121	▁टिडि्डयां
44122	▁टूर
44123	▁टेलीविज़न
44124	▁ट्रेश
44125	▁ठन
44126	▁ठौर
44127	▁डरावनी
44128	▁डिथरिंग
44129	▁डीएनएस
44130	▁डीवीआई
44131	▁ढंप
44132	▁ढर्र
44133	▁ढहा
44134	▁ढूँढना
44135	▁तंबु
44136	▁तख़्तिय
44137	▁तनहाई
44138	▁तीक्ष्ण
44139	▁तुन
44140	▁तैरते
44141	▁तोड़ेगा
44142	▁दारू
44143	▁दिखावटी
44144	▁दिनचर्या
44145	▁दिलाइए
44146	▁दिलाकर
44147	▁दिलानेवाला
44148	▁दुर्
44149	▁दुर्घटनाग्रस्त
44150	▁दुल्ह
44151	▁धंसा
44152	▁धमनी
44153	▁निसब
44154	▁निहित
44155	▁नेस्तनाबूद
44156	▁नौकरान
44157	▁पछाड़
44158	▁पढे
44159	▁पत्थ्र
44160	▁परिष्कृत
44161	▁पर्सपेक्टिव
44162	▁पल्स
44163	▁पहँचा
44164	▁पहचानिए
44165	▁पहनेंगे
44166	▁पहिनेंगे
44167	▁पहिया
44168	▁पहुचाए
44169	▁पास्चर
44170	▁पिस्तौल
44171	▁पीटना
44172	▁पीटर्सबर्ग
44173	▁पूजता
44174	▁पोवरे
44175	▁प्याल
44176	▁प्रचुरता
44177	▁प्रभा
44178	▁प्रहरी
44179	▁प्रायद्वीप
44180	▁प्रीफ़िक्स
44181	▁फलती
44182	▁फिक्सेस
44183	▁फिराने
44184	▁फीक
44185	▁फूली
44186	▁फॉउर
44187	▁फ्रन्टएण्ड
44188	▁बजाएं
44189	▁बताएं
44190	▁बदद
44191	▁बदसलूक
44192	▁बनाऊँ
44193	▁बांयें
44194	▁बिछड़
44195	▁बिताती
44196	▁बीतते
44197	▁बुं
44198	▁बेचे
44199	▁बैरक
44200	▁बोस
44201	▁भक्तों
44202	▁भरमाए
44203	▁भाँज
44204	▁भुजाओं
44205	▁भ्रमित
44206	▁मजूस
44207	▁मनाएँ
44208	▁मनाएँगे
44209	▁मयारहित
44210	▁माताएँ
44211	▁मानः
44212	▁मारूंगा
44213	▁मिथ
44214	▁मुखरा
44215	▁मूर्त
44216	▁मेक्रोज़
44217	▁मेटासिटी
44218	▁मेढ़ी
44219	▁मैसेंजर
44220	▁यहोनादाब
44221	▁याबीन
44222	▁यै
44223	▁रज़ामंद
44224	▁रपाई
44225	▁रसोईघर
44226	▁रहस्यमयी
44227	▁रिकवरी
44228	▁रिम्मोन
44229	▁रिया
44230	▁रीछ
44231	▁रुकें
44232	▁रुतबे
44233	▁रेडियल
44234	▁रेशा
44235	▁लहसुन
44236	▁लातिनी
44237	▁लिंडा
44238	▁लिखवाया
44239	▁लेबि
44240	▁लैव्य
44241	▁लोड़
44242	▁वकीलों
44243	▁विखंड
44244	▁विस्प
44245	▁वॉलकिल
44246	▁शहीदों
44247	▁शीतल
44248	▁शोधकर्ताओं
44249	▁सँभल
44250	▁संगियों
44251	▁संप्रदाय
44252	▁संभाले
44253	▁सकेगे
44254	▁समकालि
44255	▁सर्फ
44256	▁सर्बिया
44257	▁सलीके
44258	▁सल्ल
44259	▁साक्षात्कार
44260	▁सार्व
44261	▁सिन्योर
44262	▁सिप
44263	▁सुनामी
44264	▁सुनोगे
44265	▁सुरा
44266	▁सॆट
44267	▁सैंडविच
44268	▁सौम्य
44269	▁स्कैलिक्स
44270	▁स्टार्स
44271	▁स्मुरना
44272	▁हटूंगा
44273	▁हण्ड
44274	▁हथकंडे
44275	▁हराया
44276	▁हिमशैल
44277	▁हिमा
44278	▁हीमोग्लोबिन
44279	▁हूई
44280	0-%
44281	According
44282	Automatically
44283	Bill
44284	CELL
44285	COP
44286	Cover
44287	END
44288	Ezra
44289	Far
44290	ITNESS
44291	Information
44292	Maintain
44293	Memo
44294	Monica
44295	Occurrence
44296	Patch
44297	Process
44298	Recently
44299	Reversed
44300	Signature
44301	Smooth
44302	Store
44303	Suffer
44304	URING
44305	World
44306	Yea
44307	althful
44308	amaica
44309	arabic
44310	archive
44311	assigned
44312	bosheth
44313	categorized
44314	cratic
44315	cub
44316	dale
44317	dging
44318	ecent
44319	echo
44320	everyone
44321	finitely
44322	ganizer
44323	gc
44324	girls
44325	hadad
44326	haq
44327	hm
44328	ihah
44329	ines
44330	inimal
44331	italy
44332	kmark
44333	kov
44334	lick
44335	lzh
44336	mitating
44337	near
44338	ought
44339	phobia
44340	presence
44341	root
44342	roperties
44343	sheep
44344	tatistics
44345	tested
44346	usbar
44347	uspicious
44348	अज़ीज
44349	अलार्म
44350	इब्राहीम
44351	इम्मा
44352	इरम
44353	उतर
44354	उन्हीं
44355	उपस्थिति
44356	कडुव
44357	क़सूर
44358	काकुल
44359	क्साइड
44360	ख़र्च
44361	गवाह
44362	ग़लत
44363	ग़ैर
44364	गुणगान
44365	गेंगे
44366	ग्राफ़
44367	ग्रेट
44368	जंगली
44369	ज़्यादा
44370	जोर
44371	जोशी
44372	ज्ञापन
44373	टूटे
44374	ट्टा
44375	ड़ियाँ
44376	डाउन
44377	ड्री
44378	तारकोल
44379	तिरछ
44380	तीव्र
44381	तुच्छ
44382	तुम्हे
44383	तौबा
44384	दाफ़ाश
44385	देवता
44386	दोनो
44387	द्दा
44388	नेको
44389	परोक्ष
44390	पूरब
44391	पृष्ठ
44392	पेश
44393	पौधे
44394	प्रवाह
44395	प्रसव
44396	फ़ोल्डर्स
44397	बचने
44398	बढ़े
44399	बाइ
44400	बिरंगे
44401	बेजा
44402	बोलने
44403	ब्याह
44404	मज़
44405	मज़बूत
44406	मज़े
44407	मादर
44408	मिट्टी
44409	मियाना
44410	मुंह
44411	मोनिक
44412	लॅड
44413	वस्तुओं
44414	वहेल्प
44415	विद्या
44416	वैल
44417	शामिल
44418	शीर्ष
44419	सकता
44420	सली
44421	सामान
44422	सिफ
44423	सृष्टि
44424	स्नैपशॉट
44425	हती
44426	हैरान
44427	ाँक
44428	ासत
44429	िंगटन
44430	िंच
44431	िहरी
44432	ॅर
44433	ेहूं
44434	ॉनल्ड
44435	ोत्सव
44436	्तियां
44437	्नान
44438	्यूमेंट
44439	्यूलर
44440	्लोप
44441	११
44442	३५
44443	▁,"
44444	▁0.2
44445	▁1.3
44446	▁124
44447	▁Agag
44448	▁Akonadi
44449	▁Angela
44450	▁BURT
44451	▁Berg
44452	▁Blonde
44453	▁Bluetooth
44454	▁Bridegroom
44455	▁Bun
44456	▁Byzantine
44457	▁Calm
44458	▁Carmen
44459	▁Cdr
44460	▁Commandment
44461	▁Commentary
44462	▁Comparison
44463	▁Complement
44464	▁Completely
44465	▁Connecticut
44466	▁Cool
44467	▁Copper
44468	▁Detection
44469	▁Disposition
44470	▁Emirates
44471	▁Employ
44472	▁Enemies
44473	▁Estimati
44474	▁Exception
44475	▁Executive
44476	▁Expansion
44477	▁Falkland
44478	▁Franco
44479	▁GC
44480	▁Gallus
44481	▁Gezer
44482	▁Gilles
44483	▁Goes
44484	▁Grenada
44485	▁Gurmukhi
44486	▁Guy
44487	▁JAMES
44488	▁Jael
44489	▁Jair
44490	▁Jehiel
44491	▁Jephunneh
44492	▁Jodi
44493	▁Keith
44494	▁Kohathites
44495	▁Lacking
44496	▁Lemuel
44497	▁Liechtenstein
44498	▁MARRIAGE
44499	▁Mija
44500	▁Mold
44501	▁Nasr
44502	▁Nickname
44503	▁Normally
44504	▁Norman
44505	▁Odd
44506	▁Opponents
44507	▁Phoenician
44508	▁Plai
44509	▁Ponder
44510	▁Prevail
44511	▁Refugee
44512	▁Robbie
44513	▁SEE
44514	▁Satisfy
44515	▁Scor
44516	▁Screenshot
44517	▁Season
44518	▁Shader
44519	▁Signora
44520	▁Smoke
44521	▁Socrates
44522	▁Strengthened
44523	▁Teresa
44524	▁Tha
44525	▁Tibet
44526	▁Tischendorf
44527	▁Treasurer
44528	▁Tribulation
44529	▁Truncate
44530	▁Twitter
44531	▁Unlock
44532	▁Venice
44533	▁Vera
44534	▁Verb
44535	▁Wick
44536	▁Wife
44537	▁Wikipedia
44538	▁Ziph
44539	▁accelerated
44540	▁admitting
44541	▁albatross
44542	▁albe
44543	▁alcoholism
44544	▁allegations
44545	▁allegorical
44546	▁antidote
44547	▁archaeologist
44548	▁asthma
44549	▁async
44550	▁audible
44551	▁bait
44552	▁bartered
44553	▁bathed
44554	▁billow
44555	▁briefcase
44556	▁brier
44557	▁brutally
44558	▁bullshit
44559	▁burying
44560	▁businessmen
44561	▁cab
44562	▁caffeine
44563	▁calculating
44564	▁chap
44565	▁charter
44566	▁chastising
44567	▁checkup
44568	▁coerce
44569	▁coil
44570	▁colporteur
44571	▁contriving
44572	▁conventional
44573	▁coronar
44574	▁corporations
44575	▁dazed
44576	▁denarii
44577	▁disassociated
44578	▁disfigure
44579	▁disorderly
44580	▁dispensed
44581	▁drained
44582	▁dreaded
44583	▁dries
44584	▁elaborated
44585	▁embittered
44586	▁emblem
44587	▁eschew
44588	▁exorbitant
44589	▁exploded
44590	▁extremities
44591	▁fad
44592	▁favourable
44593	▁featur
44594	▁forefront
44595	▁fortifies
44596	▁freeman
44597	▁furnishes
44598	▁genital
44599	▁globally
44600	▁guerrilla
44601	▁habitual
44602	▁harbored
44603	▁hateth
44604	▁immeasurabl
44605	▁immu
44606	▁inc
44607	▁indexed
44608	▁indirectly
44609	▁initialisation
44610	▁invalidate
44611	▁inverted
44612	▁kindnesses
44613	▁kissing
44614	▁lane
44615	▁ledger
44616	▁liberating
44617	▁lifeblood
44618	▁lingered
44619	▁lush
44620	▁magistrates
44621	▁magnificence
44622	▁marketing
44623	▁masculine
44624	▁missile
44625	▁mushroom
44626	▁nausea
44627	▁nectar
44628	▁notwithstanding
44629	▁obsession
44630	▁overseeing
44631	▁overstep
44632	▁parking
44633	▁polish
44634	▁profusely
44635	▁prosecution
44636	▁punctual
44637	▁quietness
44638	▁reckless
44639	▁relaxing
44640	▁reminisc
44641	▁retreated
44642	▁reverting
44643	▁rocket
44644	▁sanctioned
44645	▁sanitation
44646	▁savor
44647	▁seclusion
44648	▁sensational
44649	▁shaded
44650	▁shattering
44651	▁shelf
44652	▁shipping
44653	▁si
44654	▁skeptics
44655	▁slandered
44656	▁slowed
44657	▁sociologist
44658	▁sparkle
44659	▁spat
44660	▁sponge
44661	▁stealth
44662	▁stoning
44663	▁subordinate
44664	▁surf
44665	▁synchronised
44666	▁tanta
44667	▁trafficking
44668	▁transitory
44669	▁tub
44670	▁unavoidable
44671	▁uncertainties
44672	▁undeniable
44673	▁unwary
44674	▁viral
44675	▁wane
44676	▁wittingly
44677	▁workmen
44678	▁yarn
44679	▁yoga
44680	▁£
44681	▁अँगूठ
44682	▁अतिथि
44683	▁अफवाहें
44684	▁अहीमेलेक
44685	▁आक्ष
44686	▁आख
44687	▁आफतें
44688	▁इल्
44689	▁इसप्रकार
44690	▁इस्तीफा
44691	▁उकताता
44692	▁उगने
44693	▁उजड
44694	▁उठाये
44695	▁उड़ाएँ
44696	▁उद्य
44697	▁उपरी
44698	▁उपलब्धियों
44699	▁उभारो
44700	▁एबी
44701	▁एबेर
44702	▁एलीशामा
44703	▁एस्लेरिय
44704	▁ओसारा
44705	▁कंबल
44706	▁कजाखस्तान
44707	▁कथाएँ
44708	▁कदाचित्
44709	▁कपटियों
44710	▁क़र्ज
44711	▁कामनाएँ
44712	▁कूँच
44713	▁कूदने
44714	▁कॉर्नेलिय
44715	▁कोढ़ियों
44716	▁कौम
44717	▁क्यूं
44718	▁क्रॉन
44719	▁खपत
44720	▁गलीली
44721	▁गाव
44722	▁गुड़
44723	▁गेजेर
44724	▁गोरे
44725	▁गौरवशाली
44726	▁ग्रैब
44727	▁चढ़ावे
44728	▁चराओ
44729	▁चाइल्ड
44730	▁चाहूं
44731	▁चुग़लख़ोर
44732	▁चुभनेवाल
44733	▁चूह
44734	▁छायांकित
44735	▁छुड़ाऊंगा
44736	▁छूटा
44737	▁जिलाएगा
44738	▁जुटाने
44739	▁जुमा
44740	▁जेमी
44741	▁जॉनसन
44742	▁जोड़ती
44743	▁जोशीली
44744	▁टिप्स
44745	▁टेंप
44746	▁टैन
44747	▁डाँटने
44748	▁डैड
44749	▁ढिलाई
44750	▁ढेल
44751	▁ढोने
44752	▁तजुर्बे
44753	▁तन्त्र
44754	▁तय्य
44755	▁तरंगों
44756	▁तीतु
44757	▁तुर्कमेनिस्तान
44758	▁त्रिकोणमिती
44759	▁त्रुटी
44760	▁थकाऊ
44761	▁दलाल
44762	▁दुर्ग
44763	▁देखूं
44764	▁दोगुन
44765	▁धड़क
44766	▁धब्बे
44767	▁धरो
44768	▁नबिया
44769	▁नर्मदिल
44770	▁नर्मदिली
44771	▁नाशक
44772	▁नास्तिकवाद
44773	▁निखर
44774	▁नियतकार्य
44775	▁निर्भीक
44776	▁निस्वार्थ
44777	▁नेवता
44778	▁नेविगेट
44779	▁न्यूट्रल
44780	▁पकड़ती
44781	▁पकवान
44782	▁पथप्रदर्श
44783	▁पनिन्
44784	▁परछाइय
44785	▁परिक्रमा
44786	▁पहनाना
44787	▁पहिचाना
44788	▁पहेचान
44789	▁पाउण्ड
44790	▁पिरामिड
44791	▁पूर्णरूप
44792	▁पूर्वसंकेत
44793	▁पैरोकार
44794	▁पोट
44795	▁पोसा
44796	▁प्रजातीय
44797	▁प्रसंस्करण
44798	▁प्रोटॉन
44799	▁फंसकर
44800	▁फ़ीडबैक
44801	▁फान्ट
44802	▁फैक्ट्री
44803	▁बंट
44804	▁बचती
44805	▁बनानेवाली
44806	▁बयार
44807	▁बयालीस
44808	▁बरतते
44809	▁बर्बर
44810	▁बान्धने
44811	▁बुर्
44812	▁बेगारी
44813	▁बोनेवाला
44814	▁ब्योरा
44815	▁भूरा
44816	▁भेंटें
44817	▁भेड़ियों
44818	▁मतभेदों
44819	▁मनमाने
44820	▁मनोरोग
44821	▁मनोवृत्तियों
44822	▁मांगोगे
44823	▁मानूस
44824	▁मार्फ
44825	▁मार्व
44826	▁मार्स
44827	▁मिनार
44828	▁मोरे
44829	▁मौंक
44830	▁यश
44831	▁रखवा
44832	▁रत्नों
44833	▁रशिया
44834	▁राशन
44835	▁रिपोर्टिंग
44836	▁लक्समबर्ग
44837	▁लड़नेवाले
44838	▁लड़ाकू
44839	▁लाट
44840	▁लास
44841	▁लिखूंगा
44842	▁लौटाकर
44843	▁वतनी
44844	▁वाव
44845	▁वाष्प
44846	▁विलियम्स
44847	▁वेनिस
44848	▁शिनाख
44849	▁शेडो
44850	▁संक्षेप
44851	▁संपूरक
44852	▁संश्
44853	▁संसद
44854	▁सदय
44855	▁सब्ज़ियों
44856	▁समझवालो
44857	▁समयसारिणी
44858	▁समलिंग
44859	▁समादेश
44860	▁समायी
44861	▁समे
44862	▁सस्ती
44863	▁साइंटिस्ट
44864	▁साइकल
44865	▁सिलाई
44866	▁सीएम
44867	▁सुवा
44868	▁सूखने
44869	▁सॆंट
44870	▁सैना
44871	▁सोचेगा
44872	▁स्टाफ
44873	▁स्टोन
44874	▁स्तुतिकर्ता
44875	▁स्लैश
44876	▁स्वतन्त्र
44877	▁स्वाधीन
44878	▁स्वीप
44879	▁हँसने
44880	▁हिन्दू
44881	▁१९७४
44882	▁६३
44883	."'"
44884	Arafat
44885	Art
44886	Away
44887	BC
44888	BLOCK
44889	Counterclockwise
44890	Exalted
44891	Gog
44892	Hebrew
44893	Isa
44894	Isn
44895	Limit
44896	Mahfuz
44897	Manage
44898	Metadata
44899	PANTING
44900	PI
44901	Perfect
44902	Period
44903	QN
44904	Radians
44905	Ray
44906	Reg
44907	Resize
44908	SFTP
44909	Simulation
44910	Subtree
44911	Three
44912	Train
44913	Transgress
44914	Vile
44915	War
44916	Wisdom
44917	\@
44918	adulterated
44919	animal
44920	autodetected
44921	burning
44922	component
44923	confidence
44924	corn
44925	erberos
44926	ersonal
44927	fetched
44928	generic
44929	greek
44930	husband
44931	idols
44932	ijah
44933	iph
44934	lived
44935	lunar
44936	ndura
44937	nth
44938	nviolable
44939	often
44940	ormat
44941	pagan
44942	perhaps
44943	pilgrimage
44944	proxy
44945	pst
44946	reasonable
44947	rj
44948	running
44949	sale
44950	stead
44951	thereof
44952	together
44953	tools
44954	vain
44955	versed
44956	witch
44957	xtrapolate
44958	ंपत
44959	आंकड़ा
44960	आनंदित
44961	आहा
44962	इन्ते
44963	इरादे
44964	कदम
44965	कमांड
44966	कला
44967	क़े
44968	काफ़ी
44969	किन्तु
44970	कुकर्म
44971	क्कड़
44972	घटा
44973	घुन
44974	छप्पर
44975	छायी
44976	ज़दा
44977	ज़्यादातर
44978	जीन
44979	जूक
44980	ट्यून
44981	ठहराए
44982	डियन
44983	डूब
44984	डेटा
44985	तलवार
44986	तलाश
44987	तान्त
44988	तालियां
44989	तेयार
44990	थैले
44991	दरवाज़े
44992	दलील
44993	नशीन
44994	निष्ठा
44995	नॆट
44996	पड़ी
44997	पुछ
44998	पोते
44999	फ़ौरन
45000	बच्चा
45001	बनाकर
45002	बनाने
45003	बवाल
45004	बसर
45005	बूर
45006	बोशेत
45007	भाईयों
45008	भेजा
45009	मंज़ूर
45010	मंडल
45011	मक्खी
45012	मजे
45013	मसलन
45014	महीनों
45015	मुसीबतों
45016	यूज़
45017	य्यन
45018	रमाया
45019	राइव
45020	रोजे
45021	र्दे
45022	लफ
45023	लेटिन
45024	ल्लंघन
45025	वशक्
45026	शोभनीय
45027	सवार
45028	सांस
45029	साइडिंग
45030	सिटरीज़
45031	सूखे
45032	सूफ
45033	स्कूल
45034	हलक़
45035	हारून
45036	होकर
45037	होती
45038	ाक़ू
45039	ानुक्रम
45040	ानूस
45041	ामत
45042	ार्डियन
45043	ावली
45044	ितु
45045	िमित
45046	ीकन
45047	ुनैन
45048	ॆम
45049	ेटिव
45050	ेदने
45051	्वाँग
45052	०६
45053	७७
45054	▁#%1
45055	▁109
45056	▁114
45057	▁126
45058	▁144
45059	▁1924
45060	▁25,000
45061	▁Anabaptist
45062	▁Anderson
45063	▁Bai
45064	▁Balkans
45065	▁Bread
45066	▁Budapest
45067	▁COPY
45068	▁Caledonia
45069	▁Cathy
45070	▁Classes
45071	▁Communicat
45072	▁Cup
45073	▁Declined
45074	▁Decoration
45075	▁Deeds
45076	▁Dominant
45077	▁Dry
45078	▁Dummy
45079	▁END
45080	▁Edenic
45081	▁Eliakim
45082	▁Emigrants
45083	▁Emmanuel
45084	▁Enabling
45085	▁Ensur
45086	▁Exalt
45087	▁FMS
45088	▁Factory
45089	▁Floating
45090	▁Flower
45091	▁Gandhi
45092	▁Gileadite
45093	▁Graduation
45094	▁Gran
45095	▁HEB
45096	▁Hag
45097	▁Hair
45098	▁Historical
45099	▁Howard
45100	▁IMCOS
45101	▁Illegal
45102	▁Immortal
45103	▁JER
45104	▁Jethro
45105	▁Joyce
45106	▁Justify
45107	▁Kenneth
45108	▁Krone
45109	▁Legend
45110	▁Lisp
45111	▁Liverance
45112	▁Maccabee
45113	▁Markus
45114	▁Mathematic
45115	▁Mattaniah
45116	▁Median
45117	▁Meditation
45118	▁Methuselah
45119	▁Michigan
45120	▁Monaco
45121	▁Montenegro
45122	▁NetworkManager
45123	▁Neutral
45124	▁Nicholas
45125	▁Nigerian
45126	▁OTHER
45127	▁Ophir
45128	▁POL
45129	▁Pivo
45130	▁Profession
45131	▁Profiler
45132	▁Reckoner
45133	▁Recreate
45134	▁Replay
45135	▁Restoration
45136	▁Retract
45137	▁Revolution
45138	▁Rita
45139	▁Riyal
45140	▁Scar
45141	▁Schumacher
45142	▁Shebna
45143	▁Sijjin
45144	▁Sirius
45145	▁Snare
45146	▁Stroke
45147	▁Subjection
45148	▁Supplement
45149	▁Taghut
45150	▁TeX
45151	▁Tennessee
45152	▁Territories
45153	▁Triumph
45154	▁Urgent
45155	▁Uzzah
45156	▁Vie
45157	▁WANT
45158	▁Yaqoub
45159	▁[60
45160	▁abideth
45161	▁acquisition
45162	▁advertised
45163	▁advisor
45164	▁aforementioned
45165	▁aftermath
45166	▁agriculture
45167	▁alarmed
45168	▁allergies
45169	▁alphabetical
45170	▁analyzed
45171	▁arbitrarily
45172	▁atoning
45173	▁authorize
45174	▁barrel
45175	▁beautify
45176	▁bemoan
45177	▁biased
45178	▁bot
45179	▁boundless
45180	▁bubbl
45181	▁buckler
45182	▁cabin
45183	▁cdrtools
45184	▁cereal
45185	▁chronological
45186	▁circumambulat
45187	▁commenced
45188	▁competing
45189	▁concoct
45190	▁condescend
45191	▁conservation
45192	▁crumbled
45193	▁curtail
45194	▁dairy
45195	▁darkest
45196	▁decency
45197	▁denie
45198	▁depriv
45199	▁detention
45200	▁dictionaries
45201	▁disappearing
45202	▁disregarding
45203	▁distinguishe
45204	▁enticements
45205	▁eu
45206	▁exaggeration
45207	▁fainting
45208	▁fishers
45209	▁geography
45210	▁grope
45211	▁hippo
45212	▁honorably
45213	▁horrific
45214	▁hybrid
45215	▁imagery
45216	▁impetus
45217	▁inadvertently
45218	▁insistence
45219	▁intercepted
45220	▁intoxicants
45221	▁irresistible
45222	▁laptop
45223	▁liquor
45224	▁lovingkindness
45225	▁manufacturing
45226	▁marijuana
45227	▁matchless
45228	▁mathematician
45229	▁maxim
45230	▁meanest
45231	▁microscope
45232	▁midheaven
45233	▁mixer
45234	▁neem
45235	▁newcomers
45236	▁oblivion
45237	▁optimization
45238	▁osten
45239	▁overflowed
45240	▁ownself
45241	▁pandemic
45242	▁perishable
45243	▁pivot
45244	▁plateau
45245	▁pluginview
45246	▁polished
45247	▁predator
45248	▁presided
45249	▁privation
45250	▁pummel
45251	▁pupil
45252	▁rave
45253	▁rebuff
45254	▁reestablish
45255	▁regex
45256	▁reluctantly
45257	▁reputably
45258	▁resembl
45259	▁resembled
45260	▁resented
45261	▁resided
45262	▁resigned
45263	▁responsibly
45264	▁revival
45265	▁rewrit
45266	▁robber
45267	▁rubble
45268	▁sandy
45269	▁sarcasm
45270	▁satisfactory
45271	▁scoffers
45272	▁sharper
45273	▁sharply
45274	▁singer
45275	▁smashed
45276	▁smolder
45277	▁spi
45278	▁spice
45279	▁stabilized
45280	▁stagger
45281	▁stigma
45282	▁strategies
45283	▁strayeth
45284	▁tarnish
45285	▁temperament
45286	▁texturing
45287	▁tic
45288	▁tomato
45289	▁trustworthiness
45290	▁tumbled
45291	▁unafraid
45292	▁unreliable
45293	▁unsta
45294	▁vale
45295	▁vanishes
45296	▁vilest
45297	▁villain
45298	▁violin
45299	▁votaries
45300	▁watchfulness
45301	▁wavering
45302	▁wider
45303	▁अकाउंट
45304	▁अजरबैजान
45305	▁अदार
45306	▁अनसर
45307	▁अनुसंधायक
45308	▁अपनाइए
45309	▁अभाज्य
45310	▁अमीन
45311	▁अम्मी
45312	▁अर्जेंटीना
45313	▁अलि
45314	▁असमानता
45315	▁अस्ता
45316	▁आँच
45317	▁आतीं
45318	▁आयन
45319	▁आर्य
45320	▁इक्कीस
45321	▁इरी
45322	▁उकसाएगी
45323	▁उक्त
45324	▁उग्र
45325	▁उज्जीएल
45326	▁उर्वर
45327	▁एकनिष्ठ
45328	▁एकाधिक
45329	▁एक्सएमपी
45330	▁एक्सपीए
45331	▁एट्रिब्यूट
45332	▁एसएचए
45333	▁ऑगस्ट
45334	▁कंकर
45335	▁कंपन
45336	▁कड़का
45337	▁कड़ाके
45338	▁कतरवा
45339	▁कम्पोज़र
45340	▁कहूँगा
45341	▁क़ाब
45342	▁काश्त
45343	▁कुँजीपट
45344	▁कुना
45345	▁कैरन
45346	▁कैरियर
45347	▁कॉपर
45348	▁क्यूंकी
45349	▁क्रोना
45350	▁क्लोवॆस
45351	▁क्षय
45352	▁खजाना
45353	▁खायें
45354	▁खिड़कियां
45355	▁खींची
45356	▁गंगा
45357	▁गंभीरतापूर्वक
45358	▁गड
45359	▁गल्ल
45360	▁गुज़
45361	▁गुलू
45362	▁गेर
45363	▁गोंद
45364	▁गोरिल्ल
45365	▁घुसने
45366	▁घूँस
45367	▁घोस्ट
45368	▁चलाऊंगा
45369	▁चीं
45370	▁चूरा
45371	▁चॉकलेट
45372	▁छपत
45373	▁छाने
45374	▁छिपकली
45375	▁छूटकर
45376	▁छोकर
45377	▁जख्म
45378	▁जनरेट
45379	▁जागो
45380	▁जिब्राईल
45381	▁जीओ
45382	▁जीमेल
45383	▁जीवधारियों
45384	▁जुतो
45385	▁जूनियर
45386	▁ज़्यादा
45387	▁झगडे
45388	▁झुकनेवाल
45389	▁झूक
45390	▁झोपड़ी
45391	▁टॆक्नॉल
45392	▁टेक्सचरिंग
45393	▁टैगः
45394	▁टोकरे
45395	▁टोलियाँ
45396	▁डगमगाए
45397	▁डबल्यूएम
45398	▁डरूंगा
45399	▁डाकपेट
45400	▁डायन
45401	▁डॆनिस
45402	▁डोंगी
45403	▁ड्राई
45404	▁ड्रागो
45405	▁ड्रोन
45406	▁ढकेले
45407	▁ढार
45408	▁तंदूर
45409	▁तकल्लुफ
45410	▁तन्द
45411	▁तरफदारी
45412	▁ताईवान
45413	▁त्यागेगा
45414	▁दयाशील
45415	▁दरज
45416	▁दाए
45417	▁दूरभाष
45418	▁देखिये
45419	▁देवों
45420	▁धमाका
45421	▁धुल
45422	▁धूए
45423	▁नक़्शा
45424	▁नागरिकता
45425	▁नापा
45426	▁नाशवान
45427	▁निकोल
45428	▁निराशावादी
45429	▁निष्ठाहीन
45430	▁नीतियों
45431	▁नौजवानो
45432	▁न्यूटन
45433	▁पंहुचा
45434	▁पच
45435	▁पढ़ीं
45436	▁पत्नियो
45437	▁पथरी
45438	▁पहिचानता
45439	▁पार्श्
45440	▁पिंडलिय
45441	▁पिच
45442	▁पिछवाड़
45443	▁पीपल
45444	▁पुनर्जीव
45445	▁पेंशन
45446	▁पोव
45447	▁प्रकटीकरण
45448	▁प्लीज
45449	▁फर्ज़ी
45450	▁फ़ह
45451	▁फ़ैक्टरी
45452	▁फारसियों
45453	▁फैलाई
45454	▁बकने
45455	▁बदनसीब
45456	▁बरसनेवाला
45457	▁बाँधों
45458	▁बाये
45459	▁बारीक़
45460	▁बालो
45461	▁बिल्हा
45462	▁बिशपों
45463	▁बीचोंबीच
45464	▁बेजा
45465	▁बैतनिय्याह
45466	▁ब्रिटानिका
45467	▁ब्रेड
45468	▁भग
45469	▁भरनेवाला
45470	▁भागीदारी
45471	▁भिड़ा
45472	▁भुगतेगा
45473	▁भूमिकाएँ
45474	▁भ्रष्टता
45475	▁मग
45476	▁मटक
45477	▁मसजिद
45478	▁महफिल
45479	▁महाशक्
45480	▁मांजा
45481	▁माइग्रेशन
45482	▁मुक़र
45483	▁मुड़ना
45484	▁मुफलिस
45485	▁मुश्क
45486	▁मूल्यः
45487	▁मेंढ़क
45488	▁मेटल
45489	▁मोंटे
45490	▁मोंटेल
45491	▁यपुन्ने
45492	▁येपेत
45493	▁योंही
45494	▁रखाव
45495	▁रास्तबाज़
45496	▁रिबे
45497	▁रिवीजन
45498	▁रुला
45499	▁रूढ़
45500	▁रेंड
45501	▁रेलगाड़ी
45502	▁लँगड
45503	▁लंग
45504	▁लगूँ
45505	▁लज़ीज़
45506	▁लमूएल
45507	▁लाइनें
45508	▁लाइब्रेरीज़
45509	▁लाभांश
45510	▁लारेंट
45511	▁लिखावट
45512	▁लिल
45513	▁लुभानेवाली
45514	▁लेक्स
45515	▁वापिस
45516	▁वाब
45517	▁वालपेपर
45518	▁विनयशील
45519	▁विश्वासपात्र
45520	▁शऊ
45521	▁शतक
45522	▁शुरूवात
45523	▁शॉर्ट
45524	▁सँभालना
45525	▁सँवारता
45526	▁सकूँगा
45527	▁सज्जित
45528	▁सफ
45529	▁सभ्य
45530	▁समांतर
45531	▁सरलीकृत
45532	▁सलोफाद
45533	▁सिगरॆट
45534	▁सूँड
45535	▁सॆंटर
45536	▁सैंड्रा
45537	▁सौतेली
45538	▁स्की
45539	▁स्टूडियो
45540	▁स्विट्जरलैंड
45541	▁हँसाता
45542	▁हाक
45543	▁हास्यास्पद
45544	▁हिलकिरयाह
45545	▁हुजूर
45546	▁होस्टनामः
45547	▁१३९
45548	▁१९४४
45549	▁१९८१
45550	▁६९
45551	,300
45552	10-
45553	11-
45554	93
45555	CIF
45556	Customize
45557	ETCH
45558	Forgive
45559	Hey
45560	Journal
45561	KChar
45562	MOS
45563	Mailbox
45564	Mode
45565	Monitor
45566	Observe
45567	PGP
45568	PTION
45569	Permission
45570	Simulate
45571	Term
45572	ador
45573	amil
45574	articulate
45575	atlas
45576	bearer
45577	decrease
45578	desirable
45579	directories
45580	eorg
45581	extrapolate
45582	finit
45583	foreign
45584	fted
45585	ganization
45586	gcr
45587	glorious
45588	goes
45589	hair
45590	iber
45591	indentation
45592	length
45593	moral
45594	raising
45595	redit
45596	seminal
45597	share
45598	small
45599	spamc
45600	theme
45601	third
45602	tribulation
45603	turkish
45604	unless
45605	uthenticate
45606	weightier
45607	whether
45608	widen
45609	अदृश्
45610	अब्बा
45611	अय्याम
45612	अर्ज़
45613	आग़ाह
45614	आपसी
45615	इनमें
45616	इन्सान
45617	इसको
45618	इसम
45619	उत्पीड़न
45620	उल्टे
45621	ऐश
45622	ओस
45623	कल्पित
45624	क़र्ज़
45625	क़िल
45626	किताबें
45627	कुमारियां
45628	क्टेयर
45629	क्रेब
45630	खदेड़ने
45631	ख़ते
45632	ख़त्म
45633	गाद
45634	गुलामी
45635	चाए
45636	चाहते
45637	चुपड़ी
45638	छिपने
45639	छूट
45640	जरूर
45641	जानकारी
45642	ट्रोल
45643	डॉक
45644	डोम
45645	तुझ
45646	तुमपर
45647	तुर्किश
45648	त्याग
45649	दादी
45650	दावा
45651	दाश्त
45652	दुराग्रह
45653	देने
45654	नतीजे
45655	नुकसान
45656	न्ट्
45657	न्ड्रा
45658	पकड़ो
45659	पढ़ाने
45660	पढ़ी
45661	पैदायशी
45662	फ़िला
45663	फ़िले
45664	फ़ूर
45665	फुँ
45666	फूँक
45667	बसे
45668	बहका
45669	बहाने
45670	बीरा
45671	बेतकल्लुफ़
45672	भरा
45673	भालने
45674	मंद
45675	मन्सू
45676	मसख़
45677	माईश
45678	मामला
45679	मारना
45680	मिटाए
45681	मीम
45682	मेनान
45683	मेहर
45684	यहां
45685	याई
45686	यूरोपिय
45687	यॉ
45688	योजित
45689	रकत
45690	रहूम
45691	रहो
45692	राइना
45693	रास्त
45694	रिक़
45695	रिन्द
45696	रुण
45697	लड़को
45698	लरी
45699	लाबाद
45700	लाय
45701	लेण्डर
45702	ल्न
45703	वाही
45704	संकट
45705	संतृप्त
45706	संपन्न
45707	संयम
45708	सत्कार
45709	सनीच
45710	सम्पूर्ण
45711	सरदार
45712	सितारों
45713	सिद्दीक
45714	सिरे
45715	सिवाय
45716	सुथर
45717	सुधार
45718	स्तुस
45719	हारत
45720	हॉर्न
45721	़लाल
45722	ाउंडिंग
45723	ातैम
45724	ादिम
45725	ेआम
45726	ैज़ा
45727	्ट्
45728	्फ़
45729	३४
45730	▁(201
45731	▁1999-200
45732	▁Achilles
45733	▁Adolescent
45734	▁Alps
45735	▁Ammonite
45736	▁Arnold
45737	▁Bermuda
45738	▁Bone
45739	▁Built
45740	▁Bulletin
45741	▁Cappadocia
45742	▁Carbon
45743	▁Cassette
45744	▁Catch
45745	▁Caulier
45746	▁Charity
45747	▁Classification
45748	▁Combine
45749	▁Constantinople
45750	▁Cream
45751	▁Cycl
45752	▁Dada
45753	▁Delilah
45754	▁Desir
45755	▁Destiny
45756	▁Dirk
45757	▁Dominica
45758	▁Donkey
45759	▁Drago
45760	▁Dufresne
45761	▁ECCL
45762	▁EVERY
45763	▁Electron
45764	▁Everglades
45765	▁Fain
45766	▁Fate
45767	▁Fix
45768	▁Fogg
45769	▁Forsake
45770	▁GIVE
45771	▁Gadites
45772	▁Gaussian
45773	▁Gregor
45774	▁HANNAH
45775	▁Healthy
45776	▁Inner
45777	▁Jaeger
45778	▁Jesuit
45779	▁JoAnn
45780	▁Juda
45781	▁KINGDOM
45782	▁KPart
45783	▁Kent
45784	▁Klaus
45785	▁Lane
45786	▁Lima
45787	▁Longer
45788	▁Lua
45789	▁Lucy
45790	▁Maacah
45791	▁Magedon
45792	▁Malaysia
45793	▁Maula
45794	▁Methodist
45795	▁Mill
45796	▁Moore
45797	▁NP
45798	▁Naḥmanides
45799	▁Nebula
45800	▁Nicaragua
45801	▁Onesiphorus
45802	▁PRI
45803	▁Pergamum
45804	▁Presbyterian
45805	▁Presently
45806	▁Prisca
45807	▁Qiblah
45808	▁Queued
45809	▁RSIBreak
45810	▁Ravensbrück
45811	▁Realistically
45812	▁Rephaim
45813	▁Retrieve
45814	▁Safa
45815	▁Sanja
45816	▁Sao
45817	▁Seal
45818	▁Sensor
45819	▁Sergi
45820	▁Serious
45821	▁Shun
45822	▁Sonia
45823	▁Subsequently
45824	▁Supply
45825	▁TWO
45826	▁Tangles
45827	▁Terrorism
45828	▁Themselves
45829	▁Ultimate
45830	▁Urijah
45831	▁Visitors
45832	▁Waals
45833	▁Wadd
45834	▁Wallpaper
45835	▁Welsh
45836	▁Wild
45837	▁Wildlife
45838	▁Wright
45839	▁Zebedee
45840	▁Zenobia
45841	▁Zidon
45842	▁[300
45843	▁abstinence
45844	▁allocat
45845	▁amusing
45846	▁analyse
45847	▁apprentice
45848	▁apprise
45849	▁asteroid
45850	▁astronomy
45851	▁attested
45852	▁aviation
45853	▁bankrupt
45854	▁bask
45855	▁blest
45856	▁bondwomen
45857	▁breathtaking
45858	▁brimstone
45859	▁calmness
45860	▁carcass
45861	▁cheated
45862	▁chemotherapy
45863	▁chin
45864	▁cocaine
45865	▁commending
45866	▁comprehended
45867	▁computed
45868	▁contrive
45869	▁courier
45870	▁craftsman
45871	▁crap
45872	▁crippled
45873	▁dagger
45874	▁dazzling
45875	▁deceitfully
45876	▁deficient
45877	▁degenerate
45878	▁denot
45879	▁detective
45880	▁discredit
45881	▁disputation
45882	▁easing
45883	▁emphatically
45884	▁energize
45885	▁enormity
45886	▁entrails
45887	▁erupt
45888	▁escalate
45889	▁european
45890	▁evaporate
45891	▁exchanging
45892	▁factual
45893	▁feasible
45894	▁foreordained
45895	▁gleaned
45896	▁golf
45897	▁gorilla
45898	▁grandeur
45899	▁hailstones
45900	▁harbour
45901	▁hike
45902	▁improperly
45903	▁innovation
45904	▁innovative
45905	▁instigator
45906	▁invaders
45907	▁irrelevant
45908	▁lagoon
45909	▁lizard
45910	▁louder
45911	▁malignant
45912	▁manufacture
45913	▁mapped
45914	▁masculinity
45915	▁melting
45916	▁microbes
45917	▁mineral
45918	▁mirth
45919	▁mnemonic
45920	▁mould
45921	▁mourners
45922	▁nonetheless
45923	▁noticing
45924	▁numerical
45925	▁oblige
45926	▁obliterated
45927	▁omnipotent
45928	▁ounces
45929	▁outcries
45930	▁pann
45931	▁pathway
45932	▁patriotic
45933	▁peel
45934	▁pigment
45935	▁polluting
45936	▁potatoes
45937	▁purest
45938	▁rebelliousness
45939	▁recoil
45940	▁reconstruct
45941	▁rectify
45942	▁reddish
45943	▁renegade
45944	▁repelling
45945	▁repenteth
45946	▁researched
45947	▁retort
45948	▁roasting
45949	▁roe
45950	▁salvage
45951	▁scientifically
45952	▁screenshot
45953	▁selfishly
45954	▁shabby
45955	▁shading
45956	▁shaving
45957	▁soak
45958	▁sparrow
45959	▁spilled
45960	▁stitch
45961	▁stout
45962	▁strategic
45963	▁summarize
45964	▁superb
45965	▁supervised
45966	▁sura
45967	▁synchronous
45968	▁synonymous
45969	▁teem
45970	▁therapist
45971	▁toc
45972	▁torrential
45973	▁trifle
45974	▁ulcer
45975	▁unbearable
45976	▁undiminished
45977	▁unfairly
45978	▁unfounded
45979	▁universities
45980	▁unloading
45981	▁unpai
45982	▁unrestrained
45983	▁utilize
45984	▁victimized
45985	▁vis
45986	▁volcanoes
45987	▁whitespace
45988	▁wielded
45989	▁अगम
45990	▁अचंभ
45991	▁अजम
45992	▁अमर्याह
45993	▁आईआर
45994	▁आईटी
45995	▁आख़
45996	▁आनन्ददायक
45997	▁आशावाद
45998	▁आशाहीन
45999	▁इंडियाना
46000	▁इंस्टिट्यूट
46001	▁इत्तेफ़ाक़
46002	▁इत्तै
46003	▁इफ
46004	▁इसरायल
46005	▁उकसाहट
46006	▁उभारने
46007	▁उमण्ड
46008	▁एनटी
46009	▁एनिमेटेड
46010	▁एमए
46011	▁एरोन
46012	▁एसिड
46013	▁ओत
46014	▁औहद
46015	▁कमाओगे
46016	▁कमिटी
46017	▁कम्युनिस्ट
46018	▁क़ुरबान
46019	▁कांटों
46020	▁किनार
46021	▁किर्यत्यारीम
46022	▁कुंठ
46023	▁कुल्हाड़
46024	▁कॉनफिग
46025	▁कॉन्सट
46026	▁क्रांतिकारी
46027	▁क्रियाकलाप
46028	▁क्रोएशिया
46029	▁क्षमारहित
46030	▁खदेड़ा
46031	▁खि
46032	▁खिलाडी
46033	▁गणन
46034	▁गन्ध
46035	▁गवैय
46036	▁गुँथ
46037	▁गुनगुना
46038	▁गुनाहो
46039	▁गुफाओं
46040	▁गेल
46041	▁गेस्टापो
46042	▁गोता
46043	▁गोल्डन
46044	▁ग्लॉस
46045	▁घटाटोप
46046	▁घुमाएं
46047	▁चकाचौ
46048	▁चपट
46049	▁चबा
46050	▁चमकेंगे
46051	▁चार्ली
46052	▁चालबाज़
46053	▁चिढ़ने
46054	▁चुनेंगे
46055	▁चौप
46056	▁छुट्ट
46057	▁जनसमूह
46058	▁जन्माए
46059	▁जलाशयों
46060	▁ज़जीर
46061	▁ज़िद्दी
46062	▁ज़िम्मेवार
46063	▁ज़ूक
46064	▁ज़ेह
46065	▁जांचने
46066	▁जिओ
46067	▁जुज़
46068	▁जूलियन
46069	▁जेरे
46070	▁जैस
46071	▁जॉर्डन
46072	▁जोड़नेवाला
46073	▁जोहना
46074	▁झण्ड
46075	▁झेंपत
46076	▁टच
46077	▁टटक
46078	▁टर्न
46079	▁टेम्पलटन
46080	▁टोरोन्टो
46081	▁ट्यूनीशिया
46082	▁ठुकराए
46083	▁डिपेंड
46084	▁डुफ्रेन
46085	▁तत्पश्
46086	▁ताबड़
46087	▁तीर्थयात्र
46088	▁तूफ़ानी
46089	▁तेहर
46090	▁त्रस्त
46091	▁थकावट
46092	▁थीटा
46093	▁थेम्स
46094	▁दर्शी
46095	▁दहका
46096	▁दीमक
46097	▁दुष्प्रयोग
46098	▁दूरबीन
46099	▁नीहारिका
46100	▁नुक़
46101	▁पथरील
46102	▁परखता
46103	▁परवलय
46104	▁परिदृश्य
46105	▁परोसा
46106	▁पिट
46107	▁पिरगमुन
46108	▁पृष्ट
46109	▁पैरो
46110	▁प्रतापवान
46111	▁प्रतिचित्रित
46112	▁प्रुभ
46113	▁फरमाएँगे
46114	▁फलदायी
46115	▁फलेगा
46116	▁फ़र
46117	▁फ़िल
46118	▁फेके
46119	▁फेस
46120	▁फॉरमेट
46121	▁बधाईयाँ
46122	▁बन्दरगाह
46123	▁बमबारी
46124	▁बरा
46125	▁बर्क
46126	▁बांह
46127	▁बागा
46128	▁बुझकर
46129	▁बूटे
46130	▁बूढ
46131	▁बेऐब
46132	▁बेगुनाह
46133	▁बेतह
46134	▁बेरोक
46135	▁बैनर
46136	▁बोटी
46137	▁ब्रून
46138	▁भटकाए
46139	▁मानवता
46140	▁मान्द
46141	▁मापा
46142	▁मिटती
46143	▁मिसमैच
46144	▁मुकद्दस
46145	▁मुता
46146	▁मुलाज़िम
46147	▁मॆल
46148	▁मेरिनो
46149	▁मेल्कीसेदेक
46150	▁मॉगने
46151	▁मॉरिस
46152	▁मोजा
46153	▁मोड़ना
46154	▁यऊ
46155	▁यमन
46156	▁यादृच्छिक
46157	▁युसूफ
46158	▁रटा
46159	▁रवी
46160	▁रिपॉजिटरी
46161	▁रिसाव
46162	▁रीडिंग
46163	▁रूखा
46164	▁रूब
46165	▁रेतील
46166	▁रेप
46167	▁रॉनी
46168	▁रॉबी
46169	▁लतीफ
46170	▁लपेटे
46171	▁लाइफ
46172	▁लीग
46173	▁लेनेवाली
46174	▁वर्डे
46175	▁वाचाल
46176	▁वीटो
46177	▁वेनेजुएला
46178	▁वैनीला
46179	▁वॉल्शी
46180	▁व्रेप
46181	▁शालीनता
46182	▁शिला
46183	▁शिलालेख
46184	▁शेल्फ
46185	▁संग्रहण
46186	▁सठिया
46187	▁सन्नाट
46188	▁समझतें
46189	▁सम्भल
46190	▁सुहावने
46191	▁स्क्रिपचर्स
46192	▁स्लाट
46193	▁स्वांग
46194	▁स्वैप
46195	▁हटेगा
46196	▁हमजोल
46197	▁हमेश
46198	▁हार्वर्ड
46199	▁हाहा
46200	▁हिट्
46201	▁हिलाये
46202	▁हुक्का
46203	▁हूला
46204	▁१९८२
46205	▁७८
46206	◯
46207	"2002
46208	.....
46209	1024
46210	2016
46211	63
46212	BOTH
46213	BU
46214	Celsius
46215	Config
46216	Count
46217	Draft
46218	EMBER
46219	Easy
46220	Fahrenheit
46221	Hierarchy
46222	Keel
46223	Mandatory
46224	Mim
46225	Minimum
46226	Nation
46227	PORT
46228	Preserve
46229	Recognise
46230	SPF
46231	Style
46232	Sweetheart
46233	TEN
46234	Teach
46235	ULAR
46236	Uzair
46237	Yusuf
46238	aea
46239	assuring
46240	cannot
46241	care
46242	carry
46243	dark
46244	detected
46245	dial
46246	dialog
46247	disabled
46248	dvanced
46249	eferences
46250	elected
46251	ename
46252	fourth
46253	given
46254	greed
46255	haled
46256	hook
46257	iba
46258	lack
46259	limit
46260	lpine
46261	maid
46262	milk
46263	mooth
46264	nticipating
46265	ompt
46266	overlapping
46267	paper
46268	possible
46269	removed
46270	reserving
46271	resh
46272	severe
46273	someone
46274	ssages
46275	standard
46276	superior
46277	tales
46278	tol
46279	treasure
46280	udio
46281	unhypocritical
46282	whatever
46283	ँऊ
46284	ंथ
46285	अज्ज़ि
46286	अनुसार
46287	अपन
46288	अपशकुन
46289	अबू
46290	अमानत
46291	अराजकता
46292	अर्
46293	अर्थदंड
46294	अलबता
46295	अलहाएदा
46296	अशुद्ध
46297	असा
46298	असैना
46299	आज्ञापालन
46300	आपदा
46301	आफत
46302	आबिद
46303	आमद
46304	आयतें
46305	आर्की
46306	आसिया
46307	इज्ज़तदार
46308	इत्तिला
46309	इत्तेफ़ाक़
46310	इनायत
46311	इन्शा
46312	इब्तेद
46313	इर
46314	इल्ज़ाम
46315	इस्राएलियों
46316	उजड़े
46317	उतरा
46318	उपास्य
46319	उमड़
46320	उम्मत
46321	उलमा
46322	उसूल
46323	ऐकावाल
46324	ओएस
46325	ओपेरा
46326	कटा
46327	कसाए
46328	कहेगा
46329	क़तआ
46330	क़दीमी
46331	क़ब्ल
46332	क़िब
46333	क़िलों
46334	काटकर
46335	कातिब
46336	काफिर
46337	काया
46338	काला
46339	किस्सा
46340	कुढ़ो
46341	कुलसूम
46342	कूट
46343	केराम
46344	क्षेपण
46345	खण्डी
46346	ख़च
46347	ख़तेलाफ
46348	ख़न्दक़
46349	ख़रीदो
46350	ख़िर
46351	ख़िलाफ
46352	ख़िलाफ़
46353	ख़ुदाए
46354	ख़ुसूसन
46355	ख़ौफनाक
46356	खाएगें
46357	खुदाए
46358	खुलासा
46359	ख्तेयार
46360	ख्वाम
46361	ग़ज़ब
46362	ग़ुस्ल
46363	ग़ैबी
46364	गिरोह
46365	गुनाहगार
46366	गुबार
46367	गैब
46368	गोश्त
46369	घटाटोप
46370	घुटा
46371	घोर
46372	चखों
46373	चमड़ी
46374	चीज़ों
46375	जज़ा
46376	जन्म
46377	जवाहरात
46378	जहाँन
46379	ज़क़्क़ूम
46380	ज़बूरें
46381	ज़रिए
46382	ज़रुरत
46383	ज़हार
46384	ज़ियत
46385	ज़ुलेख़ा
46386	जाँच
46387	जाती
46388	जाम
46389	जिन्न
46390	जिबर
46391	जीवत
46392	जैसी
46393	जॉ
46394	जोड़कर
46395	ज्वाला
46396	टकटकी
46397	टाइटिस
46398	टेंड
46399	ट्रेशन
46400	ठहरकर
46401	ठहरो
46402	डरिए
46403	डुब
46404	डूबने
46405	ढ़ाल
46406	तत्व
46407	तबली
46408	तवक्क
46409	तवज्जो
46410	तसनीम
46411	तस्लीम
46412	तादाद
46413	तौरात
46414	त्पादक
46415	दरोग़
46416	दलाएल
46417	दहका
46418	दिलाओ
46419	दुल
46420	दूसरो
46421	दें
46422	देकर
46423	द्दू
46424	धुएँ
46425	धुतकार
46426	धेरों
46427	धौंकते
46428	नमाज
46429	नागहा
46430	नाशुक्र
46431	निकालो
46432	निखारत
46433	निश्चिंत
46434	नुबूवत
46435	नेअमतें
46436	नेकों
46437	न॰
46438	पढ़ने
46439	परवरदिगार
46440	परवरिश
46441	पराध
46442	परिक्रमा
46443	परेशॉ
46444	पश्
46445	पूछें
46446	पैक
46447	प्रकाशना
46448	प्रदर्शन
46449	प्रयुक्त
46450	प्रलय
46451	फरज़न्द
46452	फरमाबरदार
46453	फर्ज़
46454	फर्ज़ी
46455	फलॉ
46456	फसल
46457	फ़क्त
46458	फ़रमाया
46459	फ़राग
46460	फाक़
46461	फिटकार
46462	फिरो
46463	फैलाव
46464	फ्रांस
46465	फ्रेड
46466	बख़ील
46467	बजाए
46468	बदकार
46469	बदर
46470	बदे
46471	बन्दर
46472	बरबाद
46473	बराहीम
46474	बसो
46475	बहीरा
46476	बहुतेर
46477	बिछौना
46478	बिलकुल
46479	बिलग़रज़
46480	बुझत
46481	बुलाने
46482	बूझे
46483	बेकस
46484	बेढ़ंग
46485	बेतकल्लुफ
46486	बेरियाँ
46487	बेहश्ती
46488	बोध
46489	ब्बुर
46490	मंज़िले
46491	मक़बूल
46492	मकाना
46493	मख़लूक
46494	मछलीवाले
46495	मजबूरन
46496	मदीन
46497	मदीना
46498	मनकूला
46499	मन्नत
46500	मरतबा
46501	मरेशन
46502	मशअर
46503	मसलह
46504	मसलहत
46505	मसानी
46506	महिमावान
46507	मह्र
46508	माअ
46509	माइग्रेन
46510	माबूदों
46511	मुख़ालफ़त
46512	मुख्य
46513	मुनाफ़िक़ो
46514	मुनाफ़िक़ों
46515	मुबारक
46516	मुब्तिला
46517	मुशरिकों
46518	मुहताजों
46519	मूँगा
46520	मॆन
46521	मोहाजेरीन
46522	मौऊद
46523	मौजिज़ा
46524	म्बे
46525	यतीम
46526	याचल
46527	यूगनॉट
46528	यूरोप
46529	रक़ान
46530	रक्षक
46531	रफ़्तार
46532	रहीम
46533	राअना
46534	रातों
46535	रिज़क
46536	रियाकार
46537	रिश्ते
46538	रिसालत
46539	रीटा
46540	रीहा
46541	रुए
46542	रूस्त
46543	र्ख़
46544	लज्ज़
46545	लम्बी
46546	लाघ
46547	लानी
46548	लॆट
46549	लैम
46550	ल्गोरिथम
46551	ल्ज़
46552	वन्दा
46553	वसीला
46554	वह्यस
46555	वाक़िफ
46556	वादार
46557	वायदा
46558	वेजियाई
46559	व्यय
46560	व्यूह
46561	व्वाल
46562	शकुन
46563	शफ़क्क़त
46564	शाए
46565	शादाब
46566	शार
46567	शारीरिक
46568	शेष
46569	शैतानों
46570	शौहर
46571	ष्मा
46572	संपादन
46573	सक़र
46574	सग़ीरा
46575	सबब
46576	समझता
46577	साइरिलिक
46578	साधारण
46579	सानी
46580	साहब
46581	सिंह
46582	सिदक
46583	सेल्सियस
46584	सेवक
46585	स्टीन
46586	स्तगार
46587	हँस
46588	हक़ीकतन
46589	हकाए
46590	हरग़िज
46591	हश्त
46592	हसद
46593	हाइ
46594	हाएल
46595	हाजत
46596	हानी
46597	हाबील
46598	हाश
46599	हिकमत
46600	हिद
46601	हिली
46602	हैरत
46603	हैवान
46604	हॊं
46605	होना
46606	़ज़ा
46607	़ानू
46608	़िम
46609	़ून
46610	़ैबर
46611	ाएँगें
46612	ाएक़
46613	ाथ
46614	ादिर
46615	ाधीन
46616	ावात
46617	िंडो
46618	िफाक़
46619	िरदौस
46620	िलाए
46621	िलावत
46622	ुज़द
46623	ुतमा
46624	ुत्फ़
46625	ुलक़रनैन
46626	ुशनूदी
46627	ुसूस
46628	ैरात
46629	ॉलजी
46630	ॊग
46631	ोलॉजी
46632	्जीम
46633	्बोन
46634	्यारे
46635	६४
46636	▁000
46637	▁1.4
46638	▁2:112).
46639	▁60,000
46640	▁Academy
46641	▁Aggregation
46642	▁Ahimaaz
46643	▁Ahmad
46644	▁Antigua
46645	▁Areopagus
46646	▁Aruba
46647	▁Ashkelon
46648	▁Attract
46649	▁Bela
46650	▁Bombay
46651	▁Bratislava
46652	▁Brice
46653	▁Calf
46654	▁Carefully
46655	▁Chiasmus
46656	▁Complet
46657	▁Cooperation
46658	▁Crown
46659	▁Custo
46660	▁DOOR
46661	▁Debugging
46662	▁Diabetes
46663	▁DnD
46664	▁Durga
46665	▁Ebal
46666	▁Eduardo
46667	▁Elevation
46668	▁Ellipsis
46669	▁Engineering
46670	▁Erase
46671	▁Faint
46672	▁Fifteen
46673	▁Filesystem
46674	▁Foremost
46675	▁Frau
46676	▁Geshur
46677	▁Glow
46678	▁Grandfather
46679	▁Grieve
46680	▁HUMAN
46681	▁Harut
46682	▁Hashabiah
46683	▁Holly
46684	▁Hood
46685	▁Hopefully
46686	▁Hospitality
46687	▁Illustration
46688	▁Indonesian
46689	▁Initialising
46690	▁Innocent
46691	▁Ithaca
46692	▁Jansen
46693	▁Jeduthun
46694	▁Johann
46695	▁Julius
46696	▁Kiribati
46697	▁Koch
46698	▁KsirK
46699	▁Loyally
46700	▁Lynn
46701	▁MINUTE
46702	▁Mahanaim
46703	▁Malagasy
46704	▁Mariana
46705	▁Marut
46706	▁Mash
46707	▁Mature
46708	▁Maturity
46709	▁Mennonite
46710	▁Merged
46711	▁Microweave
46712	▁Military
46713	▁Mix
46714	▁Mizpeh
46715	▁Molkentin
46716	▁Montreal
46717	▁Nar
46718	▁Niño
46719	▁Nui
46720	▁OAuth
46721	▁OPEN
46722	▁Optical
46723	▁Overcome
46724	▁PLS
46725	▁PROJECT
46726	▁PROV
46727	▁Palau
46728	▁Pharisaic
46729	▁Pig
46730	▁Pisidia
46731	▁Plague
46732	▁Platform
46733	▁Pollution
46734	▁Privilege
46735	▁Publish
46736	▁Reduction
46737	▁Rejecters
46738	▁Reso
46739	▁Rhode
46740	▁Rip
46741	▁Router
46742	▁SCREAMING
46743	▁SIDES
46744	▁SSH
46745	▁Sabians
46746	▁Scandinavia
46747	▁Shealtiel
46748	▁Stephanie
46749	▁Stepp
46750	▁Submission
46751	▁Summer
46752	▁TN
46753	▁Technology
46754	▁Television
46755	▁Tome
46756	▁Transition
46757	▁Tuvaluan
46758	▁UNESCO
46759	▁Underscor
46760	▁Urge
46761	▁Urim
46762	▁Vancouver
46763	▁Vienna
46764	▁Viv
46765	▁Warden
46766	▁Wickedness
46767	▁Willingly
46768	▁Wonderstone
46769	▁Zin
46770	▁[35
46771	▁abasing
46772	▁abate
46773	▁acknowledgment
46774	▁acre
46775	▁activat
46776	▁adept
46777	▁affordable
46778	▁afforded
46779	▁agnostic
46780	▁allude
46781	▁alteration
46782	▁ancestress
46783	▁anchored
46784	▁armaments
46785	▁awakening
46786	▁banishment
46787	▁batching
46788	▁betide
46789	▁birdcatcher
46790	▁bleach
46791	▁butcher
46792	▁bygone
46793	▁candidly
46794	▁ceasing
46795	▁checkbox
46796	▁clashes
46797	▁collide
46798	▁completeness
46799	▁contingent
46800	▁contracting
46801	▁convene
46802	▁convent
46803	▁coordination
46804	▁cricket
46805	▁cvs
46806	▁cylinder
46807	▁darling
46808	▁debar
46809	▁deflect
46810	▁deploy
46811	▁desperation
46812	▁despoiling
46813	▁disavow
46814	▁disregardful
46815	▁dissolve
46816	▁dived
46817	▁divining
46818	▁downtrodden
46819	▁ellipsis
46820	▁entirety
46821	▁erased
46822	▁exhaust
46823	▁exhausting
46824	▁falsifiers
46825	▁fattened
46826	▁fiercely
46827	▁fiftie
46828	▁filing
46829	▁flout
46830	▁foothold
46831	▁foreknow
46832	▁forenoon
46833	▁fornicatress
46834	▁fulness
46835	▁gadget
46836	▁genealogies
46837	▁glutton
46838	▁gnaw
46839	▁gravely
46840	▁groundwork
46841	▁hallmark
46842	▁handwritten
46843	▁hearsay
46844	▁hectic
46845	▁housework
46846	▁hundredfold
46847	▁impalement
46848	▁inescapable
46849	▁instinctively
46850	▁investigating
46851	▁jam
46852	▁jubile
46853	▁liberate
46854	▁lustfully
46855	▁membrane
46856	▁mentality
46857	▁mimetype
46858	▁minefield
46859	▁misleader
46860	▁moha
46861	▁murmurers
46862	▁nb
46863	▁newsletter
46864	▁nonessential
46865	▁nonexistent
46866	▁noonday
46867	▁obliterate
46868	▁originator
46869	▁paramours
46870	▁permissible
46871	▁pervade
46872	▁plundered
46873	▁pointedly
46874	▁polio
46875	▁prized
46876	▁probable
46877	▁profiteth
46878	▁qualifies
46879	▁quicker
46880	▁rallie
46881	▁recess
46882	▁reclaim
46883	▁recounting
46884	▁regulation
46885	▁revelries
46886	▁sheweth
46887	▁shroud
46888	▁soaked
46889	▁spurr
46890	▁statesman
46891	▁stipple
46892	▁stride
46893	▁superscription
46894	▁suppressing
46895	▁swifter
46896	▁tha
46897	▁thwarted
46898	▁tiredness
46899	▁toast
46900	▁traditionally
46901	▁treaties
46902	▁troubadour
46903	▁understandably
46904	▁unlearned
46905	▁vocation
46906	▁votary
46907	▁workshop
46908	▁अंबार
46909	▁अकबर
46910	▁अक़सा
46911	▁अक़ीद
46912	▁अक्खड़पन
46913	▁अचम्भ
46914	▁अज्ञानियों
46915	▁अतराफ
46916	▁अद
46917	▁अद्भु
46918	▁अनएनक्रिप्टेड
46919	▁अनक़री
46920	▁अनारों
46921	▁अनिच्छापूर्वक
46922	▁अनुग
46923	▁अन्यजातिया
46924	▁अपके
46925	▁अप्रत्या
46926	▁अभक्
46927	▁अभिलाषाएँ
46928	▁अमीरात
46929	▁अरोएर
46930	▁अलयस
46931	▁अल्फाज़
46932	▁अहक़ाफ
46933	▁आइली
46934	▁आवक
46935	▁आसमानो
46936	▁इख़
46937	▁इख़तेलाफ
46938	▁इतमिनान
46939	▁इतरानेवाल
46940	▁इनिशियलाइज
46941	▁इबरा
46942	▁इमेजिंग
46943	▁इलाहा
46944	▁इस्ते
46945	▁उकतात
46946	▁उकाबों
46947	▁उघाड़ना
46948	▁उघाड़े
46949	▁उचके
46950	▁उच्चार
46951	▁उठाईं
46952	▁उडे
46953	▁उत्तरजीव
46954	▁उत्पीड़क
46955	▁उद्घॊषणा
46956	▁उपरांत
46957	▁उपलक्षित
46958	▁उम्मते
46959	▁ऊँटनिय
46960	▁ऊंचाईः
46961	▁ऌन्
46962	▁एंड्रयू
46963	▁एख़
46964	▁एख्ति
46965	▁एन्कोडिंग
46966	▁एप्रैमी
46967	▁एबाल
46968	▁एबेदमेलेक
46969	▁एयरपोर्ट
46970	▁एहत
46971	▁ऑर्किड
46972	▁ओढ़
46973	▁ओपेन
46974	▁कंकड़
46975	▁कचो
46976	▁कतराएगा
46977	▁कमेंट
46978	▁कम्बख्तों
46979	▁करुणाशील
46980	▁कर्ण
46981	▁कलकत्ता
46982	▁कलिमे
46983	▁कल्पनाएँ
46984	▁क़त
46985	▁क़तरा
46986	▁क़दीम
46987	▁क़नात
46988	▁क़रीन
46989	▁क़लील
46990	▁क़ल्
46991	▁क़ह
46992	▁क़ात
46993	▁क़ाफ़॰
46994	▁क़ाबि
46995	▁क़ालीन
46996	▁क़िब्ती
46997	▁क़िब्ल
46998	▁क़ुछ
46999	▁क़ुन
47000	▁क़ौ
47001	▁कांग्रेस
47002	▁कारगुज़ार
47003	▁कार्यकर्ताओं
47004	▁किज्
47005	▁किनाराकश
47006	▁किनाराकशी
47007	▁किलिकिया
47008	▁कुटुम्बियों
47009	▁कुढ़े
47010	▁केटीटीएस
47011	▁कैटलॉग
47012	▁कॉपिय
47013	▁क्रब
47014	▁क्रीड़ा
47015	▁क्लाइन
47016	▁क्षारीय
47017	▁खजाने
47018	▁खजूरो
47019	▁खतम
47020	▁खरीदें
47021	▁ख़म
47022	▁ख़या
47023	▁ख़़ुश्क
47024	▁ख़ामयाजे
47025	▁ख़िलाफी
47026	▁ख़ुरज
47027	▁ख़ुल्ल
47028	▁ख़ू
47029	▁खाओं
47030	▁खुलेगा
47031	▁खूँरेज़
47032	▁ख्प्ताश
47033	▁ख्वा
47034	▁ख्वाहा
47035	▁गरजने
47036	▁गल्ले
47037	▁गशूर
47038	▁ग़रज
47039	▁ग़ाएब
47040	▁ग़ुल
47041	▁ग़ै
47042	▁ग़ैबी
47043	▁ग़ोता
47044	▁गाएँ
47045	▁गादी
47046	▁गिर्दो
47047	▁गुआटेमाला
47048	▁गुज़ारने
47049	▁गुमराहो
47050	▁गुलाब
47051	▁गोमेर
47052	▁ग्रामोफ
47053	▁ग्रेस
47054	▁घड़ने
47055	▁घरवालो
47056	▁घसीटेंगे
47057	▁चंद्र
47058	▁चखाएँगें
47059	▁चखेगे
47060	▁चखोगे
47061	▁चम्मच
47062	▁चरबिया
47063	▁चस्प
47064	▁चिंघा
47065	▁चिकने
47066	▁चीफ
47067	▁चुराया
47068	▁चूमने
47069	▁छिलके
47070	▁जल्दबाजी
47071	▁ज़करीया
47072	▁ज़द
47073	▁ज़ाहिद
47074	▁ज़ॆनोबीया
47075	▁ज़ेर
47076	▁ज़ोहर
47077	▁जाएगे
47078	▁जाएॅगे
47079	▁जामुनी
47080	▁जाहिलो
47081	▁जिन्होंन
47082	▁जिब्राल्टर
47083	▁जिया
47084	▁जुलकिफ
47085	▁जॉच
47086	▁झुठलाओग
47087	▁झुठलानेवाले
47088	▁झूठलानेवाल
47089	▁झोंपड़ियों
47090	▁टिकिया
47091	▁टुक
47092	▁टेस्टामेंट
47093	▁ट्यू
47094	▁ट्रांसफ़ॉर्म
47095	▁ठहराऊँ
47096	▁डंकी
47097	▁डण्ड
47098	▁डाँटा
47099	▁डांटा
47100	▁डालनेवाला
47101	▁डेब
47102	▁ड्रेग
47103	▁तख़्तो
47104	▁तख्
47105	▁तदबीरकर
47106	▁तरकारी
47107	▁तलबगार
47108	▁तल्लीन
47109	▁तवक्क
47110	▁तवक्क़
47111	▁तहक़ीक़
47112	▁तहीती
47113	▁ताख़ीर
47114	▁तिब्बत
47115	▁थकन
47116	▁थोपो
47117	▁दफनाने
47118	▁दबाना
47119	▁दिखलाएँ
47120	▁दिलाएँगे
47121	▁दुर्गा
47122	▁दोषारोपण
47123	▁धारियाँ
47124	▁नज़ारों
47125	▁नबो
47126	▁नमाज़ो
47127	▁नशीन
47128	▁नसरान
47129	▁नहीें
47130	▁नाजुक
47131	▁नाबीना
47132	▁निखारेगा
47133	▁निचोड़ेगे
47134	▁नियमावली
47135	▁निवृत
47136	▁नुक्ताचीन
47137	▁नेकीकार
47138	▁नौवीं
47139	▁न्यूक्लियस
47140	▁न्योता
47141	▁पंडुक
47142	▁पकडे
47143	▁पकाते
47144	▁पछताते
47145	▁पडेग़
47146	▁पढना
47147	▁पथभ्रष्टो
47148	▁परखें
47149	▁परगमन
47150	▁परहेज़गारो
47151	▁परिवर्तनशील
47152	▁पलटाया
47153	▁पलटोगे
47154	▁पहँचेगी
47155	▁पहचानकारक
47156	▁पहनता
47157	▁पहिए
47158	▁पहुँचेगे
47159	▁पहुंचता
47160	▁पाइ
47161	▁पाउलू
47162	▁पाखंड
47163	▁पिलानेहार
47164	▁पीटेंगे
47165	▁पीसना
47166	▁पुछल्ले
47167	▁पुनरु
47168	▁पूंछो
47169	▁पैट
47170	▁पॉच
47171	▁पोती
47172	▁पोलियो
47173	▁प्रतिमाएँ
47174	▁प्रतिलोम
47175	▁प्रभुओं
47176	▁प्रशंस
47177	▁प्रोक्सी
47178	▁प्रोजेक्शन
47179	▁प्रोटाक
47180	▁फँ
47181	▁फक़
47182	▁फरमाएग
47183	▁फरमाय
47184	▁फहम
47185	▁फ़रीक
47186	▁फ़ारसी
47187	▁फ़िरेग
47188	▁फ़िल्मों
47189	▁फाइन
47190	▁फिक्स
47191	▁फिक्स्ड
47192	▁फितन
47193	▁फेरेंगे
47194	▁फोर्स
47195	▁फ्लोटिंग
47196	▁बंगल
47197	▁बंगाली
47198	▁बंदो
47199	▁बग़ैरह
47200	▁बनाऊ
47201	▁बनूँगा
47202	▁बरसाएँ
47203	▁बर्जिल्लै
47204	▁बलव
47205	▁बशारत
47206	▁बहेलिय
47207	▁बाग़़
47208	▁बाना
47209	▁बाबुलीय
47210	▁बारबरा
47211	▁बिजल
47212	▁बिज्जू
47213	▁बिफर
47214	▁बिलखना
47215	▁बिस्मिल्ला
47216	▁बीतेगा
47217	▁बुतो
47218	▁बुर्ज़ग
47219	▁बुर्ज़ुगों
47220	▁बुर्जुग
47221	▁बुर्जुग़ों
47222	▁बुलूग
47223	▁बेअसर
47224	▁बेकस
47225	▁बेजाने
47226	▁बेलन
47227	▁बेसुध
47228	▁बेहश्ती
47229	▁बैंकों
47230	▁बैठाया
47231	▁बैतुलमुक़द्दस
47232	▁ब्रिटैनिका
47233	▁ब्ले
47234	▁ब्लॉब
47235	▁भड़काता
47236	▁भड़की
47237	▁भविष्यद्ववाण
47238	▁भाजक
47239	▁भिंच
47240	▁भिगो
47241	▁भुस
47242	▁भूटान
47243	▁भैरवा
47244	▁मंचर
47245	▁मख़लूक़
47246	▁मग़र
47247	▁मनभात
47248	▁मनोभाव
47249	▁मन्ना
47250	▁मरें
47251	▁मल्टीमीडिया
47252	▁मशव
47253	▁महनैम
47254	▁महाप्रतापी
47255	▁माअरफ़त
47256	▁मागँ
47257	▁माण
47258	▁मानेंगी
47259	▁मामलात
47260	▁मालूल
47261	▁मिथक
47262	▁मिल्लत
47263	▁मुख़लिस
47264	▁मुख़ालफ
47265	▁मुख़ालिफ
47266	▁मुख़ालिफ़
47267	▁मुज़तर
47268	▁मुजा
47269	▁मुटाव
47270	▁मुतम
47271	▁मुताफ
47272	▁मुती
47273	▁मुनाफ़िको
47274	▁मुनाफिक
47275	▁मुन्त
47276	▁मुन्ति
47277	▁मुफ़सिद
47278	▁मुबत
47279	▁मुबितला
47280	▁मुशरिको
47281	▁मुसम
47282	▁मृतजन
47283	▁मोअज़
47284	▁मोजिज़ा
47285	▁मोटार
47286	▁मोनोस्पेस
47287	▁मोमिनो
47288	▁मोहताजो
47289	▁मौजिज़
47290	▁याक़ू
47291	▁यील्ड
47292	▁योहान
47293	▁रक़ीम
47294	▁रफ्त
47295	▁रहूँगी
47296	▁राइन्द
47297	▁रिझान
47298	▁रीझ
47299	▁रुकू
47300	▁रुज
47301	▁रूबरा
47302	▁रूहुलक
47303	▁रूहें
47304	▁रेखाएँ
47305	▁रेडिकल
47306	▁रेपोसिटरीः
47307	▁रोएं
47308	▁रोटेशन
47309	▁लट
47310	▁लरज़
47311	▁लाएँगी
47312	▁लिपटी
47313	▁लिपिक
47314	▁लिल्लाह
47315	▁लूथरन
47316	▁लेटा
47317	▁लॉन
47318	▁लौटाओ
47319	▁वक़त
47320	▁वाक़य
47321	▁वाक़ेया
47322	▁विधिवत
47323	▁विषैली
47324	▁शरीको
47325	▁शायाँ
47326	▁शार
47327	▁शारोन
47328	▁शेव
47329	▁संन्यास
47330	▁संवेद
47331	▁सआदत
47332	▁सकोंगे
47333	▁सख़
47334	▁सज़द
47335	▁सबक़त
47336	▁समलिंगकामुकता
47337	▁समूहः
47338	▁सरगर
47339	▁सरग़ोश
47340	▁सरगिरद
47341	▁सरदारो
47342	▁सरदीस
47343	▁सराहनीय
47344	▁सलाखों
47345	▁सांकल
47346	▁साइबेस
47347	▁साझीदारो
47348	▁साबिई
47349	▁सामग्रियाँ
47350	▁सालिम
47351	▁सिक
47352	▁सिदर
47353	▁सियर
47354	▁सिरजा
47355	▁सीचे
47356	▁सीनीन
47357	▁सुड़क
47358	▁सुम
47359	▁सुस्वाद
47360	▁सृष्टा
47361	▁सैंट
47362	▁स्क्वेर
47363	▁स्पट्
47364	▁स्पष्टि
47365	▁स्पैरो
47366	▁स्वीकारते
47367	▁हँसे
47368	▁हकीक़
47369	▁हडड
47370	▁हडिडयाँ
47371	▁हफ़्तों
47372	▁हान्स
47373	▁हाबील
47374	▁हारिस
47375	▁हार्बर
47376	▁हिंद
47377	▁हिज्र
47378	▁हुकूक
47379	▁हेमान
47380	▁हौव्वा
47381	▁़ज़िब
47382	▁१९२२
47383	▁१९५९
47384	▁९८
47385	+1
47386	,800
47387	ANS
47388	Appoint
47389	Backup
47390	Better
47391	Column
47392	Declin
47393	Detect
47394	Dwell
47395	Evil
47396	Husbands
47397	Paul
47398	Rest
47399	SCREAMS
47400	SOURCE
47401	SY
47402	Slice
47403	Smiley
47404	THOUGH
47405	TeX
47406	Track
47407	UNICEF
47408	Unicode
47409	Variable
47410	abstain
47411	agari
47412	aiti
47413	annis
47414	arium
47415	beat
47416	bf
47417	capped
47418	centimeter
47419	determin
47420	discipline
47421	ered
47422	ername
47423	eyb
47424	held
47425	lawful
47426	lima
47427	muel
47428	nsert
47429	ourselves
47430	ova
47431	pamc
47432	popular
47433	reference
47434	russia
47435	satan
47436	simplified
47437	spiring
47438	stripping
47439	subjugated
47440	sudo
47441	timezone
47442	typing
47443	valent
47444	vast
47445	verburn
47446	ynchronizing
47447	yption
47448	č
47449	अभिवादन
47450	आज्ञा
47451	इलाज
47452	उम्मीद
47453	कोरियन
47454	खाली
47455	खिलाड़ी
47456	गड़ी
47457	ग्ध
47458	ग्रीक
47459	चिंत
47460	चैले
47461	छिप
47462	छुआ
47463	जंगल
47464	जरूरत
47465	ज़ॉन
47466	जेंड
47467	जॉन
47468	डिग
47469	थाई
47470	थ्रो
47471	देस
47472	दौड़
47473	नस्
47474	निशान
47475	पठनीय
47476	पाट
47477	पारम्परिक
47478	पैर
47479	फ़ील्ड
47480	फैक्ट
47481	बढ़िया
47482	बहकाए
47483	बाँ
47484	बाल्टिक
47485	मझौल
47486	मिना
47487	मोचन
47488	यनात
47489	रीआ
47490	वाफ
47491	विज
47492	विपत्ति
47493	विफलता
47494	वीपर
47495	वीसीडी
47496	वेज
47497	वॉल्ड
47498	शायर
47499	समयक्षेत्र
47500	समान
47501	सियो
47502	सीटी
47503	सूचियाँ
47504	स्करण
47505	स्पेल
47506	हाथी
47507	हाना
47508	हानि
47509	ाइयों
47510	ियाह
47511	ुस्त
47512	ूनिया
47513	ेबेल
47514	ैया
47515	्डिंग
47516	्बुल
47517	७५
47518	▁%%)
47519	▁0.8
47520	▁117
47521	▁2001-200
47522	▁Aboriginal
47523	▁Abstract
47524	▁Ahitub
47525	▁Alphonse
47526	▁Amariah
47527	▁Amminadab
47528	▁Anita
47529	▁Anonymously
47530	▁Avenger
47531	▁Cathari
47532	▁Centered
47533	▁Charge
47534	▁Checklist
47535	▁Clothe
47536	▁Cluster
47537	▁Colonel
47538	▁Compass
47539	▁Compiler
47540	▁Construction
47541	▁Corrupt
47542	▁DESIGNED
47543	▁Debir
47544	▁Deceiver
47545	▁Decoding
47546	▁Dependencies
47547	▁Deserv
47548	▁Diligent
47549	▁Discouragement
47550	▁Discovery
47551	▁Div
47552	▁Duke
47553	▁Economist
47554	▁Emil
47555	▁Erika
47556	▁Ernest
47557	▁Extent
47558	▁Fancy
47559	▁Flickr
47560	▁GID
47561	▁Gcalctool
47562	▁Gentlemen
47563	▁Gershom
47564	▁Gj
47565	▁Guadeloupe
47566	▁Guest
47567	▁Haas
47568	▁Hadadezer
47569	▁Herzegovina
47570	▁Hiccup
47571	▁Hiro
47572	▁Hom
47573	▁Horon
47574	▁Huge
47575	▁Humbly
47576	▁INDIA
47577	▁Iddo
47578	▁Interlinear
47579	▁Jaffers
47580	▁Jamie
47581	▁Jealousy
47582	▁Jochebed
47583	▁Kedar
47584	▁Khal
47585	▁Knowledgeable
47586	▁Kyrgyzstan
47587	▁Ladder
47588	▁Lauren
47589	▁Lavender
47590	▁Leu
47591	▁Levitical
47592	▁Lithuanian
47593	▁Liz
47594	▁Lying
47595	▁Manchester
47596	▁Marino
47597	▁Melito
47598	▁Naples
47599	▁Neighbour
47600	▁Niko
47601	▁Olson
47602	▁Parable
47603	▁Parliament
47604	▁Paused
47605	▁Persis
47606	▁Pilgrim
47607	▁Pity
47608	▁Protestantism
47609	▁Proud
47610	▁Quest
47611	▁Quiet
47612	▁RADIO
47613	▁REV
47614	▁Ramon
47615	▁Reduced
47616	▁Rehob
47617	▁Represent
47618	▁Restored
47619	▁Rewarded
47620	▁SCREECHING
47621	▁Sabeans
47622	▁Sanctify
47623	▁Secular
47624	▁Seoul
47625	▁Sharpen
47626	▁Shin
47627	▁Shirley
47628	▁Singleness
47629	▁Slid
47630	▁Slider
47631	▁Solved
47632	▁Sometime
47633	▁Species
47634	▁Spirituality
47635	▁Steadfast
47636	▁Talu
47637	▁Temptation
47638	▁Tie
47639	▁Tokelau
47640	▁Toscano
47641	▁Variant
47642	▁Via
47643	▁WHERE
47644	▁Whereupon
47645	▁Zophar
47646	▁[150
47647	▁abdomen
47648	▁acquitted
47649	▁activation
47650	▁amaze
47651	▁ambassador
47652	▁analogy
47653	▁appraisal
47654	▁approveth
47655	▁architectur
47656	▁atheistic
47657	▁aunty
47658	▁balsam
47659	▁beaming
47660	▁brase
47661	▁brilliance
47662	▁brood
47663	▁carcasses
47664	▁celebrities
47665	▁chaotic
47666	▁chapiter
47667	▁checklist
47668	▁cherry
47669	▁chore
47670	▁clarifie
47671	▁cocoon
47672	▁consoling
47673	▁courtroom
47674	▁creativity
47675	▁criticizing
47676	▁crusade
47677	▁definitive
47678	▁deforestation
47679	▁diary
47680	▁discontinued
47681	▁disdained
47682	▁disrupted
47683	▁doorkeeper
47684	▁dude
47685	▁elapsed
47686	▁enchanter
47687	▁escalating
47688	▁esp
47689	▁exertion
47690	▁fatness
47691	▁firearm
47692	▁fisherman
47693	▁flaunt
47694	▁fleece
47695	▁flint
47696	▁flo
47697	▁furrow
47698	▁gladiator
47699	▁hack
47700	▁hardhearted
47701	▁herded
47702	▁hinge
47703	▁illegally
47704	▁imaginable
47705	▁industries
47706	▁inequality
47707	▁infallible
47708	▁inspected
47709	▁instinctive
47710	▁institut
47711	▁integrit
47712	▁intermediate
47713	▁jackals
47714	▁launches
47715	▁lessened
47716	▁loll
47717	▁mahout
47718	▁manipulated
47719	▁marginal
47720	▁marsh
47721	▁mast
47722	▁meticulous
47723	▁narrated
47724	▁newlyweds
47725	▁nonpriest
47726	▁notebook
47727	▁obstinately
47728	▁organic
47729	▁peacock
47730	▁peninsula
47731	▁permanence
47732	▁perplexing
47733	▁perversion
47734	▁poisoned
47735	▁postponing
47736	▁posture
47737	▁preset
47738	▁pronoun
47739	▁propel
47740	▁rattl
47741	▁receptacle
47742	▁reexamine
47743	▁relentlessly
47744	▁renounc
47745	▁repulse
47746	▁requiting
47747	▁resignation
47748	▁ridden
47749	▁rumbling
47750	▁shitti
47751	▁shortest
47752	▁signet
47753	▁silenced
47754	▁skepticism
47755	▁sparkling
47756	▁spontaneously
47757	▁stairway
47758	▁stewardship
47759	▁strap
47760	▁subdir
47761	▁sudoku
47762	▁suspense
47763	▁swerving
47764	▁talented
47765	▁tamarisk
47766	▁tame
47767	▁tennis
47768	▁topped
47769	▁unceasing
47770	▁unchanged
47771	▁undermin
47772	▁unpredictable
47773	▁unrecognised
47774	▁unrolled
47775	▁unselects
47776	▁unsuspecting
47777	▁velocity
47778	▁wavered
47779	▁wealthier
47780	▁whereabouts
47781	▁whitened
47782	▁winnow
47783	▁worksheet
47784	▁wrist
47785	▁zoo
47786	▁अंकगणित
47787	▁अंकगणितीय
47788	▁अंतरंग
47789	▁अतुलनीय
47790	▁अनावृत
47791	▁अपस्वार्थी
47792	▁अर्ली
47793	▁अलेक्जेंडर
47794	▁अवास्तविक
47795	▁असंक्र
47796	▁असाइन
47797	▁आंटी
47798	▁आइये
47799	▁आचार
47800	▁आत्माएँ
47801	▁आरएसआईब्रेक
47802	▁आह्वान
47803	▁इटालिक
47804	▁इतमीनान
47805	▁उँडेला
47806	▁उतरेंगे
47807	▁उद्धारक
47808	▁उपजात
47809	▁उपरान्त
47810	▁ऎड
47811	▁एदेन
47812	▁एनु
47813	▁एन्ट्री
47814	▁एलियन
47815	▁एल्जियम
47816	▁कछुए
47817	▁करवाई
47818	▁कराके
47819	▁कलंकित
47820	▁कातिल
47821	▁कालिब
47822	▁किरमिजी
47823	▁किवाड़ों
47824	▁कुर्सिय
47825	▁क्रिस्टोफ
47826	▁क्षतिपूर्
47827	▁खर्रा
47828	▁ख़ताकार
47829	▁खाऊंगा
47830	▁खोदने
47831	▁गह
47832	▁गालियाँ
47833	▁गुएना
47834	▁गूंज
47835	▁गूंथ
47836	▁गेबा
47837	▁ग्रू
47838	▁घटाओं
47839	▁चक्
47840	▁चटकील
47841	▁चटान
47842	▁चिल्लाए
47843	▁चिल्लाओ
47844	▁चुटक
47845	▁चुभता
47846	▁चौब
47847	▁जगाता
47848	▁ज़ाय
47849	▁ज़िद्द
47850	▁जागे
47851	▁जिंग
47852	▁जिक्र
47853	▁जिल्द
47854	▁जीतकर
47855	▁जेकब
47856	▁जॉब
47857	▁टब
47858	▁टाइगर
47859	▁टॆक
47860	▁टॆस्ट
47861	▁टेम्प
47862	▁ठहरूं
47863	▁डगमगाया
47864	▁डिफॉल्ट
47865	▁डीसीसी
47866	▁ढ़ेर
47867	▁ढोनेवाले
47868	▁तपेदिक
47869	▁ताकने
47870	▁तिरछा
47871	▁तोराह
47872	▁थपेड़
47873	▁थिएटर
47874	▁दागोन
47875	▁दासियां
47876	▁दृश्यमय
47877	▁धमनियों
47878	▁धरें
47879	▁धर्मपरायण
47880	▁नज़रबंद
47881	▁नतनेल
47882	▁नातीपोत
47883	▁निषेच
47884	▁निषेध
47885	▁पंज
47886	▁पड़नेवाला
47887	▁परंपरागत
47888	▁पसलियों
47889	▁पहलौठा
47890	▁पाथ
47891	▁पासफ्रेस
47892	▁पूर्वबतला
47893	▁पेरी
47894	▁पॉलीग्ल
47895	▁प्रतिकार
47896	▁प्रथमाक्षर
47897	▁फंड
47898	▁फर्डीन
47899	▁फ़िद्
47900	▁फ़ीड्स
47901	▁फिट्ज़पैट्रिक
47902	▁फूँकने
47903	▁फैलना
47904	▁फैलाऊंगा
47905	▁फ्रि
47906	▁फ्रिज
47907	▁फ्लोरिडा
47908	▁बताऊँगा
47909	▁बन्दूक
47910	▁बन्धुव
47911	▁बरग
47912	▁बहुवचन
47913	▁बिकती
47914	▁बिगाड़ने
47915	▁बिलदद
47916	▁बुझी
47917	▁बेमतलब
47918	▁बेवकूफों
47919	▁बैकें
47920	▁बैप्टिस्ट
47921	▁ब्यौर
47922	▁ब्रो
47923	▁भटकना
47924	▁भुईंडोल
47925	▁भ्रामक
47926	▁मक्
47927	▁मलमल
47928	▁मारीआ
47929	▁मिनिस्ट्र
47930	▁मीरा
47931	▁मुक़दमे
47932	▁मुरद
47933	▁मेक्सिक
47934	▁मेट्रिक
47935	▁मैले
47936	▁मोर्चा
47937	▁म्यूज़िक
47938	▁यदायाह
47939	▁यहोयाकीन
47940	▁यूके
47941	▁यूट्यूब
47942	▁योनादाब
47943	▁रिकर्सिव
47944	▁रीप्लेस
47945	▁रूके
47946	▁रूखे
47947	▁रूपांतर
47948	▁रेम
47949	▁रोजर
47950	▁रोज़ो
47951	▁लगलग
47952	▁लिखेगी
47953	▁लिट
47954	▁लूइस
47955	▁लूटे
47956	▁लैडर
47957	▁लोकप्रियता
47958	▁वाइप
47959	▁वास्तुकला
47960	▁वाही
47961	▁विद
47962	▁विराजनेवाले
47963	▁विल्सन
47964	▁विसम
47965	▁वेलग्रिंड
47966	▁शयन
47967	▁शिकागो
47968	▁शेत
47969	▁शौकीन
47970	▁श्राप
47971	▁श्वास
47972	▁संख्यात्मक
47973	▁सड़ा
47974	▁समंजन
47975	▁समझाएँ
47976	▁समझौत
47977	▁समुच
47978	▁सहानुभूतिशील
47979	▁सामी
47980	▁सिख
47981	▁सिरहान
47982	▁सीखती
47983	▁सीजे
47984	▁सुधारता
47985	▁सेंट्रल
47986	▁सेंडमेल
47987	▁सेलफोन
47988	▁सेविंग
47989	▁स्नायु
47990	▁स्वाजीलैंड
47991	▁हँसमुख
47992	▁हाना
47993	▁हॅ
47994	▁होंडुरास
47995	▁१९५२
47996	▁६२
47997	▁६८
47998	42
47999	Breakpoints
48000	COM
48001	CONFI
48002	CONFIG
48003	Case
48004	Cursed
48005	DGET
48006	Epiphany
48007	FMS
48008	Fie
48009	HIP
48010	HOL
48011	HOSE
48012	Implementation
48013	Jonah
48014	Knowledge
48015	Living
48016	Merciful
48017	Migrate
48018	NOTICE
48019	Optional
48020	PHONE
48021	Package
48022	PyGTK
48023	Python
48024	RX
48025	Real
48026	Really
48027	Resume
48028	SSIAN
48029	Shown
48030	Suggest
48031	Telephony
48032	Tile
48033	Tip
48034	UIN
48035	Widget
48036	Word
48037	`%
48038	ackground
48039	aise
48040	animation
48041	auth
48042	blessed
48043	brew
48044	ccept
48045	cj
48046	deprecated
48047	die
48048	embracing
48049	estament
48050	eutsche
48051	footed
48052	fornication
48053	frame
48054	freedom
48055	frequent
48056	gger
48057	guarded
48058	incomprehensible
48059	informed
48060	interest
48061	junk
48062	latter
48063	looking
48064	lugins
48065	material
48066	mponent
48067	mpty
48068	ohn
48069	ombi
48070	oolishness
48071	pascals
48072	phni
48073	pserver
48074	recorded
48075	restraint
48076	rica
48077	sighted
48078	silence
48079	status
48080	uku
48081	ulia
48082	urope
48083	xterm
48084	zier
48085	zilla
48086	ʽ
48087	ंबिक
48088	ंबिया
48089	अधिकांश
48090	अनसेट
48091	आंख
48092	आनन्दित
48093	इंडो
48094	इफा
48095	उत्
48096	ऋ
48097	एकबार
48098	कचरा
48099	कमीनीयस
48100	कारने
48101	कोप
48102	गढ़
48103	गर्जनेवाल
48104	गला
48105	चपैड
48106	चेलों
48107	छल
48108	छाया
48109	जोड़ें
48110	टबुक
48111	टॆड
48112	डॆस
48113	डेका
48114	ढूंढ
48115	तस्राव
48116	दियाँ
48117	धातु
48118	धार्मिक
48119	पदावनत
48120	पहिले
48121	पिछली
48122	प्रवृत
48123	फ़ोल
48124	बिन्दु
48125	ब्बो
48126	भाग्य
48127	भीड़
48128	मखम
48129	माणपत्र
48130	मुदा
48131	मून
48132	मोरॉ
48133	मोह
48134	याजक
48135	रक्
48136	रक्षित
48137	रस्स
48138	राना
48139	रिना
48140	रूष
48141	रोपा
48142	र्घ
48143	लिख
48144	लेटिव
48145	ल्फ़ा
48146	वधू
48147	संभवतः
48148	सचेत
48149	सांत्वना
48150	सिसक
48151	सोचने
48152	हमार
48153	हस्तमैथुन
48154	हार्ड
48155	ायें
48156	िंदा
48157	िज़्म
48158	िफिकेशन
48159	िशियन
48160	ैरे
48161	ैश्
48162	ोर्सेज़
48163	ोल्ड
48164	्याकुल
48165	०४
48166	०५
48167	३६
48168	७८
48169	▁%{
48170	▁(%3)
48171	▁(*)
48172	▁1,0
48173	▁1912
48174	▁2000-200
48175	▁24,000
48176	▁Abinadab
48177	▁Acce
48178	▁Advancement
48179	▁Algeria
48180	▁Amoz
48181	▁Amsterdam
48182	▁Antilles
48183	▁Antwerp
48184	▁Appeal
48185	▁Barbuda
48186	▁Ber
48187	▁Bhairava
48188	▁Bonus
48189	▁Boundary
48190	▁COLUMN
48191	▁Centred
48192	▁Chemosh
48193	▁Christoph
48194	▁Cleitus
48195	▁Collect
48196	▁Community
48197	▁Conqueror
48198	▁Czechoslovakia
48199	▁DEST
48200	▁Daisy
48201	▁Darren
48202	▁Definitely
48203	▁Derbe
48204	▁Drinking
48205	▁Dwelling
48206	▁Earthquake
48207	▁Elaine
48208	▁Embedd
48209	▁Encompass
48210	▁Encouraged
48211	▁Encr
48212	▁Encry
48213	▁Encyclopaedia
48214	▁Ephron
48215	▁Estimate
48216	▁Estonian
48217	▁Expander
48218	▁FAQ
48219	▁FIFO
48220	▁Fulfilling
48221	▁Gateway
48222	▁Glossy
48223	▁Gratitude
48224	▁Inheritor
48225	▁Jang
48226	▁Jedaiah
48227	▁Jerubbaal
48228	▁Jewry
48229	▁Jezreelite
48230	▁Joah
48231	▁Justification
48232	▁KDED
48233	▁KFileReplace
48234	▁Khmer
48235	▁Kile
48236	▁Kla
48237	▁Laughing
48238	▁Leviathan
48239	▁Lira
48240	▁Logging
48241	▁Lucas
48242	▁MPlayer
48243	▁Manat
48244	▁Manuscript
48245	▁Messiahship
48246	▁Midianite
48247	▁Modulus
48248	▁Muf
48249	▁Mutual
48250	▁Nebo
48251	▁Needless
48252	▁Nelson
48253	▁OFF
48254	▁Oogway
48255	▁Particle
48256	▁Pelopon
48257	▁Peninsula
48258	▁Populat
48259	▁PowerDevil
48260	▁Prepared
48261	▁Profit
48262	▁Propaganda
48263	▁Prostrate
48264	▁Repositories
48265	▁Ruh
48266	▁SHORT
48267	▁Salem
48268	▁Sanctuary
48269	▁Saxon
48270	▁Slay
48271	▁Slovak
48272	▁Soldier
48273	▁Sorter
48274	▁Stephanas
48275	▁Sunshine
48276	▁Sydlik
48277	▁Timestamp
48278	▁Tiny
48279	▁Tremendous
48280	▁Tribune
48281	▁Trinitarian
48282	▁TrueType
48283	▁Upright
48284	▁VIII
48285	▁VNC
48286	▁Validator
48287	▁Vashti
48288	▁Viet
48289	▁Volunteer
48290	▁Whirl
48291	▁Zen
48292	▁Zeroconf
48293	▁admiring
48294	▁adulteries
48295	▁advocat
48296	▁afterlife
48297	▁allergy
48298	▁apostleship
48299	▁arsenal
48300	▁assassination
48301	▁augur
48302	▁balm
48303	▁beads
48304	▁boisterous
48305	▁breakthrough
48306	▁buffet
48307	▁calibration
48308	▁caliph
48309	▁cardio
48310	▁comma
48311	▁compensated
48312	▁connectivity
48313	▁constricted
48314	▁contender
48315	▁coveted
48316	▁crimson
48317	▁crosswalk
48318	▁crutch
48319	▁cushion
48320	▁dazzled
48321	▁defie
48322	▁deposited
48323	▁deviators
48324	▁dictatorship
48325	▁dimension
48326	▁disembark
48327	▁disguised
48328	▁dishearten
48329	▁dispossess
48330	▁disquiet
48331	▁dwarf
48332	▁easiest
48333	▁educator
48334	▁evacuated
48335	▁evict
48336	▁excerpt
48337	▁expectant
48338	▁exterior
48339	▁ferry
48340	▁fester
48341	▁flavour
48342	▁forewarn
48343	▁freeze
48344	▁guitar
48345	▁gulp
48346	▁hare
48347	▁hatched
48348	▁horrified
48349	▁hound
48350	▁intentioned
48351	▁intercept
48352	▁investigated
48353	▁investigator
48354	▁javelin
48355	▁junction
48356	▁junior
48357	▁ledge
48358	▁malign
48359	▁martyred
48360	▁menial
48361	▁merged
48362	▁mildly
48363	▁misconceptions
48364	▁motto
48365	▁mow
48366	▁nagging
48367	▁neatly
48368	▁nighttime
48369	▁nudge
48370	▁objectionable
48371	▁parasite
48372	▁parishioners
48373	▁parliament
48374	▁peasant
48375	▁ploy
48376	▁politely
48377	▁pork
48378	▁poultry
48379	▁precept
48380	▁preferr
48381	▁pretense
48382	▁progresses
48383	▁propagat
48384	▁publicized
48385	▁puppet
48386	▁quaking
48387	▁ravenous
48388	▁reapers
48389	▁reappear
48390	▁recreat
48391	▁refiner
48392	▁reprisal
48393	▁repudiat
48394	▁rescu
48395	▁rib
48396	▁sanitary
48397	▁sauce
48398	▁saviour
48399	▁scrupulous
48400	▁seclude
48401	▁sel
48402	▁semicolon
48403	▁sequ
48404	▁sheaves
48405	▁shipment
48406	▁slothful
48407	▁spann
48408	▁stubbornness
48409	▁subfolder
48410	▁swap
48411	▁sweetness
48412	▁tele
48413	▁treasuring
48414	▁underwater
48415	▁unfaithfully
48416	▁unfolding
48417	▁unforgiving
48418	▁uploading
48419	▁uprising
48420	▁veer
48421	▁veteran
48422	▁volatile
48423	▁vomiting
48424	▁warehouse
48425	▁wartime
48426	▁webpage
48427	▁wedge
48428	▁wxWidgets
48429	▁yakuza
48430	▁अंतःस्थापित
48431	▁अचल
48432	▁अतिशयोक्
48433	▁अनुत्तर
48434	▁अप्प
48435	▁अबीनादाब
48436	▁अलियास
48437	▁अवमानना
48438	▁अहसास
48439	▁अहीतूब
48440	▁अहीमास
48441	▁आंद्रेय
48442	▁आइसोटोप
48443	▁आईआरसी
48444	▁आईओ
48445	▁आतंकवादियों
48446	▁इकाईयाँ
48447	▁इद्दॊ
48448	▁ईवा
48449	▁उगनेवाल
48450	▁उगाने
48451	▁उपकरणः
48452	▁उफनत
48453	▁ऊगवे
48454	▁ऊबड़
48455	▁ऊस
48456	▁एडॉप्टर
48457	▁ऑक्ज़
48458	▁ओज
48459	▁कम्पास
48460	▁कारेह
48461	▁किसलिए
48462	▁कॉम्बीनेशन
48463	▁कॉर्डल
48464	▁कॉर्प
48465	▁क्यु
48466	▁क्लीवलैंड
48467	▁क्षुद्र
48468	▁खड़
48469	▁खप
48470	▁खामी
48471	▁खिच
48472	▁खोकर
48473	▁गँवाया
48474	▁गंवा
48475	▁गलियारा
48476	▁गीला
48477	▁गूदे
48478	▁गृहस्वामी
48479	▁ग्रेन
48480	▁चहल
48481	▁चाड
48482	▁चिंतन
48483	▁चिड़चिड़ा
48484	▁चुकायी
48485	▁चूज़
48486	▁चूल्ह
48487	▁चॅ
48488	▁चेचक
48489	▁छड़ें
48490	▁छाल
48491	▁छि
48492	▁छिपाना
48493	▁जांचसूची
48494	▁जीप
48495	▁जेक
48496	▁जेलखाने
48497	▁टपकत
48498	▁टहलुए
48499	▁टाउन
48500	▁टॆ
48501	▁टैम्पलेट
48502	▁टोब
48503	▁ट्रूबाडोर
48504	▁डगर
48505	▁डाइस
48506	▁डाट
48507	▁डिकोडिंग
48508	▁डिट
48509	▁डिफ़ॉल्ट्स
48510	▁डीन
48511	▁डेट
48512	▁डॉर
48513	▁ड्रिंक
48514	▁ढांपे
48515	▁तजुर्बेकार
48516	▁तानाशाही
48517	▁तारीख़ः
48518	▁तिर्सा
48519	▁थैल
48520	▁थोपने
48521	▁थ्रेसहोल्ड
48522	▁दिखाएंगे
48523	▁दिखायीं
48524	▁दुकानें
48525	▁देहलीज
48526	▁दोषमुक्
48527	▁धब्बा
48528	▁धरेंगे
48529	▁नज़रबन्द
48530	▁नाकारा
48531	▁नाचते
48532	▁निष्ठुर
48533	▁नीन्यो
48534	▁नॉइ
48535	▁पकड
48536	▁पछताना
48537	▁पत्निया
48538	▁पहचानती
48539	▁पाताल
48540	▁पिक्सल्स
48541	▁पीएस
48542	▁पूव
48543	▁पोर्टो
48544	▁प्राथमिकताः
48545	▁प्लेटफ़ॉर्म
48546	▁प्लैटीपस
48547	▁फड़फड़ा
48548	▁फ़ायद
48549	▁फीफो
48550	▁फूंकी
48551	▁फॅक्टर
48552	▁बंधुवा
48553	▁बटोरते
48554	▁बनाऊँगा
48555	▁बर्फील
48556	▁बहादुरी
48557	▁बाँह
48558	▁बैपटिस्ट
48559	▁ब्राईस
48560	▁भुल
48561	▁भौंह
48562	▁भौतिकवाद
48563	▁मंश
48564	▁मगरूर
48565	▁मछुवार
48566	▁मनबहलाव
48567	▁मम्म
48568	▁मरु
48569	▁महोदया
48570	▁माइक्रोनेशिया
48571	▁माकारयॉस
48572	▁मिटाओ
48573	▁मिस्सा
48574	▁मुकद्दम
48575	▁मुड़े
48576	▁मुनाफ़े
48577	▁मॅ
48578	▁मैचिंग
48579	▁यंत्रणा
48580	▁यरूब्बाल
48581	▁यहूदीवाद
48582	▁यूआ
48583	▁रचनेवाले
48584	▁रिज
48585	▁रिफ्रेश
48586	▁रूढ़िवादी
48587	▁रेह
48588	▁लंगड़ों
48589	▁लगूं
48590	▁लाशें
48591	▁लिथु
48592	▁लूक
48593	▁लेखांश
48594	▁लोअर
48595	▁लौली
48596	▁विकिपीडिया
48597	▁विधुर
48598	▁विनीत
48599	▁विली
48600	▁शूर
48601	▁शॆ
48602	▁शॉवर
48603	▁संगीन
48604	▁संपुष्ट
48605	▁समंक
48606	▁समाते
48607	▁समूच
48608	▁सिकलग
48609	▁सिखाएँगे
48610	▁सुधरे
48611	▁सुलभ
48612	▁सूज
48613	▁सेमिनार
48614	▁सेराफिम
48615	▁सैलाब
48616	▁सोबा
48617	▁स्टेकर
48618	▁स्त्रि
48619	▁हई
48620	▁हथेलिय
48621	▁हरकतें
48622	▁हाइलाइटिंग
48623	▁हिचक
48624	▁हिलना
48625	▁हुइ
48626	▁हुक़
48627	▁होऊँगा
48628	▁१९५५
48629	1.8
48630	ALS
48631	Advertise
48632	Appearance
48633	CORDING
48634	Compile
48635	Condition
48636	Deaden
48637	Depart
48638	ENGINE
48639	Effects
48640	FIRST
48641	Five
48642	Grant
48643	Gray
48644	HOR
48645	Indent
48646	Inherit
48647	KILL
48648	Lazarus
48649	Logout
48650	Muslim
48651	OOP
48652	Owner
48653	PX
48654	Peter
48655	Prioritize
48656	Rabbi
48657	Raise
48658	Revelation
48659	Sanctify
48660	Seven
48661	Subversion
48662	Tick
48663	Unto
48664	Usage
48665	alternative
48666	arb
48667	axe
48668	black
48669	buy
48670	cert
48671	channel
48672	comment
48673	conscious
48674	detection
48675	different
48676	duration
48677	ead
48678	either
48679	ely
48680	feed
48681	forbearing
48682	further
48683	gdb
48684	govern
48685	guy
48686	highlight
48687	hose
48688	hwa
48689	ication
48690	kilogramme
48691	lendar
48692	letti
48693	literally
48694	nately
48695	newer
48696	ometer
48697	onospace
48698	ordained
48699	oriented
48700	ovin
48701	pledging
48702	practice
48703	register
48704	respective
48705	resurrection
48706	rmalization
48707	service
48708	split
48709	surgence
48710	tream
48711	ukk
48712	unhid
48713	urce
48714	weden
48715	wonderful
48716	à
48717	ंटीमीटर
48718	अगापे
48719	अपराध
48720	अवधि
48721	अस्पष्ट
48722	उंगा
48723	कब्र
48724	क़ानून
48725	केल्क
48726	कैद
48727	कैम
48728	गरीब
48729	ग्रंथ
48730	चारियों
48731	चाहिए
48732	चिन्ता
48733	चौकस
48734	छुपा
48735	जन्मदिन
48736	ज़बरदस्त
48737	जाएगा
48738	जानेमन
48739	जीवी
48740	जुर
48741	जेन
48742	ड्यूल
48743	तटीय
48744	तरीन
48745	तारा
48746	दरअसल
48747	दस्तावेज़
48748	दिशा
48749	दुःख
48750	दृश्य
48751	धूलि
48752	निम्
48753	प्रभुता
48754	प्राप्य
48755	प्रिया
48756	प्रीम
48757	प्रोन
48758	फास्ट
48759	भयानक
48760	रनल
48761	रूह
48762	रॉट
48763	रोते
48764	लाकि
48765	लिखने
48766	लैब
48767	लोकेशन
48768	ल्बर्ट
48769	वाएगा
48770	व्यापी
48771	व्याप्त
48772	सदन
48773	सर्वव्यापी
48774	सहज
48775	सेक
48776	सेकण्ड
48777	सेक्स
48778	सोना
48779	स्टेट
48780	स्टेड
48781	स्वीकरण
48782	होने
48783	ह्वा
48784	ात्सी
48785	ाध्यक्ष
48786	िअस
48787	िणी
48788	्लोट
48789	०३
48790	▁----
48791	▁129
48792	▁1921
48793	▁2.2
48794	▁AUSTRALIA
48795	▁Adoni
48796	▁Advice
48797	▁Agriculture
48798	▁Analyzer
48799	▁Anguilla
48800	▁Ariel
48801	▁Ashley
48802	▁Auschwitz
48803	▁BRITAIN
48804	▁Babette
48805	▁Beatty
48806	▁Beginner
48807	▁Bernd
48808	▁Bhutan
48809	▁Bishop
48810	▁Bud
48811	▁CP
48812	▁Catalan
48813	▁Categor
48814	▁Charlie
48815	▁Cite
48816	▁Claus
48817	▁Clay
48818	▁Concord
48819	▁Confident
48820	▁Darussalam
48821	▁Deadly
48822	▁Defeated
48823	▁Desc
48824	▁Distinct
48825	▁EVEN
48826	▁Edna
48827	▁Embrace
48828	▁Ethan
48829	▁Expos
48830	▁Extend
48831	▁Faroe
48832	▁Fig
48833	▁Fresh
48834	▁Frozen
48835	▁GLib
48836	▁Gatekeeper
48837	▁Gilboa
48838	▁Grandma
48839	▁Grew
48840	▁Hamor
48841	▁Hanun
48842	▁Hasmonaean
48843	▁Haus
48844	▁Honorable
48845	▁Hoshea
48846	▁Hyperlink
48847	▁IUD
48848	▁Iceland
48849	▁Ideas
48850	▁Ignorance
48851	▁Jai
48852	▁Josef
48853	▁KChart
48854	▁Kareah
48855	▁Kedesh
48856	▁Kerala
48857	▁Kipi
48858	▁Kiss
48859	▁Kristin
48860	▁Kyoto
48861	▁Libyan
48862	▁Lysias
48863	▁Mahli
48864	▁Makka
48865	▁Melbourne
48866	▁Methodius
48867	▁Motty
48868	▁NEED
48869	▁Navigator
48870	▁Occasion
48871	▁Olga
48872	▁Overcom
48873	▁PARTI
48874	▁PET
48875	▁POWER
48876	▁Palace
48877	▁Petra
48878	▁Philippine
48879	▁Physic
48880	▁Politics
48881	▁Polon
48882	▁Preacher
48883	▁Rank
48884	▁Rear
48885	▁Reuel
48886	▁Sally
48887	▁Sanballat
48888	▁Scottish
48889	▁Scream
48890	▁Sell
48891	▁Shinar
48892	▁Shine
48893	▁Sixteen
48894	▁Speaker
48895	▁Spellcheck
48896	▁Stockholm
48897	▁Struct
48898	▁Supper
48899	▁Taj
48900	▁Theocracy
48901	▁Tint
48902	▁Unbelief
48903	▁Unhappily
48904	▁Uphold
48905	▁Violen
48906	▁WELL
48907	▁Wallace
48908	▁Wallis
48909	▁Wendy
48910	▁Wilhelm
48911	▁Wrapped
48912	▁Zeph
48913	▁Zoar
48914	▁aeons
48915	▁aimlessly
48916	▁alphabetically
48917	▁anesthetic
48918	▁anxiously
48919	▁applaud
48920	▁arri
48921	▁ascetic
48922	▁augury
48923	▁barbarian
48924	▁blurred
48925	▁boredom
48926	▁bragging
48927	▁capsule
48928	▁chemist
48929	▁choir
48930	▁chord
48931	▁circus
48932	▁clapping
48933	▁clasp
48934	▁concede
48935	▁conspiring
48936	▁contributor
48937	▁convulsion
48938	▁corrosi
48939	▁crouching
48940	▁customarily
48941	▁cynical
48942	▁deacon
48943	▁delicacies
48944	▁depiction
48945	▁depravity
48946	▁depreciate
48947	▁disarmament
48948	▁disguise
48949	▁disprove
48950	▁doorbell
48951	▁drowsy
48952	▁efficiently
48953	▁embolden
48954	▁emissaries
48955	▁enacted
48956	▁enslave
48957	▁enterprise
48958	▁epic
48959	▁equ
48960	▁excruciating
48961	▁extremist
48962	▁fellowmen
48963	▁fervor
48964	▁financed
48965	▁glucose
48966	▁gnashing
48967	▁grapevines
48968	▁homicide
48969	▁hospitalized
48970	▁hugge
48971	▁hydro
48972	▁ideology
48973	▁illegitimate
48974	▁illuminated
48975	▁illustrating
48976	▁immaculate
48977	▁immensely
48978	▁immigrate
48979	▁impartially
48980	▁impunity
48981	▁incredibly
48982	▁inducing
48983	▁ingenious
48984	▁invigorate
48985	▁invincible
48986	▁inviolable
48987	▁ironic
48988	▁irresponsible
48989	▁kisses
48990	▁knives
48991	▁laboured
48992	▁literate
48993	▁maladies
48994	▁manufactured
48995	▁maraud
48996	▁max
48997	▁migrant
48998	▁misjudg
48999	▁misused
49000	▁municipal
49001	▁mutant
49002	▁observable
49003	▁obsolete
49004	▁odious
49005	▁overindulgence
49006	▁palsy
49007	▁peacemaker
49008	▁perplexity
49009	▁petitioned
49010	▁picnic
49011	▁platypus
49012	▁pollinat
49013	▁portrayal
49014	▁pounded
49015	▁privily
49016	▁privy
49017	▁productivity
49018	▁profanity
49019	▁proficient
49020	▁proliferation
49021	▁protested
49022	▁prototype
49023	▁ravine
49024	▁refreshes
49025	▁refrigerator
49026	▁regularity
49027	▁repayment
49028	▁restitution
49029	▁rewrite
49030	▁runway
49031	▁sanctifie
49032	▁scav
49033	▁scoop
49034	▁scrub
49035	▁seaport
49036	▁seasonal
49037	▁sizable
49038	▁skilful
49039	▁slipping
49040	▁smiteth
49041	▁straiten
49042	▁substitut
49043	▁surg
49044	▁syllable
49045	▁testator
49046	▁throes
49047	▁tireless
49048	▁toddler
49049	▁transferring
49050	▁transfus
49051	▁trifling
49052	▁trough
49053	▁tumble
49054	▁turban
49055	▁undivided
49056	▁unequal
49057	▁unjustified
49058	▁unloved
49059	▁untie
49060	▁unyielding
49061	▁uplift
49062	▁vastness
49063	▁vindictive
49064	▁vitality
49065	▁whim
49066	▁yelling
49067	▁अंगरखा
49068	▁अंतड़ियों
49069	▁अंताकिया
49070	▁अकादमी
49071	▁अक्खड़
49072	▁अखिल
49073	▁अग्रिम
49074	▁अजूबा
49075	▁अपरि
49076	▁अप्रे
49077	▁अभिनेता
49078	▁असमंज
49079	▁आक्रामक
49080	▁आजमाएँ
49081	▁आज़माने
49082	▁आस्क
49083	▁इन्सुलिन
49084	▁इम्तहान
49085	▁उखाड़े
49086	▁उपाधियाँ
49087	▁उलझानेवाल
49088	▁एंब
49089	▁एड्रेस
49090	▁एप्राता
49091	▁एस्तोनिया
49092	▁ऐनाबैपटिस्ट
49093	▁ऐन्ड्रू
49094	▁कक्षाओं
49095	▁कचहरी
49096	▁कढ़ाई
49097	▁क़ैदख़ान
49098	▁कान्फिगर
49099	▁कार्लोस
49100	▁कीटाणु
49101	▁कूदें
49102	▁कृत्य
49103	▁कैरोल
49104	▁कैरोलाइन
49105	▁कौआ
49106	▁क्रिस्टीना
49107	▁क्लीटस
49108	▁क्ष
49109	▁खण्डहरों
49110	▁ख़ुशहाल
49111	▁ख़ुशियों
49112	▁खिलौना
49113	▁खोह
49114	▁गाती
49115	▁गुत्थ
49116	▁गुहा
49117	▁गृहस्थ
49118	▁गोले
49119	▁गौण
49120	▁ग्रीष्म
49121	▁घनिष्ठता
49122	▁चढ़ाऊंगा
49123	▁चढ़ो
49124	▁चमकीला
49125	▁चाहनेवाला
49126	▁चिकित्सकों
49127	▁चिन्ताएँ
49128	▁छिपाएं
49129	▁जननी
49130	▁जलस
49131	▁जालियों
49132	▁जीर्णोद्
49133	▁जुडा
49134	▁जुलने
49135	▁झरनो
49136	▁झुकता
49137	▁टर्म
49138	▁टेकनॉलजी
49139	▁टेक्न
49140	▁टेक्नॉलजी
49141	▁टोम
49142	▁ट्रिप
49143	▁डंडे
49144	▁ढाकर
49145	▁तम्बाकू
49146	▁तहीत
49147	▁ताग
49148	▁तुरहिय
49149	▁थमा
49150	▁दफना
49151	▁दबीर
49152	▁दरिद्रता
49153	▁दही
49154	▁दिखाऊं
49155	▁दीप्ति
49156	▁दुलार
49157	▁दूनी
49158	▁दोषनिवारण
49159	▁दौड़ेंगे
49160	▁द्विघात
49161	▁धटना
49162	▁धधक
49163	▁धनुर्धार
49164	▁धमकाया
49165	▁धर्मगुरु
49166	▁धर्मसिद्धान्त
49167	▁धागे
49168	▁नम्य
49169	▁नवाज़
49170	▁नाबालिग
49171	▁नाभि
49172	▁नित्यक्रम
49173	▁निबटार
49174	▁नुस्ख़ा
49175	▁नेपाली
49176	▁नौरू
49177	▁पचीस
49178	▁पड़ोसन
49179	▁पत्रियाँ
49180	▁पन्द्रहव
49181	▁परायण
49182	▁पर्यटकों
49183	▁पशहूर
49184	▁पहचानो
49185	▁पहनें
49186	▁पहुंचेंगे
49187	▁पहुंचेगी
49188	▁पहेलिय
49189	▁पाँचवा
49190	▁पाँचवाँ
49191	▁पाहुन
49192	▁पीऊं
49193	▁पुकारूंगा
49194	▁पुकारें
49195	▁पुरस्कारदायक
49196	▁पेच
49197	▁पैट्रिक
49198	▁प्रतीयमान
49199	▁प्रदायक
49200	▁प्रशान्त
49201	▁प्राग
49202	▁प्लेस
49203	▁फँद
49204	▁फर्नीचर
49205	▁फ़िनिश
49206	▁फ़ैसल
49207	▁फाड़ने
49208	▁फावड़
49209	▁फिजी
49210	▁फीलो
49211	▁फूलो
49212	▁फ्रॉक
49213	▁बँधाने
49214	▁बढ़ाएं
49215	▁बरसायी
49216	▁बहिष्करण
49217	▁बाँहों
49218	▁बाल्टी
49219	▁बिच्छु
49220	▁बिछाने
49221	▁बिज़नॆस
49222	▁बुड़बुड़ान
49223	▁बैंडविड्थ
49224	▁बौछारें
49225	▁भगोड़ा
49226	▁भावती
49227	▁मंत्रालय
49228	▁मत्तन्याह
49229	▁मलाई
49230	▁मारियो
49231	▁मीट
49232	▁मुआ
49233	▁मुर
49234	▁मुर्गियों
49235	▁मैड्रिड
49236	▁मोटापा
49237	▁मोनिका
49238	▁युसुफ
49239	▁यूनिवर्सल
49240	▁रहतीं
49241	▁राजेश
49242	▁रिव्यू
49243	▁रूठ
49244	▁रेलमार्ग
49245	▁रेशे
49246	▁लगेंगी
49247	▁लपककर
49248	▁लिओन
49249	▁लिलो
49250	▁लॉरेंस
49251	▁वफा
49252	▁वाक्यरचना
49253	▁वाटरमार्क
49254	▁वार्डन
49255	▁विजेताओं
49256	▁विदाई
49257	▁विशिष्टताएँ
49258	▁वेदर
49259	▁व्यथित
49260	▁शर्मीला
49261	▁शालतीएल
49262	▁शालीन
49263	▁शिना
49264	▁शुभकामनाएँ
49265	▁शेबा
49266	▁शेश
49267	▁सँवारे
49268	▁संग्र
49269	▁संभालो
49270	▁संभाव्य
49271	▁सकल
49272	▁सन्ताप
49273	▁सभागृह
49274	▁साहचर्य
49275	▁सीखेगा
49276	▁सीबी
49277	▁सीमोन
49278	▁सुगन्धद्रव्य
49279	▁सुडोक
49280	▁सुर्ख़
49281	▁सूक्
49282	▁सैद्धा
49283	▁सैमुएल
49284	▁स्क्रिप्ट्स
49285	▁स्टाय
49286	▁स्नैप
49287	▁हड़पने
49288	▁हाइड्रोजन
49289	▁हारें
49290	▁हेरोदिय
49291	▁हेल्ग
49292	▁१९४६
49293	▁१९५७
49294	▁१९८४
49295	▁७१
49296	▁८३
49297	▁९४
49298	(0.8
49299	,51
49300	App
49301	CAR
49302	CHECK
49303	Channel
49304	Class
49305	Correction
49306	DATA
49307	DEV
49308	Delegation
49309	Digits
49310	Disbelieve
49311	Exclude
49312	Final
49313	GI
49314	GNU
49315	Hope
49316	Hud
49317	INDISTINCT
49318	IRS
49319	Invalid
49320	Journey
49321	MDN
49322	Marie
49323	Midian
49324	Outlook
49325	Pour
49326	Published
49327	Purity
49328	QIBase
49329	Restrain
49330	Rise
49331	Settle
49332	Sheet
49333	Slay
49334	Summari
49335	TV
49336	Tale
49337	Tomorrow
49338	Win
49339	akil
49340	almost
49341	ards
49342	birthday
49343	completely
49344	conferenc
49345	correct
49346	cro
49347	debu
49348	determined
49349	dog
49350	ela
49351	erb
49352	exalted
49353	extra
49354	faster
49355	fraction
49356	frica
49357	glyph
49358	jack
49359	leave
49360	legs
49361	libtool
49362	loose
49363	loyal
49364	marry
49365	melech
49366	mild
49367	millilitre
49368	mise
49369	month
49370	obedient
49371	oot
49372	oriously
49373	party
49374	plenty
49375	proceeded
49376	provided
49377	px
49378	ruf
49379	shepherd
49380	straight
49381	teaching
49382	thank
49383	thousand
49384	transparent
49385	travel
49386	uddle
49387	volumes
49388	wim
49389	woven
49390	éri
49391	μ
49392	अचानक
49393	अतीत
49394	आईपी
49395	आद
49396	उचित
49397	ऊंट
49398	एसएफटीपी
49399	ओपनजीएल
49400	केशन
49401	क्रियान्वित
49402	खराब
49403	खेलने
49404	गोला
49405	चिंता
49406	चिल्लाती
49407	छुओं
49408	जंक
49409	जैक
49410	टस्की
49411	टॉल
49412	ट्टे
49413	ड़ते
49414	तहार
49415	नटिन
49416	निरयाह
49417	नॉर्मल
49418	पत्य
49419	परिश्रम
49420	पियर
49421	पुनः
49422	प्रथम
49423	प्रभाव
49424	प्रहरीदुर्ग
49425	प्रासंगिक
49426	प्रिंटेड
49427	फसेट
49428	फेल
49429	फ्रेट
49430	बकरियों
49431	बीएसडी
49432	बुला
49433	भूलैया
49434	भोजन
49435	मन्दिर
49436	माइनर
49437	माउथ
49438	यदूत
49439	यात्रा
49440	यूओ
49441	रिश्वत
49442	रूस
49443	र्टेक्स
49444	र्नेल
49445	लालच
49446	लीलता
49447	वाकई
49448	विर
49449	वृक्ष
49450	वॉड
49451	व्हर
49452	शिख
49453	सबकुछ
49454	समाप्त
49455	साई
49456	सुल
49457	सेंकेंड
49458	सैले
49459	स्प्रिन
49460	स्वर्गीय
49461	़ीचा
49462	ारापन
49463	िविटी
49464	िष्ठा
49465	ुंगा
49466	ैप्स
49467	७२
49468	९३
49469	∕
49470	▁'_'
49471	▁1.2
49472	▁141
49473	▁2.2.0
49474	▁400,000
49475	▁ANSWERED
49476	▁Acti
49477	▁Adullam
49478	▁Agat
49479	▁Alabama
49480	▁Altogether
49481	▁Ansar
49482	▁Approaching
49483	▁Barclay
49484	▁Beside
49485	▁Bethsaida
49486	▁Bounce
49487	▁Bump
49488	▁Canyon
49489	▁Carina
49490	▁Caroline
49491	▁Cartridge
49492	▁Celsius
49493	▁Cervisia
49494	▁ChangeLog
49495	▁Cherish
49496	▁Colon
49497	▁Commercial
49498	▁Constrain
49499	▁Cutting
49500	▁Côte
49501	▁Delegation
49502	▁Divided
49503	▁Dominate
49504	▁Eleven
49505	▁Emilia
49506	▁Encoder
49507	▁Erasmus
49508	▁Exact
49509	▁Flare
49510	▁Floppy
49511	▁GAMMA
49512	▁Gimp
49513	▁Godwariness
49514	▁Goodbye
49515	▁Heartfelt
49516	▁Henceforth
49517	▁Hotkeys
49518	▁INT
49519	▁Idolatry
49520	▁Illness
49521	▁Imam
49522	▁Interrupted
49523	▁Interview
49524	▁JOE
49525	▁Jaa
49526	▁Joh
49527	▁Judging
49528	▁KAlarm
49529	▁Kitchen
49530	▁Kitts
49531	▁LAD
49532	▁LF
49533	▁Lahab
49534	▁Larson
49535	▁Lovingly
49536	▁Lösch
49537	▁Macao
49538	▁Magians
49539	▁Majority
49540	▁Marvelous
49541	▁Merc
49542	▁Mesha
49543	▁Mild
49544	▁Millimeters
49545	▁Moriah
49546	▁Mou
49547	▁Muhajir
49548	▁Nutfah
49549	▁OCT
49550	▁Operator
49551	▁Opinion
49552	▁Paraguay
49553	▁Partition
49554	▁Patmos
49555	▁Pentateuch
49556	▁Permitted
49557	▁Pliny
49558	▁Promotion
49559	▁Properly
49560	▁Prospect
49561	▁Railway
49562	▁Reasonableness
49563	▁Remaliah
49564	▁Replacement
49565	▁Resuming
49566	▁Riba
49567	▁Rings
49568	▁Roberto
49569	▁SCSI
49570	▁SPIRIT
49571	▁Sadaqa
49572	▁Scatter
49573	▁Scorching
49574	▁Serge
49575	▁Shal
49576	▁Shunammite
49577	▁Struggle
49578	▁Surround
49579	▁Suwa
49580	▁Sword
49581	▁Syriac
49582	▁Tango
49583	▁Teman
49584	▁Terrible
49585	▁Terry
49586	▁Thorough
49587	▁Toolkit
49588	▁Trou
49589	▁Upgrad
49590	▁Utility
49591	▁VOICE
49592	▁Vice
49593	▁WATCH
49594	▁WHICH
49595	▁Wanda
49596	▁Watermark
49597	▁Weigh
49598	▁Whale
49599	▁Wrot
49600	▁Yathrib
49601	▁Zobah
49602	▁_2
49603	▁abhorrent
49604	▁aching
49605	▁affiliation
49606	▁agora
49607	▁alas
49608	▁alienation
49609	▁amused
49610	▁annul
49611	▁artillery
49612	▁baseball
49613	▁behest
49614	▁behoove
49615	▁blogging
49616	▁bonobo
49617	▁busi
49618	▁bustling
49619	▁campus
49620	▁canonical
49621	▁captors
49622	▁cataclysm
49623	▁ceremonial
49624	▁childish
49625	▁clad
49626	▁clemently
49627	▁clown
49628	▁clutches
49629	▁condoning
49630	▁controversies
49631	▁conveyance
49632	▁coup
49633	▁coupling
49634	▁crushes
49635	▁cud
49636	▁cyber
49637	▁damnation
49638	▁dejected
49639	▁demeanor
49640	▁depressing
49641	▁discernible
49642	▁downstairs
49643	▁downtown
49644	▁drafted
49645	▁drip
49646	▁dross
49647	▁enclose
49648	▁enclosure
49649	▁enforcement
49650	▁epitome
49651	▁espouse
49652	▁ethic
49653	▁exasperating
49654	▁executioner
49655	▁extravagance
49656	▁flattened
49657	▁foresight
49658	▁genuineness
49659	▁ginger
49660	▁grapple
49661	▁gust
49662	▁hairy
49663	▁harvesttime
49664	▁herdsmen
49665	▁hewn
49666	▁hon
49667	▁hooked
49668	▁hu
49669	▁hub
49670	▁hull
49671	▁hyssop
49672	▁illiteracy
49673	▁incorruption
49674	▁indelibl
49675	▁infiltrate
49676	▁influenza
49677	▁insatiable
49678	▁insightful
49679	▁interfered
49680	▁kig
49681	▁laity
49682	▁lava
49683	▁lenient
49684	▁licentious
49685	▁lymph
49686	▁malady
49687	▁marches
49688	▁massage
49689	▁meekest
49690	▁metropolis
49691	▁miserably
49692	▁monarchy
49693	▁mythological
49694	▁navy
49695	▁optimisation
49696	▁outpost
49697	▁overlap
49698	▁oxide
49699	▁painstaking
49700	▁paralysis
49701	▁penalties
49702	▁penetrated
49703	▁perimeter
49704	▁perpetuity
49705	▁presumed
49706	▁propriety
49707	▁proselytism
49708	▁prosperers
49709	▁rationalize
49710	▁refuted
49711	▁registry
49712	▁reorganiz
49713	▁returnees
49714	▁rhetoric
49715	▁rigorous
49716	▁ripping
49717	▁roost
49718	▁rove
49719	▁scanty
49720	▁scenery
49721	▁scorned
49722	▁scorner
49723	▁shaven
49724	▁shelves
49725	▁shod
49726	▁sinister
49727	▁slap
49728	▁slapped
49729	▁solvent
49730	▁soundcard
49731	▁stance
49732	▁stimulus
49733	▁ston
49734	▁subduing
49735	▁synod
49736	▁technologies
49737	▁termination
49738	▁threa
49739	▁toleration
49740	▁totalitarian
49741	▁tractor
49742	▁tram
49743	▁translat
49744	▁unchanging
49745	▁unharmed
49746	▁unison
49747	▁unstopped
49748	▁uploaded
49749	▁usefulness
49750	▁voted
49751	▁vyavahar
49752	▁waned
49753	▁weakest
49754	▁worsen
49755	▁wrecked
49756	▁zodiac
49757	▁अगुआ
49758	▁अगुए
49759	▁अगोरा
49760	▁अथेन
49761	▁अन्तर्गत
49762	▁अपूर्व
49763	▁अभागे
49764	▁अभिकर्ता
49765	▁अरूबा
49766	▁अर्ल
49767	▁अल्बानिया
49768	▁अवधिः
49769	▁अशक्
49770	▁असुविधा
49771	▁आँकना
49772	▁आइल
49773	▁आन्ड्रे
49774	▁आयोग
49775	▁आरटीएफ
49776	▁इंजीनियरों
49777	▁इंडैक्स
49778	▁इंसानियत
49779	▁इंसीडेंस
49780	▁इज़ाफ
49781	▁इसलाम
49782	▁उगायी
49783	▁उज्जी
49784	▁उत्पर
49785	▁उद्वार
49786	▁उपरोक्
49787	▁उपेक्षित
49788	▁उलम
49789	▁उस्ताद
49790	▁ऎवर
49791	▁एकसमान
49792	▁एकेरेगेटर
49793	▁एक्जइफ
49794	▁एफओएल
49795	▁एल्याकीम
49796	▁एसएमबी
49797	▁ऐश्वर्य
49798	▁ऑक्सफ
49799	▁ऑफ़सेट
49800	▁ओहोलीबा
49801	▁औंस
49802	▁कम्पोज
49803	▁कसाई
49804	▁कहलाएगी
49805	▁काउलिएर
49806	▁कारावास
49807	▁कार्यकर्त्ता
49808	▁किग्रा
49809	▁किर्यत
49810	▁कूशियों
49811	▁कैलिब्र
49812	▁क्रासहेयर
49813	▁क्षुद्रग्रह
49814	▁गरज़
49815	▁गरजा
49816	▁गुयाना
49817	▁घटनेवाल
49818	▁घूमा
49819	▁चिप्स
49820	▁चुकाओ
49821	▁चुगली
49822	▁चेकआउट
49823	▁छिड़ा
49824	▁जकड़कर
49825	▁जताओ
49826	▁जननांग
49827	▁जन्
49828	▁ज़हन
49829	▁ज़िंदग
49830	▁जागने
49831	▁जानसन
49832	▁जुड
49833	▁जेरोम
49834	▁जॉंच
49835	▁झिड़का
49836	▁झेला
49837	▁टंग
49838	▁टकटकी
49839	▁टिड
49840	▁टिडि्डयों
49841	▁टॆलिविज़न
49842	▁टेरी
49843	▁टैक्सचर
49844	▁ठट्ट
49845	▁ठूं
49846	▁डिपार्टमेंट
49847	▁डिप्लोमा
49848	▁डेंटिस्ट
49849	▁ड्रम
49850	▁तराइयों
49851	▁त्योंह
49852	▁थियोडो
49853	▁दम्पत्ति
49854	▁दारो
49855	▁दिब
49856	▁देरीः
49857	▁देशनिकाला
49858	▁धमकियों
49859	▁धूर्तता
49860	▁नतोपा
49861	▁नमकीन
49862	▁नाइस
49863	▁नाद
49864	▁नाराज
49865	▁नियोजन
49866	▁निर्विवाद
49867	▁नीलिमा
49868	▁नॆदरलैंड
49869	▁नेटवर्किंग
49870	▁न्यूज
49871	▁पकड़वानेवाल
49872	▁पटरियों
49873	▁पण्डितों
49874	▁परिशुद्धता
49875	▁पलाऊ
49876	▁पसारे
49877	▁पहिनाए
49878	▁पहुंचाएंगे
49879	▁पहुंचेगा
49880	▁पहुंचो
49881	▁पालता
49882	▁पाश
49883	▁पिंजर
49884	▁पितृ
49885	▁पीसने
49886	▁पेकह
49887	▁पेलोपोन्
49888	▁पोलोन
49889	▁प्रजातियों
49890	▁प्रतिकृत
49891	▁प्रतिभागी
49892	▁प्रतिरूपक
49893	▁प्रदूषक
49894	▁प्रिंसिपी
49895	▁प्रियजन
49896	▁प्रियजनों
49897	▁प्रोपगैंडा
49898	▁प्रोफॆसर
49899	▁प्लेटफॉर्म
49900	▁फिसलने
49901	▁फ्रो
49902	▁फ्लोचार्टिंग
49903	▁बगजिल
49904	▁बजती
49905	▁बटनः
49906	▁बटोरना
49907	▁बढाएँ
49908	▁बताओगे
49909	▁बनोगे
49910	▁बसाऊंगा
49911	▁बाइक
49912	▁बुख़ार
49913	▁बुना
49914	▁बूंदें
49915	▁बेड़
49916	▁बेड़ा
49917	▁बेतुका
49918	▁बैकट्रेस
49919	▁बोलिए
49920	▁भड़कायी
49921	▁भयावह
49922	▁भाते
49923	▁भावता
49924	▁मंदी
49925	▁मछुए
49926	▁मढ़वाया
49927	▁मतवालेपन
49928	▁मतूशेलह
49929	▁मनचाह
49930	▁मनसूब
49931	▁मम्रे
49932	▁मर्तबान
49933	▁मलयालम
49934	▁महामारियों
49935	▁माध्यमिक
49936	▁मार्केट
49937	▁मेसोपोटामिया
49938	▁मैपिंग
49939	▁मोनेको
49940	▁याजेर
49941	▁यिसहार
49942	▁यीएल
49943	▁युवतिय
49944	▁यूनिस
49945	▁यौगिक
49946	▁रमल्
49947	▁रहमदिल
49948	▁राजमिस्त्र
49949	▁रीट्रो
49950	▁रूएल
49951	▁रूथ
49952	▁रूपान्तरण
49953	▁लगोगे
49954	▁लचीला
49955	▁लड़को
49956	▁लाओस
49957	▁लैंगिकता
49958	▁वर्जीनिया
49959	▁वसीयतनामा
49960	▁वायरलेस
49961	▁विकट
49962	▁विश्वविद्यालय
49963	▁शीतकाल
49964	▁शूह
49965	▁शेड्यूल
49966	▁शेड्यूलर
49967	▁श्रद्धालु
49968	▁संकुचन
49969	▁संच
49970	▁संचयमान
49971	▁संचर
49972	▁संचारण
49973	▁संशय
49974	▁सत्कारशील
49975	▁सनशाइन
49976	▁सन्तुलन
49977	▁समझाएँगे
49978	▁समूहबद्धता
49979	▁सम्प्रदाय
49980	▁सम्बल्लत
49981	▁सर्विसिया
49982	▁साधारणतः
49983	▁सिगनल
49984	▁सुनाती
49985	▁सुरीनाम
49986	▁सूटकेस
49987	▁सेटलमेंट
49988	▁सेपरेटर
49989	▁सॉफ़्ट
49990	▁सोरबोन
49991	▁स्थापन
49992	▁स्पेसिंग
49993	▁स्फूर्तिदायक
49994	▁हटता
49995	▁हठील
49996	▁हाड़
49997	▁हाथीदांत
49998	▁हाफटोन
49999	▁हारने
50000	▁हिन्नोम
50001	▁हृदयस्पर्शी
50002	▁हॉक
50003	▁हॉफ
50004	▁१०५
50005	▁१४६
50006	▁१९७१
50007	▁६००
50008	▁८५
50009	♫
50010	198
50011	250
50012	ABILITY
50013	Beep
50014	Calculator
50015	Camera
50016	Cascade
50017	Clothe
50018	Dasher
50019	Devhelp
50020	EXP
50021	Exchange
50022	Flee
50023	OUND
50024	Org
50025	Principal
50026	Reduce
50027	Saint
50028	Subfolders
50029	WAYS
50030	Worm
50031	alien
50032	andr
50033	arital
50034	credit
50035	curse
50036	dust
50037	eastern
50038	emoticon
50039	europa
50040	exclud
50041	favour
50042	fle
50043	ibah
50044	iony
50045	isc
50046	itializing
50047	kho
50048	livers
50049	mpersonation
50050	norexia
50051	ntication
50052	ookies
50053	patial
50054	plasma
50055	pool
50056	ppa
50057	project
50058	prompted
50059	rchaeological
50060	saturation
50061	sense
50062	shemesh
50063	swear
50064	twitching
50065	various
50066	Θ
50067	अंदर
50068	आत्म
50069	आदि
50070	इऩ
50071	उपासना
50072	एनएफएस
50073	काई
50074	कायदा
50075	कोशिश
50076	क्रिय
50077	क्रीट
50078	क्लेश
50079	ख़ास्त
50080	चुअल
50081	जटिल
50082	ज़ाएर
50083	जापान
50084	जावा
50085	ज्ञेय
50086	टीवी
50087	ट्टिंग
50088	ट्रैक
50089	ठहाके
50090	डाइन्स
50091	डीडेट
50092	डोकु
50093	तेजी
50094	दयालु
50095	दुम
50096	द्रोही
50097	निर्माण
50098	परफेक्ट
50099	पारदर्शी
50100	पुए
50101	प्रेरणा
50102	प्वाइंट
50103	फ़ेक्ट
50104	बचपन
50105	बिज़
50106	भयंकर
50107	भाषा
50108	मंड
50109	माइकल
50110	मौज़ू
50111	यक्
50112	रूण्डी
50113	रेडियो
50114	रोक
50115	लेक्ज़ेंडर
50116	वर्धक
50117	वादा
50118	वायी
50119	विरोध
50120	विवेक
50121	शरबत
50122	संस्करण
50123	सूर्य
50124	सोअर
50125	सौर
50126	हथियार
50127	हली
50128	ाउन्ड
50129	ानियों
50130	ामिनेट
50131	ालिमा
50132	िफर
50133	ियाब
50134	ीधा
50135	ुमि
50136	ुरेशन
50137	ैलू
50138	ॉमिक
50139	्क्रिप्
50140	्क्रिप्शन
50141	्ष्क
50142	८१
50143	▁#2:
50144	▁$4
50145	▁(1992)
50146	▁-----
50147	▁1.1
50148	▁1890
50149	▁Abba
50150	▁Affairs
50151	▁Afraid
50152	▁Akk
50153	▁Archaeologists
50154	▁Banner
50155	▁Belial
50156	▁Bouve
50157	▁Bryan
50158	▁Bulk
50159	▁Carta
50160	▁Casi
50161	▁Caution
50162	▁Chariot
50163	▁Clarke
50164	▁Cocos
50165	▁Commemorat
50166	▁Competition
50167	▁Compiled
50168	▁Composition
50169	▁Conservation
50170	▁Consolation
50171	▁Constellation
50172	▁Counselor
50173	▁Crea
50174	▁Crusade
50175	▁DAYS
50176	▁DOWN
50177	▁Danielle
50178	▁Daughter
50179	▁Daylight
50180	▁Demas
50181	▁Density
50182	▁Despair
50183	▁Donation
50184	▁Electronic
50185	▁Ellipse
50186	▁Elsa
50187	▁Empower
50188	▁Enhanced
50189	▁Fake
50190	▁Faraday
50191	▁Fiction
50192	▁Figurin
50193	▁GENE
50194	▁Gerri
50195	▁Gill
50196	▁Grenadines
50197	▁HBV
50198	▁HOPE
50199	▁Henri
50200	▁Hiroshima
50201	▁Hyderabad
50202	▁Infinite
50203	▁Jalut
50204	▁Jared
50205	▁Krypton
50206	▁Kunihito
50207	▁Leicester
50208	▁Literature
50209	▁Lookup
50210	▁MARK
50211	▁Madeleine
50212	▁Magna
50213	▁Mamre
50214	▁Manfred
50215	▁Marina
50216	▁Marti
50217	▁Matrix
50218	▁Mauric
50219	▁McDonald
50220	▁Meaningful
50221	▁Menahem
50222	▁Milliseconds
50223	▁Miquelon
50224	▁Mishael
50225	▁Moment
50226	▁Multimedia
50227	▁NURSE
50228	▁Nancy
50229	▁Nevis
50230	▁Ninth
50231	▁Obstacle
50232	▁Occurs
50233	▁Oholiab
50234	▁Oppose
50235	▁Ornan
50236	▁Overall
50237	▁Paolo
50238	▁Pennant
50239	▁Perry
50240	▁Personality
50241	▁Picker
50242	▁Pittsburgh
50243	▁Pleasant
50244	▁Poet
50245	▁Polar
50246	▁Pole
50247	▁Poppy
50248	▁Principe
50249	▁Programme
50250	▁ROAD
50251	▁Ralf
50252	▁Rar
50253	▁Reap
50254	▁Recreation
50255	▁Reformer
50256	▁Revised
50257	▁Rook
50258	▁Rox
50259	▁SAYS
50260	▁SERVICE
50261	▁SID
50262	▁START
50263	▁Sachsenhausen
50264	▁Sarajevo
50265	▁Seriously
50266	▁Shemesh
50267	▁Shimea
50268	▁Ships
50269	▁Simulate
50270	▁Slovenian
50271	▁Spin
50272	▁Stopping
50273	▁Subtraction
50274	▁Sura
50275	▁Survey
50276	▁Swear
50277	▁Symbolic
50278	▁Talm
50279	▁Tax
50280	▁Thessalonian
50281	▁Thummim
50282	▁Thunder
50283	▁Tier
50284	▁Toothless
50285	▁Trustworthy
50286	▁Unmount
50287	▁WAR
50288	▁Warwick
50289	▁Widespread
50290	▁Zealots
50291	▁agenda
50292	▁aides
50293	▁alertness
50294	▁amulet
50295	▁ancestr
50296	▁antibodies
50297	▁appalling
50298	▁avenue
50299	▁axe
50300	▁backbite
50301	▁bamboo
50302	▁batteries
50303	▁beef
50304	▁benign
50305	▁bereavement
50306	▁bitten
50307	▁blizzard
50308	▁bloodthirsty
50309	▁braiding
50310	▁broker
50311	▁bruising
50312	▁café
50313	▁cellar
50314	▁cheetah
50315	▁chide
50316	▁clang
50317	▁compounded
50318	▁compris
50319	▁conferring
50320	▁congregator
50321	▁conjure
50322	▁consecrate
50323	▁cottage
50324	▁cowardice
50325	▁crafted
50326	▁crater
50327	▁creditors
50328	▁crep
50329	▁cyclone
50330	▁debarre
50331	▁deferr
50332	▁desolating
50333	▁deviant
50334	▁dispenser
50335	▁diversified
50336	▁dæmon
50337	▁eighteenth
50338	▁embarrass
50339	▁embodied
50340	▁embodiment
50341	▁encircle
50342	▁engraving
50343	▁enticing
50344	▁entrap
50345	▁evaluated
50346	▁excusing
50347	▁expedient
50348	▁eyeball
50349	▁falsify
50350	▁fiancé
50351	▁fitness
50352	▁fledgling
50353	▁flourishes
50354	▁fluently
50355	▁foreseen
50356	▁forevermore
50357	▁fragrant
50358	▁frivolity
50359	▁gigantic
50360	▁gloat
50361	▁gnash
50362	▁gratifying
50363	▁guardianship
50364	▁guesses
50365	▁handshake
50366	▁harmonized
50367	▁heightened
50368	▁hostilities
50369	▁illustrative
50370	▁incarcerated
50371	▁indecently
50372	▁indulgent
50373	▁inexcusable
50374	▁inflexible
50375	▁influenc
50376	▁inspector
50377	▁integrate
50378	▁jerk
50379	▁lazily
50380	▁legendary
50381	▁leukemia
50382	▁locomotive
50383	▁lowliest
50384	▁magenta
50385	▁marvelled
50386	▁medal
50387	▁meddling
50388	▁melech
50389	▁mentor
50390	▁mildew
50391	▁miners
50392	▁minesweeper
50393	▁misrepresented
50394	▁misspelt
50395	▁mistrust
50396	▁mod
50397	▁movable
50398	▁murky
50399	▁muzzle
50400	▁nationwide
50401	▁newlines
50402	▁nullified
50403	▁orphanage
50404	▁palate
50405	▁parked
50406	▁pavement
50407	▁perpetuated
50408	▁photosynthesis
50409	▁pil
50410	▁pitfall
50411	▁polled
50412	▁populous
50413	▁pouch
50414	▁preventive
50415	▁promiscuous
50416	▁propped
50417	▁purged
50418	▁readjusted
50419	▁reestablished
50420	▁refinement
50421	▁registrar
50422	▁relegate
50423	▁resuming
50424	▁retrace
50425	▁saddled
50426	▁sadistic
50427	▁saffron
50428	▁sapphire
50429	▁sausage
50430	▁screensaver
50431	▁secondhand
50432	▁servile
50433	▁sexuality
50434	▁shrewdness
50435	▁soothed
50436	▁speckled
50437	▁stamina
50438	▁stunt
50439	▁subsystem
50440	▁suppliant
50441	▁switches
50442	▁tease
50443	▁temperate
50444	▁terrace
50445	▁trance
50446	▁trigonometric
50447	▁ultra
50448	▁unconditional
50449	▁unfriendly
50450	▁ungratefulness
50451	▁unimaginable
50452	▁unprotected
50453	▁vehement
50454	▁victual
50455	▁voting
50456	▁wastefully
50457	▁waving
50458	▁wikipedia
50459	▁wiles
50460	▁अन्ना
50461	▁अपधर्म
50462	▁अपलोडिंग
50463	▁अपोलो
50464	▁अमरत्व
50465	▁अर्थशास्त्र
50466	▁अल्फोंस
50467	▁आउटः
50468	▁आभा
50469	▁आयनीकरण
50470	▁आयेगी
50471	▁आलोचनात्मक
50472	▁आस्तीन
50473	▁इकठ्ठ
50474	▁इथाका
50475	▁इन्फ़ो
50476	▁इपिकूरी
50477	▁इवेंट
50478	▁इस्पात
50479	▁उँडेले
50480	▁उत्तरपूर्व
50481	▁उबलने
50482	▁ऊष्मा
50483	▁ऎलन
50484	▁एड्रियन
50485	▁एनॉ
50486	▁एसएमएस
50487	▁कड़ुवा
50488	▁कडुआ
50489	▁कनख
50490	▁कनज
50491	▁कनपट
50492	▁कमोश
50493	▁कम्पनिय
50494	▁करफुफल
50495	▁कलाकारी
50496	▁कश्
50497	▁कसो
50498	▁किफायत
50499	▁किरीबाती
50500	▁कुँए
50501	▁कृतसंकल्प
50502	▁केल्विन
50503	▁कॉर्न
50504	▁खरीदकर
50505	▁खातिरदारी
50506	▁खिलवा
50507	▁खूं
50508	▁गिराने
50509	▁गुआम
50510	▁गुदा
50511	▁गूलर
50512	▁ग्राफ़
50513	▁ग्रेनाडा
50514	▁ग्रैंड
50515	▁घबराता
50516	▁घबराते
50517	▁चबाने
50518	▁चलाएगी
50519	▁चौगुन
50520	▁छल्ल
50521	▁छावनिय
50522	▁छुरा
50523	▁छूटेगा
50524	▁जगायी
50525	▁जतन
50526	▁जलनशील
50527	▁जानतीं
50528	▁जिमी
50529	▁जुड़वा
50530	▁जेसिका
50531	▁जैकेट
50532	▁जॉयस्टिक
50533	▁जौहर
50534	▁झोली
50535	▁टालना
50536	▁डाया
50537	▁डिब्बों
50538	▁डीएन
50539	▁डेरिवेटिव
50540	▁ड्रिल
50541	▁ढूँढ़ा
50542	▁तांबा
50543	▁तैरना
50544	▁थम्ब
50545	▁दगा
50546	▁दिलाऊंगा
50547	▁देखूंगा
50548	▁देवदारों
50549	▁धातुओं
50550	▁नाख़्मान
50551	▁निदेश
50552	▁निरस्त्रीकरण
50553	▁नेकनामी
50554	▁नेविस
50555	▁पतवार
50556	▁पदधारी
50557	▁परमविश्राम
50558	▁पर्यटन
50559	▁पर्वतमाला
50560	▁पलने
50561	▁पहरुए
50562	▁पारिस्थितिक
50563	▁पाश्
50564	▁पिंजरे
50565	▁पियासा
50566	▁पिलाती
50567	▁पीएं
50568	▁पीरियाडि
50569	▁पुनर्निर्माण
50570	▁पुलाव
50571	▁पॅ
50572	▁पॉम्पे
50573	▁पोखरे
50574	▁प्लाज़मा
50575	▁फँसते
50576	▁फ़ार
50577	▁फ़ॉलो
50578	▁फासला
50579	▁फिगर
50580	▁बचाई
50581	▁बजाएगा
50582	▁बटोरा
50583	▁बताइ
50584	▁बदहाली
50585	▁बहला
50586	▁बाँयी
50587	▁बाजीगर
50588	▁बुझाना
50589	▁बुडापेस्ट
50590	▁बुल्गारियाई
50591	▁बेचनेवालों
50592	▁बेडरूम
50593	▁बेवज़ह
50594	▁बैठूँ
50595	▁भविष्यद्वाणिय
50596	▁भाषाएं
50597	▁भूतविद्या
50598	▁भूमध्यरेखीय
50599	▁भोगना
50600	▁मंडरा
50601	▁मनोहरता
50602	▁मरती
50603	▁मरिया
50604	▁मल्लयुद्ध
50605	▁महावत
50606	▁मारकुस
50607	▁मुद्द
50608	▁मृग
50609	▁मॆर
50610	▁मेट्रो
50611	▁यूएन
50612	▁योआह
50613	▁योकेबेद
50614	▁रंजिश
50615	▁रदरफ़र्ड
50616	▁रस्सेल
50617	▁राजत्व
50618	▁राष्ट्रीयता
50619	▁रीडायरेक्
50620	▁रैक
50621	▁रोमांस
50622	▁लंडन
50623	▁लगाएंगे
50624	▁लम्
50625	▁लाउडस्पीकर
50626	▁लिखनेवाला
50627	▁लिसा
50628	▁लीफ
50629	▁लीसा
50630	▁लुसिया
50631	▁वाइल्ड
50632	▁विट्
50633	▁विषाणु
50634	▁शम्म
50635	▁शर्करा
50636	▁शर्ली
50637	▁शल्यचिकित्सा
50638	▁शाख़
50639	▁संगृह
50640	▁सच्चिदानंद
50641	▁सट
50642	▁सनकी
50643	▁सम्पन्
50644	▁सम्भालनेवाल
50645	▁सरकण्डे
50646	▁सर्कस
50647	▁सर्बियाई
50648	▁सवारियाँ
50649	▁ससुराल
50650	▁सहस्राब्द
50651	▁सिकोड़े
50652	▁सिखानेवाला
50653	▁सुध
50654	▁सुपरवाइज़र
50655	▁सुश्री
50656	▁सूझबूझ
50657	▁सेवाएं
50658	▁सैंत
50659	▁सैट
50660	▁स्कूती
50661	▁स्केन
50662	▁स्टॉर्ज़
50663	▁स्टोव
50664	▁स्त्रोत
50665	▁स्थूल
50666	▁हथ
50667	▁हथियारबन्द
50668	▁हिकप
50669	▁हिमालय
50670	▁हृष्ट
50671	▁११०
50672	▁११५
50673	▁१९३८
50674	▁५९
50675	▁७३
50676	("1.2
50677	(1)
50678	1992)
50679	2833"
50680	41
50681	473
50682	60,000
50683	ACL
50684	ALARM
50685	Accessible
50686	Adn
50687	Also
50688	Anxious
50689	Authenticate
50690	Bad
50691	Cyan
50692	DIV
50693	DOOR
50694	Define
50695	Density
50696	Display
50697	EARLY
50698	Elijah
50699	Eureka
50700	Expand
50701	Float
50702	Hijr
50703	KID
50704	Lang
50705	Local
50706	Marker
50707	Marwah
50708	Mecca
50709	Mobile
50710	Module
50711	PPM
50712	Patches
50713	Permit
50714	Pidgin
50715	Protector
50716	RGB
50717	Requests
50718	Rong
50719	Sharing
50720	Spelling
50721	Statistics
50722	Suspend
50723	Teleport
50724	Wrapp
50725	YHWH
50726	abundant
50727	ansy
50728	array
50729	ault
50730	autogen
50731	belief
50732	bind
50733	blessing
50734	bras
50735	bridge
50736	constant
50737	depth
50738	disbelief
50739	failed
50740	female
50741	finished
50742	glory
50743	greece
50744	hilippines
50745	ilter
50746	interface
50747	ktop
50748	laugh
50749	lerating
50750	library
50751	lideshow
50752	lium
50753	mbush
50754	merely
50755	milliliter
50756	ntelligent
50757	obey
50758	observe
50759	ocument
50760	ogl
50761	ologie
50762	pedia
50763	practical
50764	promise
50765	quite
50766	reached
50767	regarding
50768	sceticism
50769	shining
50770	sibly
50771	square
50772	ssh
50773	taken
50774	ubuntu
50775	usury
50776	vested
50777	wisher
50778	writing
50779	{2}
50780	ø
50781	י
50782	ंचना
50783	अनदेखी
50784	आड़
50785	आयामी
50786	एंटी
50787	एनजीसी
50788	ऐगा
50789	कंपोज
50790	कहना
50791	कान्फ़
50792	केस्ट्रा
50793	कॉस्ट
50794	खुस
50795	गद
50796	गवार
50797	गूस्त
50798	ग्रॅम
50799	ग्लेड
50800	चेक
50801	च्चर
50802	छाप
50803	छें
50804	छोटी
50805	जवानी
50806	जाज
50807	जिटरी
50808	जीपीएस
50809	जुडवा
50810	टाउन
50811	ठहाका
50812	ड़ित
50813	ढ़ा
50814	थॆल
50815	दराज़
50816	दिस
50817	देखिए
50818	धिर
50819	नामचा
50820	न्डो
50821	परीक्षक
50822	परीक्षण
50823	पाइथन
50824	पिसिदिया
50825	पुनरुत्थान
50826	पेत
50827	प्रकट
50828	प्रभू
50829	फिलीस्तीनी
50830	बाट
50831	बीपीपी
50832	बेईमानी
50833	बेतुके
50834	बेधा
50835	भविष्यद्वक्
50836	भानेवाली
50837	मुफ्त
50838	युनुस
50839	राक
50840	राष्ट्रीय
50841	रैति
50842	र्मय
50843	र्सल
50844	लेस्ट
50845	वफ़ा
50846	वयस्क
50847	वैज्ञानिक
50848	शब्दकूट
50849	शीर्षिका
50850	संपादित
50851	सफाई
50852	सिंहासन
50853	सियाह
50854	सेवा
50855	सॉन
50856	सोसिएशन
50857	स्तिथि
50858	स्वयं
50859	ाइयां
50860	ामाल
50861	ारीम
50862	ावदार
50863	ाविन्द
50864	िडोनिया
50865	िस्का
50866	ूफ़
50867	ूलित
50868	ूले
50869	ूश
50870	ॆंड
50871	ैनी
50872	ैलिस
50873	९२
50874	▁(&)
50875	▁........
50876	▁1,300
50877	▁1915
50878	▁2003-200
50879	▁2231
50880	▁2:105)
50881	▁539
50882	▁AFRICA
50883	▁AK
50884	▁Acknowledge
50885	▁Angelo
50886	▁Angular
50887	▁Auckland
50888	▁Ayoub
50889	▁Babies
50890	▁Barnes
50891	▁Bestow
50892	▁Bilhah
50893	▁Bounteous
50894	▁Byington
50895	▁CGI
50896	▁CHILDREN
50897	▁Calculation
50898	▁Chosen
50899	▁Chronicle
50900	▁Clergy
50901	▁Coffee
50902	▁Combining
50903	▁Commitment
50904	▁CompizConfig
50905	▁Configur
50906	▁Contributions
50907	▁Countries
50908	▁Criteria
50909	▁Crusher
50910	▁Cuban
50911	▁Dedan
50912	▁Demand
50913	▁Disciple
50914	▁Dual
50915	▁EMail
50916	▁Envy
50917	▁Evince
50918	▁Faithfulness
50919	▁Fisher
50920	▁Flatten
50921	▁Geneva
50922	▁Guern
50923	▁Hamburg
50924	▁Helge
50925	▁Hellenistic
50926	▁Homosexual
50927	▁Hub
50928	▁Huram
50929	▁Illinois
50930	▁Izhar
50931	▁Jazer
50932	▁Jerry
50933	▁Jonas
50934	▁Kelvin
50935	▁Kennedy
50936	▁LEARN
50937	▁Lag
50938	▁Laptop
50939	▁Lasse
50940	▁MAKE
50941	▁MEXICO
50942	▁MIC
50943	▁MISCELLANEOUS
50944	▁Manufacturer
50945	▁Milcah
50946	▁Nahash
50947	▁Netbook
50948	▁Nigh
50949	▁Organ
50950	▁Orpah
50951	▁PIONEER
50952	▁PPM
50953	▁PR
50954	▁Painful
50955	▁Patiently
50956	▁Patriarch
50957	▁Povray
50958	▁Practicing
50959	▁Praetorian
50960	▁Ptolemy
50961	▁Raised
50962	▁Rezin
50963	▁Roast
50964	▁Robinson
50965	▁Scheduler
50966	▁Shake
50967	▁Silk
50968	▁Slovakia
50969	▁Stacker
50970	▁Stasi
50971	▁Strigi
50972	▁Tartarus
50973	▁Temp
50974	▁Tobacco
50975	▁Uzza
50976	▁Uzzi
50977	▁Visualize
50978	▁WORD
50979	▁Watchful
50980	▁Whit
50981	▁Winbind
50982	▁Wonder
50983	▁Zalmunna
50984	▁Zebah
50985	▁Zere
50986	▁Zichri
50987	▁acclaim
50988	▁adaptable
50989	▁adaptor
50990	▁aligned
50991	▁announcer
50992	▁armpit
50993	▁assassin
50994	▁assassinated
50995	▁asteris
50996	▁backbiter
50997	▁badge
50998	▁battlement
50999	▁bedside
51000	▁beetle
51001	▁boon
51002	▁bravely
51003	▁brawl
51004	▁bunches
51005	▁carelessly
51006	▁cartons
51007	▁cathedral
51008	▁charmer
51009	▁chromosome
51010	▁colonial
51011	▁competitor
51012	▁condoned
51013	▁congratulate
51014	▁constitut
51015	▁cordial
51016	▁cowardly
51017	▁cunningly
51018	▁decently
51019	▁decibels
51020	▁decompose
51021	▁decreasing
51022	▁deformed
51023	▁dignifie
51024	▁dissolution
51025	▁doorway
51026	▁dripping
51027	▁ebb
51028	▁encircl
51029	▁eucalyptus
51030	▁exorbitance
51031	▁fabricateth
51032	▁faithlessness
51033	▁familiarity
51034	▁femininity
51035	▁fibre
51036	▁flashy
51037	▁flea
51038	▁flowcharting
51039	▁footstep
51040	▁frailties
51041	▁freight
51042	▁gambler
51043	▁gasoline
51044	▁genealogi
51045	▁gig
51046	▁globul
51047	▁goblet
51048	▁guerdon
51049	▁gymnasium
51050	▁halfhearted
51051	▁harmdoing
51052	▁hexagon
51053	▁hideous
51054	▁hline
51055	▁horoscope
51056	▁ht
51057	▁impostor
51058	▁inaccessible
51059	▁inconvenient
51060	▁indescribable
51061	▁inherently
51062	▁intervening
51063	▁intrinsic
51064	▁irrational
51065	▁irreversible
51066	▁kidnapped
51067	▁krypton
51068	▁lecturer
51069	▁liberties
51070	▁loathing
51071	▁lobby
51072	▁magnet
51073	▁measles
51074	▁menses
51075	▁mipmap
51076	▁nobility
51077	▁oasis
51078	▁overtones
51079	▁penal
51080	▁penalize
51081	▁penitentiary
51082	▁pharmaceutical
51083	▁placard
51084	▁preclude
51085	▁provocative
51086	▁psychiatrist
51087	▁pulpit
51088	▁racist
51089	▁recollection
51090	▁regexp
51091	▁reliant
51092	▁religionists
51093	▁removable
51094	▁reproduction
51095	▁repugnant
51096	▁resplendent
51097	▁rotted
51098	▁rupture
51099	▁sensibleness
51100	▁sewage
51101	▁sheriff
51102	▁shin
51103	▁shunning
51104	▁sliding
51105	▁slowness
51106	▁sluggard
51107	▁socializing
51108	▁squat
51109	▁stedfast
51110	▁stupor
51111	▁subtly
51112	▁summarized
51113	▁supplier
51114	▁suppression
51115	▁surrogate
51116	▁synthetic
51117	▁taboo
51118	▁tambourine
51119	▁theoretical
51120	▁thresh
51121	▁toppled
51122	▁tourism
51123	▁tuft
51124	▁tuna
51125	▁unattainable
51126	▁uncompromising
51127	▁unfill
51128	▁unheard
51129	▁untitled
51130	▁vc
51131	▁ventured
51132	▁verifiabl
51133	▁whipped
51134	▁withstood
51135	▁wormwood
51136	▁yelled
51137	▁अंगरखे
51138	▁अक्षरसेट
51139	▁अखया
51140	▁अचर
51141	▁अच्
51142	▁अठवार
51143	▁अण्डे
51144	▁अधिकांशतः
51145	▁अनिच्छुक
51146	▁अनुभूति
51147	▁अपच
51148	▁अमरीक
51149	▁अमेरिकियों
51150	▁अयूब
51151	▁अरियुपग
51152	▁अवगुण
51153	▁आँका
51154	▁आउटबाक्स
51155	▁आकलन
51156	▁आदाम
51157	▁आध
51158	▁आन्दोलन
51159	▁आरएसएस
51160	▁आराह
51161	▁आश्चर्यजनक
51162	▁इले
51163	▁ईरा
51164	▁उबार
51165	▁ऊधम
51166	▁ऎडवॆंटि
51167	▁एक्सपां
51168	▁एचटी
51169	▁एनकोड
51170	▁एनोश
51171	▁एब्सट्र
51172	▁एरिया
51173	▁एल्बर्ट
51174	▁एसवीज
51175	▁ओसे
51176	▁ओहोलीआब
51177	▁कंस्ट्रक्
51178	▁कतर
51179	▁कम्पेटिबल
51180	▁कर्व्स
51181	▁क़िला
51182	▁कारें
51183	▁किनको
51184	▁कुम्हला
51185	▁केल्क
51186	▁कैच
51187	▁कॉं
51188	▁कॉस
51189	▁कोयला
51190	▁कौंधें
51191	▁कौमार्यव्रत
51192	▁क्रिएट
51193	▁क्रीट
51194	▁खयालात
51195	▁खलनायक
51196	▁गतिविधियाँ
51197	▁गानेवाले
51198	▁गिम्प
51199	▁गियर
51200	▁गुब्बारा
51201	▁गैसें
51202	▁गोवा
51203	▁गौ
51204	▁ग्रंथि
51205	▁ग्रान्
51206	▁ग्व
51207	▁घबराना
51208	▁घाम
51209	▁चरागाह
51210	▁चौकीदार
51211	▁छठवा
51212	▁छायांकन
51213	▁छुर
51214	▁छूओ
51215	▁जतानेवाले
51216	▁जर्ज
51217	▁ज़हरीला
51218	▁ज़िलो
51219	▁जाओगी
51220	▁जागरूकता
51221	▁जागीर
51222	▁जिक्री
51223	▁जिले
51224	▁जुले
51225	▁जोड़ो
51226	▁जोहने
51227	▁झटक
51228	▁झीं
51229	▁झोंपड़
51230	▁टेंगो
51231	▁टेके
51232	▁टेक्सचर
51233	▁टेस्टामेन्ट
51234	▁ट्रांसपेरेंसी
51235	▁ट्रिनिडाड
51236	▁डान
51237	▁डिस्ट्रीब्यूट
51238	▁डेनिस
51239	▁डेस्कट
51240	▁डॉक्
51241	▁डॉम
51242	▁डॉयलप
51243	▁ड्रग
51244	▁ढुंढ
51245	▁ढूंढ़ा
51246	▁ढूढ़
51247	▁तंजानिया
51248	▁तत्वज्ञानी
51249	▁तरकीबें
51250	▁तर्जनी
51251	▁तलमूद
51252	▁तिबिरियुस
51253	▁तुले
51254	▁त्रु
51255	▁थियो
51256	▁थीऑफलस
51257	▁थ्रेशोल्ड
51258	▁दारोग
51259	▁दिखाएगी
51260	▁दिरबे
51261	▁दुर्गन्ध
51262	▁धज्जिया
51263	▁धनुर्धारियों
51264	▁धरोहर
51265	▁धुंधल
51266	▁धुन्ध
51267	▁ध्व
51268	▁नाली
51269	▁निकालीं
51270	▁निभाएँ
51271	▁निर्लज्ज
51272	▁पड़ोसिन
51273	▁पत्थरदिल
51274	▁पनपत
51275	▁पपड़ी
51276	▁परावर्त
51277	▁पहलवान
51278	▁पहेलियाँ
51279	▁पिनो
51280	▁पीएँ
51281	▁पीढ़ियाँ
51282	▁पुकारती
51283	▁पुनःनिर्माण
51284	▁पेड
51285	▁पैरेन्ट
51286	▁प्रतापमय
51287	▁प्रतिद्वंद
51288	▁प्रतिबद्ध
51289	▁प्रबुद्ध
51290	▁प्रबोध
51291	▁प्रमाम
51292	▁प्रीतिकर
51293	▁प्रूफ
51294	▁फँदा
51295	▁फ़ॉर
51296	▁फिलीपीन
51297	▁फीर
51298	▁फुलान
51299	▁फैलाती
51300	▁फ्रेमसेट
51301	▁फ्लाइट
51302	▁बघार
51303	▁बतानेवाले
51304	▁बध
51305	▁बहकाना
51306	▁बहकानेवाले
51307	▁बहरीन
51308	▁बाँधता
51309	▁बालवाले
51310	▁बावन
51311	▁बिकता
51312	▁बिज़ली
51313	▁बिताएँगे
51314	▁बीटी
51315	▁बेरोत
51316	▁बेवक़ूफ़
51317	▁बेसबॉल
51318	▁ब्रूनो
51319	▁ब्रैड
51320	▁भगवान्
51321	▁भड़कील
51322	▁भतीजा
51323	▁भागोगे
51324	▁भीषण
51325	▁भुलाने
51326	▁भेजीं
51327	▁भेद्य
51328	▁भोला
51329	▁मंदाकिनियों
51330	▁मगिद्दॊ
51331	▁मनस्क
51332	▁मरनहार
51333	▁महंगा
51334	▁माइक्रोलीटर
51335	▁माट्रिक्स
51336	▁मायनो
51337	▁मिशेल
51338	▁मुड़ते
51339	▁मुश
51340	▁मॉर्निंग
51341	▁मोज़म्बिक
51342	▁मोलेक
51343	▁यहीएल
51344	▁यहूदियो
51345	▁यात्राएँ
51346	▁यूजर
51347	▁यैंक
51348	▁यॉन
51349	▁रसीन
51350	▁रस्मो
51351	▁रहोगी
51352	▁राजगढ़
51353	▁रिच
51354	▁रिज़ोल्यूशन
51355	▁रुट
51356	▁रेगएक्सप
51357	▁रेडियन्स
51358	▁रैंड
51359	▁रॉक्स
51360	▁रोमांचकारी
51361	▁लजाता
51362	▁लटकाकर
51363	▁लाऊँ
51364	▁लातवियाई
51365	▁लिब्यातान
51366	▁लीडर
51367	▁लॆट
51368	▁लॉरा
51369	▁वाइड
51370	▁वाशिंगटन
51371	▁विंटर
51372	▁विंड
51373	▁विकृति
51374	▁विच्छेद
51375	▁विपदा
51376	▁विलक्षण
51377	▁वृद्धाश्रम
51378	▁शम्मा
51379	▁शांतिमय
51380	▁शेड
51381	▁शेलह
51382	▁शॉपिंग
51383	▁श्रोडर
51384	▁संचालिका
51385	▁संताप
51386	▁सज्जनो
51387	▁सताई
51388	▁सत्संग
51389	▁सन्यास
51390	▁सम्मत
51391	▁सर्टिफिकेट
51392	▁साइबेरिया
51393	▁सिंड्रोम
51394	▁सिदकिय्याह
51395	▁सिल्वर
51396	▁सूना
51397	▁सेक्रेट्री
51398	▁सैलानी
51399	▁सौंपेंगे
51400	▁स्टॉप
51401	▁स्तिफनास
51402	▁स्वेप
51403	▁हठीला
51404	▁हड़
51405	▁हड़बड़
51406	▁हतोत्साह
51407	▁हूराम
51408	▁हेबेर
51409	▁हैदराबाद
51410	▁होस्टः
51411	▁११३
51412	▁१२७
51413	▁१९४२
51414	▁१९६७
51415	("1
51416	1890
51417	Alphabet
51418	Animation
51419	Blog
51420	Blow
51421	Center
51422	Complex
51423	Connor
51424	Could
51425	ESIA
51426	Edom
51427	Favorite
51428	Greely
51429	House
51430	Ignore
51431	LUE
51432	Light
51433	Linux
51434	NDY
51435	Punishment
51436	Purge
51437	Render
51438	SINGING
51439	Scan
51440	Surrender
51441	Swear
51442	TABLE
51443	TEST
51444	Unfil
51445	Unmatched
51446	apped
51447	armeni
51448	authorized
51449	bool
51450	cancelled
51451	chapter
51452	cket
51453	codec
51454	content
51455	contextual
51456	cost
51457	declaring
51458	destroyed
51459	earlier
51460	eason
51461	eign
51462	estore
51463	expand
51464	feet
51465	function
51466	gift
51467	grudging
51468	hanan
51469	hello
51470	hone
51471	igger
51472	inspired
51473	intestinal
51474	itt
51475	logging
51476	misspelled
51477	modern
51478	morrow
51479	motion
51480	nomine
51481	ntercession
51482	oday
51483	omparably
51484	ompetent
51485	paradise
51486	persevere
51487	probably
51488	proved
51489	quiet
51490	ragically
51491	ritain
51492	ryce
51493	separat
51494	shadow
51495	sixth
51496	sleep
51497	soundness
51498	sphere
51499	stretch
51500	structure
51501	tach
51502	tk
51503	ubious
51504	ultraviolet
51505	unbrid
51506	urgeon
51507	usage
51508	victory
51509	witness
51510	zai
51511	ël
51512	ंजुगे
51513	अजनबी
51514	अर्थात्
51515	अलियास
51516	अस्वच्छ
51517	आवाज
51518	आश्
51519	इच्छा
51520	उँच
51521	एंटोनियो
51522	एंव
51523	एलिय्याह
51524	एससी
51525	ऐल्बाट्रॉस
51526	कडोनाल्ड
51527	कानून
51528	काबल
51529	कुतू
51530	क्कू
51531	क्यूब
51532	खर्च
51533	गोरी
51534	घमंड
51535	घोड़ा
51536	चट्टान
51537	चेकोस्लोवाकिया
51538	जर्मन
51539	जितना
51540	टायर
51541	तव्य
51542	तूब
51543	त्तो
51544	धीमी
51545	नताएँ
51546	निर्देश
51547	निर्बल
51548	पतरस
51549	परदेशी
51550	परमप्रधान
51551	पहाड
51552	पागल
51553	पोर्ट्रेट
51554	पौलुस
51555	प्रत्याशित
51556	प्रॉक्सी
51557	फजी
51558	फान
51559	फार्म
51560	फूट
51561	बदली
51562	बुकमार्क
51563	ब्रिज
51564	ब्लो
51565	भ्रम
51566	मटोल
51567	मन्ड
51568	मानचित्र
51569	मार्जन
51570	मूर्ति
51571	मेन्यू
51572	मेहनत
51573	यूरेका
51574	रिंदों
51575	रेज़ी
51576	र्षित
51577	लागू
51578	लिप्साइड
51579	लॆ
51580	लोहे
51581	ल्कुल
51582	ल्मै
51583	वर्गीकृत
51584	वाडोल
51585	वेत्ता
51586	वॉटर
51587	शाबाश
51588	शैली
51589	श्रमित
51590	संडे
51591	सज्जा
51592	सिखाने
51593	सीमा
51594	सोच
51595	स्ट्रेक्
51596	स्वस्थ
51597	स्सि
51598	हज़ा
51599	हम्म
51600	हश
51601	हिंसा
51602	ाइटिस
51603	ायश
51604	ालिश
51605	िकरण
51606	िप्रे
51607	िस्टिक
51608	िस्म
51609	ुनगुन
51610	ृणा
51611	ृष्ट
51612	ॆश
51613	ेटीना
51614	ैंटिस
51615	ॉजी
51616	ोकेलाऊ
51617	्जेन्ट
51618	्टोनिया
51619	्यूडो
51620	्रीया
51621	्वांग
51622	५५
51623	७६
51624	▁0.6
51625	▁14,000
51626	▁<\
51627	▁Abundance
51628	▁Alfredo
51629	▁Alsa
51630	▁Alternate
51631	▁Anakim
51632	▁Announc
51633	▁Antiochus
51634	▁Ashtaroth
51635	▁Athos
51636	▁Authenticate
51637	▁BIT
51638	▁Babe
51639	▁Baptiste
51640	▁Belgian
51641	▁Bengali
51642	▁Bennett
51643	▁Blob
51644	▁Breath
51645	▁Bureau
51646	▁COULD
51647	▁CTCP
51648	▁Calvinist
51649	▁Chester
51650	▁Clara
51651	▁Clarence
51652	▁Clinic
51653	▁Confession
51654	▁Contributed
51655	▁Countdown
51656	▁DAVID
51657	▁Davies
51658	▁Decapolis
51659	▁Dedicated
51660	▁Designate
51661	▁Devote
51662	▁Dibon
51663	▁Dirham
51664	▁Distan
51665	▁Douglas
51666	▁Dæmon
51667	▁Elena
51668	▁Elimelech
51669	▁Emoticon
51670	▁Enemy
51671	▁Epo
51672	▁Equip
51673	▁Estate
51674	▁Figuratively
51675	▁Folk
51676	▁Foot
51677	▁Fountain
51678	▁Fulfil
51679	▁Funeral
51680	▁Futuna
51681	▁GREAT
51682	▁GType
51683	▁Geoffrey
51684	▁Gittite
51685	▁Greely
51686	▁Grief
51687	▁Himalayas
51688	▁Hippo
51689	▁Hughes
51690	▁Impartial
51691	▁Importance
51692	▁Irina
51693	▁JOB
51694	▁Jaye
51695	▁Jearim
51696	▁Josué
51697	▁Judaica
51698	▁KGB
51699	▁KJots
51700	▁KTTS
51701	▁Karlsson
51702	▁Karma
51703	▁Kurt
51704	▁Kwo
51705	▁Launcher
51706	▁Lawlessness
51707	▁Lucía
51708	▁Luigi
51709	▁Magdeburg
51710	▁Magneti
51711	▁Malayalam
51712	▁Malik
51713	▁Margaryan
51714	▁Memphis
51715	▁Michelle
51716	▁Miraculous
51717	▁Münster
51718	▁Nahshon
51719	▁Nicaea
51720	▁Nuremberg
51721	▁Obstruct
51722	▁Opposers
51723	▁Padding
51724	▁Partner
51725	▁Persevere
51726	▁Phillip
51727	▁Priori
51728	▁Punish
51729	▁Punjabi
51730	▁RAR
51731	▁Radical
51732	▁Rebecca
51733	▁Recitation
51734	▁Regrettably
51735	▁Responsive
51736	▁Riblah
51737	▁Rwandan
51738	▁STOP
51739	▁Sandwich
51740	▁Seattle
51741	▁Separat
51742	▁Separation
51743	▁Shelf
51744	▁Shephatiah
51745	▁Shock
51746	▁Signat
51747	▁Siloam
51748	▁Sinaiticus
51749	▁Splane
51750	▁Stereo
51751	▁Strikethrough
51752	▁Supremacy
51753	▁Sys
51754	▁Süd
51755	▁THESS
51756	▁THROUGH
51757	▁Tabernacle
51758	▁Tang
51759	▁Tonga
51760	▁Torture
51761	▁Untrusted
51762	▁Utopia
51763	▁Venus
51764	▁Winston
51765	▁Wish
51766	▁Zod
51767	▁accommodated
51768	▁affectionately
51769	▁alway
51770	▁ambulance
51771	▁analyst
51772	▁antisocial
51773	▁apologies
51774	▁appeased
51775	▁artifacts
51776	▁audiocassette
51777	▁backyard
51778	▁basketball
51779	▁bouquet
51780	▁bray
51781	▁bunker
51782	▁caldron
51783	▁carbohydrates
51784	▁catalogue
51785	▁certified
51786	▁chapel
51787	▁choppe
51788	▁circular
51789	▁cloven
51790	▁commemorat
51791	▁commodity
51792	▁conceivable
51793	▁conciliation
51794	▁consequently
51795	▁consonants
51796	▁convulsed
51797	▁damp
51798	▁deafening
51799	▁decorati
51800	▁defendant
51801	▁demolish
51802	▁despiseth
51803	▁diagnostic
51804	▁dignify
51805	▁disfavor
51806	▁disparaging
51807	▁doubly
51808	▁dragonfly
51809	▁ember
51810	▁enlargeth
51811	▁enthrall
51812	▁erosion
51813	▁estranged
51814	▁exec
51815	▁exotic
51816	▁experimental
51817	▁expertise
51818	▁extort
51819	▁fascination
51820	▁fertilized
51821	▁fettered
51822	▁finitary
51823	▁forethought
51824	▁freshwater
51825	▁friendliness
51826	▁gangster
51827	▁grin
51828	▁harrow
51829	▁heroin
51830	▁hiring
51831	▁historicity
51832	▁hushed
51833	▁impractical
51834	▁inflated
51835	▁inflation
51836	▁infuse
51837	▁initialis
51838	▁injur
51839	▁interfaith
51840	▁interrogat
51841	▁irrigate
51842	▁itinera
51843	▁karma
51844	▁ladle
51845	▁landlord
51846	▁lawsuit
51847	▁madam
51848	▁maligned
51849	▁mansion
51850	▁menservants
51851	▁midwife
51852	▁misses
51853	▁monumental
51854	▁moor
51855	▁nasty
51856	▁nether
51857	▁onyx
51858	▁pastoral
51859	▁peddl
51860	▁pedophile
51861	▁photographer
51862	▁picturesque
51863	▁pinnacle
51864	▁plugged
51865	▁prelude
51866	▁radiate
51867	▁readjustment
51868	▁recant
51869	▁recompence
51870	▁regent
51871	▁regimen
51872	▁resizing
51873	▁rim
51874	▁rinse
51875	▁rooster
51876	▁rudder
51877	▁rushes
51878	▁sanity
51879	▁satraps
51880	▁schoolmate
51881	▁screamed
51882	▁seminary
51883	▁serene
51884	▁silkworm
51885	▁slav
51886	▁smother
51887	▁snorting
51888	▁snout
51889	▁spurned
51890	▁stabilizing
51891	▁stablish
51892	▁stud
51893	▁submenu
51894	▁subway
51895	▁tamed
51896	▁thievery
51897	▁thylacine
51898	▁tomatoes
51899	▁trapping
51900	▁traversed
51901	▁trod
51902	▁typ
51903	▁unintelligible
51904	▁unselfishness
51905	▁vegetarian
51906	▁viable
51907	▁vouch
51908	▁wagon
51909	▁wretchedness
51910	▁अंधकारमय
51911	▁अक्षम्य
51912	▁अछ
51913	▁अछा
51914	▁अट्ठाईस
51915	▁अनके
51916	▁अराधनालय
51917	▁अलमारी
51918	▁अल्बर्ट
51919	▁अवधारणा
51920	▁अवरुद्ध
51921	▁असंगति
51922	▁असेंबल
51923	▁आइरिश
51924	▁आक्सीजन
51925	▁आजमाए
51926	▁आदरनीय
51927	▁आवर्धन
51928	▁इंटरेक्टिव
51929	▁इंस्टीट्यूट
51930	▁इन्फॆक्शन
51931	▁इवान
51932	▁उतारो
51933	▁उन्मादी
51934	▁एजेंसी
51935	▁एदो
51936	▁ऐटलस
51937	▁ऐन्टीबायोटिक
51938	▁ऑपेरा
51939	▁कंबोडिया
51940	▁कब्ज़
51941	▁कराऊंगा
51942	▁क़तर
51943	▁कादेशबर्ने
51944	▁कामगार
51945	▁कार्यस्थान
51946	▁कार्ली
51947	▁किंग्
51948	▁कीटाणुओं
51949	▁कीर्ति
51950	▁कुदृष्टि
51951	▁कैलोरी
51952	▁क्रिएटर
51953	▁क्रेग
51954	▁क्लॉस
51955	▁क्लौदियुस
51956	▁खलड़
51957	▁खिलौन
51958	▁खींचती
51959	▁खोलीं
51960	▁गँवार
51961	▁गवर्न
51962	▁गाथा
51963	▁गूंध
51964	▁गोथम
51965	▁ग्नूपीजी
51966	▁ग्लिफ
51967	▁घडी
51968	▁घबराने
51969	▁चटाई
51970	▁चबूतर
51971	▁चमकाएँ
51972	▁चाहूँगी
51973	▁चिढ़ते
51974	▁चितौनिया
51975	▁चिन
51976	▁चीते
51977	▁छड़िय
51978	▁छत्ता
51979	▁छिछल
51980	▁छींक
51981	▁ज़ॉ
51982	▁जांए
51983	▁जागकर
51984	▁जीआईडी
51985	▁जुडनेवाल
51986	▁जुम्
51987	▁जूफा
51988	▁जूर
51989	▁जेना
51990	▁झकझोर
51991	▁टिफ़
51992	▁टूटती
51993	▁टूटसी
51994	▁टूथलेस
51995	▁टेनिस
51996	▁टेलिविज़न
51997	▁टेलीफ़ोन
51998	▁ठेकेदार
51999	▁डगमगाएगा
52000	▁डायरेक्ट्री
52001	▁डिसप्ले
52002	▁डींगमार
52003	▁डुल
52004	▁डेवलप
52005	▁ढलाई
52006	▁ढिंढोर
52007	▁तदनुसार
52008	▁तस्करी
52009	▁तांबे
52010	▁तानाक
52011	▁तौही
52012	▁थिस्सलुनीक
52013	▁थुआतीरा
52014	▁दक्षिणपूर्व
52015	▁दमकत
52016	▁दमदम
52017	▁दर्रे
52018	▁दर्शायी
52019	▁दिय
52020	▁दीबोन
52021	▁देमेत्रियुस
52022	▁धर्मादेश
52023	▁धर्माभिमान
52024	▁धीरा
52025	▁नतिन
52026	▁नहशोन
52027	▁नाकामयाब
52028	▁नाथन
52029	▁नानाजी
52030	▁नारीत्व
52031	▁निकालूंगा
52032	▁नियतांश
52033	▁निर्व
52034	▁नॆटवर्क
52035	▁नैन्सी
52036	▁नोब
52037	▁पतंगा
52038	▁पत्ती
52039	▁परिभ
52040	▁पर्दों
52041	▁पहरेवाल
52042	▁पहिनाया
52043	▁पहुँचाएगी
52044	▁पांजर
52045	▁पाओलो
52046	▁पार्टियाँ
52047	▁पीजी
52048	▁पीयर्स
52049	▁पुलिसवालों
52050	▁पैग
52051	▁पैना
52052	▁पोसकर
52053	▁पोसे
52054	▁प्रतिज्ञाएं
52055	▁प्रतिवर्ष
52056	▁फार
52057	▁फैदम
52058	▁फैलते
52059	▁फ्रांज़
52060	▁फ्रान्स
52061	▁फ्रीडम
52062	▁बचनेवाले
52063	▁बच्चेवालो
52064	▁बदमाशों
52065	▁बहकने
52066	▁बहारीन
52067	▁बहुविवाह
52068	▁बहुसंख्यक
52069	▁बाँधना
52070	▁बांधना
52071	▁बाए
52072	▁बारबो
52073	▁बालिग
52074	▁बिजनेस
52075	▁बिल्ट
52076	▁बिल्लियों
52077	▁बुराइया
52078	▁बेचनेवाले
52079	▁बेतुक
52080	▁ब्रॉडकास्ट
52081	▁भगाया
52082	▁भाड़े
52083	▁भुलैया
52084	▁भूमिगत
52085	▁मकाओ
52086	▁मकोड़ों
52087	▁मचायी
52088	▁मछुआरे
52089	▁मछुव
52090	▁मसूद
52091	▁महत्त्वहीन
52092	▁माँगेगा
52093	▁मांसपेशियों
52094	▁माथ
52095	▁मार्को
52096	▁मासा
52097	▁मिरगी
52098	▁मीशाएल
52099	▁मुआफ़
52100	▁मुट्ठ
52101	▁मुर्गियाँ
52102	▁मेकिंग
52103	▁मेननाइट
52104	▁मेलेटो
52105	▁मॉडेम
52106	▁युनाइट
52107	▁योशियाह
52108	▁रखैल
52109	▁रस्त
52110	▁रस्सिया
52111	▁रहबा
52112	▁राइन
52113	▁रिप्लेस
52114	▁रीयूनियन
52115	▁रूज
52116	▁रूबेनी
52117	▁रैल्फ
52118	▁लंच
52119	▁ललकारा
52120	▁ललचा
52121	▁लिखवायी
52122	▁लुकास
52123	▁लेज़र
52124	▁लॉइड
52125	▁लोंग
52126	▁विकलाँग
52127	▁विभाज्य
52128	▁वेलिडेट
52129	▁शक्तियों
52130	▁शवलेपन
52131	▁शाखाएँ
52132	▁शेन
52133	▁शोथ
52134	▁श्श्श
52135	▁संचालक
52136	▁संतृप्त
52137	▁संबध
52138	▁संस्क
52139	▁सदुप
52140	▁सनसनी
52141	▁सफ़लता
52142	▁सम्पति
52143	▁सम्भाले
52144	▁सम्मोहक
52145	▁सरका
52146	▁सराहा
52147	▁सर्राफ
52148	▁सहपाठियों
52149	▁सहेलियाँ
52150	▁सिंथेसाइजर
52151	▁सिंहनी
52152	▁सेलसियस
52153	▁सैंतीस
52154	▁स्मी
52155	▁स्लोवाक
52156	▁स्लोवाकिया
52157	▁हजामत
52158	▁हनानी
52159	▁हर्ज़
52160	▁हल्ला
52161	▁हिचकिचाहट
52162	▁हिन्
52163	▁हूटू
52164	▁हॉस्
52165	▁१९६८
52166	▁१९६९
52167	▁५७
52168	▁९९
52169	("12
52170	110
52171	24,000
52172	33"
52173	70,000
52174	82
52175	Abdullah
52176	BALT
52177	Brown
52178	CAUSE
52179	CROWD
52180	Christianity
52181	Drive
52182	Empathy
52183	Flex
52184	Flip
52185	GASPING
52186	German
52187	Hang
52188	Implie
52189	Index
52190	Inverted
52191	Khidr
52192	LN
52193	Leste
52194	Maybe
52195	Michael
52196	Mount
52197	Musrifun
52198	Phrase
52199	Postpone
52200	RCE
52201	Rass
52202	Rate
52203	Remind
52204	Resolve
52205	SEX
52206	Sabi
52207	Scripture
52208	Strong
52209	Summary
52210	TYPE
52211	Uzza
52212	ancel
52213	anjuta
52214	ario
52215	aze
52216	beautiful
52217	behold
52218	besides
52219	buried
52220	carefully
52221	collapse
52222	completion
52223	compress
52224	continent
52225	decipher
52226	discriminat
52227	disgusting
52228	disquieting
52229	eneath
52230	establish
52231	executable
52232	experience
52233	feld
52234	figure
52235	fuzzy
52236	guardian
52237	heated
52238	indiscriminately
52239	justice
52240	keyword
52241	magic
52242	micro
52243	miracle
52244	mitry
52245	mixed
52246	morning
52247	mplified
52248	msg
52249	nourished
52250	obligatory
52251	optimal
52252	persist
52253	polytheism
52254	pping
52255	productive
52256	purpose
52257	ql
52258	quash
52259	remain
52260	require
52261	ricate
52262	separately
52263	shout
52264	shuddha
52265	silver
52266	slower
52267	speech
52268	subdir
52269	svn
52270	therefore
52271	unsafe
52272	whoever
52273	xcessive
52274	ंडविच
52275	अंतिम
52276	अकसर
52277	अधि
52278	आँख
52279	इद
52280	ईआर
52281	ईडोल
52282	ईनाम
52283	उजाड़
52284	एंपेथी
52285	ऑर्डर
52286	केसाथ
52287	क्षय
52288	खतरनाक
52289	खेगी
52290	गए
52291	गरानी
52292	गार्ड
52293	गेबेर
52294	ग्राफ़िक
52295	घराने
52296	घिया
52297	चादरें
52298	चोरी
52299	च्छिक
52300	छड़ी
52301	जहाज़
52302	ज़ाई
52303	जाद
52304	झंझ
52305	झगड़े
52306	ट्रिब्यू
52307	ट्रिस
52308	ट्रेन
52309	डॆंट
52310	डेवलपर्स
52311	डेस्कटॉप
52312	त्क्षण
52313	दिमाग
52314	नेग्रो
52315	नोई
52316	पढ़ा
52317	परिवार
52318	पाँव
52319	पादिका
52320	पीप
52321	पेशी
52322	पोर्टेट
52323	फाड़
52324	फुलका
52325	फोर्ज
52326	बहुएं
52327	बाइट्स
52328	बुझ
52329	मंडली
52330	मिक्स
52331	मीकरण
52332	मुज
52333	मुन्ना
52334	मुह
52335	मूंह
52336	मेवा
52337	मोटे
52338	म्बिक
52339	यन्स
52340	रक्त
52341	रज्ज
52342	रराष्ट्रीय
52343	राजपद
52344	राजाओं
52345	रिवर्तन
52346	रौशनी
52347	र्जस्वित
52348	लंबवत
52349	लड़का
52350	लड़कियों
52351	लुक
52352	लेप
52353	लैंडस्केप
52354	लोहू
52355	वसन
52356	वाटर
52357	विट्
52358	व्यापार
52359	समथ
52360	सहित
52361	सियस
52362	सुरक्षित
52363	सैनिक
52364	स्केल
52365	स्टोन
52366	स्वामी
52367	हत्या
52368	हाफ
52369	हार्य
52370	होशियार
52371	़ूज़
52372	ातुर
52373	ायु
52374	ास्पद
52375	ाहारी
52376	ुलेशन
52377	ॉर्क
52378	ोग्राफिक
52379	ोनोग्राफ
52380	ौस
52381	्तार
52382	्नीएल
52383	्पी
52384	्युटर
52385	३९
52386	८५
52387	⁄
52388	▁"#$:%+,-.=@^_`~
52389	▁0.1
52390	▁1909
52391	▁1913
52392	▁2017
52393	▁480
52394	▁9,000
52395	▁Accelerator
52396	▁Accessors
52397	▁Accident
52398	▁Agree
52399	▁Amber
52400	▁Angry
52401	▁Anytime
52402	▁Argument
52403	▁Asherah
52404	▁Assist
52405	▁Austrian
52406	▁Autoconf
52407	▁Autostart
52408	▁Barcelona
52409	▁Basque
52410	▁Belteshazzar
52411	▁Beriah
52412	▁Betty
52413	▁Bubble
52414	▁Buddha
52415	▁Burma
52416	▁CHEERING
52417	▁CIA
52418	▁COLO
52419	▁CONDITION
52420	▁Cambodian
52421	▁Chaldean
52422	▁Clatterer
52423	▁Claude
52424	▁Consequences
52425	▁Copernicus
52426	▁Craig
52427	▁Crater
52428	▁Crush
52429	▁Cyrene
52430	▁DEUT
52431	▁Delphi
52432	▁Disfellowshipp
52433	▁Disput
52434	▁Dissociat
52435	▁Dramatic
52436	▁Eighteen
52437	▁Emphasiz
52438	▁Emulator
52439	▁Equality
52440	▁Essenes
52441	▁Evangelical
52442	▁Excel
52443	▁Exhortation
52444	▁FUCK
52445	▁Feather
52446	▁Foretell
52447	▁Friedl
52448	▁Frontend
52449	▁Fruitage
52450	▁Fulfillment
52451	▁Gail
52452	▁Gina
52453	▁Gotham
52454	▁Grecian
52455	▁Handler
52456	▁Harmful
52457	▁Herodias
52458	▁IRA
52459	▁ISNUM
52460	▁ISNUMBER
52461	▁Iblees
52462	▁Injil
52463	▁Italic
52464	▁Jabez
52465	▁Jeffrey
52466	▁Jeiel
52467	▁Jens
52468	▁Jewelry
52469	▁Judi
52470	▁KWeather
52471	▁Kilimanjaro
52472	▁Krecipes
52473	▁Krist
52474	▁Leonardo
52475	▁Limbo
52476	▁Louisiana
52477	▁Lourdes
52478	▁Lyons
52479	▁MERCHAN
52480	▁Mafia
52481	▁Magnifier
52482	▁Maintenance
52483	▁Marine
52484	▁Maud
52485	▁Mb
52486	▁Mercury
52487	▁Moffat
52488	▁Moravia
52489	▁Motor
52490	▁NGC
52491	▁Natalie
52492	▁Neriah
52493	▁Nineteen
52494	▁Normalis
52495	▁Nuclear
52496	▁ORIGIN
52497	▁OftForgiving
52498	▁Oftentimes
52499	▁Olympia
52500	▁Omega
52501	▁OpenOffice
52502	▁Oregon
52503	▁Outward
52504	▁Pamphylia
52505	▁Panic
52506	▁Passenger
52507	▁Pax
52508	▁Pius
52509	▁Potential
52510	▁Predefined
52511	▁Principle
52512	▁Qumran
52513	▁RINGS
52514	▁Racial
52515	▁Recipien
52516	▁Recognition
52517	▁Regret
52518	▁Rie
52519	▁SARAH
52520	▁SMS
52521	▁Seventy
52522	▁Shah
52523	▁Shakespeare
52524	▁Shop
52525	▁Smile
52526	▁Spectator
52527	▁Stamp
52528	▁Standby
52529	▁Stapler
52530	▁Strategy
52531	▁Stupid
52532	▁Swahili
52533	▁Synchronisation
52534	▁Terra
52535	▁Tibor
52536	▁Tire
52537	▁Tooltip
52538	▁Trina
52539	▁Tyrus
52540	▁Undeserv
52541	▁Unsolved
52542	▁Vasa
52543	▁Venda
52544	▁Verbal
52545	▁WINS
52546	▁Wolfgang
52547	▁Workspace
52548	▁XIV
52549	▁Yaghuth
52550	▁Yoshi
52551	▁Zacharias
52552	▁academies
52553	▁accomplice
52554	▁adjoin
52555	▁advertisement
52556	▁aggress
52557	▁albinism
52558	▁alienate
52559	▁antagonist
52560	▁apparatus
52561	▁apportioned
52562	▁aptitude
52563	▁arbfp
52564	▁austere
52565	▁backbone
52566	▁benches
52567	▁bullies
52568	▁capitalism
52569	▁carelessness
52570	▁carnage
52571	▁cheaper
52572	▁climactic
52573	▁composure
52574	▁concord
52575	▁concur
52576	▁congestion
52577	▁contaminate
52578	▁contractor
52579	▁cremation
52580	▁crippling
52581	▁dabbl
52582	▁daring
52583	▁delinquency
52584	▁derogatory
52585	▁detector
52586	▁dick
52587	▁disclosure
52588	▁disfellowship
52589	▁disputants
52590	▁disreputable
52591	▁disruptive
52592	▁dormant
52593	▁drench
52594	▁duct
52595	▁earnestness
52596	▁earthenware
52597	▁emulator
52598	▁enshroud
52599	▁ensue
52600	▁escalated
52601	▁excelled
52602	▁expressive
52603	▁fabricator
52604	▁fatty
52605	▁fertilizing
52606	▁financing
52607	▁flatten
52608	▁flippers
52609	▁footmen
52610	▁formality
52611	▁frolic
52612	▁fundamentalists
52613	▁gallon
52614	▁gecko
52615	▁gleam
52616	▁hampered
52617	▁heartbeat
52618	▁hectare
52619	▁heroic
52620	▁housewife
52621	▁hyperbola
52622	▁impair
52623	▁impurities
52624	▁inordinacy
52625	▁inquiries
52626	▁insignificance
52627	▁insistent
52628	▁instability
52629	▁interruption
52630	▁kettle
52631	▁kidnap
52632	▁kidnapping
52633	▁kioslave
52634	▁knelt
52635	▁lighthouse
52636	▁lioness
52637	▁massacred
52638	▁memorialize
52639	▁mercilessly
52640	▁minimized
52641	▁minorities
52642	▁modifi
52643	▁momentarily
52644	▁nano
52645	▁necktie
52646	▁nethermost
52647	▁nomadic
52648	▁nugget
52649	▁obese
52650	▁ossuary
52651	▁outnumbered
52652	▁overwritt
52653	▁paganism
52654	▁pamper
52655	▁paramilitar
52656	▁patent
52657	▁pendant
52658	▁platelets
52659	▁precarious
52660	▁pry
52661	▁pursuers
52662	▁quadratic
52663	▁quarrelle
52664	▁queried
52665	▁rebirth
52666	▁receding
52667	▁reconstruction
52668	▁reliev
52669	▁renewal
52670	▁renovated
52671	▁riverbed
52672	▁rubbing
52673	▁runlevel
52674	▁sash
52675	▁scam
52676	▁scrape
52677	▁seabed
52678	▁seductive
52679	▁shack
52680	▁shady
52681	▁shank
52682	▁simulator
52683	▁sinneth
52684	▁skipping
52685	▁soared
52686	▁solidarity
52687	▁stepfather
52688	▁stimulation
52689	▁stupidity
52690	▁syn
52691	▁termite
52692	▁thumbnailer
52693	▁tracing
52694	▁trainee
52695	▁translucent
52696	▁trellised
52697	▁tremor
52698	▁trident
52699	▁unblest
52700	▁uninterrupted
52701	▁unlovable
52702	▁unreceptive
52703	▁vaccination
52704	▁valuation
52705	▁vengeful
52706	▁veyr
52707	▁vicegerent
52708	▁wallow
52709	▁weaponry
52710	▁wretch
52711	▁अंतरण
52712	▁अंधीगली
52713	▁अकलमंद
52714	▁अकस्मात
52715	▁अदुल्लाम
52716	▁अधिनियम
52717	▁अनडू
52718	▁अनिच्छ
52719	▁अनीता
52720	▁अनू
52721	▁अनूठ
52722	▁अन्ड
52723	▁अन्यायपूर्ण
52724	▁अपशिष्ट
52725	▁अफ़वाह
52726	▁अफ़्रीका
52727	▁अरज
52728	▁आकाशवाण
52729	▁आड़ाई
52730	▁आरोपित
52731	▁आर्मागेडन
52732	▁आवर्द्धक
52733	▁आश्रम
52734	▁इंस्टैंसे
52735	▁इट्
52736	▁इमेजेस
52737	▁इम्मे
52738	▁इस्राएलियो
52739	▁उज्जियाह
52740	▁उद्घोषक
52741	▁उनेसिफुरुस
52742	▁एनगदी
52743	▁एनवि
52744	▁एलीएल
52745	▁कद्दू
52746	▁कश्मीर
52747	▁क़ाफ
52748	▁क़ामयाब
52749	▁काउंसिल
52750	▁काटनेवाले
52751	▁काबिलियत
52752	▁कामुकता
52753	▁कारखानों
52754	▁कारवाँ
52755	▁कीर्तिमान
52756	▁कुमारियो
52757	▁केटलॉग
52758	▁कैरिबियन
52759	▁कैसॆट
52760	▁कोठे
52761	▁क्रमानुसार
52762	▁क्लिपर
52763	▁क्षतिग्रस्त
52764	▁खंभों
52765	▁खटखटाते
52766	▁ख़मीर
52767	▁खाँसी
52768	▁खानाबदोश
52769	▁खिंचा
52770	▁खूँट
52771	▁गड्ड
52772	▁गदहियां
52773	▁गरजना
52774	▁गश्
52775	▁गाड़ा
52776	▁गाढ
52777	▁गिड़गिड़ाया
52778	▁गृहदेवताओं
52779	▁गेज़
52780	▁गॉल
52781	▁ग्राफ़िक
52782	▁ग्रेडियन्स
52783	▁घुटता
52784	▁घेरती
52785	▁चमकाता
52786	▁चराइयां
52787	▁चलाओ
52788	▁चाबियाँ
52789	▁चित्तीवाले
52790	▁चिन्ताएं
52791	▁चेंज
52792	▁चेतन
52793	▁चौंधिया
52794	▁छलाँग
52795	▁छील
52796	▁छेड़ा
52797	▁छोडो
52798	▁जकड़ा
52799	▁जताएँ
52800	▁जनरेटर
52801	▁जिंबाबवे
52802	▁जीएगा
52803	▁जीलैंड
52804	▁जूतियां
52805	▁जेनेर
52806	▁जोनाथन
52807	▁जोर्डन
52808	▁जोसीफ़स
52809	▁झड़बेरी
52810	▁झालर
52811	▁झिझकना
52812	▁झिझका
52813	▁टक्स
52814	▁टाइटस
52815	▁टालनेवाले
52816	▁टेबुलेटर
52817	▁टेल
52818	▁टैर
52819	▁टॉर
52820	▁ठह
52821	▁ठहरीं
52822	▁डायरेक्टर
52823	▁डिपो
52824	▁डिर्क
52825	▁डिवाइन
52826	▁डींगे
52827	▁डीएनए
52828	▁ढप
52829	▁तक़ाज़
52830	▁तीर्थ
52831	▁तोहफ़ा
52832	▁थाईलैंड
52833	▁थॉम्पसन
52834	▁थोपते
52835	▁ददान
52836	▁दरवाज
52837	▁दर्शान
52838	▁दाखलताओं
52839	▁दिखलाई
52840	▁दुपट्ट
52841	▁दूंगी
52842	▁दोहराई
52843	▁धिक्कारने
52844	▁धोख
52845	▁नकारें
52846	▁नसें
52847	▁नाइजर
52848	▁निभाएगा
52849	▁निर्भय
52850	▁नीतियाँ
52851	▁नीलाः
52852	▁नुस्ख़े
52853	▁नुस्खा
52854	▁नौसेना
52855	▁न्यायोचित
52856	▁न्यूट्रॉन्स
52857	▁पंचभुज
52858	▁परफार्मेंस
52859	▁पराजय
52860	▁परावर्तन
52861	▁परिमाप
52862	▁परिसीम
52863	▁पाइंटर
52864	▁पाएँगी
52865	▁पाखण्डी
52866	▁पातीं
52867	▁पिकनिक
52868	▁पिट्
52869	▁पीजिए
52870	▁पीटता
52871	▁पुनर्वितर
52872	▁पुर्ज
52873	▁पूर्वकथन
52874	▁पॉर्ट
52875	▁पॉलि
52876	▁प्रज्वलित
52877	▁प्रतिलिपिक
52878	▁प्रसिद्धि
52879	▁प्राइवे
52880	▁प्रिज़्म
52881	▁प्लाज़्मा
52882	▁फ़जी
52883	▁फिलिपीन
52884	▁फोल्डरः
52885	▁बटुए
52886	▁बतायें
52887	▁बनाओगे
52888	▁बनूं
52889	▁बरतिए
52890	▁बिताकर
52891	▁बेंच
52892	▁बेरुख
52893	▁बेरेक्याह
52894	▁बैतसैदा
52895	▁बोनस
52896	▁बोलेगा
52897	▁ब्रेकडाउन
52898	▁भड़केगा
52899	▁भेजनेवाला
52900	▁भोली
52901	▁मकदूनियाई
52902	▁मटोल
52903	▁मनोग्रस्त
52904	▁मनोरथ
52905	▁मरोड़ा
52906	▁महफ
52907	▁महललेल
52908	▁महामारियाँ
52909	▁महिमान्वित
52910	▁माइलीन
52911	▁मानदण्ड
52912	▁मार्टीन
52913	▁मिक्वेलन
52914	▁मीनू
52915	▁मुशर
52916	▁मृत्युदंड
52917	▁मैथिय
52918	▁मोजि
52919	▁मोरोक्को
52920	▁म्यूनि
52921	▁यरोहाम
52922	▁यूजीन
52923	▁योजनाएं
52924	▁रनर
52925	▁रशियन
52926	▁राजपुत्र
52927	▁रिझाने
52928	▁रिले
52929	▁रुकते
52930	▁रेंडर्ड
52931	▁रेनॉ
52932	▁लवनेवाल
52933	▁लाऊँगा
52934	▁लायीं
52935	▁लिज़
52936	▁लिटाया
52937	▁लीरा
52938	▁लुकअप
52939	▁लुटेरे
52940	▁लेबनॉन
52941	▁लैंडलाइन
52942	▁लैव
52943	▁लॉजिकल
52944	▁लोहार
52945	▁विनबाइंड
52946	▁विस्फ़ोट
52947	▁वृष्टि
52948	▁वृहस्पति
52949	▁वेरिएंस
52950	▁वेरिएबल्स
52951	▁व्हा
52952	▁शरद
52953	▁शर्ल
52954	▁सँजो
52955	▁संचयन
52956	▁संजीद
52957	▁संपादकीय
52958	▁संबन्ध
52959	▁सताएँगे
52960	▁समानुभूति
52961	▁सर्वसम्मत
52962	▁साईट
52963	▁सिंक्रोनाइजेशन
52964	▁सिसिली
52965	▁सीजीआई
52966	▁सुर्ख
52967	▁सूंघ
52968	▁सूचियाँ
52969	▁सेक्शन
52970	▁सोनिया
52971	▁सोफे
52972	▁सोरा
52973	▁सौदों
52974	▁स्काउट
52975	▁स्टेपलर
52976	▁स्टैंडबा
52977	▁स्नातकता
52978	▁स्प्रेड
52979	▁हशब्याह
52980	▁हेडिज़
52981	▁हेलिकॉप्टर
52982	▁हेशमोन
52983	▁१०४
52984	▁१९६३
52985	▁१९७३
52986	▁२५०
52987	▁९६
52988	(12.5
52989	288
52990	30,000
52991	9,000
52992	ARRAN
52993	August
52994	Cost
52995	Dispute
52996	EMIA
52997	Enough
52998	Entirely
52999	Exp
53000	Footer
53001	Indentation
53002	Input
53003	Keefe
53004	METHOD
53005	March
53006	Power
53007	Prefecture
53008	RED
53009	Regular
53010	SQLite
53011	Sidebar
53012	Sub
53013	Thy
53014	Upon
53015	Welcome
53016	YELLING
53017	accepted
53018	ackend
53019	adi
53020	author
53021	beast
53022	beloved
53023	builder
53024	cancell
53025	communication
53026	contain
53027	crush
53028	culating
53029	delight
53030	design
53031	dig
53032	dreadful
53033	elestial
53034	favor
53035	forbidden
53036	furthest
53037	gories
53038	healthy
53039	hospitable
53040	infinit
53041	isting
53042	llegedly
53043	luorescent
53044	naval
53045	nblood
53046	nculcate
53047	negative
53048	odor
53049	prescribed
53050	profit
53051	pursue
53052	random
53053	received
53054	request
53055	science
53056	settlement
53057	shake
53058	simile
53059	sitting
53060	spell
53061	stranded
53062	supplicating
53063	sweet
53064	temporary
53065	trouble
53066	uniformity
53067	vene
53068	virgin
53069	wire
53070	wish
53071	words
53072	·ʼ
53073	ē
53074	š
53075	अतिरिक्त
53076	अदब
53077	अद्यतन
53078	अन्यजाति
53079	अश्
53080	आजकल
53081	इनाम
53082	इन्तज
53083	उड़ा
53084	उदास
53085	उपदेश
53086	ऊंचे
53087	ऎं
53088	क़र्ज़दारों
53089	कुंड
53090	कूपर
53091	क्ष्य
53092	ग़ा
53093	गैलस
53094	ग्रहित
53095	ग्राही
53096	चर्म
53097	चाद
53098	चिंटू
53099	चीक
53100	चुम्बकीय
53101	जस्व
53102	ज़बेथ
53103	ज़ूल
53104	जिला
53105	जीपीएल
53106	जुला
53107	ज्वा
53108	डिथ
53109	डीकै
53110	ड्रल
53111	तीव्रतम
53112	तौभी
53113	दरबार
53114	दर्ज
53115	निस्
53116	पहिल
53117	पहुँचने
53118	पॉड
53119	पोस्ट
53120	प्रमाणित
53121	बंकर
53122	बाबुल
53123	बालू
53124	बिजली
53125	बिसाऊ
53126	बोट
53127	भई
53128	भुजा
53129	मंदी
53130	मम्मी
53131	माशा
53132	मिलाप
53133	मुर्दो
53134	मेलेक
53135	मोबाइल
53136	म्बल
53137	यशीमो
53138	यिम
53139	रुन
53140	रूज़
53141	रूण
53142	रॆट
53143	रेटेड
53144	लिवरी
53145	लैन्ड
53146	ल्यो
53147	ल्लाह
53148	वर्धित
53149	वांछित
53150	विजय
53151	वॉल
53152	व्यक्
53153	संतुलित
53154	संयुक्
53155	सलोना
53156	सीएफ़
53157	सुविधा
53158	सेंजर
53159	सेरो
53160	स्थायी
53161	स्पद
53162	स्पेसबार
53163	हेरीटे
53164	ाड़ी
53165	ाबोर
53166	िसंघ
53167	ुप्पी
53168	्क्स
53169	१००
53170	६००
53171	७३
53172	९९
53173	▁0.7
53174	▁186
53175	▁234
53176	▁Adapter
53177	▁Admonish
53178	▁Aileen
53179	▁Alzheimer
53180	▁Ample
53181	▁Antialias
53182	▁Arrive
53183	▁Asiaweek
53184	▁Associat
53185	▁Attendance
53186	▁Awesome
53187	▁Backgammon
53188	▁Bedouin
53189	▁Berechiah
53190	▁Berk
53191	▁Bernhard
53192	▁Cease
53193	▁Cheers
53194	▁Chorazin
53195	▁Claudia
53196	▁Club
53197	▁Complutens
53198	▁Crazy
53199	▁Cynic
53200	▁Darken
53201	▁Diane
53202	▁Diaspora
53203	▁Dice
53204	▁Divers
53205	▁Domini
53206	▁EAR
53207	▁ENTER
53208	▁Educator
53209	▁Edwin
53210	▁Elsie
53211	▁Encounter
53212	▁Esaias
53213	▁Ethnic
53214	▁Exert
53215	▁Expense
53216	▁Expiration
53217	▁FRIEND
53218	▁Fascist
53219	▁Frost
53220	▁Gav
53221	▁Goddamn
53222	▁Goff
53223	▁Grady
53224	▁Grain
53225	▁Grown
53226	▁HEART
53227	▁Hardship
53228	▁Harmony
53229	▁Hop
53230	▁Incredible
53231	▁Independence
53232	▁Infant
53233	▁Initialisation
53234	▁Iraqi
53235	▁JANE
53236	▁Jaya
53237	▁Jefferson
53238	▁Judg
53239	▁Judici
53240	▁KDevelop
53241	▁Kang
53242	▁Kathleen
53243	▁Katrina
53244	▁Klipper
53245	▁Koruna
53246	▁LIVES
53247	▁Lamu
53248	▁Leonard
53249	▁Lewis
53250	▁Lightning
53251	▁MAY
53252	▁Magnificent
53253	▁Malay
53254	▁Marcel
53255	▁Mechanism
53256	▁Micha
53257	▁Milestone
53258	▁Miletus
53259	▁Mississippi
53260	▁Molecul
53261	▁Nabonidus
53262	▁Netophathite
53263	▁Niehaus
53264	▁Norton
53265	▁Noteworthy
53266	▁Optimistic
53267	▁Orleans
53268	▁Oscar
53269	▁PRAY
53270	▁PROFILE
53271	▁Pablo
53272	▁Pavsky
53273	▁Peanut
53274	▁Peleg
53275	▁Pencil
53276	▁Pentagon
53277	▁Persecuted
53278	▁Plead
53279	▁Precision
53280	▁Princess
53281	▁Proprietary
53282	▁Puah
53283	▁QUALITIES
53284	▁Quarto
53285	▁READERS
53286	▁REGULAR
53287	▁Raleigh
53288	▁Reactiv
53289	▁Reciprocal
53290	▁Recommended
53291	▁Recount
53292	▁Reflection
53293	▁Reina
53294	▁Renaissance
53295	▁Reopen
53296	▁Rider
53297	▁Rosie
53298	▁SQLite
53299	▁Shh
53300	▁Shield
53301	▁Situation
53302	▁Slander
53303	▁Slot
53304	▁Spiral
53305	▁Subtitle
53306	▁Supplicat
53307	▁TAKE
53308	▁TALK
53309	▁TRU
53310	▁Temper
53311	▁Timnah
53312	▁Tiranë
53313	▁Titicaca
53314	▁Tuberculosis
53315	▁Tuxpaint
53316	▁Twentie
53317	▁Vast
53318	▁Vicky
53319	▁Whisper
53320	▁Zeit
53321	▁academy
53322	▁accentuated
53323	▁adjure
53324	▁analyzer
53325	▁applicant
53326	▁appraise
53327	▁aspiration
53328	▁atoll
53329	▁avarice
53330	▁barrage
53331	▁berries
53332	▁beryl
53333	▁bluefin
53334	▁burrow
53335	▁capacities
53336	▁ceremonially
53337	▁chaplain
53338	▁chimney
53339	▁chuck
53340	▁churn
53341	▁citadel
53342	▁coercion
53343	▁coffin
53344	▁colonel
53345	▁contraceptive
53346	▁corroborate
53347	▁crab
53348	▁cryptograph
53349	▁deduce
53350	▁deduction
53351	▁delinquent
53352	▁despot
53353	▁dewdrops
53354	▁dictatorial
53355	▁diffuse
53356	▁diminishes
53357	▁diplomacy
53358	▁diplomatic
53359	▁disallow
53360	▁dissipate
53361	▁distasteful
53362	▁dumbfounded
53363	▁dunes
53364	▁dusk
53365	▁echoes
53366	▁estuary
53367	▁exploration
53368	▁fanatical
53369	▁felicity
53370	▁ferocious
53371	▁festive
53372	▁fictitious
53373	▁finality
53374	▁finite
53375	▁flake
53376	▁fox
53377	▁gazelle
53378	▁glib
53379	▁gluttony
53380	▁goldsmith
53381	▁gracefully
53382	▁groove
53383	▁grumble
53384	▁habitually
53385	▁halfop
53386	▁histories
53387	▁humid
53388	▁illuminators
53389	▁illusory
53390	▁imperil
53391	▁imprint
53392	▁inducement
53393	▁infantry
53394	▁instigation
53395	▁juvenile
53396	▁knead
53397	▁knop
53398	▁latrine
53399	▁lease
53400	▁locating
53401	▁longevity
53402	▁lustful
53403	▁malfunction
53404	▁marathon
53405	▁masturbation
53406	▁menopause
53407	▁midpoint
53408	▁minimizing
53409	▁ministration
53410	▁minu
53411	▁misus
53412	▁monopoly
53413	▁mown
53414	▁multilingual
53415	▁muscular
53416	▁newsmagazine
53417	▁nourishes
53418	▁numeral
53419	▁obstruction
53420	▁paralytic
53421	▁peck
53422	▁perch
53423	▁pitiful
53424	▁plausible
53425	▁pliant
53426	▁portfolio
53427	▁proconsul
53428	▁proliferate
53429	▁psychiatri
53430	▁pulp
53431	▁raisins
53432	▁ratified
53433	▁recollect
53434	▁reinstall
53435	▁repellent
53436	▁reprobate
53437	▁repulsive
53438	▁resin
53439	▁retribut
53440	▁revelry
53441	▁rottenness
53442	▁runneth
53443	▁saluting
53444	▁scowled
53445	▁sedentary
53446	▁soaring
53447	▁sprinkling
53448	▁squall
53449	▁steeds
53450	▁stepparent
53451	▁sterilization
53452	▁stro
53453	▁subsist
53454	▁subversive
53455	▁succinct
53456	▁swimmer
53457	▁teasing
53458	▁technician
53459	▁typhoon
53460	▁unicorn
53461	▁unmistakably
53462	▁unmovable
53463	▁unproductive
53464	▁unqualified
53465	▁uterus
53466	▁vulgar
53467	▁vulture
53468	▁wearisome
53469	▁wildcard
53470	▁wilfully
53471	▁wireless
53472	▁workmanship
53473	▁workstation
53474	▁wrangling
53475	▁wx
53476	▁अंगूठ
53477	▁अंगूठे
53478	▁अग्रगामी
53479	▁अटपट
53480	▁अनिच्छा
53481	▁अनुमतियां
53482	▁अपश्
53483	▁अपेक
53484	▁अमेज़
53485	▁अर्क़
53486	▁अलाव
53487	▁अशांति
53488	▁असीर
53489	▁आँध
53490	▁आंकड
53491	▁आज़माना
53492	▁आनन्दपूर्वक
53493	▁आयल
53494	▁आर्मीनिया
53495	▁इंटरपोल
53496	▁इक्वेटोर
53497	▁इतवार
53498	▁इल्ल
53499	▁उक्
53500	▁उगाती
53501	▁उजाड
53502	▁उण्डेलूंगा
53503	▁उतरेगा
53504	▁उदासीन
53505	▁उद्ध
53506	▁उपजाऊंगा
53507	▁उपभोक्
53508	▁उपर्युक्
53509	▁उम्रवाली
53510	▁एंडरसन
53511	▁एक्सक्ल
53512	▁एजेन्सी
53513	▁एतान
53514	▁एनस्थिज़िय
53515	▁एन्थ
53516	▁एलीमेलेक
53517	▁ऑपरेशन्स
53518	▁ऑब्ज
53519	▁ओपीर
53520	▁ओलंपिक
53521	▁ओवरटाइम
53522	▁कतरने
53523	▁कपास
53524	▁करवाएँ
53525	▁कहरते
53526	▁कार्टा
53527	▁किर्गिस्तान
53528	▁किशमिश
53529	▁कीटनाशक
53530	▁कुण्ठा
53531	▁कुन्
53532	▁कुशलतापूर्वक
53533	▁कृपापूर्ण
53534	▁केनान
53535	▁कैथारस
53536	▁कैफ़ीन
53537	▁कॉलपोर्टर
53538	▁कोडॆक्स
53539	▁क्रिटिक
53540	▁क्रीप्टोण
53541	▁खड़खड़ा
53542	▁गठबंधन
53543	▁गिलब
53544	▁गुरिल्ला
53545	▁गुर्रा
53546	▁गॆ
53547	▁गोमा
53548	▁ग्रेडी
53549	▁ग्लूकोज़
53550	▁ग्लोरिया
53551	▁घटेगी
53552	▁घबराया
53553	▁घुमाए
53554	▁घुमावदार
53555	▁चक्रवात
53556	▁चलाएगा
53557	▁चारदीवारी
53558	▁चिंटूपेंट
53559	▁चिपचिपा
53560	▁चिल
53561	▁चॆक
53562	▁चेयरमैन
53563	▁छँटाई
53564	▁छाँटना
53565	▁छिपाएगा
53566	▁छूछी
53567	▁छूती
53568	▁छोड़ूँगा
53569	▁जरस
53570	▁जरुब्बाबेल
53571	▁जस्टिन
53572	▁ज़मान
53573	▁ज़रूरतमन्द
53574	▁ज़ॆबरा
53575	▁जादूगरनी
53576	▁जीजाजी
53577	▁जीटीके
53578	▁जीपीएल
53579	▁जुएबाज़ी
53580	▁जुगनू
53581	▁जेनिफर
53582	▁जेह
53583	▁जैकसन
53584	▁जैगर
53585	▁जैनट
53586	▁टर्की
53587	▁टाग्
53588	▁टिप
53589	▁टेम्प्लेट
53590	▁टॉयलेट
53591	▁ट्रान्सलेशन
53592	▁ठठ्ठा
53593	▁डट
53594	▁डिजाइनर
53595	▁डिजिक
53596	▁डिवीजन
53597	▁डीकॉप
53598	▁डेलर
53599	▁ड्राइविंग
53600	▁ड्रॉ
53601	▁ढुॅंढ
53602	▁तंज़ानिया
53603	▁तसलीम
53604	▁ताम
53605	▁तितलियाँ
53606	▁तैंतीस
53607	▁तैरती
53608	▁तोबियाह
53609	▁त्रिशूल
53610	▁थियोक्र
53611	▁दबकर
53612	▁दर्शाएँ
53613	▁दाँयी
53614	▁दिखलाए
53615	▁दिखलाने
53616	▁दीर्घकालिक
53617	▁दूतो
53618	▁धूआ
53619	▁नजदीक
53620	▁नाइट्रोजन
53621	▁नाचत
53622	▁नारे
53623	▁निकोटीन
53624	▁निमोनिया
53625	▁नुमाइंदे
53626	▁नेत्रहीन
53627	▁नोटबुक
53628	▁न्यूट्री
53629	▁पटका
53630	▁पडूंगा
53631	▁परिचाल
53632	▁परिज्जियों
53633	▁परिणत
53634	▁परित्यक्
53635	▁परिस्थित
53636	▁पश
53637	▁पहुंचाऊंगा
53638	▁पाइपलाइन
53639	▁पाऊंगा
53640	▁पारान
53641	▁पिशितोत्सव
53642	▁पुरातत्व
53643	▁पैद
53644	▁पॉलीग्लोट
53645	▁पोस्टकार्ड
53646	▁प्रजातियाँ
53647	▁प्रतिक्रियाएँ
53648	▁प्रतिद्वन्दी
53649	▁प्रतिमान
53650	▁प्रत्
53651	▁प्रभ
53652	▁प्रभावकारिता
53653	▁प्रसाधन
53654	▁प्रिंसिपल
53655	▁प्रीमियम
53656	▁प्रोप
53657	▁फंक्ष
53658	▁फिराक
53659	▁फीनीके
53660	▁फेफड़े
53661	▁फैलाएं
53662	▁फॉर्मेटः
53663	▁फ्लुओर
53664	▁फ्लेक
53665	▁फ्लॉरिडा
53666	▁बकाया
53667	▁बग्स
53668	▁बजाई
53669	▁बतानेवाली
53670	▁बदतमीज़
53671	▁बदबूदार
53672	▁बनाऊं
53673	▁बर्मा
53674	▁बहकाएं
53675	▁बहि
53676	▁बान्धते
53677	▁बारम्बार
53678	▁बावले
53679	▁बिछायी
53680	▁बिजलियों
53681	▁बिटिया
53682	▁बिताएं
53683	▁बिरादरिय
53684	▁बुझेगी
53685	▁बेदर्द
53686	▁बेदी
53687	▁बैज
53688	▁बोलूंगा
53689	▁बोल्ड
53690	▁ब्रुनो
53691	▁ब्रेकेट
53692	▁ब्लाइंड
53693	▁ब्लैंक
53694	▁भगोड़
53695	▁भाया
53696	▁भावशून्य
53697	▁भोगेगा
53698	▁मंसूब
53699	▁मतदाता
53700	▁मद्यपान
53701	▁मलिन
53702	▁मलो
53703	▁मल्टीकास्ट
53704	▁महाविपत्ति
53705	▁माँदा
53706	▁मान्यताओं
53707	▁मिथोड
53708	▁मुलर
53709	▁मुसकान
53710	▁मेलजोल
53711	▁मॉडलः
53712	▁यरूश
53713	▁यशब
53714	▁यहून्
53715	▁येरेद
53716	▁योअन्
53717	▁रब्बि
53718	▁राइफल
53719	▁रिक्शा
53720	▁रिजोल्यूशन
53721	▁रीकर्सिव
53722	▁रूबल
53723	▁रूल
53724	▁रॉटिंग
53725	▁रॉल्फ
53726	▁लडियाँ
53727	▁लदा
53728	▁लदान
53729	▁लाऊं
53730	▁लादकर
53731	▁लुच्चे
53732	▁लैवेंडर
53733	▁लॉज
53734	▁वज्र
53735	▁वोह
53736	▁शागिर्दों
53737	▁शिकन
53738	▁शिलिंग
53739	▁शुर
53740	▁संकर
53741	▁संक्राम
53742	▁संचारित
53743	▁संतोषप्रद
53744	▁संभाला
53745	▁संभावनाएँ
53746	▁संभाव्यता
53747	▁सबफोल्डर
53748	▁समेंट
53749	▁सलाद
53750	▁सहपाठी
53751	▁साम्र
53752	▁सारंगियां
53753	▁साहसिक
53754	▁सिंहासनारूढ
53755	▁सीआईए
53756	▁सुकुमार
53757	▁सुनिश्चि
53758	▁सुरील
53759	▁सूँघने
53760	▁सूचीपत्र
53761	▁सेविका
53762	▁सैलानियों
53763	▁सोंटे
53764	▁सौतेल
53765	▁सौपा
53766	▁स्काई
53767	▁स्टर्लिंग
53768	▁स्ट्रिप
53769	▁स्तनधारी
53770	▁स्राव
53771	▁स्वाभिमान
53772	▁स्वास्थ्यलाभ
53773	▁स्वीडेन
53774	▁हग्ग
53775	▁हथकड़
53776	▁हथियाने
53777	▁हथौड़ा
53778	▁हादी
53779	▁हिचकिचाए
53780	▁हुल्
53781	▁हॆन्री
53782	▁हेपेर
53783	▁१३०
53784	▁१३३
53785	▁१९२५
53786	▁१९३३
53787	(2000
53788	***
53789	,00,00,00
53790	2(
53791	336
53792	Action
53793	Awake
53794	Awful
53795	Burst
53796	COUGHING
53797	CalI
53798	Cube
53799	EXHALES
53800	Exaltation
53801	FRl
53802	False
53803	GG
53804	Jack
53805	Jewish
53806	Latin
53807	Menu
53808	Moreover
53809	NING
53810	NY
53811	POWER
53812	Portrait
53813	Provide
53814	RONOM
53815	SERV
53816	Salvation
53817	Talk
53818	YEAR
53819	abundance
53820	access
53821	ank
53822	anxious
53823	baptized
53824	beyond
53825	bibliography
53826	bsp
53827	charitable
53828	chol
53829	company
53830	conquer
53831	creation
53832	creature
53833	destined
53834	dvd
53835	eneous
53836	erchance
53837	erpendicular
53838	essel
53839	fDlgSlideSwitchP
53840	falsehood
53841	figuring
53842	focus
53843	followers
53844	gunshot
53845	haz
53846	haze
53847	hh
53848	iii
53849	imbued
53850	jearim
53851	laden
53852	logn
53853	loyalty
53854	lrz
53855	measure
53856	military
53857	misleading
53858	missing
53859	ncidentally
53860	ndex
53861	ographical
53862	ollywood
53863	ompulsory
53864	pangs
53865	perceptive
53866	rak
53867	refix
53868	refutable
53869	rivate
53870	rpc
53871	rzip
53872	rüg
53873	sometimes
53874	specified
53875	strength
53876	synchronized
53877	umrah
53878	urrences
53879	volution
53880	woe
53881	yourself
53882	å
53883	ò
53884	ו
53885	ंजूर
53886	ंटार्कटिका
53887	अकेले
53888	अद्
53889	अनुग्रह
53890	अनेक
53891	आंखें
53892	आउटलुक
53893	आध्यात्मिक
53894	आसानी
53895	इज़्ज़त
53896	ऊँचा
53897	एचडीआर
53898	एर्नस
53899	एसएसएल
53900	एसवीजी
53901	कड़ियाँ
53902	कीमिया
53903	कैसर
53904	खजूर
53905	खुदाई
53906	खुला
53907	खुशखबरी
53908	खेत
53909	ख्वा
53910	घंटी
53911	घबरा
53912	चिंग
53913	जगमगाहट
53914	ज़ारो
53915	जिससे
53916	जुर्म
53917	जेब
53918	टमास्क
53919	टेनिया
53920	टैलिक
53921	डॉल्फ
53922	तचाप
53923	त्तनै
53924	थोपिया
53925	दर्रा
53926	दर्शक
53927	दिखा
53928	दूतावास
53929	धड़ा
53930	नवयौवन
53931	नाँव
53932	निरीक्षण
53933	निर्देशांक
53934	निर्दोष
53935	पठन
53936	परिणाम
53937	पाँच
53938	पाए
53939	पुराना
53940	पैड
53941	पैसे
53942	पॉज़
53943	प्रमुख
53944	फरेंशि
53945	फ़ोर्ड
53946	फुसफुसाते
53947	फुसा
53948	फ्लो
53949	बट्टे
53950	बरैनी
53951	बॆट
53952	ब्राउजर
53953	भविष्यवाणी
53954	भ्रष्ट
53955	मददगार
53956	मापक
53957	मासिक
53958	मिलिट्री
53959	मीनान
53960	मुसाफिर
53961	मोम
53962	म्हारा
53963	यर्थ
53964	युलर
53965	यूहन्
53966	रखास्त
53967	रज़ील
53968	रमापा
53969	राइटर
53970	रेटिंग
53971	र्स्ट
53972	लकड़ी
53973	लिचे
53974	लिब
53975	लूब
53976	लोपित
53977	ल्सन
53978	विदेशी
53979	विशेष
53980	वेग
53981	वॉच
53982	शर्म
53983	श्रृंखला
53984	संहार
53985	सत्तर
53986	सत्ताधारी
53987	सलाह
53988	सहकर्मी
53989	साइसर
53990	सामर्थ्य
53991	सुनकर
53992	सॉलिड
53993	स्टॉल
53994	हफो
53995	हमदर्द
53996	हल्लिलूयाह
53997	हालात
53998	़ार
53999	ात्म
54000	िथरा
54001	िफरेंस
54002	िमोथी
54003	ुकू
54004	ुर्दा
54005	ूबल
54006	ॉवेल
54007	्रद्ध
54008	्वाडोर
54009	०२
54010	४००
54011	९४
54012	▁1,700
54013	▁1/3
54014	▁1844
54015	▁1903
54016	▁1905
54017	▁2005-200
54018	▁720×720
54019	▁ACTION
54020	▁Ability
54021	▁Advertising
54022	▁Affliction
54023	▁Alkali
54024	▁Alma
54025	▁Ameli
54026	▁Antipas
54027	▁Approximate
54028	▁Ararat
54029	▁Architecture
54030	▁Archiving
54031	▁Asahi
54032	▁Ayyub
54033	▁Batter
54034	▁Beach
54035	▁Beast
54036	▁Beautifie
54037	▁Benign
54038	▁BitTorrent
54039	▁Blade
54040	▁Boldness
54041	▁CHANGES
54042	▁COS
54043	▁Categorised
54044	▁Charlotte
54045	▁Cherethites
54046	▁Chiapas
54047	▁Claim
54048	▁ColorSmart
54049	▁Colossian
54050	▁Composite
54051	▁Consistent
54052	▁Consumer
54053	▁Coralie
54054	▁Counterc
54055	▁DONATION
54056	▁Diana
54057	▁Digit
54058	▁Donald
54059	▁EARTH
54060	▁Eddie
54061	▁Edgar
54062	▁Eliel
54063	▁Encouraging
54064	▁Enosh
54065	▁Enumeration
54066	▁Eugene
54067	▁Exile
54068	▁Ezer
54069	▁Fabian
54070	▁Fame
54071	▁Feast
54072	▁Flow
54073	▁Flowchart
54074	▁Frankfurt
54075	▁Fundamental
54076	▁Galaxy
54077	▁Giuseppe
54078	▁Gnostic
54079	▁Gpg
54080	▁Haggi
54081	▁Halftone
54082	▁Hamilton
54083	▁Hermann
54084	▁Hippocrates
54085	▁Hormah
54086	▁Horse
54087	▁Humiliation
54088	▁Ibn
54089	▁Ilyas
54090	▁Isotope
54091	▁Jerahmeel
54092	▁Jeroham
54093	▁Jill
54094	▁Joachim
54095	▁Judaised
54096	▁KFormula
54097	▁KPlato
54098	▁KTouch
54099	▁Kelly
54100	▁Kenaz
54101	▁Kompare
54102	▁Kross
54103	▁LIVE
54104	▁Longitude
54105	▁Lorraine
54106	▁Maclean
54107	▁Merry
54108	▁Millo
54109	▁Molecule
54110	▁Monarch
54111	▁Monde
54112	▁Morse
54113	▁Munich
54114	▁Muratori
54115	▁Mushi
54116	▁NIS
54117	▁Necho
54118	▁Nepalese
54119	▁Ninety
54120	▁Noriko
54121	▁Normaliz
54122	▁OKAY
54123	▁Observant
54124	▁Olaf
54125	▁Oliver
54126	▁Omniscient
54127	▁Ophrah
54128	▁Optimis
54129	▁Osaka
54130	▁PHILIPPI
54131	▁Papen
54132	▁Pedaiah
54133	▁Premium
54134	▁Professional
54135	▁Prophesy
54136	▁Pum
54137	▁Pyramid
54138	▁Rag
54139	▁Remarkably
54140	▁Repay
54141	▁Repeatedly
54142	▁Repl
54143	▁Repubblica
54144	▁Revoked
54145	▁Rewrite
54146	▁Rhodesia
54147	▁Ricardo
54148	▁Ringing
54149	▁Ripping
54150	▁Roland
54151	▁Rosen
54152	▁Rotat
54153	▁Rouge
54154	▁SHOUTING
54155	▁SINCE
54156	▁SMB
54157	▁SOUTH
54158	▁Salamis
54159	▁Sampson
54160	▁Saqar
54161	▁Satisfied
54162	▁Scanner
54163	▁Scorch
54164	▁Shammah
54165	▁Shelemiah
54166	▁Sidonians
54167	▁Sixty
54168	▁Skew
54169	▁Slavic
54170	▁Softweave
54171	▁Solver
54172	▁Stuff
54173	▁Subduer
54174	▁Suzanne
54175	▁Swingle
54176	▁Sybase
54177	▁TIM
54178	▁Tactful
54179	▁Tai
54180	▁Tasnim
54181	▁Thunderbird
54182	▁Tigres
54183	▁Titan
54184	▁Titlebar
54185	▁Transmission
54186	▁Tries
54187	▁Trip
54188	▁Tubal
54189	▁Tybalt
54190	▁Ungroup
54191	▁Uruguay
54192	▁Vanuatu
54193	▁VideoCD
54194	▁XII
54195	▁Zanoah
54196	▁Zawi
54197	▁accommodation
54198	▁affront
54199	▁amateur
54200	▁anatomy
54201	▁approximate
54202	▁armlets
54203	▁automation
54204	▁banning
54205	▁barefoot
54206	▁basons
54207	▁beauteous
54208	▁bedouin
54209	▁broom
54210	▁buckle
54211	▁bugfixes
54212	▁calypso
54213	▁cannibal
54214	▁canopies
54215	▁carpentry
54216	▁charcoal
54217	▁civilized
54218	▁coarse
54219	▁computing
54220	▁conjectur
54221	▁contraception
54222	▁converg
54223	▁cornfields
54224	▁cradling
54225	▁crescent
54226	▁crib
54227	▁crosshair
54228	▁crossroads
54229	▁crust
54230	▁cultivator
54231	▁curry
54232	▁dazzle
54233	▁demoraliz
54234	▁denarius
54235	▁deputies
54236	▁destitution
54237	▁devolve
54238	▁disgracing
54239	▁dispersing
54240	▁disqualify
54241	▁dissociate
54242	▁domineering
54243	▁embassy
54244	▁embellishment
54245	▁emulation
54246	▁engrave
54247	▁enhancement
54248	▁eradicat
54249	▁erreth
54250	▁evolve
54251	▁exclamation
54252	▁fatted
54253	▁flutter
54254	▁forgat
54255	▁forgetfulness
54256	▁frightful
54257	▁frown
54258	▁ft
54259	▁garland
54260	▁gasp
54261	▁gbrainy
54262	▁germinate
54263	▁glitches
54264	▁gorge
54265	▁gull
54266	▁hallway
54267	▁handicap
54268	▁heartrending
54269	▁hippie
54270	▁hobbl
54271	▁horde
54272	▁hottest
54273	▁humorous
54274	▁hypothesis
54275	▁illogical
54276	▁impossibility
54277	▁incognito
54278	▁indoors
54279	▁infirmary
54280	▁inflammation
54281	▁inroads
54282	▁insinuat
54283	▁insomnia
54284	▁intertwined
54285	▁intoxicating
54286	▁jammed
54287	▁kilo
54288	▁kml
54289	▁laver
54290	▁lightweight
54291	▁magnifier
54292	▁maim
54293	▁mama
54294	▁mattresses
54295	▁monasticism
54296	▁mutilation
54297	▁nightclub
54298	▁ordinarily
54299	▁overconfident
54300	▁pamphlet
54301	▁paperwork
54302	▁paralyze
54303	▁pedal
54304	▁perpetuate
54305	▁perversity
54306	▁petrol
54307	▁photography
54308	▁pistol
54309	▁predecessor
54310	▁prefigure
54311	▁premise
54312	▁prerequisite
54313	▁pressur
54314	▁proverbial
54315	▁prune
54316	▁ransacked
54317	▁reciprocal
54318	▁reconcil
54319	▁recurrent
54320	▁recycle
54321	▁reevaluate
54322	▁renege
54323	▁repetitious
54324	▁retiring
54325	▁roadside
54326	▁robust
54327	▁rogue
54328	▁rooftop
54329	▁rupees
54330	▁rusty
54331	▁sailor
54332	▁scab
54333	▁scourging
54334	▁scramble
54335	▁sectarian
54336	▁shiny
54337	▁shriek
54338	▁slender
54339	▁socialize
54340	▁stalwart
54341	▁statistical
54342	▁sterile
54343	▁stinteth
54344	▁stupef
54345	▁subheading
54346	▁suffocate
54347	▁sulphur
54348	▁supposition
54349	▁syndicate
54350	▁tenacious
54351	▁tenets
54352	▁terrify
54353	▁thirtieth
54354	▁thornless
54355	▁tolerable
54356	▁traffick
54357	▁transcript
54358	▁tumultuous
54359	▁unappreciative
54360	▁unclear
54361	▁unfathomable
54362	▁unmaximiz
54363	▁unmount
54364	▁unregister
54365	▁unseemly
54366	▁unspecified
54367	▁uphill
54368	▁vacant
54369	▁watersprings
54370	▁whitewash
54371	▁अंगुल
54372	▁अंगोछ
54373	▁अंतड़ियां
54374	▁अंतरालः
54375	▁अंदेशा
54376	▁अकान
54377	▁अगाग
54378	▁अग्निश
54379	▁अड्डों
54380	▁अत्यावश्यक
54381	▁अदायाह
54382	▁अदोनी
54383	▁अनुरुप
54384	▁अन्तराल
54385	▁अन्तर्
54386	▁अपरिवर्तनीय
54387	▁अभिन्न
54388	▁अम्मीहूद
54389	▁अलबान
54390	▁अलियासिंग
54391	▁अव्यक्
54392	▁अश्कलोन
54393	▁असंतोष
54394	▁असह
54395	▁असोसिएशन
54396	▁अहानिकर
54397	▁आत्मघात
54398	▁आयेंगे
54399	▁आर्गेनाइज़र
54400	▁इफ़ि
54401	▁इवा
54402	▁उखाड़कर
54403	▁उठूंगा
54404	▁उत्तल
54405	▁उत्साहपूर्वक
54406	▁उद्द
54407	▁उनतीस
54408	▁उर्जा
54409	▁उल्लास
54410	▁ऊह
54411	▁एक्सप्लोरर
54412	▁एक्सेर
54413	▁एडलर
54414	▁एपिफ
54415	▁एमील
54416	▁एम्बोज़
54417	▁एरीका
54418	▁एसीएल
54419	▁ऐंठन
54420	▁ओढ़कर
54421	▁ओहार
54422	▁कमीनों
54423	▁कलरस्मार्ट
54424	▁कलीप्सो
54425	▁कसबा
54426	▁क़ुर्बान
54427	▁कुंवारियाँ
54428	▁कुआँ
54429	▁कुनीहीटो
54430	▁कूड
54431	▁केतली
54432	▁कैथरीन
54433	▁कैनडा
54434	▁कैन्य
54435	▁कैरी
54436	▁कैसल
54437	▁क्रोशिया
54438	▁क्लॉक
54439	▁खंगाल
54440	▁खरीदिए
54441	▁खातीं
54442	▁खिताब
54443	▁खिलखिला
54444	▁खुमार
54445	▁गिरिज
54446	▁गीर
54447	▁गॅल
54448	▁गैंग
54449	▁गॉर्डन
54450	▁गोरा
54451	▁गोलाई
54452	▁ग्रीष्मकाल
54453	▁घबराइए
54454	▁घि
54455	▁घुटकर
54456	▁घूंट
54457	▁घोड
54458	▁चब
54459	▁चलूँ
54460	▁चिड़ियाघर
54461	▁चिनगार
54462	▁चिह्नः
54463	▁चीखना
54464	▁चोग़
54465	▁छांटकर
54466	▁छिदवान
54467	▁छिलक
54468	▁छोड़ेगी
54469	▁जंज़ीर
54470	▁जनरेशन
54471	▁जमाएं
54472	▁जमावड़
54473	▁ज़ायन्
54474	▁ज़ीरोकॉन्फ
54475	▁जाऐगा
54476	▁जिम्मी
54477	▁जेसे
54478	▁जैम
54479	▁जोसॆफ
54480	▁झक
54481	▁झल्ला
54482	▁झाँका
54483	▁झुँझला
54484	▁झुर्र
54485	▁टपकता
54486	▁टाइटल
54487	▁टेट्रा
54488	▁टेलिविज
54489	▁टोलिय
54490	▁टोस्ट
54491	▁ट्यूनिशिया
54492	▁ठुड
54493	▁डाइजेस्ट
54494	▁डार्क
54495	▁डालेंगी
54496	▁डिपेंडेंसी
54497	▁डीएओ
54498	▁डीटीडी
54499	▁डॉकबु
54500	▁डॉरिस
54501	▁डोमिनिक
54502	▁ड्राईवर
54503	▁ढुल
54504	▁ढूढें
54505	▁तक़लीफ़
54506	▁तपाक
54507	▁तपावन
54508	▁तब्दील
54509	▁तात्पर्य
54510	▁तिजोरी
54511	▁तुवालु
54512	▁तोड़नेवाले
54513	▁त्यौहार
54514	▁दगाबाज़
54515	▁दबायें
54516	▁दादीमाँ
54517	▁दियो
54518	▁दिलाएँ
54519	▁दिवालियापन
54520	▁दीजिएगा
54521	▁दीजिये
54522	▁धंस
54523	▁धर्मसिद्धांत
54524	▁धारीवाले
54525	▁नतीजतन
54526	▁नलिका
54527	▁निकलेंगी
54528	▁निमज्जन
54529	▁निर्बुद्धियों
54530	▁निवारक
54531	▁नेपल्स
54532	▁नोबेल
54533	▁पकड़वाने
54534	▁पजाव
54535	▁पढ़वा
54536	▁पपाइरस
54537	▁परस्त्रीगामी
54538	▁परिज्जी
54539	▁परोसिया
54540	▁पहँच
54541	▁पाऊँ
54542	▁पारगमन
54543	▁पार्टनर
54544	▁पिघलें
54545	▁पिटवा
54546	▁पीड़ादायक
54547	▁पुतला
54548	▁पुतले
54549	▁पूँजीपति
54550	▁पूर्वनियति
54551	▁पूर्वबतायी
54552	▁पॉइन्ट
54553	▁पोंड
54554	▁पोलीनेशिया
54555	▁प्रतियां
54556	▁प्रयुक्
54557	▁प्लांट
54558	▁प्लेनेट
54559	▁फबता
54560	▁फ़िल्में
54561	▁फिज़ी
54562	▁फूंकने
54563	▁फॉर्
54564	▁फ्रीडा
54565	▁फ्रॆड
54566	▁फ्रेडरिक
54567	▁फ्लॉपी
54568	▁बँटवार
54569	▁बताऊ
54570	▁बदकिस्मत
54571	▁बनवाने
54572	▁बम्बई
54573	▁बहाओ
54574	▁बहिरे
54575	▁बांदी
54576	▁बागीच
54577	▁बाज़ुओं
54578	▁बापदाद
54579	▁बारीकियों
54580	▁बिठाकर
54581	▁बिरादरियाँ
54582	▁बेचारा
54583	▁बेनेफीश
54584	▁बेलें
54585	▁बेहाल
54586	▁बोकर
54587	▁बोलूं
54588	▁ब्रूक्स
54589	▁भरमाने
54590	▁भाग्यवान
54591	▁भूलेंगे
54592	▁भेंड़
54593	▁मनश्शेई
54594	▁मनहेम
54595	▁मरीया
54596	▁मर्ज
54597	▁महाविपदा
54598	▁माजर
54599	▁मादै
54600	▁मालिश
54601	▁मिडी
54602	▁मिनिस्ट
54603	▁मिल्का
54604	▁मिशिगन
54605	▁मुक़द
54606	▁मुक्केबाज़
54607	▁मुखौटा
54608	▁मुस्कराया
54609	▁मूंद
54610	▁मेकअप
54611	▁मैडागास्कर
54612	▁मोटाप
54613	▁मोड़ो
54614	▁यथावत
54615	▁यिम्
54616	▁यूनिटी
54617	▁योजाबाद
54618	▁योद्वाओं
54619	▁योला
54620	▁रंजन
54621	▁रखवाया
54622	▁रचने
54623	▁रसोइ
54624	▁रिह
54625	▁रेस्तरां
54626	▁रोमेनिया
54627	▁रोसा
54628	▁लवने
54629	▁लांघ
54630	▁लाइनेक्स
54631	▁लाह्स
54632	▁लिली
54633	▁लुभाता
54634	▁लूज
54635	▁लेटकर
54636	▁लेटना
54637	▁वर्न
54638	▁वसूलनेवाल
54639	▁वारंट
54640	▁विज़ुअल
54641	▁विटनेस
54642	▁विपर
54643	▁विभ्रम
54644	▁विस्त
54645	▁वेबसाईट
54646	▁वैषम्य
54647	▁व्यंग्यात्मक
54648	▁शगुन
54649	▁शपत्याह
54650	▁शरमा
54651	▁शलोमी
54652	▁शाकाहारी
54653	▁शान्तिदाता
54654	▁शार्ल
54655	▁शिथिल
54656	▁शेलेम्याह
54657	▁शोधक
54658	▁सत्राह
54659	▁समझूं
54660	▁समाँ
54661	▁समाचारपत्र
54662	▁समुद्रतट
54663	▁सरीख
54664	▁सशक्
54665	▁साइज़
54666	▁साउँ
54667	▁सिडलिक
54668	▁सुझाते
54669	▁सुनाइए
54670	▁सुनिये
54671	▁सुनूं
54672	▁सुनेगे
54673	▁सेप्टुआजॆंट
54674	▁सैंडामन
54675	▁सॉस
54676	▁स्टेक
54677	▁स्टैंडर्ड
54678	▁स्त्राप
54679	▁स्पंज
54680	▁स्पीड
54681	▁स्प्लेन
54682	▁स्लीप
54683	▁स्वपन
54684	▁स्वामिनी
54685	▁हताहत
54686	▁हांफ
54687	▁हाफऑप
54688	▁हुड़दंग
54689	▁हॆर
54690	▁हेल्प
54691	▁हैंगअप
54692	▁होप्
54693	▁होर्मा
54694	▁१९३६
54695	▁१९५३
54696	▁१९६२
54697	▁१९७९
54698	0°
54699	216
54700	3.4
54701	536
54702	AIDS
54703	AOL
54704	Admin
54705	Arab
54706	BAN
54707	Backend
54708	Caesar
54709	Choose
54710	Daughter
54711	Dialog
54712	Eternal
54713	Europe
54714	Feed
54715	Festival
54716	Foreign
54717	IMITATE
54718	Instruct
54719	Judah
54720	Judge
54721	LESS
54722	Masaki
54723	Notify
54724	OCKS
54725	PPP
54726	Parents
54727	Phone
54728	Pixmap
54729	Responsibilities
54730	Rich
54731	Sudoku
54732	Texture
54733	Unbelievers
54734	abid
54735	acebook
54736	apocalyptic
54737	awful
54738	badger
54739	behaviour
54740	below
54741	bottom
54742	bought
54743	breath
54744	chester
54745	chosen
54746	composing
54747	conceived
54748	crowd
54749	degrees
54750	disciplinar
54751	drive
54752	dulteresses
54753	fair
54754	fishers
54755	flat
54756	garments
54757	hills
54758	illard
54759	illionaire
54760	imposed
54761	ipma
54762	journey
54763	landline
54764	loud
54765	magi
54766	mobile
54767	noble
54768	ognizant
54769	phesh
54770	ponder
54771	possibly
54772	ppend
54773	rotic
54774	spoil
54775	success
54776	violent
54777	voice
54778	ंस्टाइन
54779	अघापि
54780	अधिकारी
54781	आत्मिक
54782	आधा
54783	आनेवाली
54784	इज़न
54785	करूणा
54786	कलाप
54787	कहने
54788	क़दम
54789	क़ेदार
54790	कारण
54791	कारोबार
54792	कैथोलि
54793	कॉल
54794	कोण
54795	क्को
54796	खत्म
54797	खांसी
54798	खून
54799	ग़रीबी
54800	गाय
54801	गुना
54802	ग्राफिक्स
54803	घोड़े
54804	चट्
54805	चाना
54806	चालाकी
54807	चिंतक
54808	चेस
54809	ज़ायका
54810	जियर
54811	जीविक
54812	टेंगे
54813	टोस
54814	ठहरा
54815	ठिक
54816	ठिठक
54817	डग
54818	डिट
54819	डिरेक्ट्रीज़
54820	दक्षता
54821	दबी
54822	दलित
54823	दाएँ
54824	दिमाग़
54825	देखकर
54826	द्वार
54827	निज
54828	निर्दिष्ट
54829	नुपात
54830	पढ़िए
54831	पिल्स
54832	पूर्ति
54833	पेचीदगी
54834	प्रत्य
54835	प्रबंधक
54836	फ़र्
54837	फ़िज़
54838	फ़ु
54839	फील्ड
54840	फुटपाथ
54841	फैल
54842	फोलियो
54843	बदनुमा
54844	बदो
54845	बाड़ी
54846	बीप
54847	बुडा
54848	बुर
54849	बोरिंग
54850	भाँ
54851	भुज
54852	भेंट
54853	मरुस्थल
54854	माफ
54855	मुम्बई
54856	मोहर
54857	यूआरएल
54858	योजना
54859	राहुल
54860	रिंज
54861	रिन्दे
54862	रुह
54863	रूना
54864	रॉक
54865	रोको
54866	र्षक
54867	लग्रिंड
54868	लड़कों
54869	लाभ
54870	लायक
54871	लैक
54872	लौंड़ी
54873	वतखोरी
54874	वुस
54875	वॆल
54876	व्याख्या
54877	संस्कृत
54878	सदेह
54879	सफलता
54880	समाज
54881	सम्राट
54882	सहायता
54883	सामरी
54884	सिखा
54885	सिफारिश
54886	स्पर्शी
54887	हटायें
54888	हफ्ते
54889	होगी
54890	ाकृती
54891	ाग़ा
54892	ानवाले
54893	ान्तरित
54894	ाभव
54895	ीट्यूड
54896	ीदीम
54897	ीरियल
54898	ुन्नी
54899	ुल्फ़
54900	ेच्छा
54901	ैबर
54902	ौक़
54903	ौभ
54904	्कट
54905	्हेस
54906	८३
54907	▁(45)
54908	▁0.4
54909	▁1473
54910	▁1894
54911	▁2,3
54912	▁352
54913	▁6,7
54914	▁ANTON
54915	▁AVERAGE
54916	▁Activities
54917	▁Alhazen
54918	▁Amanda
54919	▁Ammihud
54920	▁Aphek
54921	▁Apology
54922	▁Appendix
54923	▁Asherim
54924	▁Assault
54925	▁BEFORE
54926	▁BORN
54927	▁Behemoth
54928	▁Belarusian
54929	▁Brendan
54930	▁Burden
54931	▁CLOSES
54932	▁Castro
54933	▁Celebrate
54934	▁Champion
54935	▁Childhood
54936	▁Cleanliness
54937	▁Cleanse
54938	▁Combat
54939	▁Commendably
54940	▁Controller
54941	▁Convinced
54942	▁Coworkers
54943	▁Creative
54944	▁Damage
54945	▁Dangerous
54946	▁Dimension
54947	▁Distortion
54948	▁Dominion
54949	▁Duplessis
54950	▁Eighth
54951	▁Enrich
54952	▁Ernst
54953	▁FBI
54954	▁Felipe
54955	▁Figaro
54956	▁Forbid
54957	▁Foretold
54958	▁Fox
54959	▁Gallup
54960	▁Gantt
54961	▁Gemariah
54962	▁Gertrud
54963	▁Ghostscript
54964	▁Gihon
54965	▁Gilbert
54966	▁Greg
54967	▁Guilt
54968	▁HEALTH
54969	▁Hansen
54970	▁Hillel
54971	▁Hollywood
54972	▁Horizon
54973	▁Initialize
54974	▁Intensity
54975	▁Interpret
54976	▁Intolerance
54977	▁Isthmian
54978	▁Jabbok
54979	▁Jaime
54980	▁Javier
54981	▁Jealous
54982	▁Jozabad
54983	▁KGoldrunner
54984	▁Kazakh
54985	▁Kingsley
54986	▁Kobus
54987	▁Kongstrup
54988	▁Legacy
54989	▁MIM
54990	▁Makkedah
54991	▁Manchu
54992	▁Manipulat
54993	▁McCl
54994	▁Medlock
54995	▁Michmash
54996	▁Mormon
54997	▁Mourn
54998	▁Murder
54999	▁Nagoya
55000	▁Nantes
55001	▁Navy
55002	▁Nina
55003	▁Omani
55004	▁POV
55005	▁Palmyra
55006	▁Paphos
55007	▁Pink
55008	▁Pluto
55009	▁Prediction
55010	▁Programming
55011	▁Pronunciation
55012	▁Prussia
55013	▁Puppy
55014	▁Quiz
55015	▁RECENT
55016	▁Rafael
55017	▁Registration
55018	▁Resurrect
55019	▁Rising
55020	▁Rotterdam
55021	▁Route
55022	▁SIGN
55023	▁SIMON
55024	▁STORIES
55025	▁Salute
55026	▁Senate
55027	▁Shiny
55028	▁Shishak
55029	▁Sikh
55030	▁Sitting
55031	▁Specialist
55032	▁Splendor
55033	▁Sprout
55034	▁Statute
55035	▁Stealing
55036	▁SuperKaramba
55037	▁Tabloid
55038	▁Telugu
55039	▁Tempter
55040	▁Tetris
55041	▁Thyroid
55042	▁Tiffany
55043	▁Transportation
55044	▁Trophimus
55045	▁Tyler
55046	▁Unemployment
55047	▁Uniform
55048	▁Urgency
55049	▁VIEW
55050	▁Vacation
55051	▁Valentina
55052	▁Validating
55053	▁Venezuelan
55054	▁Vessel
55055	▁Vesuvius
55056	▁Vindicat
55057	▁WIND
55058	▁WebAudio
55059	▁Whitespace
55060	▁Wireless
55061	▁Zorah
55062	▁________
55063	▁adage
55064	▁advising
55065	▁aflame
55066	▁ahamkar
55067	▁alloy
55068	▁antitype
55069	▁archenemy
55070	▁assailant
55071	▁babble
55072	▁baffled
55073	▁baking
55074	▁baldness
55075	▁battering
55076	▁bewilderment
55077	▁bleed
55078	▁blob
55079	▁brute
55080	▁budge
55081	▁caprice
55082	▁cardiac
55083	▁chafe
55084	▁chef
55085	▁clause
55086	▁clerk
55087	▁complementary
55088	▁congress
55089	▁conserve
55090	▁consolidate
55091	▁crane
55092	▁credence
55093	▁creek
55094	▁culp
55095	▁deliberation
55096	▁despondency
55097	▁detachment
55098	▁disinfect
55099	▁dispersion
55100	▁disunited
55101	▁drachma
55102	▁dwindling
55103	▁edible
55104	▁egotistical
55105	▁embed
55106	▁embroil
55107	▁enforc
55108	▁ensu
55109	▁entrepreneur
55110	▁exasperate
55111	▁excrement
55112	▁exhal
55113	▁exploring
55114	▁extolled
55115	▁extolling
55116	▁ferment
55117	▁flog
55118	▁formulated
55119	▁foxes
55120	▁fracture
55121	▁hallucinat
55122	▁hart
55123	▁hawk
55124	▁hemorrhagi
55125	▁hol
55126	▁horribly
55127	▁humidity
55128	▁imaging
55129	▁imbalance
55130	▁impetuous
55131	▁impiety
55132	▁impudent
55133	▁incessant
55134	▁incitement
55135	▁inconsistency
55136	▁innards
55137	▁inseparable
55138	▁insulat
55139	▁intolerable
55140	▁intruder
55141	▁jasper
55142	▁joystick
55143	▁justifiable
55144	▁kilometer
55145	▁legac
55146	▁litigants
55147	▁loftie
55148	▁loiter
55149	▁longsuffering
55150	▁luminar
55151	▁lustrous
55152	▁maal
55153	▁mastic
55154	▁matrices
55155	▁mattress
55156	▁menace
55157	▁menacing
55158	▁migratory
55159	▁misdirected
55160	▁misinformation
55161	▁mismanagement
55162	▁muslim
55163	▁mystical
55164	▁ordination
55165	▁organise
55166	▁overcrowded
55167	▁parrot
55168	▁pathogen
55169	▁perpetrate
55170	▁phenomenal
55171	▁pinch
55172	▁pipeline
55173	▁pitied
55174	▁poignant
55175	▁precommand
55176	▁preeminent
55177	▁preschool
55178	▁procrastinate
55179	▁proponent
55180	▁ratify
55181	▁reciprocate
55182	▁reconfigured
55183	▁reg
55184	▁regal
55185	▁reinstatement
55186	▁remiss
55187	▁ribbon
55188	▁roadblock
55189	▁sacraments
55190	▁salesman
55191	▁scarcity
55192	▁scour
55193	▁secur
55194	▁slamm
55195	▁slapping
55196	▁snowflake
55197	▁solstice
55198	▁spew
55199	▁stale
55200	▁stationary
55201	▁statistic
55202	▁steak
55203	▁straiteneth
55204	▁straitness
55205	▁submerged
55206	▁sunrising
55207	▁supposing
55208	▁surmount
55209	▁sycam
55210	▁synchronisation
55211	▁telepathy
55212	▁temporal
55213	▁theocratically
55214	▁threshingfloor
55215	▁toothache
55216	▁trademark
55217	▁transliterat
55218	▁trekk
55219	▁trimmed
55220	▁unbounded
55221	▁underpriests
55222	▁uneducated
55223	▁unencrypted
55224	▁vainglorious
55225	▁versatile
55226	▁villa
55227	▁vintage
55228	▁wade
55229	▁wardrobe
55230	▁wavelength
55231	▁waymarks
55232	▁weaver
55233	▁wobble
55234	▁अंगो
55235	▁अज्म
55236	▁अठा
55237	▁अनुदान
55238	▁अनुपम
55239	▁अनुपयुक्
55240	▁अनुमाप
55241	▁अन्तर्राष्ट्रीय
55242	▁अन्योन्य
55243	▁अफ़्रीक
55244	▁अबीएजेर
55245	▁अर्जेन्टिना
55246	▁अर्पक्षद्
55247	▁अल्जीरिया
55248	▁अल्पसंख्यक
55249	▁आकृतियों
55250	▁आठवां
55251	▁आत्मविश्वास
55252	▁आर्चबिशप
55253	▁इक्कीसवी
55254	▁इक्वेड
55255	▁इटालियन
55256	▁इन्टरनेट
55257	▁इपिकूर
55258	▁उगाकर
55259	▁उघार
55260	▁उजाड़नेवाल
55261	▁उज्जिय्याह
55262	▁उद्देश
55263	▁उम्
55264	▁एक्सपॉज़िट
55265	▁एक्सिक्यूट
55266	▁एडु
55267	▁एन्टवर्प
55268	▁एफएस
55269	▁एफ़िनिटी
55270	▁एम्बॉस
55271	▁एलासा
55272	▁एलोन
55273	▁एसयू
55274	▁ऑर्गन
55275	▁ओप्रा
55276	▁ओमा
55277	▁कंडीशन
55278	▁कटार
55279	▁कण्ठ
55280	▁कप्पदुकिया
55281	▁कबाड़
55282	▁कलाकृतियाँ
55283	▁कलोर
55284	▁काँगस्ट्रप
55285	▁कालकोठर
55286	▁किलनी
55287	▁कुंवारिय
55288	▁कुरता
55289	▁कूदते
55290	▁कैप्शन
55291	▁कॉन्ट्रैक्ट
55292	▁कॊ
55293	▁कौटु
55294	▁कौल
55295	▁क्योटो
55296	▁क्लोनिंग
55297	▁ख़ात्म
55298	▁ख़्याति
55299	▁खायेंगे
55300	▁खीचा
55301	▁गमर्याह
55302	▁गाँधी
55303	▁गाएं
55304	▁गारा
55305	▁गिड़
55306	▁गिद्ध
55307	▁गियाना
55308	▁गुंथ
55309	▁गुंध
55310	▁गुम्बद
55311	▁गोलार्ध
55312	▁गोल्डरनर
55313	▁ग्रेगर
55314	▁ग्रेविटी
55315	▁घमा
55316	▁घुंड
55317	▁घुटना
55318	▁चखें
55319	▁चखेगा
55320	▁चढ़ानेवाला
55321	▁चमकाने
55322	▁चमकाया
55323	▁चमकील
55324	▁चरमसीमा
55325	▁चिथड़े
55326	▁चूमकर
55327	▁छिन्न
55328	▁जताइए
55329	▁जमघट
55330	▁जरिये
55331	▁ज़ीब
55332	▁ज़ुकाम
55333	▁ज़ॆबर
55334	▁जिम्री
55335	▁जियोग्राफिक
55336	▁जीनोम
55337	▁जुगाड
55338	▁जुटाते
55339	▁जुडें
55340	▁जेरूसल
55341	▁जैव
55342	▁जोसिफस
55343	▁ज्ञानेंद्रियों
55344	▁झंकार
55345	▁टर्किश
55346	▁टहलने
55347	▁टीबॉर
55348	▁टूवालू
55349	▁टैम्पलेट्स
55350	▁टोंगा
55351	▁ट्रैड
55352	▁ट्वीट
55353	▁डंठ
55354	▁डगलस
55355	▁डसेगा
55356	▁डाइरेक्टर
55357	▁डिटेक्शन
55358	▁डीह
55359	▁ड्रामे
55360	▁तरीक़ो
55361	▁तवज्जह
55362	▁तैरता
55363	▁तैरें
55364	▁थाइलसाइन
55365	▁दफ़ना
55366	▁दमड़
55367	▁दवाखान
55368	▁दस्ताने
55369	▁दायम
55370	▁दिखाऊँ
55371	▁दिखें
55372	▁दुःखदाय
55373	▁दुचित्त
55374	▁देशभक्
55375	▁देशान्तर
55376	▁धुएं
55377	▁नक़्श
55378	▁नकाब
55379	▁नत्थ
55380	▁नबायोत
55381	▁नरमदिल
55382	▁नर्सें
55383	▁नाचना
55384	▁निकालूं
55385	▁निभाए
55386	▁निरोधक
55387	▁निर्भयता
55388	▁नेदरलैंडस
55389	▁पक्षीय
55390	▁पण्डित
55391	▁पदानुक्रम
55392	▁परहेज
55393	▁परिकल्पना
55394	▁परितोष
55395	▁परिरक्षक
55396	▁पिएगा
55397	▁पिछ
55398	▁पित्त
55399	▁पीएसई
55400	▁पुनरूक्तियाँ
55401	▁पुरनिय
55402	▁पूआ
55403	▁पूर्वकथ
55404	▁पृथक्कारक
55405	▁पेन्सिलवेनिया
55406	▁पोलारिस
55407	▁प्रथमतः
55408	▁प्रव्रज
55409	▁प्राणदंड
55410	▁प्रिसका
55411	▁प्रॉफ़ॆसर
55412	▁फबती
55413	▁फ़िलिप
55414	▁फुंकवा
55415	▁फुस
55416	▁फूंको
55417	▁फैंक
55418	▁फैराडे
55419	▁फ्रिक
55420	▁बखेड़
55421	▁बचाऊंगा
55422	▁बटखरे
55423	▁बटमार
55424	▁बढ़िए
55425	▁बढ़ौतरी
55426	▁बतांए
55427	▁बत्तियाँ
55428	▁बदहाल
55429	▁बनवाएगा
55430	▁बर्नार्ड
55431	▁बलवान्
55432	▁बवन
55433	▁बाबा
55434	▁बिछाई
55435	▁बुड़बुड़ात
55436	▁बुश
55437	▁बूलिये
55438	▁बेलतशस्सर
55439	▁बैठिए
55440	▁बैबिलोनिया
55441	▁बैसाख
55442	▁बोरो
55443	▁ब्राटस्लावा
55444	▁ब्रेन
55445	▁भतीजी
55446	▁भाभी
55447	▁भूईंडोल
55448	▁भोगेंगे
55449	▁मंगा
55450	▁मजूसी
55451	▁मध्ययुग
55452	▁मरणा
55453	▁मांगती
55454	▁माल्डोवा
55455	▁मुखिय
55456	▁मुफ़
55457	▁मुहूर्त
55458	▁यूनियन
55459	▁रंगमंच
55460	▁रखूँ
55461	▁राजनेताओं
55462	▁रियासत
55463	▁लगूंगा
55464	▁लचीले
55465	▁लदवा
55466	▁लपटें
55467	▁लवीज़
55468	▁लामू
55469	▁लूटमार
55470	▁लूसियास
55471	▁लैक्टो
55472	▁लॉरेन
55473	▁वरिष्ठ
55474	▁वार्ताकार
55475	▁वालिन
55476	▁विटनॆसॆस
55477	▁विनिर्देश
55478	▁विव
55479	▁विसंस्थाप
55480	▁व्यसन
55481	▁शंकाएँ
55482	▁शिकवे
55483	▁शिल्पकार
55484	▁शीरा
55485	▁शुभारंभ
55486	▁शेख़ीबाज़
55487	▁श्रंगार
55488	▁श्रद्धांजलि
55489	▁षड्यन्त्र
55490	▁संभालना
55491	▁सताएंगे
55492	▁सदर
55493	▁सन्धि
55494	▁समझाएगा
55495	▁समवाऊंगा
55496	▁सम्मिश्र
55497	▁सलोन
55498	▁सहचारिता
55499	▁साउंड
55500	▁साहेब
55501	▁सिको
55502	▁सिलवीया
55503	▁सुकरात
55504	▁सुगमता
55505	▁सुझाने
55506	▁सॉसेज
55507	▁सोनहल
55508	▁स्कू
55509	▁स्क्रॉलबैक
55510	▁स्खल
55511	▁स्ट्राइकर
55512	▁स्पाइ
55513	▁स्वालब
55514	▁हँ
55515	▁हँसती
55516	▁हक्म
55517	▁हत्याकांड
55518	▁हशम
55519	▁हशर
55520	▁हस्तलेख
55521	▁हिन्दु
55522	▁हुलस
55523	▁हैंडबुक
55524	▁१९६१
55525	▁८९
55526	"12"
55527	("3
55528	+5
55529	1,600
55530	2,600
55531	2-6
55532	AUDIENCE
55533	Agent
55534	Assuredly
55535	Autocomplete
55536	Aziz
55537	Construct
55538	Countdown
55539	Descend
55540	Drink
55541	Egypt
55542	Font
55543	Idda
55544	Immaculate
55545	Increase
55546	KmPlot
55547	LUIS
55548	Landscape
55549	Learn
55550	Messenger
55551	Messiah
55552	Preach
55553	RIB
55554	Remain
55555	Resister
55556	Retract
55557	Reverse
55558	SQRT
55559	Safa
55560	Salih
55561	Scala
55562	Stagger
55563	Synchronise
55564	Synchronize
55565	Tarry
55566	Trail
55567	Tray
55568	Under
55569	Voice
55570	adorn
55571	alarm
55572	algorithm
55573	approved
55574	argen
55575	benevolently
55576	bstraction
55577	categorised
55578	cceleration
55579	centimetre
55580	chip
55581	compliant
55582	counties
55583	cross
55584	discreet
55585	download
55586	dubitable
55587	editing
55588	eighth
55589	element
55590	encourage
55591	endure
55592	enemy
55593	engine
55594	enough
55595	erspicuous
55596	general
55597	gentle
55598	humble
55599	hungary
55600	igit
55601	invite
55602	istan
55603	ithiah
55604	itter
55605	maginary
55606	maidens
55607	moderate
55608	nanometre
55609	ntimacy
55610	ommand
55611	pacing
55612	praise
55613	record
55614	response
55615	retched
55616	role
55617	rostration
55618	servator
55619	spite
55620	ssessing
55621	stawa
55622	summary
55623	tina
55624	transform
55625	tutorial
55626	twork
55627	ulseaudio
55628	uzdal
55629	£
55630	Ö
55631	ï
55632	अंधेरे
55633	अत्य
55634	अनजान
55635	अन्दर
55636	अमूर
55637	आटोडिटेक्टर
55638	आधुनिक
55639	आर्केड
55640	इंच
55641	इबा
55642	उरी
55643	एएमएस
55644	एडीएम
55645	क़र्ज़दार
55646	क़ाबिल
55647	क़ीमत
55648	कैमरा
55649	कैसी
55650	कॉम
55651	क्खियों
55652	क्लाएंट
55653	खबा
55654	खींच
55655	गड़े
55656	गायन
55657	गिरने
55658	घूम
55659	चमत्कार
55660	चीनी
55661	चोली
55662	चौड़ा
55663	जगा
55664	जिधर
55665	जिनसे
55666	जेक्ट
55667	ज्याह
55668	झुकना
55669	टाज़
55670	टेढ़ापन
55671	डिप
55672	तज़ाम
55673	तलव
55674	तोहफा
55675	त्तम
55676	त्रीकरण
55677	दतों
55678	दलीलें
55679	द्धार
55680	धाई
55681	धैर्य
55682	धौंक
55683	ध्वनि
55684	नन्हे
55685	निकाल
55686	निख
55687	निरंतर
55688	निरन्तर
55689	पँ
55690	पक्का
55691	पढ़े
55692	पतमुस
55693	पसन्द
55694	पहुँच
55695	पायनियर
55696	पुछता
55697	पॉलिस
55698	पोश
55699	प्रतीक्षा
55700	फॉल्ट
55701	फ्रेंच
55702	बयान
55703	बाउण्ड
55704	बाशा
55705	बिंदु
55706	बूढ़ा
55707	बेबाक
55708	ब्लॉक
55709	भोला
55710	मनपसंद
55711	मलऊन
55712	मायूस
55713	मालवाहक
55714	मिज़ाज़
55715	मिलने
55716	मिसाल
55717	मुखपृष्ठ
55718	मूलभूत
55719	मेट्रिक
55720	मेम्ने
55721	यारीब
55722	युक्ति
55723	रज़े
55724	रनैन
55725	रवाई
55726	रहना
55727	राइम
55728	रीअन
55729	रुपये
55730	रूए
55731	रूशलेम
55732	रोज
55733	लगता
55734	लगाम
55735	लम्बे
55736	लादे
55737	लॉगिन
55738	वफा
55739	विश्राम
55740	वेश्
55741	व्यक्ति
55742	शाऊल
55743	शून्य
55744	श्याम
55745	संकेत
55746	संभावित
55747	सकानो
55748	सत्यवादी
55749	सफ़ाई
55750	समि
55751	साक्षियो
55752	सुनाने
55753	स्तुति
55754	स्बे
55755	स्वरूप
55756	हठ
55757	हताश
55758	हीरो
55759	हेलर
55760	ाधान
55761	ानियाई
55762	ाफिल
55763	ार्जन
55764	ालाओं
55765	िखा
55766	िज़म
55767	ीआरसी
55768	ीपीएस
55769	ीर्त
55770	ूक़
55771	ूल्हे
55772	ॉलॉजी
55773	ोताख़ोर
55774	ोर्डिंग
55775	ौठ
55776	्यारा
55777	्रल
55778	्रॆड
55779	्वेज
55780	्हानान
55781	०
55782	४८
55783	▁1,100
55784	▁1899
55785	▁1906
55786	▁2,200
55787	▁AIIah
55788	▁ANNOUNCER
55789	▁ARRANGEMENT
55790	▁ATAN
55791	▁Abdon
55792	▁Abhimanyu
55793	▁Abisha
55794	▁Abnormal
55795	▁Achieve
55796	▁Adaiah
55797	▁Adversity
55798	▁Agency
55799	▁Aijalon
55800	▁Ambiguous
55801	▁Analysis
55802	▁Analyze
55803	▁Approved
55804	▁Araunah
55805	▁Arrest
55806	▁Asshur
55807	▁Austin
55808	▁BOY
55809	▁BRAZIL
55810	▁Barrier
55811	▁Beatrice
55812	▁Bibli
55813	▁Borgia
55814	▁Bozrah
55815	▁Bravo
55816	▁Bueno
55817	▁Bundle
55818	▁Carmi
55819	▁Categorized
55820	▁Chebar
55821	▁Compositing
55822	▁Confi
55823	▁Confound
55824	▁Connie
55825	▁Controversy
55826	▁Cruz
55827	▁Cyclopedia
55828	▁DTD
55829	▁Demonstrat
55830	▁Denise
55831	▁Disabilities
55832	▁Disappointment
55833	▁Discussion
55834	▁Domestic
55835	▁Enjoin
55836	▁Equinox
55837	▁Euler
55838	▁FATHER
55839	▁FREE
55840	▁FRENCH
55841	▁FSView
55842	▁Federico
55843	▁Flint
55844	▁GDB
55845	▁GOT
55846	▁Grieving
55847	▁Guitar
55848	▁Gwenview
55849	▁HEAD
55850	▁HOLY
55851	▁HOUR
55852	▁Harim
55853	▁Heidi
55854	▁Herodotus
55855	▁Herzego
55856	▁Hobbs
55857	▁Hopkins
55858	▁Hunger
55859	▁Hutter
55860	▁ITALY
55861	▁Immorality
55862	▁Incense
55863	▁Inquire
55864	▁Ivory
55865	▁JAPAN
55866	▁Jachin
55867	▁Jahaz
55868	▁Jahaziel
55869	▁Jeconiah
55870	▁KCM
55871	▁KConfig
55872	▁KPhotoAlbum
55873	▁KSudoku
55874	▁Koda
55875	▁Kokkinakis
55876	▁Krishna
55877	▁Kuna
55878	▁LEVEL
55879	▁LILO
55880	▁Lebanese
55881	▁Leslie
55882	▁Lexicon
55883	▁Libburn
55884	▁Liberty
55885	▁Loneliness
55886	▁Maachah
55887	▁Machpelah
55888	▁Malchijah
55889	▁Manag
55890	▁Maze
55891	▁Mekong
55892	▁Morality
55893	▁Moza
55894	▁Nebuzaradan
55895	▁Neglect
55896	▁Newspaper
55897	▁Obligation
55898	▁Obtain
55899	▁Oppression
55900	▁Ottoman
55901	▁PEACE
55902	▁PEERS
55903	▁PLANNING
55904	▁Pandu
55905	▁Perfection
55906	▁Piety
55907	▁Poison
55908	▁PostgreSQL
55909	▁Prais
55910	▁Providence
55911	▁REMEMBER
55912	▁ROCK
55913	▁Raúl
55914	▁Realities
55915	▁Relation
55916	▁René
55917	▁Requirements
55918	▁Ripper
55919	▁Roald
55920	▁SAMUEL
55921	▁Sailing
55922	▁Salsabil
55923	▁Scenario
55924	▁Scout
55925	▁Semitism
55926	▁Seventeen
55927	▁Shaul
55928	▁Shobal
55929	▁Soften
55930	▁Sou
55931	▁Spokesman
55932	▁Stalin
55933	▁Stannis
55934	▁Sterling
55935	▁Strangers
55936	▁Subfolder
55937	▁Sumerian
55938	▁Sychar
55939	▁THREE
55940	▁Tanya
55941	▁Tekoa
55942	▁Terminate
55943	▁Tracy
55944	▁Umbrell
55945	▁Upbuilding
55946	▁Viol
55947	▁Volcano
55948	▁Warfare
55949	▁Weilguni
55950	▁Yoruba
55951	▁Zebadiah
55952	▁Zebra
55953	▁Zipporah
55954	▁afloat
55955	▁amplitude
55956	▁annals
55957	▁appalled
55958	▁archaeology
55959	▁armourbearer
55960	▁aromatic
55961	▁auction
55962	▁avalanche
55963	▁backsliders
55964	▁backtrace
55965	▁bacterium
55966	▁barbari
55967	▁barbarous
55968	▁beauti
55969	▁begrudge
55970	▁berth
55971	▁bestiality
55972	▁brunost
55973	▁buffalo
55974	▁bullied
55975	▁buoy
55976	▁chanop
55977	▁charismatic
55978	▁circumvent
55979	▁civi
55980	▁clutch
55981	▁coaches
55982	▁conspirators
55983	▁contemptuous
55984	▁convex
55985	▁copious
55986	▁cozy
55987	▁crook
55988	▁czar
55989	▁debating
55990	▁demonism
55991	▁deposed
55992	▁deriv
55993	▁diminution
55994	▁directrix
55995	▁dismal
55996	▁dithering
55997	▁divan
55998	▁dividends
55999	▁economist
56000	▁edifying
56001	▁emergencies
56002	▁eminence
56003	▁empathize
56004	▁estrogen
56005	▁excommunicated
56006	▁exemplar
56007	▁fancied
56008	▁fatalism
56009	▁feces
56010	▁fickle
56011	▁fitnah
56012	▁frantic
56013	▁frantically
56014	▁friar
56015	▁gallop
56016	▁gallows
56017	▁glutt
56018	▁governance
56019	▁gravitational
56020	▁handicapped
56021	▁hemisphere
56022	▁hemorrhage
56023	▁homogeneous
56024	▁horrifying
56025	▁huddle
56026	▁iblis
56027	▁idolatries
56028	▁impairment
56029	▁impenetrable
56030	▁imploring
56031	▁impotent
56032	▁inferiority
56033	▁infinitary
56034	▁inhaler
56035	▁inkhorn
56036	▁inmate
56037	▁inquisitive
56038	▁instil
56039	▁interfering
56040	▁interpolation
56041	▁intimidation
56042	▁karuna
56043	▁kmix
56044	▁lactose
56045	▁lenses
56046	▁lucid
56047	▁lumin
56048	▁melodies
56049	▁menarche
56050	▁messiah
56051	▁metainfo
56052	▁microphone
56053	▁neighbourhood
56054	▁obscurity
56055	▁omission
56056	▁ostracism
56057	▁outstripped
56058	▁overawe
56059	▁parabola
56060	▁parametre
56061	▁parlor
56062	▁perfidious
56063	▁pillage
56064	▁pitiable
56065	▁playmate
56066	▁pounce
56067	▁pppd
56068	▁procreation
56069	▁propagandist
56070	▁publicans
56071	▁punctuality
56072	▁racket
56073	▁razed
56074	▁relativism
56075	▁retaliating
56076	▁revisit
56077	▁reviving
56078	▁romantically
56079	▁royalty
56080	▁satchel
56081	▁sbin
56082	▁securities
56083	▁shewbread
56084	▁shrivel
56085	▁signposts
56086	▁sneer
56087	▁spectator
56088	▁stutter
56089	▁summari
56090	▁swirl
56091	▁tagua
56092	▁tantrum
56093	▁telegram
56094	▁terra
56095	▁theatric
56096	▁thrice
56097	▁traduc
56098	▁traffickers
56099	▁triad
56100	▁trudg
56101	▁trump
56102	▁unarmed
56103	▁uncial
56104	▁unequivocally
56105	▁unerring
56106	▁unmatched
56107	▁unsavo
56108	▁untrellised
56109	▁unveil
56110	▁unwelcome
56111	▁unworthiness
56112	▁ventilation
56113	▁vibration
56114	▁videocassette
56115	▁visually
56116	▁voters
56117	▁wil
56118	▁zenith
56119	▁Ádám
56120	▁अज़गर
56121	▁अज़टे
56122	▁अनिश्चित
56123	▁अनुपयुक्त
56124	▁अपव्यय
56125	▁अप्रेषित
56126	▁अफ्रीक
56127	▁अबीशू
56128	▁अभिमन्यु
56129	▁अभूतपूर्व
56130	▁अरया
56131	▁अरौन
56132	▁अर्जेंटाइना
56133	▁अस्वीकृति
56134	▁अहं
56135	▁आँकने
56136	▁आइडा
56137	▁आइडिया
56138	▁आइडेंटिफ़ायर
56139	▁आईकैल
56140	▁आउटलाइ
56141	▁इंटरप्रेटर
56142	▁इकतीसवां
56143	▁इट्ठ
56144	▁इत्तिफ़ाक
56145	▁इत्तिफाक
56146	▁इन्होने
56147	▁उठायीं
56148	▁उत्सर्ज
56149	▁उबासी
56150	▁उलझाए
56151	▁उष्णकटिबन्ध
56152	▁ऊँचाइयाँ
56153	▁ऎटम
56154	▁एक्सएसएलटी
56155	▁एडलेड
56156	▁एड़ियों
56157	▁एडीटर
56158	▁एडॉल्फ
56159	▁एनवायरनमेंट्स
56160	▁एनहैंस्ड
56161	▁एनाग्राम
56162	▁एन्ड्रू
56163	▁एब्राहम
56164	▁एमोर
56165	▁एलडी
56166	▁एसएम
56167	▁ऑक्टेव
56168	▁ऑगस्टीन
56169	▁ऑडि
56170	▁ऑपलॉक
56171	▁ऑर्थोगोनल
56172	▁ऑलिव
56173	▁ओख
56174	▁ओछे
56175	▁ओर्पा
56176	▁ओवरले
56177	▁कंकाल
56178	▁कंप्युटर
56179	▁कटवाया
56180	▁कम्पकपा
56181	▁करैत
56182	▁कवियों
56183	▁कष्टदाय
56184	▁काउंटी
56185	▁कुँजियाँ
56186	▁कुण्डल
56187	▁कुतर्क
56188	▁कुपोष
56189	▁केपीपीपी
56190	▁कैथल
56191	▁कैन्ट
56192	▁कैस
56193	▁कैसीनो
56194	▁कॉरली
56195	▁कॉलॆज
56196	▁कोहनी
56197	▁क्राइस्ट
56198	▁क्राउन
56199	▁क्षमताएँ
56200	▁ख़रीदें
56201	▁खीझ
56202	▁गट्ठर
56203	▁गद्
56204	▁गलतफहमिय
56205	▁गलनांक
56206	▁ग़लतफ़हम
56207	▁गाजर
56208	▁गिल्गा
56209	▁गीहोन
56210	▁गुर्राता
56211	▁गुस्ताख़
56212	▁गोते
56213	▁गोलमाल
56214	▁घटाएं
56215	▁घमणड
56216	▁चक्किय
56217	▁चबाना
56218	▁चमकीलापनः
56219	▁चलाएँगे
56220	▁चिकन
56221	▁चिकनापन
56222	▁चिकित्सालय
56223	▁चिमनी
56224	▁चिल्लाई
56225	▁चीरकर
56226	▁चुग़ल
56227	▁चैम्पियन
56228	▁चौकियां
56229	▁छत्तीस
56230	▁छिया
56231	▁छेड़ेगा
56232	▁जनाज़
56233	▁जलायी
56234	▁ज़ुर्म
56235	▁जालस्थल
56236	▁जुटाए
56237	▁जॆफ
56238	▁झंझरी
56239	▁झन्ड
56240	▁झाड़ू
56241	▁झुठ
56242	▁टलती
56243	▁टाईम
56244	▁टिटि
56245	▁टीटीएस
56246	▁टॆरी
56247	▁टेबुलर
56248	▁टैबलेट
56249	▁टॉयलॆट
56250	▁ट्रांस्पेरेंसी
56251	▁डाँड
56252	▁डाइन
56253	▁डाटाटाइप
56254	▁डान्स
56255	▁डिविज
56256	▁ढांक
56257	▁ढॅुंढ
56258	▁तबीता
56259	▁तहपन
56260	▁तिथियाँ
56261	▁तिथियां
56262	▁तिलचट्ट
56263	▁तेजस्वी
56264	▁तोड़ेंगे
56265	▁तोबिरयाह
56266	▁थियेटर
56267	▁दांय
56268	▁दाया
56269	▁दिरहम
56270	▁दुपहरी
56271	▁दुर्भाव
56272	▁दुष्कामना
56273	▁देमास
56274	▁देवियाँ
56275	▁धड़कता
56276	▁धर्मोपदेश
56277	▁धाइय
56278	▁धारावाहिक
56279	▁धूर्त्त
56280	▁नन्दन
56281	▁नवाज़ा
56282	▁निबटन
56283	▁निरस
56284	▁निशानेबाज
56285	▁नीलमणि
56286	▁नेशन्स
56287	▁नॉर्टन
56288	▁पछताओ
56289	▁पडेगी
56290	▁पदायाह
56291	▁पनुष्य
56292	▁परिशिष्ट
56293	▁पायस
56294	▁पीटो
56295	▁पुनर्निर्देश
56296	▁पुर्व
56297	▁पूजनेवाले
56298	▁पेलेग
56299	▁पोर्टेड
56300	▁पोस्टग्रे
56301	▁प्रभारी
56302	▁प्रवर्त
56303	▁प्रिन्ट
56304	▁प्रोसेसिंग
56305	▁फटकने
56306	▁फरिश्
56307	▁फ़ॉन
56308	▁फ़्रैंक
56309	▁फिलिस्तीन
56310	▁फिलेदिलफिया
56311	▁फुनगी
56312	▁फैलेगा
56313	▁फ्रान्ज़
56314	▁फ्रॉम
56315	▁फ्लोरेंस
56316	▁बढाया
56317	▁बतलाया
56318	▁बताऊं
56319	▁बरसेगी
56320	▁बहत्तर
56321	▁बहायी
56322	▁बहुपद
56323	▁बाँटीं
56324	▁बागान
56325	▁बिकने
56326	▁बिगाड
56327	▁बिगाड़ेंगे
56328	▁बिदक
56329	▁बुझती
56330	▁बेतशान
56331	▁बेमान
56332	▁बैठूँगा
56333	▁बॉस्टन
56334	▁बोस्रा
56335	▁ब्लेड
56336	▁भद्दे
56337	▁भैंस
56338	▁मंज़
56339	▁मक्केदा
56340	▁मछुआर
56341	▁मटकात
56342	▁मठवासी
56343	▁मढ़वाना
56344	▁मर्दान
56345	▁मशक
56346	▁मशक्कत
56347	▁मस्सा
56348	▁महीन
56349	▁माउन्टेड
56350	▁मानूँ
56351	▁मार्टर
56352	▁मिटेंगे
56353	▁मीगेल
56354	▁मुड़ने
56355	▁मुद्
56356	▁मूत्तिय
56357	▁मूशी
56358	▁मेशा
56359	▁मेशेक
56360	▁मैरीअन
56361	▁मॉनिटरिंग
56362	▁मॉलिक्यूल
56363	▁मोड़ेगा
56364	▁मोरो
56365	▁यमीम
56366	▁यहोशपात
56367	▁याजन्याह
56368	▁युक्रेन
56369	▁युध्द
56370	▁यूश
56371	▁योहानस
56372	▁रकें
56373	▁रानियों
56374	▁रिर्पोट
56375	▁रीका
56376	▁रीसोर्स
56377	▁रेक्ट
56378	▁रेलगाडी
56379	▁रेवेन
56380	▁रेस्पां
56381	▁रैंडम
56382	▁रैले
56383	▁रॉजर
56384	▁रोकेगी
56385	▁रोजगार
56386	▁लड़ेगी
56387	▁लवलीन
56388	▁लादें
56389	▁लिपिया
56390	▁लूज़
56391	▁ल्यूक
56392	▁वर्कग्रुप
56393	▁वलगेट
56394	▁वस्तुऐं
56395	▁विज़ेट्स
56396	▁विडंबना
56397	▁विधवाएँ
56398	▁विधी
56399	▁विनम्रतापूर्वक
56400	▁विनोद
56401	▁विलाय
56402	▁विश्रान्त
56403	▁वेलिडेटर
56404	▁वैमनस्य
56405	▁वॉन्डा
56406	▁वॉलन
56407	▁व्यग्र
56408	▁व्यूअर
56409	▁व्हिस्की
56410	▁व्हेन
56411	▁शब्दावल
56412	▁शर्माओ
56413	▁शीशक
56414	▁शुब
56415	▁शेकेम
56416	▁शेरिफ
56417	▁शोबाल
56418	▁संकलन
56419	▁संकाय
56420	▁संभ्रम
56421	▁सजाने
56422	▁सड़ाहट
56423	▁सनौवर
56424	▁समलिंगियों
56425	▁समानान्तर
56426	▁समावेश
56427	▁सम्हाल
56428	▁सर्किल
56429	▁सर्ट
56430	▁सशक्त
56431	▁सहिष्णुता
56432	▁सांध्य
56433	▁साजिश
56434	▁सार्वभौम
56435	▁सिखला
56436	▁सिप्पोरा
56437	▁सिल्व
56438	▁सीडीरेकॉर्ड
56439	▁सीढ
56440	▁सीदोनियों
56441	▁सीरियलाइजर
56442	▁सुदूर
56443	▁सुनेगी
56444	▁सुरंगें
56445	▁सुसर
56446	▁सूँघ
56447	▁सॉफ्टवीव
56448	▁सॉर्ट
56449	▁सोपान
56450	▁स्क्वायर
56451	▁स्पर्धा
56452	▁स्याह
56453	▁स्लोवीनिया
56454	▁हर्बर्ट
56455	▁हसबे
56456	▁हाँफते
56457	▁हानान
56458	▁हाविय
56459	▁हिं
56460	▁हिस्ट्री
56461	▁हुवे
56462	▁होऊं
56463	▁१९२६
56464	◇
56465	1,200
56466	1,500
56467	109
56468	206
56469	889
56470	ATOR
56471	Australia
56472	Auth
56473	BUG
56474	Benjamin
56475	Besides
56476	Birr
56477	CIENT
56478	Cheese
56479	Consequently
56480	Disguise
56481	ERN
56482	Earth
56483	Error
56484	Gather
56485	Kernel
56486	Korea
56487	LETE
56488	MAT
56489	MINA
56490	Meta
56491	Minimal
56492	NLY
56493	PMT
56494	PRODUCT
56495	Recall
56496	Sample
56497	Something
56498	Specific
56499	Support
56500	Switzerland
56501	VALUE
56502	Virus
56503	WEEK
56504	Wilber
56505	YELLS
56506	alia
56507	amily
56508	armed
56509	aster
56510	attack
56511	authentication
56512	authority
56513	behind
56514	bgr
56515	brazil
56516	ccupied
56517	center
56518	crement
56519	curricula
56520	diluted
56521	disobedient
56522	divorce
56523	ellphone
56524	emove
56525	ermany
56526	evident
56527	finger
56528	gawa
56529	guid
56530	heerful
56531	hurt
56532	iller
56533	interpret
56534	irect
56535	jealousy
56536	keyring
56537	language
56538	litres
56539	lsl
56540	luetooth
56541	motive
56542	natal
56543	overwrite
56544	patience
56545	prepared
56546	receiving
56547	remature
56548	rench
56549	replete
56550	responsibility
56551	sacrifice
56552	school
56553	skinned
56554	south
56555	stranger
56556	stroke
56557	suitable
56558	swift
56559	tutor
56560	ustria
56561	utgoing
56562	utoconfig
56563	utoplay
56564	voluntary
56565	watts
56566	witnesses
56567	wrapping
56568	zealous
56569	ंचुरी
56570	ंठें
56571	अख़
56572	अग़ल
56573	अनाज
56574	अनुशंसित
56575	अन्ततः
56576	अपराधियों
56577	आउटः
56578	आख़िकार
56579	आतिश
56580	आध्यात्मि
56581	आरोप
56582	ईर्ष्या
56583	उटलुक
56584	उड़ते
56585	एकान्त
56586	एसक्यूएल
56587	ओझाओं
56588	कड़ियों
56589	कदाचित
56590	कयामत
56591	कागज
56592	कारख़ाना
56593	कारिणी
56594	कार्यकर्ता
56595	कॉक
56596	ख़ील
56597	ख़ुला
56598	ख़ेमे
56599	खाँसी
56600	खोट
56601	गन्दी
56602	गर्मी
56603	ग़ु
56604	गामियों
56605	गुस्से
56606	गोइयाँ
56607	घबराओ
56608	घसीट
56609	घास
56610	चर्बी
56611	चिकनी
56612	चिह्
56613	चूंकि
56614	चूप
56615	ज़बी
56616	ज़्या
56617	जायज़
56618	जिन्स
56619	जूह
56620	ज्वालाएँ
56621	टॉन्य
56622	ट्यूशन
56623	ट्रिक्स
56624	डराव
56625	डॉन
56626	तत्वज्ञान
56627	तरीके
56628	तहकम
56629	तहस
56630	तीसरा
56631	थनाम
56632	थलग
56633	दख़ल
56634	दाओ
56635	दाहिना
56636	दिखाओ
56637	दुओं
56638	देखिये
56639	दोबार
56640	द्धि
56641	धज
56642	धेरे
56643	नर्वस
56644	निपात
56645	निवासस्थान
56646	नुसर
56647	नैतिक
56648	न्टू
56649	न्धिया
56650	पढ़
56651	पढ़ना
56652	परायणता
56653	पहचाने
56654	पुआ
56655	पेक्टर
56656	पैदल
56657	पौत्र
56658	प्रतीक्षारत
56659	प्रीतिकर
56660	प्रीफेक्चर
56661	फ़र्ड
56662	फ़ाइड
56663	फ़ार
56664	फिरदौस
56665	फैसले
56666	बदनामी
56667	बसाएँ
56668	बादशाह
56669	बितर
56670	बिफ़
56671	भासी
56672	मनभावनी
56673	मरज़
56674	मर्द
56675	मांश
56676	माचा
56677	मानवीय
56678	मुथियुस
56679	मुहम्म
56680	यागामी
56681	रफ्त
56682	रब्बी
56683	रातोंरात
56684	रिज्क
56685	रीलोड
56686	रूढ़
56687	रोपे
56688	र्दिश
56689	लाईट
56690	लिनियर
56691	लैह
56692	लॉरन्स
56693	लोजी
56694	वास्तविकता
56695	शराफ
56696	शुक्रिया
56697	साँपों
56698	सातवें
56699	सायरा
56700	सियर
56701	सूखी
56702	सौदा
56703	स्टापो
56704	स्थिर
56705	हलके
56706	हव्वा
56707	हिज़क
56708	हुई
56709	हुज्जत
56710	ागमन
56711	ादियों
56712	ाफिज़
56713	ामिया
56714	ियानूसी
56715	िशिच
56716	ीफ़ायर
56717	ुदाई
56718	ुफ्
56719	ुबुल
56720	ुबै
56721	ृृ
56722	ेफीश
56723	ैरिज
56724	ोयीम
56725	्यक्त
56726	्रॉबेरी
56727	२६०
56728	४५
56729	८६
56730	९२८
56731	९७
56732	▁(37)
56733	▁0.9
56734	▁1/10
56735	▁17,18
56736	▁1907
56737	▁1999-2002
56738	▁740
56739	▁Adultery
56740	▁Alliance
56741	▁Annette
56742	▁Antarctic
56743	▁Anxieties
56744	▁Apache
56745	▁Arimathea
56746	▁Arpachshad
56747	▁Ashtoreth
56748	▁Atmosphere
56749	▁Authenticating
56750	▁Azekah
56751	▁Azmaveth
56752	▁BECOME
56753	▁Baanah
56754	▁Baht
56755	▁Bartholomew
56756	▁Bengal
56757	▁Bernice
56758	▁Bleed
56759	▁Blogger
56760	▁Bodies
56761	▁Bowen
56762	▁Breakdown
56763	▁Budget
56764	▁COMMAND
56765	▁Cakes
56766	▁Campaign
56767	▁Canvas
56768	▁Chemical
56769	▁Cholesterol
56770	▁Coding
56771	▁Commend
56772	▁Commendation
56773	▁Compromise
56774	▁Confucian
56775	▁Conviction
56776	▁Courier
56777	▁Creed
56778	▁Cushite
56779	▁Cylinder
56780	▁DANIEL
56781	▁Dale
56782	▁Danube
56783	▁Decisive
56784	▁Decode
56785	▁Diego
56786	▁Difficulties
56787	▁EXCE
56788	▁Easi
56789	▁Edomite
56790	▁Edrei
56791	▁Endeavor
56792	▁Ephrath
56793	▁Ephrathah
56794	▁Epicurus
56795	▁Epidemic
56796	▁Exceed
56797	▁Exec
56798	▁Farrell
56799	▁Fault
56800	▁Feet
56801	▁Fleming
56802	▁Fornication
56803	▁Genetic
56804	▁Geography
56805	▁Graham
56806	▁Heinrich
56807	▁Huldah
56808	▁Jake
56809	▁Kep
56810	▁Kidney
56811	▁Kittim
56812	▁Kroon
56813	▁Kumiko
56814	▁Lawgiver
56815	▁Leipzig
56816	▁Lincoln
56817	▁Locate
56818	▁Magnification
56819	▁Marcelo
56820	▁Margarita
56821	▁Marvin
56822	▁Masih
56823	▁Materialism
56824	▁Matsu
56825	▁Mattathias
56826	▁Maureen
56827	▁Maxwell
56828	▁Medication
56829	▁Meshech
56830	▁Metropolis
56831	▁Mistakes
56832	▁Modula
56833	▁Monika
56834	▁Monkey
56835	▁Montana
56836	▁Mueller
56837	▁Naj
56838	▁Neil
56839	▁Nutrition
56840	▁Océane
56841	▁Othniel
56842	▁Otto
56843	▁Overlook
56844	▁Overseer
56845	▁Overwhelming
56846	▁PAST
56847	▁PHIL
56848	▁PROBLEM
56849	▁Papyrus
56850	▁Participat
56851	▁Patricia
56852	▁Penuel
56853	▁Percepti
56854	▁Perseverance
56855	▁Personage
56856	▁Pharoah
56857	▁Phoebe
56858	▁Phrygia
56859	▁Probability
56860	▁Prominen
56861	▁Prophecies
56862	▁Qualified
56863	▁Quechua
56864	▁ROY
56865	▁Raymond
56866	▁Reliable
56867	▁Renato
56868	▁Residents
56869	▁Reuters
56870	▁Roxana
56871	▁SPAIN
56872	▁SUCCESS
56873	▁Sacrificing
56874	▁Salmon
56875	▁Salome
56876	▁Sargon
56877	▁Sergeant
56878	▁Settlement
56879	▁Shaphat
56880	▁Shephelah
56881	▁Shifu
56882	▁Shiphrah
56883	▁Shoba
56884	▁Silvia
56885	▁Similarity
56886	▁Simplify
56887	▁Sinners
56888	▁Socialist
56889	▁Styl
56890	▁Summit
56891	▁Tabulator
56892	▁Temanite
56893	▁Tiberias
56894	▁Tigris
56895	▁Timotheus
56896	▁Titanic
56897	▁Toretto
56898	▁Tracing
56899	▁Transfusion
56900	▁Trident
56901	▁Unregistered
56902	▁Unselfish
56903	▁VICTORIA
56904	▁Verbose
56905	▁Verne
56906	▁Winner
56907	▁Worksheet
56908	▁Yoke
56909	▁Zabdi
56910	▁Zaccur
56911	▁Zech
56912	▁Zlot
56913	▁[160
56914	▁absentee
56915	▁aesthetic
56916	▁allotment
56917	▁anemia
56918	▁antibiotic
56919	▁approving
56920	▁arbitrator
56921	▁asymptote
56922	▁bellows
56923	▁berry
56924	▁bickering
56925	▁binge
56926	▁brisk
56927	▁brittle
56928	▁brutaliz
56929	▁brutish
56930	▁camouflage
56931	▁carillon
56932	▁catechism
56933	▁cerebr
56934	▁chancellor
56935	▁chick
56936	▁chili
56937	▁cinema
56938	▁circling
56939	▁clamp
56940	▁clipped
56941	▁clique
56942	▁coalition
56943	▁codices
56944	▁commentaries
56945	▁commodities
56946	▁complacency
56947	▁complies
56948	▁condense
56949	▁confederate
56950	▁conscripted
56951	▁consummation
56952	▁crazed
56953	▁culmination
56954	▁culprit
56955	▁cuss
56956	▁cycling
56957	▁daydream
56958	▁decadent
56959	▁decelerate
56960	▁deficiencies
56961	▁defuse
56962	▁dehydration
56963	▁demean
56964	▁dependency
56965	▁diagnos
56966	▁displace
56967	▁dissatisfaction
56968	▁dissident
56969	▁doubl
56970	▁dysfunction
56971	▁ecumenical
56972	▁electrician
56973	▁elysium
56974	▁emancipation
56975	▁encapsulated
56976	▁endemic
56977	▁enmities
56978	▁ensign
56979	▁entreaties
56980	▁entropy
56981	▁epilepsy
56982	▁eventuality
56983	▁exploding
56984	▁fabulous
56985	▁falcon
56986	▁fatalistic
56987	▁fertilizer
56988	▁flask
56989	▁fractal
56990	▁frenzied
56991	▁gestation
56992	▁gluttonous
56993	▁grabbing
56994	▁gradian
56995	▁grammatical
56996	▁grueling
56997	▁gruesome
56998	▁handbill
56999	▁highlands
57000	▁hippopotamus
57001	▁hoary
57002	▁hypertension
57003	▁identifiable
57004	▁ideologies
57005	▁idiom
57006	▁ignoble
57007	▁immoderate
57008	▁immovable
57009	▁inquisitor
57010	▁insecticide
57011	▁insincere
57012	▁insurrection
57013	▁intimacies
57014	▁investors
57015	▁irritable
57016	▁kitten
57017	▁lieutenant
57018	▁lintel
57019	▁lyre
57020	▁mandrakes
57021	▁menstruated
57022	▁metropolitan
57023	▁microbi
57024	▁microsecond
57025	▁millennial
57026	▁monsoon
57027	▁mythical
57028	▁nettles
57029	▁nocturnal
57030	▁overstepp
57031	▁pancreas
57032	▁perjury
57033	▁pesticide
57034	▁postponement
57035	▁precipitate
57036	▁prerogative
57037	▁prism
57038	▁procrastination
57039	▁prolific
57040	▁propagate
57041	▁quell
57042	▁refut
57043	▁reinforcing
57044	▁resilient
57045	▁retracing
57046	▁salmon
57047	▁scout
57048	▁scrib
57049	▁slant
57050	▁slick
57051	▁slid
57052	▁smelt
57053	▁spacecraft
57054	▁spasm
57055	▁spotlight
57056	▁squeezing
57057	▁stereotype
57058	▁stimulant
57059	▁stinginess
57060	▁synchronization
57061	▁taint
57062	▁tanner
57063	▁telegraph
57064	▁terrestrial
57065	▁transfigured
57066	▁travers
57067	▁typewriter
57068	▁ultimatum
57069	▁uncanny
57070	▁undeniabl
57071	▁unfad
57072	▁unoccupied
57073	▁unresolved
57074	▁unsettled
57075	▁unsettling
57076	▁untreated
57077	▁vagina
57078	▁verifie
57079	▁vermin
57080	▁wilful
57081	▁अज़ो
57082	▁अजूबे
57083	▁अड़ियल
57084	▁अध्यापिका
57085	▁अनुज्ञात्मक
57086	▁अन्यभाष
57087	▁अफ़ार
57088	▁अब्दोन
57089	▁अभिरक्ष
57090	▁अमॆरिक
57091	▁अयुग्म
57092	▁अरफ
57093	▁अलै
57094	▁अव्यवस्था
57095	▁अव्यवस्थित
57096	▁अशोभनीय
57097	▁आत्मनिर्भर
57098	▁आत्मसात
57099	▁इंटीग्रल
57100	▁इंद्रिय
57101	▁इकहर
57102	▁इजा
57103	▁इरावाड
57104	▁इू
57105	▁उड़ेल
57106	▁उपरिलेख
57107	▁ऊँगलिय
57108	▁एन्ज़ाइम
57109	▁एबीसी
57110	▁एमुलेशन
57111	▁एसोसि
57112	▁एस्थर
57113	▁ऐन्टी
57114	▁ऑलसेन
57115	▁ओक्ट
57116	▁ओपनऑफ़िस
57117	▁ककून
57118	▁कपटपूर्ण
57119	▁करारनाम
57120	▁क़हर
57121	▁क़ाफ़
57122	▁काफूर
57123	▁काबीलियत
57124	▁कामवासना
57125	▁कुंजीशब्द
57126	▁कुंद
57127	▁कुद
57128	▁कुरेनी
57129	▁कुहन
57130	▁कैप्सूल
57131	▁कैलिब्रेश
57132	▁कोर्टशिप
57133	▁कोहनियों
57134	▁क्रून
57135	▁क्लेम
57136	▁क्वथनांक
57137	▁खँडहर
57138	▁खन्द
57139	▁ख़िल
57140	▁ख़ुरा
57141	▁गद्दे
57142	▁गराज
57143	▁गाड़ने
57144	▁गिराओ
57145	▁गुड़िया
57146	▁गुस्ताव
57147	▁घड़ियाल
57148	▁घाल
57149	▁घुप
57150	▁घूटन
57151	▁घोड़ो
57152	▁चबाएग
57153	▁चर्नोबिल
57154	▁चहकते
57155	▁चारपाई
57156	▁चालबाज
57157	▁चिल्लाएँगे
57158	▁चूहा
57159	▁चॉइस
57160	▁चौराह
57161	▁छठवीं
57162	▁छद्म
57163	▁छेत्र
57164	▁जज्ब
57165	▁जनेगी
57166	▁जलूस
57167	▁ज़ौ
57168	▁जागरूक
57169	▁जीतेगा
57170	▁जीवनदाता
57171	▁जुटायी
57172	▁जुमला
57173	▁ज्वलन
57174	▁टपकाए
57175	▁टाइफ
57176	▁टेंपलेट
57177	▁टेबल्स
57178	▁टोन्हा
57179	▁टोरॉन्टो
57180	▁ट्रांज़ीशन
57181	▁ठुकराइए
57182	▁ठुड्डिय
57183	▁डबलिन
57184	▁डरूँ
57185	▁डाढ़
57186	▁डायरेक्ट
57187	▁डिरेक्टरी
57188	▁डिश
57189	▁डिस्लेक्सि
57190	▁डॆनमार्क
57191	▁डेक्सट
57192	▁डैरेन
57193	▁डैशबोर्ड
57194	▁ढांच
57195	▁ढाप
57196	▁ढूंढ़कर
57197	▁ढोनेवाला
57198	▁तपन
57199	▁तफ
57200	▁तबदीलियाँ
57201	▁तबादला
57202	▁तमु
57203	▁तवज
57204	▁तहक़ीक़ात
57205	▁ताऊ
57206	▁तैराक
57207	▁तोहफ़े
57208	▁दक़ियानूस
57209	▁दत्नतर
57210	▁दहाड़न
57211	▁दुरी
57212	▁दौड़ाने
57213	▁दौड़ायी
57214	▁धर्मयुद्ध
57215	▁धर्मान्तरित
57216	▁धातुएँ
57217	▁धुलाई
57218	▁धोबी
57219	▁नगरपालिका
57220	▁नज्जार
57221	▁निंदक
57222	▁निःश
57223	▁निनवे
57224	▁निनान
57225	▁निन्यान
57226	▁नियतिवाद
57227	▁निराकरण
57228	▁निले
57229	▁निष्कासन
57230	▁पंजाबी
57231	▁पकवा
57232	▁पकानेहार
57233	▁पटट
57234	▁पम्प
57235	▁परोसने
57236	▁पुजार
57237	▁पुनर्मिलन
57238	▁पुनर्वि
57239	▁पुरातत्वज्ञान
57240	▁पुरातात्
57241	▁पॅटर्न
57242	▁पेटूपन
57243	▁पेट्रा
57244	▁पैम
57245	▁पौला
57246	▁प्रतिप्ररूप
57247	▁प्रतिभाशाली
57248	▁प्रदीप्त
57249	▁प्रार्थन
57250	▁प्रोटोटाइप
57251	▁प्लेटलेट
57252	▁फंसेगा
57253	▁फ़रक
57254	▁फ़ाक
57255	▁फ़ैशन
57256	▁फारिग
57257	▁फिंगर
57258	▁फीता
57259	▁फुरती
57260	▁फूड
57261	▁फैलेगी
57262	▁बंजार
57263	▁बखेड़ा
57264	▁बचाइए
57265	▁बढ़ाऊँगा
57266	▁बढो
57267	▁बदमिज़ाज
57268	▁बर्फपट्टी
57269	▁बसाएँगे
57270	▁बानो
57271	▁बार्डर
57272	▁बिछड़ने
57273	▁बिठाए
57274	▁बिदा
57275	▁बेफ़िक्र
57276	▁बेरूख
57277	▁बोग
57278	▁बोरिय
57279	▁ब्यूर
57280	▁ब्योरे
57281	▁ब्रदरन
57282	▁ब्राजीलियाई
57283	▁ब्लीड
57284	▁भद्दा
57285	▁भिजवा
57286	▁भेड
57287	▁भोजनालय
57288	▁मंदाकिनियाँ
57289	▁मकिदुन
57290	▁मक्खियाँ
57291	▁मख़
57292	▁मचानेवाल
57293	▁मणियों
57294	▁मदमात
57295	▁मसह
57296	▁मस्तगी
57297	▁महिलाएं
57298	▁महीनो
57299	▁मांझी
57300	▁माओन
57301	▁माज़र
57302	▁माडल
57303	▁मार्सेल
57304	▁मिकमा
57305	▁मिटेगी
57306	▁मिलीग्राम
57307	▁मीलेतुस
57308	▁मुण्डे
57309	▁मूझ
57310	▁मूराटोरी
57311	▁मॅग
57312	▁मैसाचुसेट्
57313	▁मॉल्ट
57314	▁मोज़म्बीक
57315	▁मोज़ि
57316	▁यद्य
57317	▁यसर
57318	▁युआन
57319	▁युनानी
57320	▁युरोप
57321	▁राइटिंग
57322	▁राजनयिक
57323	▁राशिचक्र
57324	▁रिस्पांस
57325	▁रीजेंट
57326	▁रेनाट
57327	▁रोज़मेरी
57328	▁लगवाने
57329	▁लज़्ज़त
57330	▁लतू
57331	▁लपेटेग
57332	▁लिखनेयोग्य
57333	▁लिखूँगा
57334	▁लिप्त
57335	▁लुईस
57336	▁लेपालक
57337	▁लॉर्ड
57338	▁वचनबद्धता
57339	▁वर्डप्रोसेसर
57340	▁वाणिज्यिक
57341	▁वायलिन
57342	▁विकर्ष
57343	▁विद्वेषपूर्ण
57344	▁विध्व
57345	▁विन्
57346	▁विशेषताएं
57347	▁वॆल्
57348	▁वेधशाला
57349	▁शीफ़ू
57350	▁शीशा
57351	▁शोरगुल
57352	▁श्श
57353	▁षड
57354	▁संजय
57355	▁संतरे
57356	▁संदूषण
57357	▁संरक्षि
57358	▁सम्भ
57359	▁सम्मोहन
57360	▁सरकंड
57361	▁सरनाम
57362	▁सरहदें
57363	▁सर्गोन
57364	▁सातगुण
57365	▁सिलवट
57366	▁सीपिय
57367	▁सुनम्य
57368	▁सूझेग
57369	▁सूरमा
57370	▁सृज
57371	▁सेंतीलीटर
57372	▁सैन्ड्रा
57373	▁स्कीम
57374	▁स्टेफनी
57375	▁स्पेसेज़
57376	▁स्प्रे
57377	▁स्प्लिट
57378	▁स्वर्गारोह
57379	▁हथिया
57380	▁हथौड़
57381	▁हव्
57382	▁हिचकिचाइए
57383	▁हिज्ज
57384	▁हिलाओ
57385	▁हुमक
57386	▁हेरल्ड
57387	▁हेरोद
57388	▁हेल्थ
57389	▁हेस्रोन
57390	▁१०१
57391	▁१४०
57392	▁१९३७
57393	▁१९७६
57394	▁१९७८
57395	▁८२
57396	(0.1
57397	2002-02-2
57398	320
57399	666
57400	AKING
57401	Alaikum
57402	Brazil
57403	Confirm
57404	Encompassing
57405	Enoch
57406	Family
57407	Forbearing
57408	French
57409	Janet
57410	Kenneth
57411	Kingdom
57412	Koran
57413	Libtool
57414	Millions
57415	Muhajirun
57416	NTO
57417	Prepare
57418	Present
57419	Quraish
57420	REAK
57421	Regard
57422	Relieve
57423	Review
57424	ServerName
57425	Sided
57426	Transfer
57427	Trembling
57428	Tribe
57429	UARY
57430	Unzurna
57431	aced
57432	alidate
57433	attentive
57434	barnea
57435	blameless
57436	blank
57437	capture
57438	changing
57439	counterclockwise
57440	digit
57441	districts
57442	dynamic
57443	eceleration
57444	generous
57445	global
57446	grees
57447	guilt
57448	honour
57449	housands
57450	inherit
57451	kingdom
57452	lNG
57453	mortal
57454	mountain
57455	munificent
57456	mutual
57457	necessary
57458	nevitably
57459	nflict
57460	nly
57461	nninger
57462	otanical
57463	policy
57464	preserved
57465	properties
57466	protocol
57467	rabbi
57468	respect
57469	rubbed
57470	schedule
57471	scripture
57472	shore
57473	sisters
57474	software
57475	sort
57476	staff
57477	stantiate
57478	stationed
57479	stride
57480	subject
57481	submission
57482	submitting
57483	symbol
57484	symmetrical
57485	unlettered
57486	uru
57487	utonomous
57488	utstrippers
57489	volving
57490	whin
57491	witz
57492	xecute
57493	zech
57494	­
57495	×3
57496	×6
57497	ý
57498	ī
57499	ँढ
57500	ंगुर
57501	ंछे
57502	ंज़ीर
57503	अक़ल
57504	अजा
57505	अनोखी
57506	अन्धी
57507	अप्रिय
57508	अवसर
57509	अहा
57510	आमने
57511	आरएम
57512	आलमीन
57513	आवश्यकता
57514	इनसान
57515	इयर
57516	इरादा
57517	इलॆक्ट्रॉनिक
57518	उठना
57519	उत्तराधिकारी
57520	उपहास
57521	उम्दा
57522	ऊँट
57523	कंकड़
57524	कचवा
57525	करनेकेलिए
57526	करुणा
57527	कहकर
57528	क़सद
57529	क़ू
57530	काटना
57531	कुचैल
57532	कूटशब्द
57533	केऑफ़िस
57534	केडीई
57535	क्रांतिकारी
57536	ख़ू
57537	खेड़
57538	ख्वाहिश
57539	गंभीर
57540	गतिशील
57541	गर्भित
57542	गुत्थ
57543	गूँगे
57544	गूस
57545	गेट्स
57546	ग्लू
57547	घबराहट
57548	चचा
57549	चारण
57550	चुकी
57551	छाँट
57552	छुड़ानेवाला
57553	ज़ियम
57554	ज़िले
57555	ज़ीका
57556	ज़ूक
57557	ज़ैर
57558	जीनियस
57559	झपट
57560	झुक
57561	टिविटी
57562	टुकड
57563	टूक
57564	टेढ़ा
57565	टोरियल
57566	ठील
57567	डालो
57568	डिथर्ड
57569	डिरेक्ट्री
57570	डेंटिटी
57571	ढील
57572	तकलीफ
57573	तनाद
57574	तालीम
57575	त्सेप
57576	दयालुता
57577	दस्तूर
57578	दायां
57579	दुबकन
57580	दौल
57581	द्दरे
57582	द्दार
57583	नहींहै
57584	निकलते
57585	निट्
57586	निर्बुद्धि
57587	निर्मल
57588	निष्ठावान
57589	नौकरों
57590	परमाणु
57591	परिवर्तित
57592	परिष्कृत
57593	पहरेदार
57594	पहुँचा
57595	पुकारना
57596	पैरवी
57597	प्रभात
57598	प्रभावित
57599	प्रशंसित
57600	प्रसन्नता
57601	प्राकृतिक
57602	प्रोत्साहन
57603	प्लास्ट
57604	फर्क
57605	फसाद
57606	फ़रिशते
57607	फ़सल
57608	फ़ायदा
57609	फ़ायदे
57610	फ़ूं
57611	फियॉ
57612	फैद
57613	फ्ला
57614	बताते
57615	बदमाशों
57616	बहुमूल्य
57617	बायां
57618	बीवी
57619	बुढ़ा
57620	बेइ
57621	बेचारे
57622	बेदी
57623	बेफायदे
57624	ब्रुक
57625	भक्ति
57626	भुना
57627	भेड़िया
57628	भोज
57629	भ्रमित
57630	मगाह
57631	मजबूर
57632	मजलिस
57633	मण्
57634	मसख़रे
57635	महौल
57636	माइंड
57637	माइन्स
57638	मार्गदर्शन
57639	मास्टर
57640	मिअ
57641	मिनरी
57642	मिलीसेकेंड
57643	मुट्ठी
57644	मुड़
57645	मुर्दा
57646	मुर्दे
57647	मेटाडाटा
57648	म्भाव
57649	यूआईडी
57650	यूनिफ़ॉर्म
57651	रखना
57652	रखने
57653	रिज़ोना
57654	रिमोट
57655	रीएल
57656	रोकने
57657	र्फ़ी
57658	र्वाधार
57659	र्षों
57660	लगताहै
57661	लड़ने
57662	लड़वा
57663	लर्जी
57664	लहज
57665	लहू
57666	लीजिए
57667	लॆक
57668	लैंगिक
57669	ळ
57670	वक्षस्थल
57671	वव्याप
57672	वाहिशों
57673	विधिवत
57674	विलायत
57675	शर्मिंदा
57676	शलोम
57677	शहद
57678	शिप्रा
57679	शोख
57680	श्रेया
57681	संकल्प
57682	संपत्ति
57683	संस्था
57684	समझौते
57685	समूहीकृत
57686	सलबा
57687	साइनमेंट
57688	साहा
57689	साहिब
57690	सुअर
57691	सुबे
57692	सूचक
57693	सूसन
57694	सेवानिवृत्ति
57695	सौतेले
57696	स्मृति
57697	हठधर्म
57698	हल्लिलूय्याह
57699	हवाओं
57700	हिंदी
57701	हेंगें
57702	़ाबियों
57703	ाइनाइटि
57704	ायफ़
57705	ायरफॉक्स
57706	ारियान
57707	िन्तु
57708	िवनेस
57709	िसलना
57710	ीग्रेशन
57711	ुइड
57712	ुबान
57713	ुरदा
57714	ुवत
57715	ॆल्ट
57716	ेनसी
57717	ेन्तु
57718	ैचिंग
57719	ॉल्ड
57720	ौन्द
57721	्ज़िल
57722	्नून
57723	्लिप्साइ
57724	०८
57725	२२
57726	६८
57727	▁$8
57728	▁(200)
57729	▁15,16
57730	▁1908
57731	▁1997-200
57732	▁2006-2007
57733	▁236
57734	▁24,25
57735	▁2400
57736	▁9,10.
57737	▁90,000
57738	▁ALSA
57739	▁ARCH
57740	▁AROUND
57741	▁Abbreviation
57742	▁Acoustic
57743	▁Adopt
57744	▁Aging
57745	▁Antiquities
57746	▁Antoine
57747	▁Appear
57748	▁Aryan
57749	▁Astrology
57750	▁Aviation
57751	▁Aykah
57752	▁BBC
57753	▁Baha
57754	▁Bazaar
57755	▁Betrayal
57756	▁Bichri
57757	▁Bikini
57758	▁Bitmap
57759	▁Bog
57760	▁Bounties
57761	▁Bride
57762	▁CEO
57763	▁CHANGE
57764	▁CLOSE
57765	▁COLOUR
57766	▁Camille
57767	▁Canberra
57768	▁Capitol
57769	▁Catastrophe
57770	▁Centimeter
57771	▁Centimetres
57772	▁Chuck
57773	▁Cologne
57774	▁Confess
57775	▁Conscious
57776	▁Contemplat
57777	▁Corrie
57778	▁Critics
57779	▁Cruelty
57780	▁Cullmann
57781	▁Cuzco
57782	▁DEATH
57783	▁Dalia
57784	▁Decay
57785	▁Delimiter
57786	▁Dependency
57787	▁Dionysius
57788	▁Dionysus
57789	▁Discourse
57790	▁EGYPT
57791	▁Ecclesiastic
57792	▁Enterprise
57793	▁Explosion
57794	▁Exult
57795	▁Ezion
57796	▁Factorize
57797	▁Fashioner
57798	▁Fritz
57799	▁GLX
57800	▁Gesture
57801	▁Gipsy
57802	▁Gisela
57803	▁Gloss
57804	▁Grip
57805	▁HAPPINESS
57806	▁Harlot
57807	▁Havilah
57808	▁Hayley
57809	▁Herculaneum
57810	▁Hermes
57811	▁Hinder
57812	▁IMSU
57813	▁IMTAN
57814	▁IceWM
57815	▁Illustrat
57816	▁Indies
57817	▁Infancy
57818	▁Institution
57819	▁Invent
57820	▁Irrawaddy
57821	▁Ishtar
57822	▁Jahath
57823	▁Joes
57824	▁KBugBuster
57825	▁KENYA
57826	▁KLinkStatus
57827	▁Kadmiel
57828	▁Kanagram
57829	▁Katarzyna
57830	▁Keegan
57831	▁LADY
57832	▁Launchpad
57833	▁Liverpool
57834	▁Lyman
57835	▁MUCH
57836	▁Magnify
57837	▁Mareshah
57838	▁Mercutio
57839	▁Meteorologi
57840	▁Mimetype
57841	▁Minnesota
57842	▁Movie
57843	▁Muriel
57844	▁Nebraska
57845	▁Neundorf
57846	▁Obesity
57847	▁Opportunities
57848	▁Owen
57849	▁Parmenion
57850	▁Pediatric
57851	▁Percy
57852	▁Plotter
57853	▁Polytheists
57854	▁Psychology
57855	▁Qualifications
57856	▁ROW
57857	▁Recurren
57858	▁Rehum
57859	▁Remarkable
57860	▁Resentment
57861	▁Rhine
57862	▁Rodrig
57863	▁Rudolf
57864	▁SHOULD
57865	▁SLO
57866	▁Samoa
57867	▁Sandemanian
57868	▁Saskatchewan
57869	▁Schimanski
57870	▁Schmidt
57871	▁Seleucid
57872	▁Shammai
57873	▁Sijjeen
57874	▁Silvanus
57875	▁Stéphane
57876	▁Sudden
57877	▁Taanach
57878	▁Tania
57879	▁Ternisien
57880	▁Therapy
57881	▁Thicket
57882	▁Timnath
57883	▁Tomé
57884	▁Unclassified
57885	▁Unusual
57886	▁Uranus
57887	▁Virg
57888	▁Vito
57889	▁Vocabularies
57890	▁WARN
57891	▁WERE
57892	▁Walsh
57893	▁Wander
57894	▁Weep
57895	▁Westphalia
57896	▁Wilderness
57897	▁Winning
57898	▁Xubuntu
57899	▁Zabad
57900	▁Zibeon
57901	▁abdom
57902	▁agile
57903	▁aloes
57904	▁analogies
57905	▁aquatic
57906	▁awl
57907	▁beneficence
57908	▁bergamot
57909	▁bondwoman
57910	▁bramble
57911	▁bystander
57912	▁capturing
57913	▁categorical
57914	▁clave
57915	▁clods
57916	▁cloister
57917	▁clutter
57918	▁comparative
57919	▁competence
57920	▁conjugate
57921	▁consequent
57922	▁consign
57923	▁consimilar
57924	▁contumacy
57925	▁corridor
57926	▁courtiers
57927	▁craftiness
57928	▁defining
57929	▁depository
57930	▁dessert
57931	▁diabetic
57932	▁diaper
57933	▁dinar
57934	▁disqualified
57935	▁dissimilar
57936	▁droplets
57937	▁dubitat
57938	▁ejaculate
57939	▁emulate
57940	▁enact
57941	▁epileptic
57942	▁euphoria
57943	▁evangelism
57944	▁extant
57945	▁extraordinarily
57946	▁facade
57947	▁faggot
57948	▁frac
57949	▁frenzy
57950	▁fried
57951	▁furtive
57952	▁gdk
57953	▁ghastly
57954	▁giblah
57955	▁giraffe
57956	▁glamour
57957	▁glistening
57958	▁glowworm
57959	▁granddaughter
57960	▁groping
57961	▁gymnast
57962	▁handkerchief
57963	▁honeymoon
57964	▁hooves
57965	▁identities
57966	▁immigration
57967	▁impala
57968	▁implicated
57969	▁improvise
57970	▁inconsiderate
57971	▁infested
57972	▁injected
57973	▁intermix
57974	▁intersect
57975	▁invigorating
57976	▁irrigation
57977	▁jagged
57978	▁jolt
57979	▁jurisprudence
57980	▁jurist
57981	▁kppp
57982	▁libdvdcss
57983	▁limestone
57984	▁lumber
57985	▁malleable
57986	▁malt
57987	▁masterful
57988	▁misinformed
57989	▁mulberry
57990	▁mutilated
57991	▁neurologist
57992	▁nonexistence
57993	▁novelty
57994	▁oars
57995	▁overburdened
57996	▁panicked
57997	▁pedestrian
57998	▁pediatrician
57999	▁pedicab
58000	▁pendulum
58001	▁perfunctory
58002	▁pizza
58003	▁pollinate
58004	▁practising
58005	▁preoccupation
58006	▁profan
58007	▁protrud
58008	▁psychic
58009	▁quadrilateral
58010	▁quadrupl
58011	▁quarry
58012	▁rake
58013	▁receptor
58014	▁recession
58015	▁regrettable
58016	▁remarried
58017	▁repetitive
58018	▁requisite
58019	▁resilience
58020	▁revers
58021	▁revolving
58022	▁ridges
58023	▁sandbox
58024	▁scapegoat
58025	▁seism
58026	▁shaky
58027	▁simultaneous
58028	▁sorceries
58029	▁squirrel
58030	▁squirt
58031	▁stealthily
58032	▁strutting
58033	▁sundry
58034	▁supplant
58035	▁tedious
58036	▁thermal
58037	▁turbulence
58038	▁unprosperous
58039	▁unswerving
58040	▁vapour
58041	▁venison
58042	▁venue
58043	▁veracity
58044	▁vertices
58045	▁vicar
58046	▁vinedresser
58047	▁vishay
58048	▁waders
58049	▁wakefulness
58050	▁whey
58051	▁wolfhound
58052	▁अटैची
58053	▁अततः
58054	▁अन्तिपास
58055	▁अपयश
58056	▁अफ़ज़ा
58057	▁अरयालोन
58058	▁अर्नस्ट
58059	▁अविष्कार
58060	▁असुरक्षा
58061	▁असेंबलर
58062	▁आच्छद
58063	▁आच्छाद
58064	▁आज़माएँगे
58065	▁आप्रवासी
58066	▁आयरलॆंड
58067	▁आरआईडी
58068	▁आलौ
58069	▁आवर्धक
58070	▁इंटेंट
58071	▁इंटेल
58072	▁इच्छ
58073	▁इजाज
58074	▁इतालिया
58075	▁इनवर्ट
58076	▁इलॆक्ट्रॉन
58077	▁ईराक
58078	▁उँड़ेल
58079	▁उकसाइए
58080	▁उमुर
58081	▁ऊंटकटार
58082	▁एक्जीक्यूटिव
58083	▁एक्सएफसीई
58084	▁एक्सपांडर
58085	▁एक्सेप्शन्स
58086	▁एट्रीब्यूट
58087	▁एडिटर
58088	▁एनीमेट
58089	▁एलिमेंट
58090	▁एवलिन
58091	▁एवीआई
58092	▁ओपो
58093	▁कँपकँप
58094	▁कंपकंप
58095	▁कठौत
58096	▁कमानेवालों
58097	▁कम्पोजिशिंग
58098	▁कम्यूनिकेशन
58099	▁कलाबाज़
58100	▁कलाला
58101	▁कहलायी
58102	▁कहेगे
58103	▁क़ि
58104	▁कारनामे
58105	▁कार्बोहाइड्रेट
58106	▁कीलोंवाल
58107	▁कुड़कुड़ाना
58108	▁कूका
58109	▁केप्लेटो
58110	▁केफोटोएलबम
58111	▁कैरिना
58112	▁कॉम्बोबाक्स
58113	▁क्रिप्ट
58114	▁क्वार्ट्स
58115	▁क्षयरोग
58116	▁खगोलज्ञ
58117	▁खताकार
58118	▁ख़ुब
58119	▁ख़ेत
58120	▁ख़्वार
58121	▁खु़श
58122	▁खूंटे
58123	▁ख्मेर
58124	▁गंजा
58125	▁गठिया
58126	▁गबन
58127	▁गरजेगा
58128	▁गरिमावान
58129	▁गाडी
58130	▁गिरफत
58131	▁गिरफ़त
58132	▁गुत्
58133	▁गुप
58134	▁गोलार्द्ध
58135	▁घऱ
58136	▁चकमा
58137	▁चढ़वाऊँगा
58138	▁चढ़ाएंगे
58139	▁चतुर्थ
58140	▁चन्दुल
58141	▁चन्द्रोदय
58142	▁चबाए
58143	▁चहुँ
58144	▁चािहए
58145	▁चीयर्स
58146	▁चील
58147	▁चुनौतीपूर्ण
58148	▁चॊ
58149	▁चौपाय
58150	▁छब्बीस
58151	▁छिपायी
58152	▁छेड
58153	▁जँचा
58154	▁जबद्याह
58155	▁जमनेवाल
58156	▁जयपुर
58157	▁जलाएँ
58158	▁ज़िम्बाबवे
58159	▁ज़ीक
58160	▁ज़ीरो
58161	▁ज़ुन्
58162	▁ज़ूल्
58163	▁जाईए
58164	▁जावेद
58165	▁जीएलएक्स
58166	▁जीएलएसएल
58167	▁जीवाश्
58168	▁जुंग
58169	▁जुतवा
58170	▁जुताई
58171	▁जेलख़ान
58172	▁जेवियर
58173	▁जेहा
58174	▁ज्यूस
58175	▁ज्वालामुख
58176	▁झरना
58177	▁झिंझोड़
58178	▁झुग्गी
58179	▁झुटला
58180	▁टपकात
58181	▁टीटीवा
58182	▁टुकड़
58183	▁टॆन
58184	▁टेलीविजन
58185	▁टॉर्च
58186	▁टोंटी
58187	▁टोरेटो
58188	▁ट्रंक
58189	▁ठहराएँग
58190	▁ठूँस
58191	▁डबल्यूबीएस
58192	▁डरुँ
58193	▁ड़रत
58194	▁डाई
58195	▁डिंब
58196	▁डिनर
58197	▁डिलीवरी
58198	▁डिस्टॉर्शन
58199	▁डीएल
58200	▁डॉग
58201	▁डॉलफिन
58202	▁ढ़ाप
58203	▁ढूढ़ने
58204	▁ढृढ़
58205	▁तंतु
58206	▁तटवर्ती
58207	▁ततैय
58208	▁तदनुकू
58209	▁तरक़्क
58210	▁तरवी
58211	▁तसले
58212	▁तहकीकात
58213	▁तितलियों
58214	▁तुआ
58215	▁थूकने
58216	▁दंपत्ति
58217	▁दर्शनशास्त्र
58218	▁दशाब्द
58219	▁दारोग़
58220	▁दिवंगत
58221	▁दुर्भावना
58222	▁देखेगे
58223	▁देनदार
58224	▁दौड़ानेवाले
58225	▁धर्मगुरू
58226	▁धर्मपरिवर्तन
58227	▁धर्मवैज्ञानिक
58228	▁धर्मशिक्षा
58229	▁धारियोंवाल
58230	▁नमीबिया
58231	▁निभाएँगे
58232	▁निलंबन
58233	▁नीदरलैंड
58234	▁नुकील
58235	▁नुमाइंदा
58236	▁नेफिलिम
58237	▁पकड़वाएगा
58238	▁पचपन
58239	▁पच्ची
58240	▁पत्थरील
58241	▁परवाज़
58242	▁परिण
58243	▁परीश
58244	▁पर्सनल
58245	▁पलस्तर
58246	▁पहनाओ
58247	▁पहुँचाएँग
58248	▁पांसा
58249	▁पालमाइरा
58250	▁पावस्की
58251	▁पाशव
58252	▁पिड
58253	▁पीएँगे
58254	▁पीड़ाएँ
58255	▁पुझ
58256	▁पूछूँ
58257	▁पूर्णिमा
58258	▁पॉर्
58259	▁प्रचालक
58260	▁प्रजातिवाद
58261	▁प्रवृत्तियाँ
58262	▁प्लाक
58263	▁फँसेगा
58264	▁फँसोगे
58265	▁फंसाया
58266	▁फरमाँ
58267	▁फरमाइए
58268	▁फर्नान्ड
58269	▁फ़रमाइश
58270	▁फ़र्ज
58271	▁फ़ील्ड्स
58272	▁फीलिप
58273	▁फोल्डिंग
58274	▁फ्ऱैक्टल
58275	▁बंधु
58276	▁बकबा
58277	▁बग़ीचों
58278	▁बढ़ाऊँ
58279	▁बढ़ाओगे
58280	▁बतख
58281	▁बनवायी
58282	▁बरीआ
58283	▁बहसबाज़ी
58284	▁बांसुली
58285	▁बाजु
58286	▁बान्धेगा
58287	▁बिठाएँगे
58288	▁बिठायी
58289	▁बुर्ज़
58290	▁बूआ
58291	▁बॆलजियम
58292	▁बेख़
58293	▁बेथोरोन
58294	▁बेरू
58295	▁बैठूं
58296	▁बैड
58297	▁भंज
58298	▁भटकाएँ
58299	▁भतीजिय
58300	▁भानज
58301	▁भेक
58302	▁भेजूं
58303	▁मक्क
58304	▁मचाएँ
58305	▁मछलिय
58306	▁मटमैल
58307	▁मतुष्य
58308	▁मध्यमार्ग
58309	▁मरूभूम
58310	▁मल्किरयाह
58311	▁महामार्ग
58312	▁मागडालेना
58313	▁मारेशा
58314	▁मिटेगा
58315	▁मिथ्यावाद
58316	▁मुआफिक
58317	▁मुकाबि
58318	▁मुख़त
58319	▁मुजि
58320	▁मुतलक
58321	▁मुत्
58322	▁मूर्च्छ
58323	▁मेकरनोट
58324	▁मेट्रिक्स
58325	▁मोहड़
58326	▁मौज़
58327	▁यँ
58328	▁यकृत
58329	▁यकोन्याह
58330	▁युद्व
58331	▁यूज
58332	▁योबाब
58333	▁योहना
58334	▁रंगबिरंग
58335	▁रसू
58336	▁रीवाइंड
58337	▁रॅ
58338	▁रेडिय
58339	▁रोकूँ
58340	▁रोटर
58341	▁लगाऊं
58342	▁लगूँगा
58343	▁ललाट
58344	▁लागिंग
58345	▁लूँगी
58346	▁लॆं
58347	▁लैरी
58348	▁वंशक्रम
58349	▁वग़ैरा
58350	▁वर्कस्टेशन
58351	▁वर्दी
58352	▁वर्धन
58353	▁वाक्याँश
58354	▁विंस्टन
58355	▁विकर्षण
58356	▁विज़ॉर्ड
58357	▁विटनेसेज़
58358	▁विलीन
58359	▁विल्यम
58360	▁विषुवत
58361	▁वॆस्ट
58362	▁वेइलगुनी
58363	▁वेल्श
58364	▁वेव्स
58365	▁वोल्
58366	▁शकन्याह
58367	▁शतपति
58368	▁शर्मीलापन
58369	▁शुक्रग़ुजार
58370	▁शेरेब्याह
58371	▁शैरोन
58372	▁शोलो
58373	▁संदेहास्पद
58374	▁संयोगवश
58375	▁सताकर
58376	▁सत्याप
58377	▁सनोवर
58378	▁सर्वेंट
58379	▁सलमीस
58380	▁साँचा
58381	▁सांढ़
58382	▁साइबीरिय
58383	▁साउन्ड
58384	▁सामहन
58385	▁सार्जेंट
58386	▁सिकन्दरिया
58387	▁सिखाऊंगा
58388	▁सीटीसीपी
58389	▁सुगन्धद्ररय
58390	▁सुनाएगी
58391	▁सुरग
58392	▁सुलझाए
58393	▁सुलझाएँ
58394	▁सुलाया
58395	▁सूझेंग
58396	▁सेंहुआं
58397	▁सेबेस्ति
58398	▁सेल्समैन
58399	▁सॉरब
58400	▁स्वचलन
58401	▁स्वछ
58402	▁स्वाहिली
58403	▁स्वेटर
58404	▁हंगामा
58405	▁हथेलियाँ
58406	▁हाब्स
58407	▁हार्मोनिक
58408	▁हिब्बी
58409	▁हिमलर
58410	▁हृष्टपुष्ट
58411	▁हेलमेट
58412	▁हेलेन
58413	▁हैलोजन
58414	▁होशाना
58415	▁१०६
58416	▁१९४८
58417	▁१९५४
58418	▁२१२
58419	400,000
58420	90°
58421	AZIN
58422	Among
58423	BEEPS
58424	BELL
58425	Brother
58426	Buy
58427	Catholic
58428	Contributions
58429	Elisha
58430	Excuse
58431	Expected
58432	FAQ
58433	Fierce
58434	Financial
58435	Future
58436	GLSL
58437	GUNSHOT
58438	GUST
58439	Groan
58440	Italy
58441	Korah
58442	LANDS
58443	LEX
58444	LOUD
58445	Lite
58446	Lucifer
58447	MIT
58448	Margin
58449	Master
58450	NATION
58451	NDS
58452	Neil
58453	Octave
58454	Okay
58455	Opera
58456	PRICE
58457	Prior
58458	Pursue
58459	RegExp
58460	Resurrection
58461	Retry
58462	STRING
58463	Samuel
58464	Service
58465	Short
58466	Simon
58467	Skat
58468	Sorcerer
58469	Temporarily
58470	Traditional
58471	Version
58472	WRlT
58473	Witness
58474	adians
58475	alogue
58476	anity
58477	anointed
58478	bab
58479	beneficial
58480	cautious
58481	cluster
58482	cmd
58483	community
58484	complex
58485	conflict
58486	crime
58487	cubic
58488	dialogue
58489	dignity
58490	disk
58491	domestics
58492	drink
58493	engaged
58494	extreme
58495	fficiency
58496	font
58497	gnucap
58498	gradual
58499	greet
58500	index
58501	isplay
58502	jö
58503	kilograms
58504	lass
58505	lassification
58506	lettered
58507	maximum
58508	mercy
58509	merging
58510	mminent
58511	mmune
58512	nbeknown
58513	nput
58514	ntrast
58515	opponent
58516	ormal
58517	persuading
58518	precious
58519	precise
58520	predictions
58521	prob
58522	rchipelago
58523	rithmetical
58524	rosperous
58525	satisfy
58526	spend
58527	striking
58528	strip
58529	sullied
58530	supreme
58531	thankful
58532	tower
58533	transition
58534	ull
58535	ultimate
58536	ump
58537	virtue
58538	visibility
58539	ween
58540	wife
58541	window
58542	wrath
58543	ê
58544	अँधेरी
58545	अंकल
58546	अंधकारमय
58547	अंधेरा
58548	अंधेरी
58549	अंधेरों
58550	अकड़े
58551	अक़्स
58552	अग़
58553	अच्छ
58554	अटकल
58555	अदम
58556	अधिकार
58557	अधीनस्थ
58558	अनपढ़
58559	अनुकूलत
58560	अनुयायी
58561	अनुसरण
58562	अन्जाम
58563	अप्रसन्न
58564	अभिव्यक्त
58565	अमतों
58566	अमूल
58567	अरबो
58568	अलैकुम
58569	अवज्ञा
58570	अवज्ञाकारी
58571	असावधान
58572	आंधी
58573	आएगी
58574	आजीविका
58575	आफ़ताब
58576	आबरू
58577	आमिल
58578	आयते
58579	आरामदायक
58580	आरोग्य
58581	आलिम
58582	आसार
58583	इख़तेलाफ
58584	इज़हार
58585	इजाज़त
58586	इतरा
58587	इत्तफ़ाक़
58588	इन्जील
58589	इन्टरवैल
58590	इन्तेज़ा
58591	इफ्त
58592	इसराईल
58593	इसराएल
58594	इसराफ
58595	इसलाम
58596	इसलाह
58597	ईमानवाली
58598	ईमानवालो
58599	ईसाईय
58600	उजडे
58601	उठाकर
58602	उड़ाए
58603	उतरते
58604	उतरो
58605	उत्सव
58606	उपासक
58607	उम्मीदवारी
58608	उलझे
58609	ऊँटनी
58610	ऌ
58611	ऎंगे
58612	एतक़ा
58613	एतराफ
58614	एनकोडेड
58615	एनटी
58616	एवं
58617	एहक़ाम
58618	ऐवज़
58619	ऑंखे
58620	ऑखे
58621	ऑल्ट
58622	ओहद
58623	औंधे
58624	कंगाल
58625	कठिनाई
58626	कफ्फ़ार
58627	कमजोर
58628	कलाम
58629	कलिम
58630	कहानियाँ
58631	क़तार
58632	क़त्ल
58633	क़दर
58634	क़दि
58635	क़द्र
58636	क़ब्ज़
58637	क़रा
58638	क़रिया
58639	क़ायम
58640	क़ारुन
58641	क़िब्ती
58642	क़ुबूल
58643	क़ूवत
58644	काँच
58645	कागज़
58646	काफ़िल
58647	काफी
58648	कारगुज़ारिय
58649	कितने
58650	किलोग्राम
58651	किस्से
58652	कुफ्फ़
58653	कुश्त
58654	कूवत
58655	कृपाशील
58656	क्तिबद्ध
58657	क्योकि
58658	क्रब
58659	क्लियर
58660	क्षत्रों
58661	क्षु
58662	खटके
58663	खम्ब
58664	ख़फ़ी
58665	ख़लिस
58666	ख़ातिर
58667	ख़ु
58668	ख़ुल्ल
58669	ख़ुशनूदी
58670	ख़ुश्क
58671	ख़ेरत
58672	ख़ैरख्वाह
58673	ख़ैरात
58674	खुल्लम
58675	खुश्क
58676	खोंवाले
58677	खोह
58678	ख्वाब
58679	ख्वामख
58680	गच्छ
58681	गरिमा
58682	गस्टीन
58683	ग़लबा
58684	ग़ल्ल
58685	ग़ाफ़
58686	ग़ाल
58687	ग़ुस्स
58688	ग़े
58689	गिड़गिड़ा
58690	गिड़ाकर
58691	गिरफ्तार
58692	गुंधी
58693	गुज़ार
58694	गुनेहगार
58695	गुफा
58696	घबराए
58697	घुसकर
58698	घूँट
58699	चट्टे
58700	चमकता
58701	चश्मे
58702	चाहने
58703	चीख़
58704	चीजे
58705	चुनकर
58706	चेहरों
58707	चौड़ी
58708	चौड़े
58709	छत्र
58710	छलक
58711	छुड़ाना
58712	छुड़ाने
58713	छुपाये
58714	छुपे
58715	जख्म
58716	जत्थे
58717	जमिद
58718	जस्य
58719	जहान
58720	जहॉ
58721	ज़िज
58722	ज़िबह
58723	ज़्यादत
58724	जाएल
58725	जानवरो
58726	जिज़े
58727	जीभ
58728	जीवन्त
58729	जुमा
58730	जुर्माना
58731	जुलो
58732	ज्जो
58733	ज्यादत
58734	ज्ल
58735	ज़्ज़
58736	झगड़ते
58737	झाक
58738	झुको
58739	झुठलाने
58740	झेलने
58741	टाँगों
58742	टोरेंट
58743	ट्टियाँ
58744	ठन्डी
58745	ठहरने
58746	डीबस
58747	डॉक्टर
58748	ढोंगी
58749	तकलीफ़
58750	तक़र्र
58751	तक़सी
58752	तड़के
58753	तरीक़ा
58754	तरीक़े
58755	ताख़ीर
58756	तारीफ़
58757	तैनात
58758	तोहमत
58759	त्वरण
58760	त्वशाली
58761	थ्वी
58762	दफा
58763	दरख्वास्त
58764	दरगुज़र
58765	दरजे
58766	दरमियान
58767	दाख़िल
58768	दिलाकर
58769	दीवाना
58770	दीवाने
58771	दुपट्ट
58772	दुबली
58773	दुरूस्त
58774	दुर्भाग्यशाली
58775	देखीं
58776	दोज़ख
58777	द्दुन
58778	धर्मविरोध
58779	धुत्कारा
58780	धुत्कारे
58781	धूसर
58782	नक्षत्र
58783	नज़ारा
58784	नफ़ि
58785	नफ्स
58786	नसीहतन
58787	नस्टल
58788	नापसन्द
58789	नाफुस
58790	नारंगी
58791	निंगर
58792	निगाहों
58793	नुक्स
58794	नेसिज़
58795	नोच
58796	न्नाट
58797	पड़ताल
58798	पढ़ाया
58799	पतला
58800	पथभ्रष्ट
58801	पन्च
58802	पन्ना
58803	परसतिश
58804	परिजन
58805	परिणामस्वरूप
58806	पलटत
58807	पलटने
58808	पल्ले
58809	पहलू
58810	पहुँचती
58811	पहुँचना
58812	पहुँचाने
58813	पहुंचने
58814	पाबन्द
58815	पिघला
58816	पुकारकर
58817	पुकारो
58818	पुर्ण
58819	पूजने
58820	पैद
58821	पोतिय
58822	पोप
58823	प्रतीक
58824	प्रभुत्व
58825	प्रातः
58826	प्रातःकाल
58827	फँसा
58828	फटते
58829	फराग़
58830	फरिश
58831	फरीक़
58832	फ़क्क़त
58833	फ़ज़ल
58834	फ़जी
58835	फ़तादा
58836	फ़रमान
58837	फ़रिश्त
58838	फ़र्ज़
58839	फ़सिद
58840	फ़ीक़
58841	फ़ैसला
58842	फिक़
58843	फिक्र
58844	फूला
58845	फूले
58846	फूसिय
58847	बँधे
58848	बख़र
58849	बचकर
58850	बछड़ों
58851	बताई
58852	बताए
58853	बदनसीब
58854	बनिस्बत
58855	बरक़
58856	बरतक
58857	बरसती
58858	बरसने
58859	बर्बाद
58860	बसाए
58861	बहाकर
58862	बहुदेववाद
58863	बिट्स
58864	बिसर
58865	बिस्मिल्लाह
58866	बीविय
58867	बुज़दिल
58868	बुढाप
58869	बुतो
58870	बुलन्द
58871	बुलाएं
58872	बुलाओ
58873	बेखटके
58874	बेख़ौफ
58875	बेटियाँ
58876	बेटियों
58877	बेफिक्र
58878	बेबस
58879	बेहिश
58880	बेहूद
58881	बैठनेवाल
58882	बैतुल
58883	बैतुलम
58884	बैतुलमुक़द्दस
58885	भक्तों
58886	भट्ट
58887	भलाइ
58888	भुन
58889	भेजी
58890	मंत्रण
58891	मंदिर
58892	मक़ाम
58893	मग़रिब
58894	मछलियों
58895	मज़कूर
58896	मज़हब
58897	मध्यम
58898	मध्यवर्ती
58899	मन्त्र
58900	मरदू
58901	मरयम
58902	मरोड़कर
58903	मशग़
58904	मशवर
58905	मशहूर
58906	मसल
58907	मसोपोटामिया
58908	मस्जिद
58909	महफूज़
58910	माँगी
58911	मादन
58912	माबद
58913	मिनीन
58914	मिलती
58915	मिलाव
58916	मिलेगा
58917	मिलेगी
58918	मीठे
58919	मुख़तलिफ
58920	मुख़ालिफ
58921	मुख़ालिफ़
58922	मुख्
58923	मुख्तलिफ
58924	मुतमइन
58925	मुताबिक़
58926	मुद्दत
58927	मुनाज
58928	मुनाफ़िकों
58929	मुनाफिक़ीन
58930	मुनाफिक़ो
58931	मुनाफिक़ों
58932	मुन्ज
58933	मुमानि
58934	मुरदा
58935	मुराद
58936	मुलाक़ात
58937	मुल्क
58938	मुल्को
58939	मुशरक
58940	मुशरिक
58941	मुसलमान
58942	मुस्तहक
58943	मुहताज
58944	मुहम्मद
58945	मोर्च
58946	मोहक
58947	मोहब्बत
58948	म्बख्त
58949	म्भालने
58950	म्मुल
58951	यकायक
58952	यक्र
58953	यफ्
58954	यसअ
58955	याकूत
58956	याफ़त
58957	यूनतम
58958	रख़त
58959	रताओ
58960	रतिब
58961	रद्दो
58962	रस्सियों
58963	रहेगें
58964	राइन्द
58965	राउंड
58966	रायण
58967	राहीम
58968	रिम
58969	रोकनेवाले
58970	र्ज़दा
58971	लंघन
58972	लश्कर
58973	लहलहात
58974	लहसुन
58975	लाँए
58976	लिखाई
58977	लुत्फ
58978	लेषक
58979	लॉह
58980	लौन्डियो
58981	लौन्डी
58982	वविद
58983	वसवस
58984	वाक़या
58985	वाक़िफकार
58986	वाक़िफ़
58987	वाकिफ़
58988	वाड़ों
58989	वाफ़िक
58990	वाफिक़
58991	वायु
58992	विकल्प
58993	विनष्ट
58994	विभाजित
58995	व्यक्तियों
58996	शमू
58997	शरक़
58998	शरीयत
58999	शांत
59000	शादा
59001	शाबेह
59002	शिकस्त
59003	शिफ़ा
59004	श्तियों
59005	श्रेणियों
59006	संघ
59007	संघर्ष
59008	संचार
59009	संशोधनीय
59010	सजद
59011	सजाया
59012	सन्देश
59013	समझाई
59014	समझेंगे
59015	समन्दर
59016	समुह
59017	समूद
59018	सरपरस्त
59019	सराईल
59020	सर्दी
59021	सर्र
59022	सलवा
59023	सल्तन
59024	सवारियों
59025	सहमे
59026	सहीफ़ों
59027	सामूह
59028	सायबा
59029	सायवा
59030	सालिम
59031	सिखाया
59032	सिरका
59033	सिस्को
59034	सिहरन
59035	सुधरे
59036	सुनाते
59037	सुनाये
59038	सुलूक
59039	सूक्ष्म
59040	सूखकर
59041	सूखा
59042	सूझता
59043	सॅभ
59044	सेम्बल
59045	सौभाग्य
59046	सौभाग्यशाली
59047	स्तग़फ
59048	हक़ीकत
59049	हकीक़
59050	हतमा
59051	हत्यारा
59052	हन्नुम
59053	हमेश
59054	हर्ज
59055	हाएदा
59056	हालाकि
59057	हालिया
59058	हालॉ
59059	हिक़
59060	हिस्सेदार
59061	हुँ
59062	हुस्न
59063	हॅस
59064	होंगे
59065	हौव्वा
59066	़क़्
59067	़र्रि
59068	़लब
59069	़ादा
59070	़ादार
59071	़ायम
59072	़ालिब
59073	़िरऔन
59074	़ुरबानी
59075	़ुर्ज
59076	़ुलाम
59077	़ौम
59078	ाआनन
59079	ाज़िल
59080	ाजिब
59081	ाफिरों
59082	ाबतदार
59083	ारगुज़ारिय
59084	ासत्व
59085	ित्तिय
59086	िन्यास
59087	िरदा
59088	िशाली
59089	िस्फ़
59090	िस्सा
59091	ुकात
59092	ुतफ़
59093	ुदस
59094	ुफ़्र
59095	ुफ्तगू
59096	ुमाया
59097	ुलूस
59098	ूदगी
59099	ृद्धि
59100	ेग़ें
59101	ेशानियाँ
59102	्गवार
59103	्ठा
59104	्तग़फ
59105	्तिफ़ा
59106	्तिहा
59107	्तेफ़ा
59108	्म्मे
59109	्रवात
59110	्रिम्मोन
59111	्रोव्
59112	ॣ
59113	३००
59114	३८
59115	५९
59116	९२३
59117	▁(191)
59118	▁Abandoned
59119	▁Achaicus
59120	▁Adorn
59121	▁Agur
59122	▁Ahinoam
59123	▁Akiko
59124	▁Apologize
59125	▁Apostasy
59126	▁Appropriate
59127	▁Approval
59128	▁Arioch
59129	▁Athenian
59130	▁BEEPING
59131	▁BELIEVE
59132	▁Becket
59133	▁Beelzebub
59134	▁Bibliography
59135	▁Blanchard
59136	▁Botswana
59137	▁Bunting
59138	▁CHALLENGE
59139	▁CHAP
59140	▁CHOOSE
59141	▁CONTRIBUTION
59142	▁Caribou
59143	▁Casp
59144	▁Cecilia
59145	▁Cedric
59146	▁Ceil
59147	▁Cindy
59148	▁Circular
59149	▁Communion
59150	▁Concentration
59151	▁Congest
59152	▁Conserv
59153	▁Curtain
59154	▁Defici
59155	▁Dengue
59156	▁Depressed
59157	▁Diogenes
59158	▁Discreet
59159	▁Distraction
59160	▁Distribute
59161	▁Doctrine
59162	▁Economy
59163	▁Elioenai
59164	▁Emotions
59165	▁Emphasis
59166	▁Enthusias
59167	▁Eshtaol
59168	▁Exhibit
59169	▁Exponential
59170	▁FAIL
59171	▁Famine
59172	▁Fascism
59173	▁Feature
59174	▁Fortunatus
59175	▁Fundamentalist
59176	▁GREECE
59177	▁Gallio
59178	▁Grandmother
59179	▁HEAR
59180	▁HSV
59181	▁Hierapolis
59182	▁Himmler
59183	▁Holland
59184	▁Identifie
59185	▁Illuminating
59186	▁Indulg
59187	▁Integration
59188	▁Intelligence
59189	▁Jaazaniah
59190	▁Jaipur
59191	▁Janice
59192	▁Jarmuth
59193	▁Jehohanan
59194	▁Jenna
59195	▁Jeush
59196	▁KURT
59197	▁Kannada
59198	▁Karol
59199	▁Katie
59200	▁Kaveri
59201	▁Kyrgyz
59202	▁Küng
59203	▁LIVING
59204	▁Lancet
59205	▁Laurie
59206	▁Ledger
59207	▁Lidiya
59208	▁Lieutenant
59209	▁Lilongwe
59210	▁Litas
59211	▁Luthor
59212	▁Madina
59213	▁Maltese
59214	▁Melissa
59215	▁Mercedes
59216	▁Monique
59217	▁Motion
59218	▁Murmuring
59219	▁Nantuck
59220	▁Nebuzar
59221	▁Neptune
59222	▁Nethanel
59223	▁OPML
59224	▁Onesmus
59225	▁Paddan
59226	▁Paganism
59227	▁Pashhur
59228	▁Peak
59229	▁Perpetua
59230	▁Platonic
59231	▁Pontus
59232	▁Potato
59233	▁Predicti
59234	▁Pregnancy
59235	▁Raquel
59236	▁Resync
59237	▁Revenge
59238	▁Ricci
59239	▁Riddle
59240	▁SUB
59241	▁Saum
59242	▁Seminar
59243	▁Shimron
59244	▁Shittim
59245	▁Simulator
59246	▁Skeptics
59247	▁Slumber
59248	▁Societies
59249	▁Spaniards
59250	▁Stewart
59251	▁Strasbourg
59252	▁Sullivan
59253	▁Svetlana
59254	▁Swallow
59255	▁TRUST
59256	▁Tertius
59257	▁Tishri
59258	▁Treemap
59259	▁Troggle
59260	▁Tunstall
59261	▁VICTOR
59262	▁Vanessa
59263	▁Vigilant
59264	▁Vladimir
59265	▁Watson
59266	▁Wiggin
59267	▁Wil
59268	▁Wisła
59269	▁XSync
59270	▁Yomiuri
59271	▁Yorkshire
59272	▁Zoroastrian
59273	▁[1.5
59274	▁abbreviated
59275	▁abbreviation
59276	▁aberration
59277	▁adjective
59278	▁affirmative
59279	▁agonies
59280	▁alleviation
59281	▁anarchy
59282	▁appertain
59283	▁arcade
59284	▁authoritarian
59285	▁awning
59286	▁backgammon
59287	▁backslide
59288	▁bet
59289	▁bitumen
59290	▁braggart
59291	▁braid
59292	▁breadwinner
59293	▁brevity
59294	▁bucks
59295	▁cafeteria
59296	▁cataracts
59297	▁cavity
59298	▁chamberlain
59299	▁cinnamon
59300	▁circulating
59301	▁concordance
59302	▁conjur
59303	▁consecrat
59304	▁convoy
59305	▁credible
59306	▁crypto
59307	▁cumin
59308	▁cyan
59309	▁deriding
59310	▁disarm
59311	▁discrepancy
59312	▁disillusionment
59313	▁dispelled
59314	▁divergent
59315	▁dot
59316	▁drummer
59317	▁economies
59318	▁embezzle
59319	▁emergence
59320	▁enamo
59321	▁enthusiast
59322	▁evangelical
59323	▁exaggerating
59324	▁exonerated
59325	▁expansive
59326	▁famished
59327	▁fermentation
59328	▁fixture
59329	▁flapp
59330	▁flounder
59331	▁forebears
59332	▁fount
59333	▁gangrene
59334	▁glories
59335	▁gratified
59336	▁gunpowder
59337	▁gym
59338	▁hamper
59339	▁heredity
59340	▁hygienic
59341	▁imposter
59342	▁improbable
59343	▁inauspicious
59344	▁incorrigibl
59345	▁inculcat
59346	▁indictment
59347	▁inequalities
59348	▁instantaneous
59349	▁intoxicate
59350	▁inundated
59351	▁justifiably
59352	▁ki
59353	▁kilometre
59354	▁leatherback
59355	▁liability
59356	▁maroon
59357	▁masons
59358	▁memorizing
59359	▁misgivings
59360	▁mishap
59361	▁mobility
59362	▁monotonous
59363	▁motherfucker
59364	▁mugger
59365	▁multinational
59366	▁nanometer
59367	▁navel
59368	▁nuisance
59369	▁nutrient
59370	▁observatory
59371	▁overemphasiz
59372	▁pacifist
59373	▁papyri
59374	▁pelican
59375	▁pharmacy
59376	▁physiological
59377	▁plumage
59378	▁polynomial
59379	▁predestin
59380	▁premiere
59381	▁prettiness
59382	▁pristine
59383	▁procurator
59384	▁prodigious
59385	▁prosecute
59386	▁psaltery
59387	▁reboot
59388	▁recognizable
59389	▁reflex
59390	▁relevance
59391	▁restorative
59392	▁retrospect
59393	▁ruddy
59394	▁sceptic
59395	▁sceptre
59396	▁scholastic
59397	▁sculptor
59398	▁scuttled
59399	▁sectarianism
59400	▁shrug
59401	▁skeptic
59402	▁slur
59403	▁sneeze
59404	▁staircase
59405	▁stench
59406	▁stereo
59407	▁stipulate
59408	▁subjugation
59409	▁superabundant
59410	▁supersede
59411	▁supplicant
59412	▁sys
59413	▁taskmasters
59414	▁tetrarch
59415	▁thornbush
59416	▁tribunal
59417	▁tubule
59418	▁typified
59419	▁undisclosed
59420	▁uneasiness
59421	▁unexplained
59422	▁usr
59423	▁veneer
59424	▁vestment
59425	▁wanker
59426	▁whiskers
59427	▁wrinkle
59428	▁अंगरक्षक
59429	▁अंहकार
59430	▁अक़लमन
59431	▁अक़्ल
59432	▁अगवा
59433	▁अच्छाइया
59434	▁अजेका
59435	▁अटेचमेंट
59436	▁अड़तीस
59437	▁अडॉल्फ
59438	▁अतिसार
59439	▁अदभुत
59440	▁अनाड़ी
59441	▁अनाथालय
59442	▁अनुस्म
59443	▁अबीश
59444	▁अमांडा
59445	▁अमूर्त
59446	▁अर्योक
59447	▁अलग़रज
59448	▁अल्हम
59449	▁असतर
59450	▁असैनिक
59451	▁अस्तबल
59452	▁अहितक
59453	▁आइन्द
59454	▁आइवरी
59455	▁आइसोबार
59456	▁आक्रमक
59457	▁आख़ि
59458	▁आधिक्य
59459	▁आब्जेक्ट
59460	▁आराफ
59461	▁आलिंगन
59462	▁आशना
59463	▁इंटरलीनियर
59464	▁इंस्टेंस
59465	▁इक्वि
59466	▁इज्ज़
59467	▁इटैलि
59468	▁इत्तेफ
59469	▁इनवर्स
59470	▁इन्जी
59471	▁इबली
59472	▁इबाद
59473	▁इमि
59474	▁इम्त
59475	▁इस्त्री
59476	▁ईज़ार
59477	▁उत्प्रेरण
59478	▁उभारेगी
59479	▁ऊंघ
59480	▁एक़रा
59481	▁एक्सट्रेक्ट
59482	▁एथॉस
59483	▁एलिज़बेथ
59484	▁एलियाह
59485	▁एलीज़ा
59486	▁एल्ला
59487	▁एसएएस
59488	▁ऐंग्लिकन
59489	▁ऐन्टि
59490	▁ऐवज
59491	▁ऑटोमे
59492	▁ऑन्द
59493	▁ओनान
59494	▁ओम्री
59495	▁ओरिजिन
59496	▁कंगूर
59497	▁कंगूरो
59498	▁कपड़ो
59499	▁कप्तोर
59500	▁कफ्फ
59501	▁कमीनो
59502	▁करुं
59503	▁कहलाएंगे
59504	▁क़ुरआ
59505	▁क़ुरब
59506	▁क़ुर्
59507	▁कांफ्रेंस
59508	▁कानाफूस
59509	▁कारसाज
59510	▁कालियर
59511	▁कावेरी
59512	▁किरदा
59513	▁कुंवारियां
59514	▁कुड़कुड़ानेवाले
59515	▁कुफ्
59516	▁कुरब
59517	▁कुलपति
59518	▁कैथोलिकवाद
59519	▁कैपिटल
59520	▁कैप्टन
59521	▁कैमरों
59522	▁कैलोरिय
59523	▁कोलम्बस
59524	▁क्रिम
59525	▁क्रूगर
59526	▁खरन्ज
59527	▁खसरा
59528	▁ख़न्द
59529	▁ख़वाह
59530	▁ख़ुफ
59531	▁ख़ुल्
59532	▁ख़ुसूस
59533	▁खींचिए
59534	▁खुरचन
59535	▁खुरम
59536	▁ख्व
59537	▁ग़मग
59538	▁ग़र्ज
59539	▁ग़लतफ़हमियाँ
59540	▁ग़लब
59541	▁गाँठो
59542	▁गिड़गि
59543	▁गिरजाघर
59544	▁गिरफ्
59545	▁गिरोग
59546	▁गुज
59547	▁गुनगुने
59548	▁गूँजती
59549	▁गूंथने
59550	▁गेग
59551	▁गैलिलियो
59552	▁गॉड्
59553	▁गोलियां
59554	▁गोशे
59555	▁घड
59556	▁घड़नेवाल
59557	▁घमं
59558	▁घर्षण
59559	▁चखाएँ
59560	▁चखेग
59561	▁चढ़ाएगा
59562	▁चमगादड़
59563	▁चारकोल
59564	▁चिंघाड
59565	▁चीड़
59566	▁चेताए
59567	▁चेरी
59568	▁चौकड़िया
59569	▁चौवन
59570	▁च्यूं
59571	▁छियासठ
59572	▁छुड़ाएग
59573	▁जज़्ब
59574	▁जलगज
59575	▁जहन्न
59576	▁ज़ाओ
59577	▁ज़ाहि
59578	▁ज़ॉन्
59579	▁जाँबाज़
59580	▁जाऎंग
59581	▁जीवात्मा
59582	▁जुड़वां
59583	▁जुरमान
59584	▁झिंझोड
59585	▁टुण्ड
59586	▁टेढ
59587	▁टैटू
59588	▁टोरू
59589	▁ट्रान्स
59590	▁डाइम
59591	▁डामर
59592	▁डिक्शनरि
59593	▁डिपॉज़िट
59594	▁डुबाए
59595	▁डेवलपमेंट
59596	▁डेसीमीटर
59597	▁ढलवा
59598	▁ढाँपने
59599	▁ढूँ
59600	▁ढृढ
59601	▁तक़दी
59602	▁तख़फ
59603	▁तख्तियाँ
59604	▁तद्
59605	▁तमतमा
59606	▁तलफ
59607	▁तहक़ीक
59608	▁तिगुना
59609	▁तुड़वा
59610	▁तैया
59611	▁तैसी
59612	▁तौक
59613	▁थैलिय
59614	▁दग़ाबाज
59615	▁दयावाल
59616	▁दर्शकगण
59617	▁दशांश
59618	▁दहाड
59619	▁दिगंश
59620	▁दुंबिय
59621	▁धौ
59622	▁नकलनवीस
59623	▁नदमुख
59624	▁नबियो
59625	▁नरेश
59626	▁नाइट्र
59627	▁निकटवर्त
59628	▁निफाक
59629	▁निराली
59630	▁निर्ण
59631	▁निशानियो
59632	▁निश्चि
59633	▁निस्संद
59634	▁निहितार्थ
59635	▁नीयूवे
59636	▁नीलामी
59637	▁नुक़स
59638	▁नुस्ख
59639	▁नैज़
59640	▁नौजवा
59641	▁पकडि
59642	▁पथभ्रष्
59643	▁पनि
59644	▁पनूएल
59645	▁पब्लिकेशन्स
59646	▁परस्त्रीगामियों
59647	▁परिशुद्ध
59648	▁पहनिए
59649	▁पहरुआ
59650	▁पहलुओ
59651	▁पहुँचाएगे
59652	▁पहुचाएं
59653	▁पाकदाम
59654	▁पाक़ीज
59655	▁पाकीज
59656	▁पार्किंग
59657	▁पिज्जा
59658	▁पुछा
59659	▁पुरज़े
59660	▁पेंडुलम
59661	▁पैग़म
59662	▁पौध
59663	▁प्रकरण
59664	▁प्रकाशगृह
59665	▁प्रोटेस्टेन्ट
59666	▁प्लेसहोल्डर
59667	▁फंक
59668	▁फरामोश
59669	▁फ़रिश्तो
59670	▁फ़ाईल
59671	▁फ़ेस्टिवल
59672	▁फ़ैक्ट्री
59673	▁फ़्रांसिस
59674	▁फ़्रे
59675	▁फ़्लोट
59676	▁फायदो
59677	▁फिलिप्पीन्स
59678	▁फेकें
59679	▁फेस्टिवल
59680	▁फ्रूगिया
59681	▁फ्रॆं
59682	▁फ्लीट
59683	▁बख्य
59684	▁बग़ावत
59685	▁बजाएंगे
59686	▁बटलर
59687	▁बटाने
59688	▁बटेर
59689	▁बड़ो
59690	▁बरख़ि
59691	▁बहुच
59692	▁बहुदेव
59693	▁बांसुरी
59694	▁बिज़नेसमैन
59695	▁बिलख
59696	▁बिलाश
59697	▁बिल्लौर
59698	▁बुज़ु
59699	▁बुलाइ
59700	▁बूज
59701	▁बून्द
59702	▁बेइन्
59703	▁बेपरदा
59704	▁बेहश
59705	▁बैठाऊंगा
59706	▁बोओ
59707	▁बोलूँगी
59708	▁बोहता
59709	▁बोहेमिया
59710	▁ब्योपार
59711	▁भांजो
59712	▁भाग्यशाल
59713	▁भूलूँगा
59714	▁मंदाकिनी
59715	▁मकपेला
59716	▁मकात
59717	▁मकोड़े
59718	▁मख़लू
59719	▁मग़
59720	▁मज़ब
59721	▁मनाज़ि
59722	▁मरुभ
59723	▁मर्यादाही
59724	▁मशक़
59725	▁मस्तूल
59726	▁महत्त्वाकांक्षा
59727	▁मामूल
59728	▁मार्जिन
59729	▁मितव्ययी
59730	▁मीनु
59731	▁मुक़द्द
59732	▁मुक़ाव
59733	▁मुत्तल
59734	▁मुनाफे
59735	▁मुवाफ़िक
59736	▁मुशरेक
59737	▁मुसाफ
59738	▁मूँछ
59739	▁मूर्त्तिय
59740	▁मॆक
59741	▁मेखो
59742	▁मेट्रि
59743	▁मेडिसिन
59744	▁मेम्नों
59745	▁मेलमिलाप
59746	▁मैल्कॉम
59747	▁मोजिज़
59748	▁मोमि
59749	▁मोहब्
59750	▁मौजू
59751	▁यकसा
59752	▁यरबुक
59753	▁यर्मूत
59754	▁युहन्
59755	▁यूडिट
59756	▁योअ
59757	▁योजनाबद्ध
59758	▁रफ़ीक
59759	▁राष्ट्रीयवाद
59760	▁रिलिजिय
59761	▁रूहुल
59762	▁रेकॉर्डिंग
59763	▁रेफरेंस
59764	▁रौंदेगा
59765	▁लक्ष्म
59766	▁लड़ाइयां
59767	▁लवण
59768	▁लीजिये
59769	▁लूंगी
59770	▁लूह
59771	▁लैंसिंग
59772	▁लॉब
59773	▁लोथड
59774	▁लौड
59775	▁वसवसो
59776	▁वांछि
59777	▁विक्लिफ
59778	▁विध्वं
59779	▁वॉल्टर
59780	▁व्रत
59781	▁शफ़क
59782	▁शान्तिप्रिय
59783	▁शालेम
59784	▁शावक
59785	▁शेक्सप
59786	▁शौ
59787	▁श्मिट
59788	▁संक्रामण
59789	▁सआद
59790	▁सद्व्य
59791	▁सप्लायर
59792	▁समान्तर
59793	▁समाशोधन
59794	▁सम्पूर
59795	▁सरग़
59796	▁सरग़ोशिय
59797	▁सरताप
59798	▁सराहूंगा
59799	▁सस्पेंशन
59800	▁सहूलि
59801	▁साँड
59802	▁सामन्
59803	▁साहुल
59804	▁सिखलाया
59805	▁सिफ़ारि
59806	▁सुचर
59807	▁सुमार
59808	▁सुशील
59809	▁सूरीनाम
59810	▁सौभाग्यशाल
59811	▁स्टॉइक
59812	▁स्ट्रोक्स
59813	▁स्फूर्ति
59814	▁स्मरणशक्ति
59815	▁स्विम
59816	▁हंगर
59817	▁हक़ीक
59818	▁हक़ीक़
59819	▁हड्
59820	▁हथकंडा
59821	▁हवाईजहाज़
59822	▁हस्तियाँ
59823	▁हिव्वियों
59824	▁हॆल्थ
59825	▁हौले
59826	▁़ज़ि
59827	▁११८
59828	▁१४८
59829	▁१९६६
59830	100,000
59831	2.2
59832	2001
59833	40,000
59834	ADDRESS
59835	ALIF
59836	Admit
59837	Avatar
59838	BOOL
59839	Break
59840	Compact
59841	Congregate
59842	Crucify
59843	Evildoer
59844	Fajr
59845	Fasiq
59846	Finish
59847	GTK
59848	Gallery
59849	Goliath
59850	Hijjah
59851	ILO
59852	Illiyun
59853	Internal
59854	JAYE
59855	Japanese
59856	Little
59857	MONG
59858	MUSlC
59859	Must
59860	OAB
59861	PART
59862	Pardoning
59863	Partners
59864	Place
59865	QSQLite
59866	Qadar
59867	RIL
59868	Reference
59869	Religion
59870	SEVEN
59871	Shepherd
59872	Square
59873	Submit
59874	TOTAL
59875	Taiyib
59876	Tawaf
59877	Triumphant
59878	Watchtower
59879	Wicked
59880	Woman
59881	YIELD
59882	Zachariah
59883	\\\\
59884	abhor
59885	absolute
59886	ado
59887	aggy
59888	album
59889	anonymously
59890	anoramic
59891	antua
59892	apocalypse
59893	aqwa
59894	austr
59895	blame
59896	breast
59897	bridal
59898	connection
59899	dictionary
59900	distinguish
59901	dvocacy
59902	editorial
59903	eference
59904	eitner
59905	ennial
59906	enraged
59907	entirely
59908	entries
59909	erodach
59910	eyword
59911	fisted
59912	heavy
59913	ilateral
59914	incumbent
59915	inheritance
59916	inju
59917	maintainer
59918	memorial
59919	migrate
59920	misc
59921	mitators
59922	mixture
59923	mould
59924	nderneath
59925	nnuity
59926	offensive
59927	oppose
59928	orphan
59929	osclerosis
59930	ostfix
59931	passe
59932	patient
59933	physical
59934	piety
59935	piphany
59936	pleasant
59937	positive
59938	production
59939	profess
59940	ptuous
59941	pulsion
59942	qualified
59943	repudiation
59944	rippling
59945	roductory
59946	rolonged
59947	schema
59948	shackle
59949	similar
59950	simply
59951	smol
59952	spa
59953	superfi
59954	supply
59955	tangled
59956	technology
59957	trepid
59958	undeserved
59959	wheel
59960	xtraordinary
59961	יהוה
59962	ंक्शऩ
59963	अधिकतम
59964	अनंत
59965	अन्धेर
59966	अपस्वार्थी
59967	अपाच
59968	आर्मीनीया
59969	उत्पत्ति
59970	ऎट
59971	एमडीएन
59972	एलसीडी
59973	ओर्ग
59974	कुर्ते
59975	क्यूबिक
59976	गंतव्य
59977	ग्नोम
59978	ग्रूप
59979	घोषित
59980	चिकित्सा
59981	छोटि
59982	जीआई
59983	टरव्यू
59984	टॆर
59985	ट्रांसफरफैक्ट्री
59986	थोड़ी
59987	थोडिस्ट
59988	निवर्सिटी
59989	न्जी
59990	न्दु
59991	परिवर्धित
59992	परीक्षा
59993	पर्व
59994	प्रेज़ेन्ट
59995	फरीसियों
59996	फ्टवे
59997	फ्टी
59998	बपतिस्मा
59999	बूबू
60000	बेस्टिय
60001	भाषी
60002	भिमान
60003	भ्यास
60004	मखौल
60005	मांस्की
60006	मित्रि
60007	मुअय्य
60008	मॉर
60009	याकूब
60010	रॉइट
60011	रोकें
60012	र्विंग
60013	लगातार
60014	लिमिटर
60015	लॆमॆ
60016	लोवीन
60017	वफादार
60018	वाचक
60019	वाचा
60020	विशाल
60021	शविट्
60022	शीओल
60023	संकोच
60024	सजग
60025	समानाधिकार
60026	साँस
60027	साक्षी
60028	सीआरएल
60029	सुडोकु
60030	सुपुत
60031	सेदेक
60032	सैद्धांतिक
60033	स्टाड
60034	स्टीट्यू
60035	स्पिरि
60036	स्लाइड
60037	हलका
60038	हिम्मत
60039	ांतरण
60040	ावरण
60041	िधान
60042	िलिये
60043	िष्णु
60044	ूड़ो
60045	४२
60046	६३
60047	€
60048	▁'(%2)
60049	▁']'
60050	▁(130)
60051	▁13,14
60052	▁16,17
60053	▁1881
60054	▁2002-2003
60055	▁2006-2009
60056	▁3/5
60057	▁Abundant
60058	▁Abyss
60059	▁Achbor
60060	▁Adolescence
60061	▁Advocate
60062	▁AlifLaam
60063	▁Alphabetically
60064	▁Autocorrection
60065	▁Ayub
60066	▁Azimuth
60067	▁Banana
60068	▁Barbour
60069	▁Bavaria
60070	▁Bhagwan
60071	▁Binnui
60072	▁Blanc
60073	▁Bolívar
60074	▁Botan
60075	▁Bottle
60076	▁Bukki
60077	▁CHRON
60078	▁Carchemish
60079	▁Caucasus
60080	▁Chagas
60081	▁Cigarette
60082	▁Compatible
60083	▁Concealed
60084	▁Conclud
60085	▁Contend
60086	▁Continent
60087	▁Coop
60088	▁Crocodile
60089	▁DANNY
60090	▁Deception
60091	▁Declar
60092	▁Delude
60093	▁Discrimination
60094	▁Downgrade
60095	▁Edersheim
60096	▁Eleni
60097	▁Eliphelet
60098	▁Elnathan
60099	▁Emerg
60100	▁Entebbe
60101	▁Epic
60102	▁Episcopal
60103	▁Essex
60104	▁Etty
60105	▁FEATURES
60106	▁Ferguson
60107	▁Folio
60108	▁Frieda
60109	▁GEAC
60110	▁Gedor
60111	▁Generosity
60112	▁Gothic
60113	▁Graf
60114	▁Harmonic
60115	▁Hatter
60116	▁Hunain
60117	▁Hungry
60118	▁Hyrcanus
60119	▁Ihram
60120	▁Incremental
60121	▁Inferno
60122	▁Inspire
60123	▁Investigation
60124	▁Irenaeus
60125	▁Irène
60126	▁Istanbul
60127	▁Jeremy
60128	▁Jorna
60129	▁Judy
60130	▁KFloppy
60131	▁KNotes
60132	▁KTurtle
60133	▁Kathmandu
60134	▁Kekaimalu
60135	▁Kerfuffle
60136	▁Kooka
60137	▁LOGINV
60138	▁LONG
60139	▁Larry
60140	▁Libni
60141	▁Lucius
60142	▁Lydda
60143	▁Maggie
60144	▁Malcam
60145	▁Mandarin
60146	▁Marathi
60147	▁Margaritha
60148	▁Marshal
60149	▁Minus
60150	▁Multitudes
60151	▁Mushrik
60152	▁Nadia
60153	▁Narrat
60154	▁Nawafil
60155	▁Nethaneel
60156	▁Oracle
60157	▁Ottawa
60158	▁PRODUCTI
60159	▁Parametres
60160	▁Parthenon
60161	▁Pelethites
60162	▁Perea
60163	▁Persistent
60164	▁Phase
60165	▁Philosopher
60166	▁Pisgah
60167	▁Pluck
60168	▁Príncipe
60169	▁Quadrilateral
60170	▁Quake
60171	▁Recommend
60172	▁Redeem
60173	▁Riddell
60174	▁Rift
60175	▁Rudnik
60176	▁SECOND
60177	▁SERVANT
60178	▁SPEAKERS
60179	▁Saraswati
60180	▁Scourge
60181	▁Scratch
60182	▁Shelomith
60183	▁Sinhala
60184	▁Skinner
60185	▁Slope
60186	▁Sniper
60187	▁Solstice
60188	▁Spreadsheet
60189	▁Stalled
60190	▁Striv
60191	▁Surrogate
60192	▁Surviving
60193	▁TELL
60194	▁Tappuah
60195	▁Tohru
60196	▁Twinkie
60197	▁Undeterred
60198	▁Utilities
60199	▁Vasco
60200	▁Veera
60201	▁Velocity
60202	▁Viking
60203	▁Vorbis
60204	▁WALK
60205	▁WHALE
60206	▁Wilf
60207	▁Wormhole
60208	▁Wołów
60209	▁Zakaria
60210	▁Zakariyya
60211	▁Zebul
60212	▁Zilpah
60213	▁Zippor
60214	▁abrupt
60215	▁adamant
60216	▁affrighted
60217	▁aghast
60218	▁alternat
60219	▁ambiguity
60220	▁amnesty
60221	▁angular
60222	▁antelope
60223	▁anthropologist
60224	▁antiseptic
60225	▁aperture
60226	▁apostatize
60227	▁appliance
60228	▁atrocious
60229	▁beekeeper
60230	▁bereave
60231	▁blister
60232	▁buddies
60233	▁captivate
60234	▁cassette
60235	▁ceramic
60236	▁collateral
60237	▁collinear
60238	▁commination
60239	▁complicate
60240	▁confection
60241	▁confluence
60242	▁convulse
60243	▁correla
60244	▁counsellors
60245	▁cripple
60246	▁crouched
60247	▁cyclist
60248	▁cynic
60249	▁darnel
60250	▁denomination
60251	▁depletion
60252	▁deplore
60253	▁deportation
60254	▁depositories
60255	▁descriptor
60256	▁dirhams
60257	▁disgruntled
60258	▁disinclin
60259	▁dissolute
60260	▁dragonflies
60261	▁dummy
60262	▁dunghill
60263	▁dwindle
60264	▁dyslexia
60265	▁enhanc
60266	▁entourage
60267	▁evacuate
60268	▁evacuation
60269	▁evaluat
60270	▁eviction
60271	▁exodus
60272	▁expedite
60273	▁exponential
60274	▁exposé
60275	▁extramarital
60276	▁firebrand
60277	▁flimsy
60278	▁flora
60279	▁folklore
60280	▁foodstuffs
60281	▁funnel
60282	▁genii
60283	▁genre
60284	▁gliding
60285	▁graft
60286	▁gullible
60287	▁gutters
60288	▁haphazard
60289	▁ihram
60290	▁imitator
60291	▁inactivat
60292	▁infamy
60293	▁invisibly
60294	▁kindergarten
60295	▁lawgiver
60296	▁lecher
60297	▁lemon
60298	▁lexicographer
60299	▁mammal
60300	▁masjid
60301	▁masonry
60302	▁medskip
60303	▁merrymaking
60304	▁metaphorical
60305	▁milligrams
60306	▁millimeter
60307	▁misguidance
60308	▁moksha
60309	▁monastic
60310	▁monoxide
60311	▁mushrik
60312	▁myrtle
60313	▁niggardliness
60314	▁overdose
60315	▁overdrinking
60316	▁overindulge
60317	▁palpable
60318	▁peep
60319	▁peripheral
60320	▁perturbed
60321	▁pessimism
60322	▁pictur
60323	▁pinions
60324	▁plaintive
60325	▁pratikraman
60326	▁predicate
60327	▁psalteries
60328	▁quarantine
60329	▁radar
60330	▁reenact
60331	▁revise
60332	▁rosy
60333	▁rumble
60334	▁salad
60335	▁sallie
60336	▁savanna
60337	▁scaffold
60338	▁sclerosis
60339	▁sentinel
60340	▁shopkeeper
60341	▁siesta
60342	▁simplistic
60343	▁skew
60344	▁sloppy
60345	▁sofa
60346	▁souvenir
60347	▁spicy
60348	▁spokesperson
60349	▁sprawl
60350	▁stabilisers
60351	▁strapped
60352	▁strew
60353	▁substantiate
60354	▁subtleties
60355	▁sumptuous
60356	▁superintendent
60357	▁syringe
60358	▁taming
60359	▁tortoise
60360	▁trinity
60361	▁trousers
60362	▁unaided
60363	▁unfavorably
60364	▁unpolluted
60365	▁unreasonably
60366	▁untrained
60367	▁unworthily
60368	▁vellum
60369	▁vinaya
60370	▁volition
60371	▁watt
60372	▁whipping
60373	▁wrench
60374	▁wriggling
60375	▁yogurt
60376	▁अक्कूब
60377	▁अगम्य
60378	▁अग्रदूत
60379	▁अटेंडीज़
60380	▁अनन्तस्पर्शी
60381	▁अनाकवंश
60382	▁अनुपयोग
60383	▁अनुमत
60384	▁अन्होन
60385	▁अपलोडेड
60386	▁अपार्दरशिता
60387	▁अभियोग
60388	▁अरारात
60389	▁अरिस्तर्खुस
60390	▁अल्गोरिद्म
60391	▁अल्फ्रेड
60392	▁अशतोरेत
60393	▁अशान्त
60394	▁असभ्य
60395	▁अहीरा
60396	▁आइंस्टाइन
60397	▁आइसलैंड
60398	▁आईएसडीएन
60399	▁आन्सर
60400	▁आपबीती
60401	▁आयटम
60402	▁आयरलैन्ड
60403	▁आयोडीन
60404	▁आर्मेनिया
60405	▁इंक्रीमेंटल
60406	▁इंटी
60407	▁इंटीग्रेशन
60408	▁इंसटैंस
60409	▁इकट्ट
60410	▁इज़राइल
60411	▁इनिशियलाइज़
60412	▁इन्द्रधनुष
60413	▁ईन्यूम
60414	▁उठेंगी
60415	▁उत्थान
60416	▁उर्दू
60417	▁उस्सानी
60418	▁ऎनोरॆक्सिया
60419	▁एंड्रू
60420	▁एडम्स
60421	▁एड्रीआ
60422	▁एताम
60423	▁एनवाय
60424	▁एन्नोटेशन
60425	▁एप्पलेट
60426	▁एलनातान
60427	▁एलिवेशन
60428	▁एससीएसआई
60429	▁ऑर्गनाइज़
60430	▁ओएसिस
60431	▁ओछा
60432	▁ओमेगा
60433	▁ओवरराइट
60434	▁ओवरलेप
60435	▁ओहोल
60436	▁कदमीएल
60437	▁कनात
60438	▁कफन
60439	▁कहानियां
60440	▁किन्नेरेत
60441	▁कुंए
60442	▁कुटकिया
60443	▁कुदाल
60444	▁कुहरे
60445	▁कृष्ण
60446	▁केऑर्गनाइज
60447	▁केजेएस
60448	▁केमैथ
60449	▁कैथॉलिक
60450	▁कैबिनेट
60451	▁कैलिफॉर्निया
60452	▁कॉनस्टनटाइन
60453	▁कोकीनाकीस
60454	▁कोल्ह
60455	▁क्रिस्टफर
60456	▁क्रूज
60457	▁खुराज़ीन
60458	▁गदोर
60459	▁गरमागरम
60460	▁गिरगिट
60461	▁गृहदेवता
60462	▁गेंट
60463	▁गेलेक्टिक
60464	▁गेस्चर
60465	▁ग्लेशियर
60466	▁चटपट
60467	▁चमचमात
60468	▁चालेंदर
60469	▁चाहूंगा
60470	▁चिकारे
60471	▁चिड़चिड़
60472	▁चित्रकला
60473	▁चिरंजीव
60474	▁चींटियाँ
60475	▁छज्ज
60476	▁छापेखान
60477	▁छिदवा
60478	▁जक्कूर
60479	▁जगाए
60480	▁जन्मदाता
60481	▁जरूसल
60482	▁जलाशय
60483	▁जिल्पा
60484	▁जीईएसी
60485	▁जेनिस
60486	▁जोहान्स
60487	▁झंझट
60488	▁झुण
60489	▁टुकड़ो
60490	▁टूलटिप
60491	▁टेनेसी
60492	▁टेलिस्कोप
60493	▁ट्रांजि
60494	▁डीक्रिप्ट
60495	▁डेथ
60496	▁डेमोक्रेट
60497	▁डॉल्फिन
60498	▁ड्यूअल
60499	▁तंदरुस्त
60500	▁तन्दूर
60501	▁तान्या
60502	▁तुषार
60503	▁दंभ
60504	▁दबोच
60505	▁दरोग
60506	▁दर्शाए
60507	▁दलायाह
60508	▁दिग्गज
60509	▁दूदाफल
60510	▁दोहराइए
60511	▁द्वंद्व
60512	▁धाय
60513	▁धीरजवंत
60514	▁धुन्धला
60515	▁नक्काश
60516	▁नाईजीरिया
60517	▁नामंज़ूर
60518	▁निद्रालु
60519	▁निराले
60520	▁नूमार
60521	▁नेफिलीम
60522	▁न्यून्दॉर्फ
60523	▁पंक
60524	▁पंचायत
60525	▁पकड़वाएंगे
60526	▁पज़ेसिव
60527	▁पतलून
60528	▁पत्तर
60529	▁परसिस्टें
60530	▁परिचारक
60531	▁पशुगमन
60532	▁पसीज
60533	▁पांडु
60534	▁पाफुस
60535	▁पिछे
60536	▁पीआईएम
60537	▁पीएगा
60538	▁पुनःस्थापन
60539	▁पुनर्प्र
60540	▁पुन्तुस
60541	▁पुरातत्त्वज्ञ
60542	▁पुलिसकर्मी
60543	▁पूर्वनियत
60544	▁पेरेन्ट
60545	▁पैकेट्स
60546	▁पैसिफिक
60547	▁पोर्टलैंड
60548	▁पोर्टेबल
60549	▁प्रतिकृति
60550	▁प्रतियोगी
60551	▁प्रथाएँ
60552	▁प्रवर्तक
60553	▁प्राणप्रिय
60554	▁प्रिंसीपल
60555	▁प्रैक्टिस
60556	▁प्लेनेटेरी
60557	▁प्लैन
60558	▁फंक्शनलिटी
60559	▁फ़ायरवाल
60560	▁फ़्री
60561	▁फ़्लू
60562	▁फिलॉसफ
60563	▁फेविकॉन
60564	▁फॉसिल
60565	▁फ्राँ
60566	▁फ्रॉस्ट
60567	▁फ्लाई
60568	▁फ्लेमिंग
60569	▁बजवा
60570	▁बम्पमैप
60571	▁बरछ
60572	▁बल्लेबाज
60573	▁बिठाएँ
60574	▁बीएमपी
60575	▁बीजगणित
60576	▁बुकमार्क्स
60577	▁बुक्की
60578	▁बुलवाऊंग
60579	▁बुलेटिन
60580	▁बूटअप
60581	▁बृहत्
60582	▁बेकेट
60583	▁बेवफा
60584	▁बेसिस
60585	▁बोरेआलिस
60586	▁ब्रिटन
60587	▁ब्रैंडन
60588	▁भावानुवाद
60589	▁मकैनिक
60590	▁मत्तित्याह
60591	▁मनोबल
60592	▁मनोव्यथा
60593	▁मराठी
60594	▁मरायोत
60595	▁मल्कियाह
60596	▁मल्टीसेसन
60597	▁महापौर
60598	▁मांसपेश
60599	▁मार्गदर्शिका
60600	▁मार्गारीटा
60601	▁मीशल
60602	▁मीशेल
60603	▁मॆडिसिन
60604	▁मेंहदी
60605	▁मैरियौं
60606	▁मैसेडोनिया
60607	▁मोज़ाम्बीक
60608	▁मोटरसाइकिल
60609	▁मोनॉर्क
60610	▁मोराविया
60611	▁मोरिय्याह
60612	▁मोरेल
60613	▁यबूस
60614	▁यहोहानान
60615	▁युआरएल
60616	▁येतेर
60617	▁राकेल
60618	▁राजमुकुट
60619	▁रावण
60620	▁रावन्सब्र
60621	▁रिंगटोन
60622	▁रिएक्शन
60623	▁रिलेशनशिप
60624	▁रूडॉल्फ
60625	▁रेज़र
60626	▁रौनक
60627	▁लजाते
60628	▁लिटरल
60629	▁लिफ़ाफ़
60630	▁लैंडिंग
60631	▁लैटविया
60632	▁लैश
60633	▁लोमड़ियों
60634	▁वंशावलियों
60635	▁विज़िट
60636	▁विधेयक
60637	▁वॅटिक
60638	▁वैनकूवर
60639	▁व्रैप
60640	▁शबन्याह
60641	▁शीला
60642	▁शॉर्क
60643	▁संक्रांति
60644	▁संत्रास
60645	▁संपवर्तक
60646	▁समुन्दर
60647	▁सरस्वती
60648	▁सलमोन
60649	▁सहस्त्रापति
60650	▁साइनाइटिकस
60651	▁साउंडकार्ड
60652	▁साक्षरता
60653	▁सामरिक
60654	▁सिंगापोर
60655	▁सिंथेसाइज़र
60656	▁सिंध
60657	▁सिएरा
60658	▁सिप्पोर
60659	▁सिबो
60660	▁सिमलिंक
60661	▁सियार
60662	▁सीईओ
60663	▁सैनिट
60664	▁स्टैम्प
60665	▁स्ट्रॉब
60666	▁स्तुतिगान
60667	▁स्थांतरण
60668	▁स्पीयर
60669	▁स्प्रिंगीनेस
60670	▁स्वच्छंद
60671	▁स्वतःक्षेत्र
60672	▁स्वयंसेवी
60673	▁स्वार्ट
60674	▁हिंदुओं
60675	▁हिलेगा
60676	▁हुअ
60677	▁हुयी
60678	▁हॆनरी
60679	▁हेद्दॊन
60680	▁हेरोइन
60681	▁हैडिफ़िक्स
60682	▁हैनशल
60683	▁हॉलैंड
60684	▁१८७०
60685	▁१८७९
60686	00:00
60687	200,000
60688	AGUE
60689	Armageddon
60690	CFCs
60691	CHUCKL
60692	Element
60693	FLINT
60694	Further
60695	Heaven
60696	Humble
60697	INFO
60698	Legend
60699	Lift
60700	Miski
60701	NSP
60702	NTSC
60703	Nevertheless
60704	Oppose
60705	Pride
60706	Prioriti
60707	RAISE
60708	SCOFFS
60709	SIREN
60710	SPECT
60711	Self
60712	Separator
60713	Serving
60714	Stretch
60715	Synchronization
60716	VAL
60717	Wrap
60718	YouTube
60719	aboratories
60720	activ
60721	attempt
60722	chronous
60723	compense
60724	concealed
60725	ddy
60726	decked
60727	dedication
60728	destruction
60729	document
60730	drug
60731	ecommende
60732	erbatim
60733	erber
60734	exercise
60735	exposure
60736	filtration
60737	gallons
60738	ganiser
60739	hectares
60740	include
60741	indonesia
60742	investigati
60743	kim
60744	malicious
60745	maranth
60746	microseconds
60747	milliseconds
60748	misspelt
60749	opaque
60750	patriate
60751	petition
60752	prefectures
60753	provide
60754	quarts
60755	release
60756	reprinted
60757	rigid
60758	rythropoietin
60759	satisfied
60760	scarlet
60761	scrambling
60762	shuffling
60763	simulation
60764	social
60765	strung
60766	stupid
60767	submit
60768	sustenance
60769	synchronised
60770	tricken
60771	uncleanness
60772	yield
60773	ô
60774	θ
60775	ंतीस
60776	अथवा
60777	अपारदर्शी
60778	अय्यूब
60779	इंटरनेट
60780	एमएमएस
60781	एसक्यूल
60782	ओमेर
60783	कारीगर
60784	कुंजी
60785	कैंडल
60786	क्यूरिटी
60787	क्लाइंट
60788	क्लाइड
60789	क्लिंट
60790	खौफ
60791	ग्रीड
60792	घाट
60793	चौड़ाई
60794	जीकॉन्फ
60795	जुलाई
60796	टिआगो
60797	टूडू
60798	टॉवर
60799	तोरेत
60800	दुश्
60801	नफिगर
60802	निम्नलिखित
60803	पहचान
60804	पियानो
60805	पीएन
60806	पुरानी
60807	पेंटिंग
60808	पेड़
60809	प्रतिज्ञा
60810	प्रबन्ध
60811	प्रसन्
60812	फुट
60813	फॉर्मिकस्
60814	फ्लेट
60815	भाईचार
60816	मसीहियत
60817	महत्वाकांक्षी
60818	मान्यतः
60819	मियाज़ा
60820	मिलीलीटर
60821	मूल्य
60822	मॉड
60823	मौज
60824	राजकुमार
60825	रिअन्
60826	रोदक
60827	लीकॉप्टर
60828	लुहान
60829	व्यापारिक
60830	संगठित
60831	सकेत
60832	सप्ताह
60833	समाप्ति
60834	सम्पत्ति
60835	सर्प
60836	सिंथ
60837	सुंदर
60838	स्टर्न
60839	स्नेह
60840	स्वचालित
60841	स्वास्थ्यकर
60842	हावने
60843	ायमा
60844	िरोध्य
60845	ींबू
60846	ॆंशन
60847	ेडेरीक
60848	ोदय
60849	ोनाइडस
60850	५८
60851	९६
60852	९८
60853	▁"%4"
60854	▁1884
60855	▁2004-2005
60856	▁28,29
60857	▁5707
60858	▁ABRAHAM
60859	▁AMERICA
60860	▁Abstain
60861	▁Acropolis
60862	▁Advantages
60863	▁Agabus
60864	▁Agboola
60865	▁Alejandro
60866	▁Alicia
60867	▁Amelia
60868	▁Amharic
60869	▁Applied
60870	▁Arguing
60871	▁Arkansas
60872	▁Ascension
60873	▁Ataroth
60874	▁Atlanta
60875	▁Attalus
60876	▁Aurelian
60877	▁BASIC
60878	▁Benefactor
60879	▁Bikinians
60880	▁Brasil
60881	▁CAMERON
60882	▁CANADA
60883	▁COMPARE
60884	▁Caphtor
60885	▁Cassiodorus
60886	▁Cerberus
60887	▁Charlemagne
60888	▁Chedorlaomer
60889	▁Circumcision
60890	▁Clulow
60891	▁Collins
60892	▁Confronted
60893	▁Cubism
60894	▁DOUG
60895	▁Dentist
60896	▁Disobedience
60897	▁Douay
60898	▁Elapsed
60899	▁Elisabeth
60900	▁Entire
60901	▁Eshcol
60902	▁Eskimo
60903	▁Essence
60904	▁Eugeni
60905	▁Evident
60906	▁FEAR
60907	▁Felisa
60908	▁Filipino
60909	▁Friedrich
60910	▁GIFT
60911	▁GREGOR
60912	▁Giorgi
60913	▁Girgashite
60914	▁Glasgow
60915	▁Gloucester
60916	▁HORN
60917	▁Hanoi
60918	▁Hanson
60919	▁Impact
60920	▁Jeremoth
60921	▁Jorge
60922	▁Jürgen
60923	▁KAddressBook
60924	▁KBackgammon
60925	▁KBlogger
60926	▁Katherine
60927	▁Languedoc
60928	▁Legion
60929	▁Lonely
60930	▁MILLIONS
60931	▁Mahalalel
60932	▁Malaria
60933	▁Mauriti
60934	▁Microlitres
60935	▁Microseconds
60936	▁Millie
60937	▁Mixture
60938	▁Modification
60939	▁Montano
60940	▁Mujinju
60941	▁Negeb
60942	▁Nightingale
60943	▁Nikolai
60944	▁OFFICE
60945	▁Observatory
60946	▁Oklahoma
60947	▁Orphan
60948	▁PREACH
60949	▁PROCLAIM
60950	▁Palermo
60951	▁Pamela
60952	▁Pashur
60953	▁Pelatiah
60954	▁Permanent
60955	▁Piacen
60956	▁Piano
60957	▁Pleas
60958	▁Policies
60959	▁Presumptuous
60960	▁Pronounce
60961	▁REASON
60962	▁Raków
60963	▁Ramadhan
60964	▁Rephidim
60965	▁Resynchroni
60966	▁Rivalry
60967	▁SOMETHING
60968	▁STEVE
60969	▁SUPER
60970	▁Shalmaneser
60971	▁Sheriff
60972	▁Shilonite
60973	▁Sibling
60974	▁Smyth
60975	▁Steward
60976	▁Subscrib
60977	▁Swartz
60978	▁Synod
60979	▁Tekoite
60980	▁Tet
60981	▁Theodotos
60982	▁Trajan
60983	▁Tutankhamen
60984	▁USSR
60985	▁Unavailable
60986	▁Versailles
60987	▁WAILING
60988	▁WAIT
60989	▁Waldensian
60990	▁Worry
60991	▁Wounds
60992	▁ZEPHANIAH
60993	▁Zeeb
60994	▁adorable
60995	▁adoring
60996	▁adrenalin
60997	▁affix
60998	▁agitat
60999	▁aground
61000	▁alabaster
61001	▁alligator
61002	▁amputated
61003	▁apron
61004	▁archdeceiver
61005	▁astonish
61006	▁auditor
61007	▁augment
61008	▁autodetector
61009	▁awry
61010	▁bachelor
61011	▁bacillus
61012	▁barricade
61013	▁biochemical
61014	▁blogosphere
61015	▁browbeat
61016	▁busybodies
61017	▁capita
61018	▁cemeteries
61019	▁cervix
61020	▁cessation
61021	▁cherries
61022	▁circulatory
61023	▁circumstantial
61024	▁clandestine
61025	▁cloning
61026	▁closure
61027	▁confiding
61028	▁conflagration
61029	▁congratulat
61030	▁consensus
61031	▁contriv
61032	▁cramps
61033	▁crucifix
61034	▁decigram
61035	▁decorate
61036	▁decrepit
61037	▁deprecia
61038	▁desecrate
61039	▁diagonal
61040	▁disintegration
61041	▁divisor
61042	▁dvd
61043	▁ecliptic
61044	▁ecology
61045	▁enslaving
61046	▁enumerat
61047	▁equinox
61048	▁etiquette
61049	▁falsified
61050	▁fanciful
61051	▁fatlings
61052	▁fluctuate
61053	▁foreordain
61054	▁frequencies
61055	▁garnish
61056	▁geometric
61057	▁glamorous
61058	▁glanc
61059	▁grandiose
61060	▁grenade
61061	▁greyscale
61062	▁holocaust
61063	▁honeybee
61064	▁hugging
61065	▁humpback
61066	▁ibex
61067	▁impeccabl
61068	▁imperceptibly
61069	▁impersonat
61070	▁incestuous
61071	▁inclusion
61072	▁incorporat
61073	▁infinitive
61074	▁inseparably
61075	▁jubilant
61076	▁kiln
61077	▁koala
61078	▁lattice
61079	▁linguist
61080	▁liturgi
61081	▁looted
61082	▁lotteries
61083	▁machete
61084	▁maltreat
61085	▁mammoth
61086	▁manipulative
61087	▁masquerad
61088	▁metabolism
61089	▁millimetre
61090	▁millisecond
61091	▁minstrel
61092	▁mitre
61093	▁monochrome
61094	▁monogamy
61095	▁mummies
61096	▁naviga
61097	▁negotiation
61098	▁obliquity
61099	▁obscenity
61100	▁obscur
61101	▁officiate
61102	▁opportunist
61103	▁opulent
61104	▁ornate
61105	▁ostracized
61106	▁outmaneuver
61107	▁pedestal
61108	▁pelvi
61109	▁pervading
61110	▁phantom
61111	▁physique
61112	▁precipice
61113	▁presumably
61114	▁proficiency
61115	▁propitiate
61116	▁proportionately
61117	▁provinc
61118	▁qt
61119	▁radiating
61120	▁raindrops
61121	▁rapport
61122	▁ravished
61123	▁reassess
61124	▁recuperate
61125	▁repugnance
61126	▁rheumato
61127	▁ricksha
61128	▁ringleader
61129	▁rivulet
61130	▁rosary
61131	▁sabotage
61132	▁safari
61133	▁scantily
61134	▁screech
61135	▁senile
61136	▁seraphs
61137	▁sergeant
61138	▁shampoo
61139	▁shrimp
61140	▁snug
61141	▁speculative
61142	▁spendthrift
61143	▁spree
61144	▁squid
61145	▁structural
61146	▁strut
61147	▁swaggering
61148	▁symmetry
61149	▁synthesis
61150	▁terrific
61151	▁territori
61152	▁testifieth
61153	▁tetanus
61154	▁thermometer
61155	▁thiever
61156	▁toothpaste
61157	▁tradesmen
61158	▁trampling
61159	▁trepidation
61160	▁typhoid
61161	▁unappreciated
61162	▁uncluttered
61163	▁uncontrollable
61164	▁unnumbered
61165	▁unsatisfactory
61166	▁unsolicited
61167	▁untrustworthy
61168	▁unwarranted
61169	▁utili
61170	▁utilities
61171	▁verdant
61172	▁victor
61173	▁vindicat
61174	▁अजायबघर
61175	▁अदोन
61176	▁अनम्य
61177	▁अरीएल
61178	▁अलबम
61179	▁अवसाद
61180	▁अविवेकी
61181	▁असोशिए
61182	▁आइंस्टीन
61183	▁आक्रमणकारी
61184	▁आमाटे
61185	▁आयोनिय
61186	▁आरडीए
61187	▁इंग्लॆंड
61188	▁इक्वाडोर
61189	▁इन्द्रिय
61190	▁इफेक्ट
61191	▁इमानवील
61192	▁इरैसमस
61193	▁इलैक्ट्र
61194	▁एक्जि
61195	▁एद्रेई
61196	▁एप्लीकेशन
61197	▁एबेद
61198	▁एरेकी
61199	▁एलिक्स
61200	▁ऐंठ
61201	▁ऐलेक्सै
61202	▁ओंठ
61203	▁कंटेंट
61204	▁कटरीना
61205	▁कदोर्लाओमेर
61206	▁कम्बल
61207	▁कषाय
61208	▁कस्ब
61209	▁क़स्बे
61210	▁कारनामों
61211	▁कार्लस्सन
61212	▁कुंवार
61213	▁कुर्सियाँ
61214	▁कैंडी
61215	▁कैटरपिलर
61216	▁कैफे
61217	▁कैरॆन
61218	▁कैल्शियम
61219	▁कॉन्फरेंस
61220	▁कोलोराडो
61221	▁कोल्ट्स
61222	▁क्रीस्ट
61223	▁क्रोमियम
61224	▁क्लाउड
61225	▁क्वांट
61226	▁क्वीन्सलैंड
61227	▁क्षीण
61228	▁खीर
61229	▁खुरच
61230	▁गिरत्नतार
61231	▁गुदगुदी
61232	▁गेरूऑ
61233	▁ग्रहिका
61234	▁ग्राउंड
61235	▁ग्लोरी
61236	▁चराएगा
61237	▁चाइन
61238	▁चाकल
61239	▁चायनीज
61240	▁चुटकुले
61241	▁चौरासी
61242	▁छुद्र
61243	▁ज़्होज़
61244	▁जेसुइट
61245	▁झमेल
61246	▁टर्मिनेट
61247	▁टेरे
61248	▁टैक्स्ट
61249	▁टॉलेमी
61250	▁टोन्हों
61251	▁ट्रिड
61252	▁डिस्पोज
61253	▁डेवढ़िय
61254	▁तदनुभूति
61255	▁थैंक
61256	▁दंडादेश
61257	▁दबाएंगे
61258	▁दमड़ियां
61259	▁दर्शा
61260	▁दिलाएगी
61261	▁दुतकार
61262	▁दुबला
61263	▁दुर्गंध
61264	▁दुष्टात्म
61265	▁धुंआ
61266	▁नागदौन
61267	▁निकारागुआ
61268	▁निबन्ध
61269	▁निरूत्
61270	▁निषेधाज्ञा
61271	▁नोटिफाई
61272	▁पडेगा
61273	▁परभक्ष
61274	▁पर्ब
61275	▁पांए
61276	▁पाठान्तर
61277	▁पिंट
61278	▁पिटवाया
61279	▁पितृत्व
61280	▁पुजारिन
61281	▁पूर्वाग्रह
61282	▁पॅपाइरस
61283	▁प्रदक्षिणा
61284	▁प्रशिक्षु
61285	▁प्रसूति
61286	▁प्रॉफॆसर
61287	▁प्रॉफेसर
61288	▁प्रोमेथ
61289	▁फर्स्ट
61290	▁फ़ॉउर
61291	▁फाँक
61292	▁फीबे
61293	▁फॅक्टर्स
61294	▁फैक्टोर
61295	▁फ्लैंडर्स
61296	▁बर्फ़ील
61297	▁बलात्कृत
61298	▁बाँए
61299	▁बाँका
61300	▁बारबाडोस
61301	▁बाल्कन
61302	▁बिब्लिकल
61303	▁बीट्राइस
61304	▁बुरुण्ड
61305	▁बेशर्म
61306	▁बोएगा
61307	▁ब्यून
61308	▁ब्लूफिन
61309	▁भंडा
61310	▁भगदड़
61311	▁भावप्रवण
61312	▁भिक्षु
61313	▁भौचक्क
61314	▁मंगेतर
61315	▁मरूस्थल
61316	▁मल्लूक
61317	▁महाकर्म
61318	▁मातृत्व
61319	▁मिशनाह
61320	▁मेधा
61321	▁मेलोडी
61322	▁मोजे
61323	▁म्यनमार
61324	▁म्यून्
61325	▁यांत्रिक
61326	▁यूक्रेनियन
61327	▁यूगोस्लाविया
61328	▁राजधानिय
61329	▁रैखिक
61330	▁लजाएगा
61331	▁लत्ते
61332	▁लम्ब
61333	▁लाँघ
61334	▁लाइब्रेरिय
61335	▁लार्वा
61336	▁लिबिया
61337	▁लुतर
61338	▁लूइज
61339	▁लेबोरेटरी
61340	▁लैंस
61341	▁लैम्ब्डा
61342	▁वाहवाही
61343	▁विगनेटिंग
61344	▁वितरक
61345	▁वेनेजुएल
61346	▁वेस्टफेल
61347	▁वोलिव
61348	▁शित्त
61349	▁संकलित
61350	▁संभलकर
61351	▁सत्ताईस
61352	▁समाजविज्ञानी
61353	▁सम्भाव
61354	▁साइबर
61355	▁साइलेंस
61356	▁सिएटल
61357	▁सिझा
61358	▁सिलवान
61359	▁सिल्क
61360	▁सुपरक्राम्बा
61361	▁सूसान
61362	▁सॉफ्टवे
61363	▁स्टेफान
61364	▁स्लावोनि
61365	▁हफ्ता
61366	▁हवीला
61367	▁हावर्ड
61368	▁हिप्पोक्रेटिस
61369	▁हेन्री
61370	▁हॉर्मोन
61371	▁१९१६
61372	▁१९७७
61373	#-#-#-#
61374	2004
61375	Accessibility
61376	Benvolio
61377	Carry
61378	Constantine
61379	Decrease
61380	Definition
61381	Device
61382	Everlasting
61383	Examine
61384	Gehenna
61385	General
61386	IMAP
61387	Inspect
61388	Japan
61389	KSpread
61390	Khid
61391	LOT
61392	Lead
61393	MUSIC
61394	Netherlands
61395	Patron
61396	Point
61397	Proceed
61398	Retrieve
61399	SHO
61400	SINH
61401	Samiri
61402	Shoot
61403	Simplified
61404	Stamp
61405	TAR
61406	Trade
61407	Translat
61408	UCH
61409	Water
61410	Yield
61411	advertise
61412	announce
61413	apport
61414	approach
61415	aspects
61416	association
61417	benefit
61418	billion
61419	business
61420	charity
61421	cuador
61422	disease
61423	disobey
61424	distribution
61425	divine
61426	dolaters
61427	educated
61428	embedded
61429	employ
61430	facing
61431	floating
61432	foreseen
61433	golden
61434	gracious
61435	guidance
61436	hospitality
61437	hould
61438	job
61439	major
61440	management
61441	manipulation
61442	nauti
61443	neglect
61444	njuta
61445	olombia
61446	paramount
61447	pledge
61448	plicating
61449	published
61450	ract
61451	ransom
61452	reproaching
61453	resurrect
61454	rgentina
61455	rimmon
61456	scientific
61457	separate
61458	spotless
61459	stdin
61460	surrender
61461	temple
61462	ttendees
61463	uppressed
61464	violence
61465	websites
61466	wikipedia
61467	womb
61468	xquisite
61469	ympathetic
61470	zodiac
61471	ň
61472	अनदेखे
61473	अनन्तकाल
61474	आंतरिक
61475	आर्काइव
61476	उधार
61477	किशोर
61478	कैरट
61479	क्रिटिक
61480	क्लोपीडिया
61481	गोत्री
61482	चान्दी
61483	छिपाएं
61484	जल्द
61485	ज़टॆक
61486	ज्यादातर
61487	झुंड
61488	टेलिफोनी
61489	ट्रैक्ट
61490	ढेर
61491	दरवाजे
61492	दिखाएँ
61493	नजारो
61494	निकम्मे
61495	निन्ना
61496	नुष्ठान
61497	परमपवित्र
61498	पांच
61499	पासवर्ड
61500	प्रमाण
61501	प्राधिकारी
61502	फुटनोट
61503	बलिदान
61504	बिंब
61505	बिशप
61506	बुज़ुर्ग
61507	ब्रेक
61508	ब्रोन
61509	भजन
61510	मूढ़
61511	मोथेरेपी
61512	रामोत
61513	र्थोडॉक्स
61514	लघु
61515	विकसित
61516	विडेन्स
61517	विवरण
61518	शब्दकोश
61519	शमूएल
61520	श्रेष्ठ
61521	समस्या
61522	समायोजन
61523	सम्बद्ध
61524	स्थापित
61525	स्वागत
61526	हिन्दुस्तान
61527	हियाव
61528	िफ़ायर
61529	्याधिकार
61530	१९१४
61531	१९८
61532	४६
61533	ẹ
61534	▁1⁄2
61535	▁360×360
61536	▁BESSEL
61537	▁Boeing
61538	▁Bonzo
61539	▁Briony
61540	▁Chiswick
61541	▁Consume
61542	▁DOLLAR
61543	▁Duchess
61544	▁Enhance
61545	▁Explore
61546	▁Foolish
61547	▁IMLOG
61548	▁IMSUM
61549	▁Jaegers
61550	▁Mawhinney
61551	▁NETWORKDAY
61552	▁Qibla
61553	▁Revere
61554	▁SKEW
61555	▁Shar
61556	▁Suppliers
61557	▁Surprising
61558	▁Teddy
61559	▁Tragic
61560	▁Vinci
61561	▁Yugoslav
61562	▁accelerating
61563	▁algebra
61564	▁boulder
61565	▁chappie
61566	▁cigar
61567	▁clef
61568	▁cogniti
61569	▁contaminat
61570	▁dainties
61571	▁deficit
61572	▁delicacy
61573	▁detach
61574	▁embitter
61575	▁immerse
61576	▁kerosene
61577	▁knob
61578	▁lobster
61579	▁magistrate
61580	▁malnourished
61581	▁nibbl
61582	▁patriotism
61583	▁pixbut
61584	▁potassium
61585	▁potato
61586	▁quail
61587	▁reassign
61588	▁recycling
61589	▁remedi
61590	▁retail
61591	▁ripple
61592	▁spindle
61593	▁stdin
61594	▁strangle
61595	▁substitution
61596	▁tacit
61597	▁turret
61598	▁unrestricted
61599	▁voic
61600	▁voltage
61601	▁voracious
61602	▁अकबोर
61603	▁अक्वॉमरीन
61604	▁अघा
61605	▁अजमावेत
61606	▁अजरेल
61607	▁अज्रीकाम
61608	▁अनशॉर्प
61609	▁अभ्यारोप
61610	▁अमासै
61611	▁अयोध्या
61612	▁अलमारियों
61613	▁आरपीएम
61614	▁आशंकित
61615	▁इक्विनॉक्स
61616	▁ईजेके
61617	▁उणडेल
61618	▁उपश्रेणी
61619	▁एक्यूपंक्चर
61620	▁एक्सओआर
61621	▁एक्सटर्नल
61622	▁एचएसवी
61623	▁एडविन
61624	▁एनहैंसमेंट
61625	▁एन्नोटेट
61626	▁एलिवेटर
61627	▁एल्यासाप
61628	▁एल्योएनै
61629	▁एशताओल
61630	▁एसवीएन
61631	▁ऑउट
61632	▁कंपीज
61633	▁कज़ाकिस्तान
61634	▁कड़ुव
61635	▁केग्राफव्यूअर
61636	▁केरोलिना
61637	▁कॉन्फीगरेशन
61638	▁कोआर्डिनेट
61639	▁कोएफ़िशिएंट
61640	▁क्रिस्चन
61641	▁क्लांडिके
61642	▁क्लॉडियस
61643	▁ख़्याल
61644	▁गर्लफ्र
61645	▁गांड़
61646	▁ग्रुपवाइज
61647	▁ग्रॆगरी
61648	▁घोटाले
61649	▁घ्रुवीय
61650	▁चरवाहो
61651	▁चित्कबर
61652	▁जरह्माह
61653	▁जिओग्राफ
61654	▁जूलियस
61655	▁टाइग्रेस
61656	▁टैक्न
61657	▁ट्रॉय
61658	▁तत्त्वज्ञ
61659	▁तमिलनाडु
61660	▁त्रासद
61661	▁दिसं
61662	▁दृष्टिगोच
61663	▁धमाक
61664	▁नप्ताल
61665	▁निरक्षर
61666	▁नैपकिन
61667	▁न्यौ
61668	▁पियासेन्टिन
61669	▁पुण्य
61670	▁पॅराशुट
61671	▁प्याज
61672	▁प्रीलोड
61673	▁फाँस
61674	▁मल्टीट्र
61675	▁मुँड
61676	▁मुक्तहस्त
61677	▁मूर्त्तिपूजक
61678	▁यूनीवर्सिटी
61679	▁लॉरेन्स
61680	▁वाटसन
61681	▁वाणिज्य
61682	▁विएतनाम
61683	▁व्यंग्य
61684	▁शिम्रोन
61685	▁शूतेलह
61686	▁संक्षिप्
61687	▁सांप्रदायिक
61688	▁सितार
61689	▁सिलेबल्स
61690	▁सिह
61691	▁सुनिश्च
61692	▁स्तिथ
61693	▁स्पीक
61694	▁स्मरणशक्त
61695	▁हिव्वी
61696	▁हैल्थ
61697	KWallet
61698	agreement
61699	debt
61700	dimensional
61701	graduate
61702	ipper
61703	isunderstandings
61704	smiley
61705	tractable
61706	®
61707	डियेशन
61708	निर्धारण
61709	ूरी
61710	५७
61711	‛
61712	↓
61713	−
61714	▁Excess
61715	▁Kemp
61716	▁biography
61717	▁centiliter
61718	▁dainty
61719	▁dizzy
61720	▁intuition
61721	▁melodi
61722	▁proprietor
61723	▁sniper
61724	▁specimens
61725	▁svg
61726	▁यॉर
61727	▸
61728	Gird
61729	nrollment
61730	shirt
61731	Å
61732	ū
61733	ž
61734	נ
61735	ש
61736	घ्य
61737	–
61738	←
61739	▁Cosmoline
61740	▁Dormouse
61741	▁Experienc
61742	▁calculus
61743	▁cruis
61744	▁infinity
61745	▁nephron
61746	▁satsang
61747	▁अम्मा
61748	▁क्लाइ
61749	▶
61750	❖
61751	incidence
61752	¡
61753	î
61754	ń
61755	œ
61756	ι
61757	ς
61758	न्दे
61759	▁equilibrium
61760	▁lockfile
61761	▁mobiliz
61762	▁pap
61763	▁नज़रअंदाज
61764	dwesh
61765	raag
61766	ׁ
61767	פ
61768	ेलेक्स
61769	⇨
61770	▁Grete
61771	▁solvable
61772	▁uranium
61773	HEAD
61774	daemon
61775	Ü
61776	ḥ
61777	▁intuitive
61778	プ
61779	370
61780	ă
61781	ō
61782	Ž
61783	ο
61784	ֹ
61785	א
61786	गाँ
61787	⇩
61788	≤
61789	▁thorium
61790	▁गरीज
61791	☞
61792	Æ
61793	È
61794	ß
61795	ð
61796	û
61797	ŏ
61798	Ż
61799	́
61800	Ω
61801	तीखी
61802	ầ
61803	ị
61804	↑
61805	√
61806	サ
61807	ル
61808	ン
61809	品
61810	食
61811	±
61812	Ã
61813	Ó
61814	ą
61815	Ł
61816	ś
61817	ş
61818	ż
61819	̈
61820	δ
61821	σ
61822	τ
61823	ְ
61824	Ḥ
61825	′
61826	↲
61827	≠
61828	≥
61829	⌈
61830	⌉
61831	⌊
61832	⌋
61833	▁inertia
61834	shrouded
61835	À
61836	Í
61837	ã
61838	ì
61839	ě
61840	Ş
61841	Š
61842	ţ
61843	ω
61844	ऒ
61845	ễ
61846	ọ
61847	⁠
61848	¤
61849	§
61850	¿
61851	Ä
61852	Î
61853	Ñ
61854	Õ
61855	Ú
61856	Č
61857	ı
61858	ľ
61859	Ř
61860	Ś
61861	ʺ
61862	̗
61863	Δ
61864	Κ
61865	ά
61866	α
61867	ε
61868	η
61869	κ
61870	λ
61871	π
61872	ρ
61873	ό
61874	ύ
61875	ώ
61876	ָ
61877	ד
61878	ט
61879	ל
61880	ק
61881	ञ
61882	धानी
61883	া
61884	ṣ
61885	ạ
61886	Ọ
61887	ἄ
61888	ὅ
61889	‚
61890	₦
61891	⇧
61892	▁दुष्टात्माए
61893	さ
61894	に
61895	の
61896	ん
61897	ス
61898	ッ
61899	ト
61900	ラ
61901	一
61902	人
61903	和
61904	材
61905	束
61906	秒
61907	逸
61908	¶
61909	Ò
61910	Ô
61911	õ
61912	ù
61913	ć
61914	ė
61915	Ō
61916	ř
61917	ŭ
61918	ů
61919	ź
61920	ơ
61921	ư
61922	Ȧ
61923	ɔ
61924	̆
61925	̨
61926	Ο
61927	ং
61928	দ
61929	ন
61930	ব
61931	ম
61932	র
61933	শ
61934	স
61935	ি
61936	ো
61937	ப
61938	ḍ
61939	Ṭ
61940	ṭ
61941	ệ
61942	ộ
61943	ỳ
61944	₹
61945	∧
61946	位
61947	宇
61948	治
61949	<pad>
