0	</s>
1	<unk>
2	,
3	.
4	▁the
5	▁है
6	▁के
7	▁और
8	▁of
9	▁"
10	▁and
11	▁to
12	▁में
13	▁।
14	▁से
15	▁की
16	▁(
17	)
18	▁-
19	▁in
20	▁a
21	▁को
22	?
23	s
24	:
25	▁is
26	▁that
27	▁कि
28	▁you
29	▁हैं
30	▁का
31	▁तो
32	'
33	▁पर
34	▁for
35	▁नहीं
36	▁ने
37	▁not
38	▁जो
39	।
40	▁एक
41	;
42	▁be
43	▁they
44	▁भी
45	▁वह
46	▁लिए
47	▁will
48	▁with
49	▁it
50	▁
51	▁them
52	▁हो
53	▁I
54	▁have
55	▁are
56	▁God
57	▁ही
58	!
59	▁his
60	▁न
61	▁who
62	▁अपने
63	▁he
64	▁कर
65	▁यह
66	▁तुम
67	▁हम
68	▁क्या
69	▁from
70	▁on
71	▁their
72	▁was
73	▁था
74	▁as
75	▁we
76	▁किया
77	▁वे
78	▁your
79	▁And
80	-
81	▁The
82	▁यहोवा
83	▁Jehovah
84	ों
85	▁इस
86	▁कुछ
87	▁लोगों
88	▁He
89	▁लोग
90	▁Allah
91	▁by
92	▁him
93	▁करने
94	▁'
95	▁this
96	▁all
97	▁मैं
98	▁जब
99	▁उस
100	▁do
101	▁We
102	▁[
103	▁उसके
104	▁what
105	▁or
106	▁फिर
107	▁करते
108	▁those
109	▁कोई
110	▁वर
111	▁साथ
112	▁गया
113	▁थे
114	▁has
115	▁when
116	▁were
117	▁उनके
118	▁परमेश्
119	▁us
120	▁people
121	▁one
122	▁but
123	ी
124	▁our
125	▁उन
126	▁can
127	▁कहा
128	▁अपनी
129	▁दिया
130	▁ख़ुदा
131	]
132	▁उसे
133	▁ये
134	▁आप
135	▁had
136	▁said
137	▁या
138	▁an
139	▁अल्लाह
140	▁my
141	▁shall
142	ing
143	▁me
144	▁बात
145	▁at
146	▁which
147	▁उन्हें
148	▁Jesus
149	▁तरह
150	▁करें
151	▁Lord
152	▁so
153	▁रहे
154	▁What
155	▁would
156	▁तक
157	▁करता
158	▁may
159	▁if
160	▁बहुत
161	...
162	t
163	▁हमें
164	▁पास
165	▁काम
166	▁no
167	▁थी
168	▁तुम्हारे
169	▁यीशु
170	▁Bible
171	▁%
172	▁दिन
173	▁there
174	▁उसने
175	▁सकते
176	▁सब
177	▁उसकी
178	े
179	▁about
180	▁रहा
181	▁out
182	▁किसी
183	▁In
184	▁did
185	▁1
186	▁हमने
187	▁हुए
188	▁करना
189	▁बारे
190	▁been
191	▁time
192	▁हुआ
193	▁मुझे
194	▁then
195	▁They
196	▁हमारे
197	▁बाइबल
198	▁सकता
199	▁अगर
200	▁दो
201	▁life
202	▁up
203	▁But
204	▁good
205	▁करो
206	▁पहले
207	."
208	▁दी
209	▁मेरे
210	▁earth
211	▁ऐसा
212	▁समय
213	▁तब
214	▁होगा
215	▁It
216	▁गए
217	▁How
218	▁You
219	▁लेकिन
220	▁should
221	▁(_
222	▁day
223	▁बाद
224	▁does
225	▁some
226	▁her
227	▁say
228	▁दे
229	▁उनकी
230	▁man
231	▁into
232	/
233	▁क्योंकि
234	▁चाहिए
235	▁before
236	▁more
237	▁तुम्हें
238	▁रसूल
239	ा
240	▁हूँ
241	▁नाम
242	▁A
243	▁made
244	▁ओर
245	▁जिस
246	▁know
247	▁things
248	▁come
249	▁हर
250	▁also
251	▁जा
252	▁क्यों
253	"
254	▁ऐसे
255	▁कैसे
256	▁than
257	▁ले
258	▁_
259	▁only
260	▁make
261	▁तू
262	▁उसका
263	▁other
264	▁way
265	▁होता
266	▁how
267	▁upon
268	।"
269	▁His
270	▁जाता
271	d
272	▁अब
273	▁This
274	▁unto
275	▁So
276	▁इन
277	a
278	▁like
279	▁such
280	▁यदि
281	▁even
282	▁त
283	▁any
284	▁/
285	▁many
286	▁मगर
287	▁over
288	ed
289	▁आ
290	▁these
291	▁If
292	ly
293	▁When
294	▁मदद
295	▁world
296	▁name
297	▁For
298	▁see
299	▁help
300	▁down
301	▁because
302	▁उसी
303	m
304	▁ye
305	▁men
306	▁ईमान
307	▁अपना
308	▁उन्होंने
309	▁could
310	▁इसके
311	▁लिया
312	▁after
313	▁इसलिए
314	▁मेरी
315	▁against
316	▁वही
317	▁among
318	ऐ
319	▁होने
320	▁कभी
321	▁रूप
322	▁विश्
323	▁its
324	▁हमारी
325	▁love
326	▁हुई
327	▁children
328	▁रब
329	▁ताकि
330	▁आज
331	▁व
332	▁give
333	▁work
334	▁Then
335	▁she
336	▁need
337	▁take
338	the
339	▁दूसरे
340	▁whom
341	▁देता
342	▁believe
343	▁Paul
344	▁उससे
345	▁away
346	▁जाएगा
347	▁किए
348	▁first
349	▁परवरदिगार
350	▁लिये
351	▁किस
352	▁बड़ा
353	▁Him
354	▁faith
355	▁कौन
356	▁sent
357	▁घर
358	▁As
359	▁two
360	▁बस
361	▁2
362	▁truth
363	▁years
364	▁others
365	▁Why
366	▁गयी
367	▁All
368	▁उनसे
369	▁came
370	▁उनका
371	▁कह
372	▁चीज़
373	▁सभी
374	▁being
375	▁यहाँ
376	▁Witnesses
377	▁Do
378	▁पैदा
379	▁जैसे
380	▁nor
381	▁own
382	I
383	▁That
384	▁द्वारा
385	▁तरफ
386	▁thou
387	▁जाए
388	▁go
389	▁Christ
390	▁ज़्यादा
391	▁उनको
392	▁Israel
393	▁भाई
394	▁यही
395	क
396	▁Our
397	▁बड़ी
398	▁सेवा
399	▁दोनों
400	▁Christian
401	▁page
402	e
403	▁मसीही
404	▁right
405	▁संदेश
406	▁ति
407	▁जिन
408	▁आपको
409	▁याद
410	▁पेज
411	▁another
412	▁जीवन
413	▁now
414	▁must
415	▁well
416	▁दुनिया
417	त
418	▁करेगा
419	▁says
420	▁let
421	▁Christians
422	_
423	▁कारण
424	▁पूरी
425	▁ऐ
426	▁great
427	▁लगे
428	),
429	▁पिता
430	▁किताब
431	▁every
432	▁राजा
433	▁just
434	▁अच्छा
435	▁given
436	▁most
437	▁होती
438	?"
439	▁O
440	▁new
441	▁बार
442	b
443	▁करके
444	▁वास
445	▁मन
446	▁पूरा
447	▁ऐसी
448	▁साल
449	▁पौलुस
450	S
451	▁am
452	▁fear
453	▁heart
454	▁true
455	▁family
456	▁back
457	▁spirit
458	▁indeed
459	▁मेरा
460	▁उनमें
461	▁Kingdom
462	▁होते
463	▁चाहता
464	▁रही
465	▁बना
466	▁करे
467	▁कई
468	▁death
469	▁become
470	▁might
471	▁चाहते
472	▁बड़े
473	▁हाथ
474	▁तुम्हारी
475	▁वजह
476	▁जाने
477	▁No
478	▁सबसे
479	▁बेशक
480	▁होंगे
481	O
482	▁through
483	▁find
484	▁son
485	▁जाते
486	▁ones
487	▁परन्तु
488	ता
489	▁बीच
490	▁मूसा
491	▁कहता
492	▁दिल
493	न
494	▁Day
495	▁आगे
496	▁वाला
497	▁वहाँ
498	▁To
499	▁words
500	▁अलग
501	▁धरती
502	▁पता
503	▁इसमें
504	▁देते
505	▁बल्कि
506	▁themselves
507	n
508	▁तुम्हारा
509	▁इससे
510	▁example
511	▁लगा
512	▁देश
513	▁फ़ाइल
514	▁जानता
515	▁used
516	▁want
517	in
518	▁कहते
519	▁place
520	▁thee
521	▁सिर्फ
522	▁वचन
523	▁गई
524	▁मसीह
525	▁land
526	▁never
527	▁सही
528	▁राज्य
529	▁जिसे
530	▁ठीक
531	).
532	▁where
533	▁set
534	▁देने
535	▁हमेशा
536	▁put
537	▁उसको
538	▁जाती
539	▁खुद
540	▁while
541	▁found
542	▁अच्छी
543	▁बातें
544	▁evil
545	▁knowledge
546	▁worship
547	▁मार्ग
548	▁शायद
549	▁surely
550	▁house
551	▁प्यार
552	ं
553	▁each
554	▁मैंने
555	और
556	▁much
557	▁तेरे
558	▁My
559	▁खुदा
560	▁वाले
561	▁दूर
562	▁congregation
563	▁ज़मीन
564	er
565	▁आए
566	▁करेंगे
567	▁प्रकार
568	▁बातों
569	▁bring
570	▁जी
571	▁very
572	▁heavens
573	▁जानते
574	▁between
575	▁सकती
576	▁There
577	▁Say
578	re
579	▁thy
580	▁देखा
581	▁get
582	र
583	▁उसमें
584	▁सामने
585	▁spiritual
586	▁हाँ
587	▁&
588	▁होगी
589	▁आया
590	▁15
591	▁David
592	▁king
593	▁हमारा
594	▁hand
595	▁परमेश्वर
596	▁ज़िंदगी
597	▁keep
598	▁ध्यान
599	▁निश्चय
600	▁वक्
601	▁message
602	ित
603	▁*
604	▁शैतान
605	▁Who
606	▁use
607	▁himself
608	▁part
609	▁पीछे
610	E
611	▁One
612	▁word
613	▁ना
614	▁दिए
615	▁show
616	▁प्रचार
617	▁gave
618	▁विषय
619	▁3:
620	▁इसे
621	▁Moses
622	▁days
623	▁चाहे
624	▁अज़ाब
625	▁कार्य
626	▁सारे
627	▁जान
628	ियों
629	▁हे
630	▁turn
631	▁करती
632	▁इनकार
633	▁कम
634	▁रहने
635	▁ज़रूरत
636	▁छोड़
637	▁देख
638	▁समझ
639	▁जगह
640	▁जिसने
641	▁end
642	▁अच्छे
643	▁कहने
644	▁तुमसे
645	▁times
646	▁मनुष्य
647	▁रखते
648	▁brought
649	▁होकर
650	▁though
651	▁without
652	▁आपके
653	▁देगा
654	i
655	▁जाना
656	▁व्यक्
657	▁सी
658	▁LORD
659	▁Satan
660	▁रखा
661	▁saying
662	▁बच्चों
663	▁parents
664	▁१
665	▁except
666	▁Those
667	y
668	▁person
669	•
670	कर
671	▁2:
672	▁प्रार्थना
673	ें
674	▁created
675	▁शुरू
676	▁called
677	ने
678	▁3
679	▁power
680	▁हों
681	▁today
682	▁same
683	▁Indeed
684	▁father
685	▁जवाब
686	▁हूं
687	▁दूसरों
688	▁forth
689	▁बनाया
690	▁means
691	▁until
692	▁ask
693	▁मिसाल
694	▁C
695	▁इसका
696	th
697	▁under
698	▁होना
699	▁file
700	▁लो
701	▁सिवा
702	▁Is
703	▁too
704	▁brothers
705	▁प्रेम
706	▁book
707	।।
708	▁कीजिए
709	▁long
710	▁फ़ोल्डर
711	A
712	▁4:
713	C
714	▁खुशी
715	▁hearts
716	▁human
717	▁Book
718	▁प्राप्त
719	▁hath
720	▁आकाश
721	▁जाओ
722	▁मतलब
723	▁servants
724	▁पृथ्वी
725	▁believers
726	▁ज़रूरी
727	▁peace
728	ख
729	▁लिखा
730	▁लेकर
731	▁why
732	▁John
733	▁क़ौम
734	▁better
735	▁आग
736	▁इस्तेमाल
737	▁तौर
738	▁Your
739	▁home
740	▁इंसान
741	▁ऊपर
742	▁परिवार
743	▁रात
744	▁Word
745	▁इसी
746	▁1:
747	▁women
748	▁apostle
749	▁punishment
750	▁went
751	▁year
752	▁water
753	▁On
754	▁अतः
755	▁रह
756	▁कोशिश
757	▁पानी
758	▁'%
759	▁cause
760	▁young
761	▁तुमने
762	▁बाहर
763	▁धर्म
764	▁अधिक
765	▁रहो
766	▁both
767	▁wife
768	to
769	▁पवित्र
770	▁ever
771	▁took
772	▁call
773	▁follow
774	▁think
775	▁By
776	▁done
777	▁told
778	ल
779	▁साफ
780	▁यातना
781	▁together
782	▁mankind
783	▁बन
784	▁कहीं
785	▁अध्ययन
786	▁old
787	▁study
788	▁सा
789	▁स
790	▁news
791	▁Picture
792	▁certainly
793	▁clear
794	▁तैयार
795	▁full
796	▁night
797	▁righteous
798	▁Yahweh
799	▁feel
800	▁became
801	▁here
802	▁5:
803	▁हुक्म
804	▁भाग
805	▁मसीहियों
806	▁रहते
807	▁three
808	▁भेजा
809	▁off
810	▁भर
811	▁cannot
812	▁read
813	▁जैसा
814	▁again
815	▁kg
816	▁तुमको
817	▁live
818	स
819	▁डर
820	▁able
821	▁yet
822	▁इस्राएल
823	▁1,
824	▁दें
825	ते
826	▁लगता
827	▁वक्त
828	▁संसार
829	▁आज्ञा
830	▁कहती
831	▁left
832	ो
833	▁जहाँ
834	▁brother
835	▁city
836	▁6:
837	▁eyes
838	▁faithful
839	▁14
840	▁रखता
841	▁heaven
842	▁भरोसा
843	The
844	▁sin
845	▁wrong
846	▁सूची
847	▁आयत
848	▁doing
849	▁signs
850	▁10
851	▁order
852	▁वास्ते
853	▁best
854	▁Some
855	▁लाए
856	▁बच्चे
857	▁still
858	▁दाऊद
859	▁18
860	al
861	के
862	▁mercy
863	▁किन्तु
864	▁hope
865	▁□
866	▁prayer
867	c
868	▁आसमान
869	▁11
870	▁ज्ञान
871	r
872	▁नीचे
873	▁तसवीर
874	▁course
875	▁Thus
876	▁view
877	▁Peter
878	):
879	▁deeds
880	▁शब्द
881	▁माता
882	▁nothing
883	▁4
884	▁return
885	▁However
886	▁New
887	▁चुके
888	▁बदला
889	▁sons
890	▁जाएँगे
891	▁मुझ
892	▁little
893	▁12
894	▁आध्यात्मिक
895	▁holy
896	▁आत्मा
897	▁आने
898	▁"%
899	▁ज़रूर
900	▁number
901	▁At
902	▁wrote
903	▁knows
904	▁mind
905	▁Let
906	▁केवल
907	▁मिला
908	▁जबकि
909	▁स्थान
910	▁आदमी
911	▁She
912	▁Yes
913	▁सच्चे
914	▁therefore
915	▁during
916	▁service
917	▁मिल
918	ना
919	▁5
920	▁Jerusalem
921	▁चुका
922	▁Father
923	▁serve
924	▁राह
925	▁neither
926	▁soul
927	▁जाएँ
928	▁thing
929	▁बताया
930	▁speak
931	▁करनेवाले
932	▁सच
933	▁जिसके
934	▁साक्षी
935	▁दूसरी
936	ए
937	▁face
938	▁मौत
939	▁देखते
940	▁जिन्हें
941	▁प्रभु
942	▁सो
943	▁मौजूद
944	▁living
945	▁These
946	▁dead
947	▁आशा
948	▁पड़े
949	▁something
950	▁थीं
951	▁leave
952	▁7
953	an
954	नाज़िल
955	▁learn
956	▁तीन
957	▁दौरान
958	▁After
959	▁सलाह
960	!"
961	▁reward
962	▁सच्चाई
963	▁Yet
964	▁माँ
965	▁near
966	▁रहता
967	▁अनुसार
968	▁look
969	▁.
970	▁तुझे
971	▁hands
972	▁प्रदान
973	▁ways
974	▁8
975	म
976	▁With
977	▁Messenger
978	▁देना
979	▁Most
980	▁ज़ाहिर
981	▁20
982	▁उदाहरण
983	▁रख
984	▁having
985	▁लेख
986	▁सन्
987	▁लेने
988	We
989	▁जिसमें
990	▁account
991	▁शक्
992	▁हालाँकि
993	▁करीब
994	▁पत्नी
995	▁woman
996	of
997	▁Now
998	▁बनाए
999	▁going
1000	▁asked
1001	▁saw
1002	▁Abraham
1003	▁light
1004	▁साक्षियों
1005	▁toward
1006	▁whose
1007	▁मत
1008	▁जाएगी
1009	▁often
1010	▁important
1011	▁later
1012	R
1013	▁दिनों
1014	▁6
1015	▁सारी
1016	▁रखने
1017	▁लेते
1018	▁नया
1019	▁don
1020	▁बुरा
1021	▁mother
1022	▁revealed
1023	▁fact
1024	▁religion
1025	▁निस्संदेह
1026	▁matter
1027	▁भजन
1028	▁tell
1029	▁सका
1030	ये
1031	▁angels
1032	▁child
1033	▁अभी
1034	▁वालों
1035	▁पहली
1036	▁S
1037	▁प्रेरित
1038	g
1039	▁मार
1040	▁पाप
1041	eth
1042	▁began
1043	▁always
1044	▁folder
1045	▁fire
1046	▁बाप
1047	▁blood
1048	▁hear
1049	▁save
1050	▁disciples
1051	▁B
1052	▁कलीसिया
1053	▁understand
1054	▁जिसका
1055	▁प्रति
1056	▁२
1057	▁making
1058	▁बिना
1059	▁9
1060	▁शख्स
1061	▁डाल
1062	or
1063	▁कामों
1064	नी
1065	▁13
1066	▁free
1067	▁अ
1068	p
1069	▁डाला
1070	▁हक़
1071	▁तेरी
1072	▁रहेंगे
1073	▁नज़र
1074	▁food
1075	▁ministry
1076	▁preaching
1077	▁nations
1078	मैं
1079	▁according
1080	▁ली
1081	st
1082	,"
1083	▁last
1084	▁अन्य
1085	▁पुत्रा
1086	▁witness
1087	▁wisdom
1088	▁चल
1089	क्या
1090	o
1091	M
1092	▁guidance
1093	▁जिनके
1094	▁व्यवस्था
1095	▁really
1096	▁16
1097	▁translation
1098	▁रखो
1099	▁Matthew
1100	्
1101	▁taken
1102	▁पतरस
1103	▁पाने
1104	▁sure
1105	▁desire
1106	▁यक़ीनन
1107	▁यरूशलेम
1108	▁reason
1109	▁heard
1110	▁हाल
1111	▁eat
1112	▁far
1113	%
1114	▁ज़रिए
1115	▁पूरे
1116	▁मुँह
1117	▁comes
1118	ll
1119	▁already
1120	▁known
1121	में
1122	▁Even
1123	▁लें
1124	▁seek
1125	▁पेश
1126	▁command
1127	▁इतना
1128	▁therein
1129	▁मत्ती
1130	▁law
1131	▁Are
1132	▁seen
1133	▁कहो
1134	▁जिन्होंने
1135	▁Surely
1136	optional
1137	▁turned
1138	▁उपासना
1139	▁Show
1140	▁following
1141	▁रहना
1142	▁प्रयोग
1143	▁open
1144	▁Psalm
1145	▁wicked
1146	▁देखो
1147	▁century
1148	▁भाइयों
1149	▁रंग
1150	▁हिस्सा
1151	▁फल
1152	▁उनपर
1153	▁few
1154	▁बेटे
1155	▁consider
1156	▁receive
1157	▁information
1158	▁पाया
1159	▁promise
1160	▁मुताबिक
1161	▁इसकी
1162	▁...
1163	▁करनेवालों
1164	▁remember
1165	▁बराबर
1166	▁चले
1167	▁send
1168	▁स्त्री
1169	▁nation
1170	▁From
1171	▁Not
1172	▁Or
1173	▁thus
1174	ब
1175	▁King
1176	▁ता
1177	▁भय
1178	▁whatever
1179	▁जिससे
1180	▁works
1181	▁%1
1182	D
1183	▁high
1184	▁मज़बूत
1185	▁die
1186	▁गुनाह
1187	▁बनाने
1188	▁verily
1189	▁यूहन्
1190	▁खास
1191	▁around
1192	▁मालूम
1193	▁भाषा
1194	▁Son
1195	▁whether
1196	▁result
1197	़
1198	▁प्राचीन
1199	▁दिखाएँ
1200	की
1201	▁मर
1202	▁स्थिति
1203	ओं
1204	▁शामिल
1205	▁पति
1206	▁अलावा
1207	▁संपर्क
1208	▁Could
1209	▁तेरा
1210	▁स्वर्ग
1211	▁however
1212	▁पड़ा
1213	▁loving
1214	▁देंगे
1215	▁माल
1216	▁पा
1217	▁मै
1218	▁joy
1219	▁बढ़
1220	▁बजाय
1221	▁जानकारी
1222	▁above
1223	▁anything
1224	▁error
1225	▁marriage
1226	▁trust
1227	▁list
1228	Name
1229	▁न्याय
1230	▁system
1231	▁D
1232	▁रखना
1233	▁कर्म
1234	▁Jews
1235	▁yourselves
1236	▁नगर
1237	▁share
1238	ख़ुदा
1239	▁चला
1240	▁खुश
1241	▁समान
1242	▁त्रुटि
1243	▁महसूस
1244	▁present
1245	▁विचार
1246	▁क्षमा
1247	▁बुद्धि
1248	▁25
1249	▁Scriptures
1250	▁Name
1251	▁कैसा
1252	l
1253	▁someone
1254	▁मामले
1255	▁support
1256	▁रहेगा
1257	▁स्पष्ट
1258	▁answer
1259	▁वादा
1260	▁2.
1261	▁purpose
1262	▁thought
1263	▁वर्ष
1264	▁elders
1265	▁इसलिये
1266	▁गलत
1267	▁रहें
1268	▁गवाही
1269	▁शादी
1270	▁Us
1271	▁appointed
1272	▁आपकी
1273	▁counsel
1274	ई
1275	▁next
1276	▁नए
1277	▁kind
1278	▁उठा
1279	▁different
1280	▁Have
1281	ve
1282	▁humans
1283	▁husband
1284	▁lives
1285	जो
1286	▁अधिकार
1287	▁Verily
1288	▁युद्ध
1289	▁12:
1290	▁none
1291	▁गुण
1292	▁enter
1293	▁व्यक्ति
1294	▁जल्द
1295	▁17
1296	▁बेहतर
1297	▁fellow
1298	▁certain
1299	▁everything
1300	▁जाति
1301	▁इच्छा
1302	▁Many
1303	▁भलाई
1304	▁जाकर
1305	▁sign
1306	▁शिक्षा
1307	▁छवि
1308	▁जिसकी
1309	▁शहर
1310	able
1311	▁bad
1312	▁knew
1313	▁चुनें
1314	▁hard
1315	▁close
1316	▁received
1317	▁सत्य
1318	▁दोस्त
1319	▁article
1320	▁fine
1321	▁काफी
1322	व
1323	▁सवाल
1324	▁body
1325	▁personal
1326	▁शक
1327	▁yourself
1328	▁stand
1329	▁Of
1330	▁बदल
1331	▁दिखाया
1332	F
1333	▁खड़े
1334	▁gives
1335	▁आता
1336	▁मिली
1337	▁करनेवाला
1338	▁देती
1339	▁righteousness
1340	▁covenant
1341	▁अत्यन्
1342	▁मृत्यु
1343	▁makes
1344	▁स्वयं
1345	▁बदले
1346	▁benefit
1347	▁पहुँचा
1348	▁along
1349	▁change
1350	▁sins
1351	▁soon
1352	▁four
1353	▁since
1354	▁बयान
1355	▁कितना
1356	▁whole
1357	▁future
1358	T
1359	▁believed
1360	▁देखकर
1361	▁behind
1362	▁देखने
1363	▁case
1364	▁care
1365	▁भला
1366	▁मुश्
1367	▁निकल
1368	▁बुराई
1369	▁helped
1370	▁उत्तर
1371	],
1372	▁३
1373	▁सके
1374	▁anyone
1375	▁war
1376	▁पैग़म्बर
1377	▁सर्वर
1378	▁चलते
1379	▁selected
1380	▁4.
1381	▁anointed
1382	▁religious
1383	u
1384	▁Be
1385	▁alone
1386	▁सामना
1387	You
1388	▁तुझ
1389	on
1390	▁Such
1391	▁group
1392	▁friends
1393	▁समझते
1394	▁खोज
1395	▁आपका
1396	▁बुरी
1397	▁Their
1398	▁doubt
1399	P
1400	▁मानते
1401	▁Me
1402	▁मिलती
1403	▁करनी
1404	▁Because
1405	▁messages
1406	▁Therefore
1407	▁ब
1408	▁मान
1409	▁lead
1410	▁sea
1411	▁सोच
1412	▁wise
1413	▁path
1414	▁रिश्
1415	▁वापस
1416	▁Can
1417	▁kingdom
1418	▁शब्दों
1419	▁कृपया
1420	es
1421	▁probab
1422	▁सुन
1423	▁24
1424	▁mean
1425	▁फैसला
1426	▁हद
1427	▁Fire
1428	▁language
1429	आख़िरत
1430	▁continue
1431	x
1432	▁money
1433	▁सज़ा
1434	City
1435	▁Will
1436	▁हासिल
1437	▁People
1438	▁गौर
1439	▁य
1440	▁कितनी
1441	▁19
1442	▁Please
1443	▁डाक
1444	▁experience
1445	L
1446	▁बिलकुल
1447	▁coming
1448	▁provided
1449	▁बाज़
1450	▁age
1451	▁10:
1452	▁Isaiah
1453	▁बहन
1454	▁possible
1455	▁ourselves
1456	▁questions
1457	▁got
1458	▁नूह
1459	▁please
1460	▁image
1461	▁pray
1462	▁concerning
1463	▁Lo
1464	▁remain
1465	▁हिदायत
1466	▁नाश
1467	▁अता
1468	▁यहूदी
1469	▁10.
1470	▁within
1471	▁Adam
1472	▁Solomon
1473	▁prophet
1474	▁राज
1475	:%
1476	▁बपतिस्मा
1477	▁strong
1478	▁authority
1479	▁आते
1480	▁सहायता
1481	▁30
1482	▁ए
1483	▁दिखा
1484	▁teaching
1485	▁निकाल
1486	▁हालात
1487	▁देखिए
1488	▁नमाज़
1489	▁happy
1490	▁पड़
1491	एक
1492	▁चार
1493	▁झूठ
1494	वह
1495	▁कहेंगे
1496	▁forever
1497	▁torment
1498	▁meetings
1499	▁obey
1500	▁needed
1501	▁talk
1502	▁try
1503	▁आइए
1504	▁बन्दों
1505	ther
1506	▁respect
1507	▁greater
1508	▁देशों
1509	▁self
1510	▁संख्या
1511	▁किन
1512	ती
1513	▁small
1514	▁याकूब
1515	▁यानी
1516	▁असर
1517	▁गवाह
1518	▁disbelieve
1519	▁दिलों
1520	▁8.
1521	▁false
1522	▁Merciful
1523	▁सुना
1524	▁promised
1525	▁hold
1526	▁योग्य
1527	This
1528	पर
1529	▁उन्हीं
1530	▁मनुष्यों
1531	B
1532	▁deny
1533	हरगिज़
1534	▁रीति
1535	▁giving
1536	▁problems
1537	▁यकीन
1538	▁heavenly
1539	▁आदर
1540	▁act
1541	▁कहना
1542	अपने
1543	▁enjoy
1544	▁बंद
1545	▁क्षेत्र
1546	▁provide
1547	▁point
1548	▁चयनित
1549	▁आपने
1550	▁conduct
1551	▁fathers
1552	▁glory
1553	▁taught
1554	▁astray
1555	▁side
1556	▁चर्चा
1557	▁bear
1558	▁विंडो
1559	▁Israelites
1560	▁खाने
1561	▁दास
1562	▁Judah
1563	▁learned
1564	▁avoid
1565	▁साथी
1566	▁Prophet
1567	▁बैठे
1568	▁7:
1569	▁चलता
1570	▁5.
1571	▁21
1572	▁creation
1573	तो
1574	▁तुमपर
1575	▁शरीर
1576	H
1577	▁--
1578	▁आकर
1579	ers
1580	▁22
1581	▁E
1582	▁whoever
1583	हम
1584	▁accept
1585	▁raised
1586	▁क़सम
1587	▁seven
1588	▁truly
1589	▁died
1590	▁अर्थात्
1591	▁साम्हने
1592	▁An
1593	▁अकसर
1594	▁पूछा
1595	▁apostles
1596	▁pass
1597	▁कितने
1598	▁पृष्ठ
1599	▁साबित
1600	▁अंदर
1601	▁drink
1602	▁Proverbs
1603	▁relationship
1604	▁early
1605	▁अनेक
1606	▁Canno
1607	▁बढ़कर
1608	▁जीवित
1609	▁इबराहीम
1610	▁praise
1611	▁3.
1612	▁Muhammad
1613	▁कहाँ
1614	▁guide
1615	▁7.
1616	▁destroyed
1617	▁सच्ची
1618	तुम
1619	▁मिलता
1620	▁४
1621	▁Job
1622	▁strength
1623	▁लगी
1624	▁Pharaoh
1625	▁अर्थ
1626	▁field
1627	को
1628	▁felt
1629	▁वफादार
1630	▁s
1631	▁बचा
1632	▁lost
1633	▁उपयोग
1634	▁address
1635	▁सचमुच
1636	▁kindness
1637	▁temple
1638	▁रखें
1639	▁question
1640	▁आपस
1641	▁मानो
1642	▁create
1643	▁text
1644	▁14.
1645	▁उन्हों
1646	▁sense
1647	▁understanding
1648	▁यहूदा
1649	▁second
1650	▁disbelievers
1651	▁using
1652	▁तरीके
1653	▁ला
1654	▁Noah
1655	▁पाठ
1656	▁guided
1657	▁Revelation
1658	▁members
1659	भी
1660	▁forgiveness
1661	▁महिमा
1662	▁meeting
1663	▁Corinthians
1664	▁फायदा
1665	▁सख्त
1666	▁५
1667	▁बने
1668	▁छोटे
1669	▁forgive
1670	▁value
1671	▁नीतिवचन
1672	▁सन्तान
1673	▁सुसमाचार
1674	▁हालत
1675	▁unbelievers
1676	▁written
1677	▁चीज़ों
1678	▁नयी
1679	▁सच्चा
1680	▁sacrifice
1681	▁World
1682	▁बता
1683	▁उत्तम
1684	▁11.
1685	▁सूचना
1686	▁भविष्यवाणी
1687	▁rest
1688	▁files
1689	▁12.
1690	▁head
1691	▁morning
1692	▁बुरे
1693	▁Would
1694	▁9.
1695	▁blessings
1696	▁खेल
1697	@
1698	▁जारी
1699	it
1700	▁ancient
1701	▁अभिषिक्
1702	▁13.
1703	▁तरफ़
1704	▁बढ़िया
1705	▁समूह
1706	▁Timothy
1707	▁इंसानों
1708	▁ख़बर
1709	या
1710	▁किल
1711	्स
1712	▁taking
1713	▁स्वीकार
1714	▁गिरोह
1715	▁विरोध
1716	▁यशायाह
1717	▁once
1718	as
1719	▁sheep
1720	▁flesh
1721	▁listen
1722	▁निशानियाँ
1723	▁यक़ीन
1724	▁कब
1725	▁आनन्द
1726	▁fight
1727	▁खड़ा
1728	इस
1729	▁attention
1730	▁आदम
1731	▁kept
1732	▁Whe
1733	▁Law
1734	▁judgment
1735	▁ईश्
1736	▁15,
1737	▁अगले
1738	▁Creator
1739	▁Go
1740	▁commanded
1741	▁ज़ुल्म
1742	▁हमसे
1743	▁Select
1744	▁चुकी
1745	▁Joseph
1746	▁नसीहत
1747	यह
1748	▁निकट
1749	▁पाते
1750	▁बहनों
1751	▁शांति
1752	▁returned
1753	▁Un
1754	▁छोड़कर
1755	▁servant
1756	▁6.
1757	▁मालिक
1758	▁चेलों
1759	▁पूर्ण
1760	▁भली
1761	▁situation
1762	▁लेना
1763	▁सामान्य
1764	▁आती
1765	▁Watchtower
1766	▁wealth
1767	▁needs
1768	▁Greek
1769	▁real
1770	▁wives
1771	▁सिर
1772	▁17.
1773	If
1774	▁sight
1775	▁सदी
1776	▁ज्यादा
1777	▁control
1778	▁भविष्य
1779	▁आकार
1780	▁पुरुष
1781	▁स्कूल
1782	N
1783	▁दिखाता
1784	▁पढ़िए
1785	▁23
1786	k
1787	▁Did
1788	▁महीने
1789	▁sun
1790	▁परिणाम
1791	▁ज़िक्र
1792	est
1793	f
1794	2
1795	▁lie
1796	▁ख़ास
1797	▁15.
1798	▁जहन्नुम
1799	▁especially
1800	ic
1801	अपनी
1802	▁जोड़ें
1803	▁रोक
1804	▁आओ
1805	▁पहुँच
1806	▁सेवक
1807	▁पाए
1808	▁Egypt
1809	▁पसंद
1810	▁voice
1811	▁reading
1812	▁server
1813	▁खाता
1814	▁देकर
1815	▁evidence
1816	▁god
1817	It
1818	▁Hereafter
1819	▁यूसुफ
1820	▁प्रत्येक
1821	▁सात
1822	▁baptized
1823	▁आदेश
1824	▁पश्चात
1825	▁लागू
1826	▁16.
1827	▁बे
1828	▁लग
1829	▁poor
1830	▁moved
1831	▁school
1832	▁नियम
1833	▁meet
1834	▁fall
1835	से
1836	▁cast
1837	▁walk
1838	▁pay
1839	▁बोझ
1840	▁3,
1841	▁tree
1842	▁window
1843	▁मार्गदर्शन
1844	▁matters
1845	▁तथा
1846	▁क़यामत
1847	▁feet
1848	▁followers
1849	▁सकें
1850	▁सर
1851	▁divine
1852	and
1853	▁इस्राएलियों
1854	▁teach
1855	▁ज़ोर
1856	▁Luke
1857	▁friend
1858	▁चलो
1859	▁serving
1860	▁खाना
1861	▁Since
1862	▁शक़
1863	▁difficult
1864	▁सालों
1865	▁मिले
1866	▁Paradise
1867	▁अनुग्रह
1868	▁perfect
1869	▁फेर
1870	▁आसान
1871	▁रोज़ी
1872	▁move
1873	▁allow
1874	▁local
1875	▁उम्र
1876	कि
1877	ियाँ
1878	▁ज़िम्मेदारी
1879	▁Thou
1880	▁wanted
1881	▁दीन
1882	▁महान
1883	▁वाकई
1884	w
1885	▁slave
1886	▁सुलैमान
1887	▁past
1888	▁country
1889	▁deal
1890	▁thinking
1891	▁भेज
1892	▁दीजिए
1893	▁विकल्प
1894	▁rather
1895	उस
1896	▁prayers
1897	▁आम
1898	▁behold
1899	▁६
1900	▁मेल
1901	▁सीधे
1902	▁पड़ता
1903	▁दुष्ट
1904	].
1905	▁बोल
1906	▁ज़रा
1907	▁five
1908	▁everlasting
1909	▁दिखाने
1910	▁followed
1911	My
1912	▁special
1913	▁जाँच
1914	ः
1915	▁health
1916	▁रखी
1917	▁जल
1918	▁दया
1919	▁इतिहास
1920	▁suffering
1921	▁बावजूद
1922	▁While
1923	▁जमा
1924	▁gods
1925	▁१५
1926	▁P
1927	▁खोल
1928	U
1929	▁Does
1930	for
1931	▁दोबारा
1932	▁judge
1933	▁अंत
1934	▁सहायक
1935	▁resurrection
1936	▁thereof
1937	▁स्त्रियों
1938	▁easy
1939	▁cut
1940	▁desires
1941	▁वास्तव
1942	▁8:
1943	▁caused
1944	▁मकसद
1945	▁भोजन
1946	▁सरकश
1947	▁घरों
1948	▁प्रेरितों
1949	▁belongs
1950	▁दूसरा
1951	ness
1952	▁Acts
1953	▁रखे
1954	▁Consider
1955	▁failed
1956	▁डिस्क
1957	▁America
1958	वाले
1959	▁manifest
1960	▁शुरूआत
1961	▁८
1962	▁R
1963	▁सेवकों
1964	God
1965	▁action
1966	▁मज़ा
1967	▁हिम्मत
1968	▁available
1969	▁gone
1970	▁answered
1971	▁;
1972	▁T
1973	▁married
1974	▁un
1975	▁Although
1976	▁समझा
1977	▁१०
1978	▁reach
1979	▁33
1980	▁दृष्टि
1981	▁पाक
1982	▁contact
1983	▁similar
1984	▁मे
1985	▁likely
1986	▁8,
1987	▁start
1988	▁ख़ुद
1989	▁M
1990	▁attitude
1991	▁project
1992	▁फुटनोट
1993	▁अवश्य
1994	▁15:
1995	▁बताती
1996	▁निशानी
1997	परमेश्
1998	▁26
1999	▁आशीष
2000	▁happened
2001	▁Add
2002	▁offer
2003	▁draw
2004	▁दिखाते
2005	Do
2006	▁मारे
2007	▁भवन
2008	▁जानने
2009	का
2010	▁इतनी
2011	▁तसवीरें
2012	▁months
2013	▁यहूदियों
2014	▁further
2015	▁पस
2016	▁मिट्टी
2017	▁लौट
2018	en
2019	▁single
2020	▁states
2021	▁Resurrection
2022	▁justice
2023	▁उम्मीद
2024	▁besides
2025	▁current
2026	▁saved
2027	▁type
2028	िक
2029	▁showed
2030	▁लेता
2031	▁F
2032	▁happiness
2033	▁पालन
2034	▁month
2035	▁large
2036	▁लाभ
2037	▁ten
2038	▁जल्दी
2039	▁enemies
2040	▁जन
2041	▁झुठलाया
2042	▁शख़्श
2043	▁File
2044	▁source
2045	▁Today
2046	▁inspired
2047	▁आयतें
2048	▁accepted
2049	▁sister
2050	▁shows
2051	▁mountains
2052	▁तीमुथियुस
2053	▁display
2054	▁write
2055	▁feelings
2056	▁वो
2057	▁sound
2058	▁इबादत
2059	▁ख़र्च
2060	▁चलने
2061	He
2062	ation
2063	▁डरते
2064	▁पहचान
2065	दुनिया
2066	▁United
2067	▁तौबा
2068	▁changes
2069	▁जैसी
2070	▁kill
2071	▁यु
2072	▁spend
2073	▁thousand
2074	▁form
2075	▁including
2076	▁line
2077	▁आएगा
2078	अल्लाह
2079	▁Romans
2080	▁K
2081	▁Error
2082	▁least
2083	▁painful
2084	▁gain
2085	▁माना
2086	▁मुझसे
2087	सब
2088	हिसाब
2089	▁wish
2090	▁James
2091	▁fully
2092	▁state
2093	▁इकट्ठा
2094	▁जिसको
2095	▁सीख
2096	What
2097	▁mail
2098	▁शास्त्र
2099	Allah
2100	▁बनाकर
2101	▁सभाओं
2102	▁Hell
2103	▁lived
2104	▁शान्ति
2105	▁बनी
2106	▁problem
2107	▁सबको
2108	▁position
2109	▁मेहनत
2110	▁blessed
2111	▁led
2112	all
2113	▁वैसे
2114	▁मंडली
2115	▁passed
2116	3
2117	▁perhaps
2118	▁पढ़ने
2119	▁दृश्य
2120	▁प्रकाशितवाक्य
2121	▁वहां
2122	▁sisters
2123	▁पाएँगे
2124	▁Saul
2125	▁हृदय
2126	▁दुआ
2127	▁दस
2128	▁१२
2129	▁regarding
2130	▁towards
2131	▁principles
2132	▁spoke
2133	▁term
2134	▁hundred
2135	▁speaking
2136	▁द
2137	▁9:
2138	▁involved
2139	▁history
2140	▁prepared
2141	▁sky
2142	▁वायदा
2143	▁blessing
2144	▁काफ़िर
2145	Y
2146	▁Well
2147	▁भारी
2148	▁(%
2149	▁task
2150	▁5,
2151	▁Rather
2152	▁Evolution
2153	▁stay
2154	▁खोलें
2155	▁fruit
2156	▁public
2157	▁based
2158	▁complete
2159	▁enough
2160	▁mentioned
2161	▁धन
2162	क़यामत
2163	▁लूका
2164	▁व्यवहार
2165	▁9,
2166	▁आई
2167	▁घटना
2168	▁मुंह
2169	▁बनाएँ
2170	▁बलिदान
2171	▁Babylon
2172	h
2173	▁Hebrew
2174	▁mighty
2175	▁धीरज
2176	▁दुःख
2177	▁wait
2178	▁harm
2179	▁See
2180	▁offering
2181	▁छोटी
2182	▁देखें
2183	▁Open
2184	▁नबी
2185	▁संगठन
2186	▁हाज़िर
2187	ट
2188	हर
2189	▁Daniel
2190	▁Mary
2191	▁उद्धार
2192	us
2193	▁honor
2194	▁31
2195	▁lies
2196	▁shal
2197	▁बाग़
2198	▁झूठे
2199	▁मिलकर
2200	▁कदम
2201	▁मुख्य
2202	▁वाली
2203	▁अय्यूब
2204	▁ज़्यादातर
2205	▁Like
2206	▁अन्त
2207	ह
2208	▁अनुवाद
2209	▁6,
2210	▁anger
2211	▁आवाज़
2212	▁७
2213	▁Footnote
2214	▁११
2215	▁myself
2216	▁भीड़
2217	▁due
2218	▁gift
2219	▁18.
2220	▁अनुभव
2221	▁ठिकाना
2222	▁सुनने
2223	▁speech
2224	▁असल
2225	▁revelations
2226	▁destroy
2227	▁loved
2228	▁27
2229	▁daughter
2230	▁changed
2231	▁killed
2232	▁हाथों
2233	▁बिल्कुल
2234	▁ईमानदारों
2235	▁started
2236	▁interest
2237	▁organization
2238	▁फ़ैसला
2239	▁अमेरिका
2240	▁पुत्र
2241	▁cities
2242	▁verses
2243	▁सहेजें
2244	▁मानना
2245	▁ग़रज़
2246	▁संग
2247	▁सौ
2248	▁considered
2249	▁longer
2250	▁जिनमें
2251	▁बेटा
2252	▁ज़ालिम
2253	▁either
2254	▁priests
2255	▁six
2256	▁प्रजा
2257	▁chosen
2258	▁prophecy
2259	▁ख्याल
2260	▁चेतावनी
2261	▁माँग
2262	▁hell
2263	▁सब्र
2264	▁९
2265	▁places
2266	▁मानने
2267	अ
2268	▁तुलना
2269	जब
2270	▁itself
2271	▁search
2272	यहोवा
2273	▁लक्ष्य
2274	at
2275	▁material
2276	▁spiritually
2277	▁देखता
2278	▁वा
2279	▁else
2280	▁4,
2281	▁एवोल्यूशन
2282	▁विश्वास
2283	▁Truth
2284	▁काफ़ी
2285	हालॉकि
2286	▁खाते
2287	▁बनने
2288	▁2,
2289	▁simply
2290	▁गिर
2291	▁पहला
2292	▁शुद्ध
2293	▁art
2294	▁gold
2295	▁View
2296	▁enemy
2297	ात
2298	▁clean
2299	▁shown
2300	ज
2301	▁rule
2302	▁कान
2303	5
2304	▁सदा
2305	▁पुस्तक
2306	▁ठहराया
2307	▁समुद्र
2308	▁Jacob
2309	▁comfort
2310	▁everyone
2311	▁जाओगे
2312	▁बल
2313	▁presence
2314	▁जवान
2315	▁परीक्षा
2316	▁मेहरबान
2317	▁Mark
2318	▁choose
2319	▁didn
2320	▁priest
2321	▁समझने
2322	▁Save
2323	▁born
2324	▁भूमि
2325	▁Messengers
2326	▁दान
2327	▁वैसा
2328	▁grow
2329	▁निश्
2330	▁रहती
2331	▁ज़बरदस्त
2332	▁effect
2333	▁suffer
2334	▁गीत
2335	▁लिखी
2336	▁individuals
2337	▁उसपर
2338	▁11:
2339	▁निश्चित
2340	▁पहाड़
2341	▁समस्या
2342	पि
2343	▁delivered
2344	▁इनमें
2345	▁patient
2346	▁खत्म
2347	▁नई
2348	▁powerful
2349	▁कुरिन्थियों
2350	▁carry
2351	▁Just
2352	▁Where
2353	▁Children
2354	▁घड़ी
2355	▁deep
2356	▁working
2357	▁पायनियर
2358	▁28
2359	▁गुमराही
2360	▁रिपोर्ट
2361	▁Devil
2362	▁warning
2363	▁Hebrews
2364	▁प्रकाश
2365	▁भेंट
2366	▁Quran
2367	▁chastisement
2368	▁program
2369	▁नही
2370	▁Wise
2371	▁दुख
2372	▁लाने
2373	▁According
2374	▁destruction
2375	▁खिलाफ
2376	▁प्रकट
2377	ज़
2378	▁इब्राहीम
2379	▁key
2380	नेवाले
2381	▁etc
2382	▁बताता
2383	ग
2384	▁unjust
2385	▁शाऊल
2386	▁धन्यवाद
2387	--
2388	▁firm
2389	▁godly
2390	▁Dur
2391	▁build
2392	▁qualities
2393	िंग
2394	▁letter
2395	▁पंचांग
2396	▁लोड
2397	▁धर्मी
2398	▁मिटाएँ
2399	▁17:
2400	▁names
2401	हे
2402	▁१३
2403	▁events
2404	▁परिवर्तन
2405	▁सुरक्षित
2406	▁आधार
2407	▁खूब
2408	G
2409	फिर
2410	▁13:
2411	▁date
2412	▁instead
2413	▁अमरीका
2414	▁pages
2415	▁तरीका
2416	▁messengers
2417	▁करूंगा
2418	▁Use
2419	▁common
2420	ड
2421	▁wonderful
2422	▁ख़ूब
2423	▁measure
2424	▁provision
2425	▁दिलचस्पी
2426	▁seem
2427	▁serious
2428	▁32
2429	▁40
2430	दार
2431	▁brings
2432	▁Society
2433	▁Watch
2434	▁mouth
2435	▁seeking
2436	▁सम्मान
2437	▁clearly
2438	▁कृपा
2439	यदि
2440	▁wants
2441	▁examples
2442	▁चारों
2443	▁वाचा
2444	▁THE
2445	▁Africa
2446	▁increase
2447	▁souls
2448	▁जन्म
2449	▁दरअसल
2450	▁१४
2451	ग़ालिब
2452	▁स्रोत
2453	▁19.
2454	▁ago
2455	▁held
2456	▁लगभग
2457	▁चित्र
2458	▁पिछले
2459	▁बुद्धिमान
2460	▁सुनते
2461	is
2462	▁hast
2463	▁सक्रिय
2464	▁हराम
2465	▁beyond
2466	▁Life
2467	▁takes
2468	V
2469	▁प्राचीनों
2470	▁H
2471	▁less
2472	▁period
2473	▁माबूद
2474	▁blind
2475	▁fulfilled
2476	▁G
2477	▁पार
2478	▁पूर्व
2479	▁बढ़ा
2480	v
2481	▁effort
2482	▁tried
2483	▁यों
2484	▁सबूत
2485	▁opened
2486	▁क्रोध
2487	▁angel
2488	▁ज़माने
2489	il
2490	▁ज़रुर
2491	▁Witness
2492	▁प्रमाणपत्र
2493	श
2494	▁Great
2495	▁circumstances
2496	▁re
2497	सी
2498	▁सारा
2499	▁meaning
2500	▁बाल
2501	▁चाल
2502	▁प्राण
2503	▁बीमारी
2504	▁established
2505	▁test
2506	▁rejected
2507	▁धार्मिक
2508	▁May
2509	▁True
2510	▁ताकत
2511	▁वस्तु
2512	▁सदस्य
2513	▁गुज़र
2514	▁बातचीत
2515	▁aware
2516	▁guard
2517	▁named
2518	▁Message
2519	▁taste
2520	▁कैसी
2521	▁equal
2522	▁बच
2523	Read
2524	लोगों
2525	▁भूल
2526	▁प्रवेश
2527	▁Pictures
2528	▁औरतों
2529	le
2530	▁14,
2531	▁Remember
2532	▁साफ़
2533	▁served
2534	▁families
2535	▁pure
2536	▁नेक
2537	▁direction
2538	▁दयावान
2539	▁न्यू
2540	▁apply
2541	▁decision
2542	▁seed
2543	▁जाएं
2544	▁promises
2545	▁असफल
2546	▁regard
2547	▁Jewish
2548	्कार
2549	▁ransom
2550	▁बदलें
2551	▁भेजे
2552	▁prove
2553	प
2554	▁U
2555	▁data
2556	▁बन्द
2557	▁maintain
2558	▁बहुतेर
2559	▁ज़िन्दगी
2560	▁confidence
2561	▁प्रमाण
2562	▁फाइल
2563	▁remove
2564	▁rich
2565	▁पड़ी
2566	▁Holy
2567	▁पवित्रा
2568	भाँति
2569	▁ready
2570	▁यूनानी
2571	▁सुबह
2572	▁W
2573	▁dwell
2574	▁rain
2575	▁परवाह
2576	▁सुनता
2577	▁regular
2578	▁इतने
2579	▁faces
2580	▁refuge
2581	▁report
2582	▁Line
2583	▁hour
2584	▁looking
2585	▁States
2586	▁area
2587	▁खा
2588	▁29
2589	▁add
2590	▁आयी
2591	▁de
2592	▁आखिर
2593	▁Come
2594	ion
2595	▁issue
2596	▁लड़के
2597	▁दयालुता
2598	▁homes
2599	▁भरी
2600	▁रोमियों
2601	▁परियोजना
2602	▁लीजिए
2603	▁salvation
2604	▁darkness
2605	▁Asia
2606	वे
2607	▁नतीजा
2608	▁रहनेवाले
2609	▁छोटा
2610	▁prophets
2611	▁spread
2612	▁वर्ग
2613	▁favor
2614	▁थोड़ा
2615	▁condition
2616	▁kings
2617	▁severe
2618	▁half
2619	▁daughters
2620	▁दिखाई
2621	▁मुक़ाबले
2622	▁gathered
2623	▁पकड़
2624	दूसरे
2625	▁spoken
2626	▁various
2627	▁मोमिन
2628	▁congregations
2629	▁pain
2630	▁जिनकी
2631	▁सेट
2632	▁door
2633	▁ground
2634	▁दिखायी
2635	1
2636	ro
2637	▁SAW
2638	▁lest
2639	▁rivers
2640	▁stop
2641	▁उपलब्ध
2642	▁10,
2643	▁met
2644	▁short
2645	▁अनुमति
2646	▁रखिए
2647	▁continued
2648	▁determined
2649	▁third
2650	▁शरीक
2651	▁Unto
2652	▁physical
2653	▁सेना
2654	And
2655	▁20.
2656	▁rejoice
2657	▁उचित
2658	▁यहां
2659	▁Behold
2660	▁Jeremiah
2661	▁करोगे
2662	▁deliver
2663	▁लिख
2664	▁Don
2665	▁protect
2666	अज़ाब
2667	▁7,
2668	▁built
2669	▁Scriptural
2670	▁बन्दग
2671	▁associate
2672	▁preach
2673	▁सम्बन्ध
2674	▁ईमानदार
2675	▁Failed
2676	▁Only
2677	▁डाले
2678	▁class
2679	▁former
2680	▁percent
2681	▁visit
2682	▁मिस्र
2683	▁चर्च
2684	▁filled
2685	▁अधिकारी
2686	▁उपस्थित
2687	▁धीरे
2688	▁play
2689	▁खून
2690	कुफ़्र
2691	▁Genesis
2692	▁मरियम
2693	गी
2694	▁forward
2695	▁औ
2696	▁m
2697	▁advice
2698	▁afraid
2699	▁efforts
2700	▁helps
2701	▁saith
2702	▁जिनको
2703	▁जीने
2704	िल
2705	▁denied
2706	▁lot
2707	un
2708	▁countries
2709	▁समाप्त
2710	द
2711	सा
2712	▁थोड़े
2713	▁फिरऔन
2714	▁offered
2715	▁secret
2716	▁town
2717	▁मंदिर
2718	▁जितने
2719	▁मिलने
2720	▁चीज़ें
2721	▁Europe
2722	▁thoughts
2723	▁whosoever
2724	▁औलाद
2725	▁forget
2726	▁कही
2727	▁प्रेषित
2728	▁गिनती
2729	▁सुनकर
2730	▁क
2731	▁वंश
2732	▁21.
2733	▁जिनसे
2734	▁समर्थन
2735	ar
2736	मेरे
2737	▁alive
2738	▁pioneer
2739	▁लगाया
2740	▁लड़ाई
2741	▁हुकूमत
2742	दैव
2743	▁birth
2744	▁पहिले
2745	▁विरुद्ध
2746	▁रास्ता
2747	▁आना
2748	▁explained
2749	▁million
2750	▁older
2751	▁record
2752	▁12,
2753	▁Read
2754	▁सवालों
2755	▁अधीन
2756	▁वरीय
2757	▁लेंगे
2758	▁standing
2759	▁कुल
2760	▁बक्स
2761	▁१६
2762	▁Tower
2763	▁बनाते
2764	▁Keep
2765	▁Scripture
2766	▁दरमियान
2767	▁नियत
2768	4
2769	▁List
2770	▁Re
2771	▁cry
2772	▁लूत
2773	▁आस
2774	▁बढ़ावा
2775	▁जिनका
2776	Our
2777	▁glad
2778	▁run
2779	▁विवाह
2780	z
2781	▁11,
2782	▁event
2783	▁proved
2784	▁manner
2785	▁believing
2786	▁reject
2787	▁जितना
2788	▁कल
2789	▁अतिरिक्त
2790	▁16,
2791	▁opportunity
2792	▁वीडियो
2793	▁lay
2794	▁prison
2795	▁आयात
2796	▁इंतज़ाम
2797	▁मुक़र्रर
2798	ि
2799	▁willing
2800	▁50
2801	▁पश्
2802	▁पसन्द
2803	▁मुसीबत
2804	▁loyal
2805	▁several
2806	▁अफ्रीका
2807	▁जादू
2808	▁Folder
2809	▁Hence
2810	▁till
2811	▁पट्टी
2812	Muhammad
2813	▁proper
2814	▁जातियों
2815	▁Take
2816	▁instance
2817	▁privilege
2818	▁सामर्थ्य
2819	▁fell
2820	▁क़दम
2821	▁First
2822	▁Instead
2823	▁ग़ौर
2824	▁हवा
2825	el
2826	▁actually
2827	▁दूंगा
2828	▁पुरूष
2829	▁मरे
2830	▁रास्ते
2831	▁रौशन
2832	▁Create
2833	▁L
2834	▁ई
2835	▁माफ
2836	▁fast
2837	▁श्रेय
2838	▁सोचा
2839	▁खाली
2840	▁flow
2841	▁hours
2842	▁tidings
2843	▁यूँ
2844	▁कमी
2845	▁१७
2846	▁force
2847	▁stated
2848	▁!
2849	▁modern
2850	▁parts
2851	▁देर
2852	▁बोले
2853	▁Moreover
2854	▁subject
2855	▁खासकर
2856	▁calendar
2857	▁houses
2858	▁patience
2859	▁color
2860	▁calls
2861	▁mode
2862	▁अध्याय
2863	▁कुफ्फ़ार
2864	▁Forgiving
2865	▁straight
2866	▁ability
2867	▁recorded
2868	▁actions
2869	▁वर्णन
2870	▁happen
2871	doers
2872	▁published
2873	▁सीधा
2874	▁लाते
2875	W
2876	▁नक़ल
2877	▁vital
2878	▁सृष्टि
2879	▁added
2880	▁Still
2881	▁church
2882	▁thanks
2883	▁एशिया
2884	ला
2885	▁Last
2886	▁bread
2887	▁size
2888	▁X
2889	▁job
2890	▁lands
2891	▁रहमत
2892	▁break
2893	▁@
2894	▁affect
2895	▁required
2896	▁prayed
2897	▁सामान
2898	▁disc
2899	▁greatest
2900	▁midst
2901	▁उठाया
2902	▁तमाम
2903	▁heed
2904	▁चाहेंगे
2905	▁सिखाया
2906	▁humble
2907	▁२०
2908	▁acts
2909	▁reached
2910	▁respond
2911	▁Roman
2912	▁responsibility
2913	▁activity
2914	▁chapter
2915	▁कठोर
2916	▁messenger
2917	▁डरो
2918	▁allowed
2919	▁बाबुल
2920	▁लगातार
2921	▁imitate
2922	▁यूरोप
2923	▁लोगो
2924	▁भाषण
2925	▁throughout
2926	▁getting
2927	▁इस्राएली
2928	▁याजक
2929	▁violence
2930	▁entire
2931	▁भले
2932	▁मौका
2933	▁स्थानीय
2934	▁integrity
2935	▁unless
2936	man
2937	अनक़रीब
2938	▁commit
2939	▁laws
2940	▁सोने
2941	▁standards
2942	▁placed
2943	▁sword
2944	▁तय
2945	▁building
2946	▁earthly
2947	▁कबूल
2948	▁दशा
2949	▁बेटी
2950	▁गुमराह
2951	▁१८
2952	▁earlier
2953	▁प्रभाव
2954	▁ज़िन्दा
2955	▁endure
2956	▁government
2957	▁कदा
2958	▁जोश
2959	▁पहुँचे
2960	▁Make
2961	▁week
2962	▁तोड़
2963	▁sick
2964	▁क़िस्म
2965	▁Good
2966	▁thousands
2967	▁कमांड
2968	▁विफल
2969	In
2970	▁मिलेगा
2971	वालों
2972	▁grateful
2973	▁freedom
2974	▁मूल
2975	▁eye
2976	▁knowing
2977	▁precious
2978	▁पत्थर
2979	▁dust
2980	▁बख्शन
2981	▁Bethel
2982	▁गहरा
2983	▁जाएंगे
2984	▁लाया
2985	▁वज़ह
2986	▁security
2987	▁almost
2988	▁explains
2989	▁reflect
2990	▁क़रीब
2991	▁निर्देशिका
2992	▁सजदा
2993	▁स्वर्गदूत
2994	▁कदर
2995	▁रक्षा
2996	▁चिंता
2997	▁पढ़ते
2998	▁entered
2999	▁permission
3000	▁animals
3001	▁crowd
3002	▁प्रारंभ
3003	▁पढ़
3004	▁पूज्य
3005	▁gardens
3006	▁१९
3007	▁produce
3008	▁रहेगी
3009	वा
3010	▁vision
3011	▁उद्देश्
3012	▁संबंध
3013	▁sexual
3014	▁wine
3015	▁नेकी
3016	▁Samuel
3017	▁इब्रानियों
3018	▁पुनरुत्थान
3019	▁भीतर
3020	▁battle
3021	▁क्षमाशील
3022	▁होंगी
3023	▁couple
3024	▁लगाए
3025	▁सिद्ध
3026	▁role
3027	▁decided
3028	▁mine
3029	▁tongue
3030	▁क़ुरान
3031	▁evening
3032	▁moon
3033	▁activities
3034	▁Credit
3035	▁appreciation
3036	▁उत्पत्ति
3037	▁secure
3038	▁पेट
3039	▁seeing
3040	▁Search
3041	▁beautiful
3042	▁disbelieved
3043	▁स्थिर
3044	▁23.
3045	▁कमज़ोर
3046	▁प्रतिशत
3047	नेवाला
3048	ऱ
3049	▁Before
3050	▁appropriate
3051	▁disease
3052	▁दृढ़
3053	▁दोष
3054	▁पुराने
3055	▁results
3056	▁hearing
3057	▁मित्र
3058	▁लगते
3059	▁सरकार
3060	▁सावधान
3061	▁सिवाय
3062	क़ियामत
3063	▁आँखों
3064	▁goes
3065	▁provides
3066	▁र
3067	▁Knowing
3068	▁carried
3069	▁influence
3070	Jehovah
3071	▁बारगाह
3072	▁24:
3073	▁books
3074	▁आख़िर
3075	▁भरा
3076	▁truthful
3077	▁अंतिम
3078	▁पुकार
3079	ाँ
3080	▁millions
3081	▁13,
3082	▁forbidden
3083	▁trying
3084	▁मामलों
3085	▁सेवकाई
3086	▁Though
3087	▁branch
3088	▁hidden
3089	▁sacred
3090	▁worldwide
3091	▁प्रहरीदुर्ग
3092	▁सांसारिक
3093	▁fulfillment
3094	▁info
3095	▁raise
3096	▁दर्शन
3097	▁baptism
3098	▁शिकार
3099	from
3100	▁beginning
3101	▁वर्तमान
3102	▁granted
3103	▁warned
3104	▁एहसास
3105	▁decisions
3106	▁wrath
3107	▁अत्याचार
3108	▁देखभाल
3109	▁मानव
3110	▁concern
3111	▁pleasure
3112	▁पैसे
3113	▁प्रधान
3114	▁रोटी
3115	▁realize
3116	▁अधिकतर
3117	▁स्तुति
3118	▁loss
3119	▁सुरक्षा
3120	▁उठाने
3121	▁पीने
3122	▁सुख
3123	▁स्तर
3124	▁army
3125	▁recompense
3126	▁कठिन
3127	▁नौकरी
3128	▁copy
3129	▁inhabitants
3130	▁silver
3131	▁छुटकारा
3132	▁तौभी
3133	▁पढ़ा
3134	▁devotion
3135	▁p
3136	▁इल्म
3137	▁तलवार
3138	▁reveal
3139	▁Time
3140	▁watch
3141	▁benefits
3142	▁boy
3143	▁उठाए
3144	▁उपयोक्ता
3145	▁नहरें
3146	एँ
3147	▁office
3148	▁spent
3149	▁कूटशब्द
3150	▁घराने
3151	▁expect
3152	ri
3153	िया
3154	▁Had
3155	▁warn
3156	▁तत्वदर्शी
3157	▁सभा
3158	▁यिर्मयाह
3159	▁Nay
3160	▁exists
3161	▁plain
3162	▁leaders
3163	▁paradise
3164	▁Which
3165	▁क़ायम
3166	▁काट
3167	▁कुंजी
3168	▁causes
3169	▁Ask
3170	▁चित
3171	▁स्मरण
3172	+
3173	▁daily
3174	▁observe
3175	K
3176	▁ears
3177	▁described
3178	▁girl
3179	▁अवसर
3180	▁बदलाव
3181	▁मारा
3182	▁Another
3183	▁conscience
3184	▁appreciate
3185	▁harmony
3186	▁approach
3187	▁exercise
3188	▁पत्रिका
3189	▁Spirit
3190	▁इब्रानी
3191	▁पीठ
3192	▁भावना
3193	▁सीखा
3194	▁elder
3195	▁grace
3196	▁option
3197	▁wind
3198	▁समझता
3199	▁laid
3200	▁प्रकाशित
3201	▁foretold
3202	▁बच्चा
3203	▁household
3204	▁नेअमत
3205	▁शुक्र
3206	▁attend
3207	▁मिलेगी
3208	▁occasion
3209	▁ईमानवालों
3210	▁चुना
3211	▁कार
3212	▁मुलाकात
3213	ting
3214	▁experienced
3215	▁ahead
3216	▁Right
3217	▁assigned
3218	▁खाओ
3219	▁High
3220	▁शुभ
3221	·
3222	▁learning
3223	▁witnesses
3224	▁दस्तावेज़
3225	▁अवैध
3226	▁आखिरी
3227	▁लिखने
3228	▁Joshua
3229	▁पेड़
3230	पन
3231	▁hide
3232	▁प्रभुत्वशाली
3233	▁भरे
3234	हमारे
3235	▁Box
3236	▁22.
3237	▁creatures
3238	▁moral
3239	▁dear
3240	▁चेले
3241	▁वहीं
3242	▁magazine
3243	▁psalmist
3244	▁strive
3245	▁hurt
3246	▁दाख़िल
3247	▁पड़ेगा
3248	▁garden
3249	▁natural
3250	▁Oh
3251	▁user
3252	▁छोड़ा
3253	▁pleased
3254	▁reminder
3255	▁teachings
3256	▁मोड
3257	▁Aaron
3258	li
3259	▁खुशखबरी
3260	▁गंभीर
3261	▁सिखाने
3262	ु
3263	▁0
3264	▁reports
3265	▁आराम
3266	▁पालने
3267	▁लड़की
3268	▁हौसला
3269	▁guilty
3270	▁इलाके
3271	▁students
3272	▁हटा
3273	मगर
3274	▁password
3275	▁replied
3276	)...
3277	▁पुरुषों
3278	▁रोज़
3279	▁Look
3280	▁Messiah
3281	▁gather
3282	▁सुनो
3283	▁document
3284	▁दर्दनाक
3285	उन
3286	▁success
3287	▁training
3288	▁ill
3289	▁घाटे
3290	▁York
3291	▁stood
3292	▁practice
3293	▁उच्च
3294	▁निजी
3295	▁भेड़
3296	▁main
3297	▁हिकमत
3298	▁basis
3299	▁fail
3300	▁swear
3301	▁reasons
3302	▁थोड़ी
3303	▁भक्
3304	▁showing
3305	▁walking
3306	▁wronged
3307	no
3308	ओ
3309	▁appear
3310	▁response
3311	▁भविष्यवक्
3312	▁सकेंगे
3313	ur
3314	▁कहेगा
3315	क्योंकि
3316	▁J
3317	▁addition
3318	▁fill
3319	▁जानना
3320	▁युग
3321	▁समेत
3322	▁सुधार
3323	▁expression
3324	▁सफर
3325	);
3326	▁strengthen
3327	▁कायम
3328	▁स्वर्गीय
3329	▁Image
3330	When
3331	▁V
3332	▁answers
3333	▁wonder
3334	▁कानून
3335	▁नज़रिया
3336	▁necessary
3337	▁groups
3338	▁हुओं
3339	▁तरीकों
3340	▁हममें
3341	▁repentance
3342	▁room
3343	▁बिगाड़
3344	▁सोचिए
3345	आ
3346	▁accurate
3347	▁languages
3348	▁बाकी
3349	▁जगत
3350	▁19,
3351	▁although
3352	▁drive
3353	▁i
3354	▁mountain
3355	▁अचानक
3356	▁कामयाब
3357	▁मिटा
3358	▁remained
3359	▁विनष्ट
3360	▁दुश्
3361	▁seems
3362	▁हारून
3363	वाला
3364	▁Al
3365	▁helping
3366	▁वारिस
3367	नेवालों
3368	▁duty
3369	▁इन्हें
3370	▁लेगा
3371	▁एहसान
3372	री
3373	soever
3374	with
3375	▁अपराध
3376	▁औरत
3377	▁persons
3378	▁sleep
3379	▁waters
3380	▁youths
3381	मोमिनीन
3382	▁lo
3383	▁बीमार
3384	▁कड़ी
3385	▁नम्रता
3386	▁शीघ्र
3387	▁aside
3388	▁trees
3389	▁लेखक
3390	▁हत्या
3391	▁Move
3392	▁supported
3393	▁चलना
3394	▁burden
3395	▁अभिलेख
3396	▁apart
3397	▁include
3398	▁फैसले
3399	▁मरने
3400	▁वरन
3401	▁parent
3402	▁हस्ताक्षर
3403	▁Eve
3404	▁quality
3405	▁worked
3406	▁पलट
3407	ol
3408	▁waiting
3409	▁मायने
3410	▁CD
3411	▁Mount
3412	▁पुस्तिका
3413	प्रभु
3414	▁flock
3415	▁प्रोग्राम
3416	▁मि
3417	▁Love
3418	▁गये
3419	▁फोन
3420	▁escape
3421	▁business
3422	▁दौड़
3423	▁विनाश
3424	▁lesson
3425	▁regularly
3426	▁images
3427	▁ठहरा
3428	▁बिनती
3429	▁begin
3430	▁tribulation
3431	▁committed
3432	▁outside
3433	▁अनमोल
3434	▁होइए
3435	Comment
3436	▁turns
3437	▁अहल
3438	▁17,
3439	▁चाहा
3440	ीय
3441	▁quickly
3442	▁अवधि
3443	▁भेजें
3444	▁completely
3445	▁cried
3446	▁contains
3447	▁अधिवेशन
3448	▁निराश
3449	▁फज़
3450	▁Nevertheless
3451	▁individual
3452	▁दानिय्येल
3453	▁offspring
3454	▁partners
3455	▁पूछ
3456	▁OF
3457	▁दर्द
3458	▁पाँच
3459	▁check
3460	▁keeping
3461	▁ज्ञापन
3462	▁दावा
3463	▁ईसा
3464	▁समाज
3465	▁Qur
3466	▁looked
3467	▁शीर्षक
3468	▁22,
3469	▁story
3470	▁बचे
3471	▁behalf
3472	▁final
3473	▁टूट
3474	▁Awake
3475	▁challenge
3476	▁ज़ालिमों
3477	▁thine
3478	▁throne
3479	▁Later
3480	▁Y
3481	▁Faith
3482	▁education
3483	▁fruits
3484	▁obedient
3485	▁प्रगट
3486	▁miles
3487	▁एकता
3488	य
3489	▁lack
3490	▁progress
3491	▁अन्ततः
3492	▁खुली
3493	▁▪
3494	▁directory
3495	▁mate
3496	See
3497	▁Hour
3498	▁protection
3499	▁running
3500	▁कपड़े
3501	▁परहेज़गार
3502	▁courage
3503	▁develop
3504	▁बैठा
3505	▁२४
3506	▁accounts
3507	▁वाणी
3508	▁आसानी
3509	▁persecution
3510	▁स्वामी
3511	▁choice
3512	▁explain
3513	▁गवाहों
3514	▁Here
3515	▁inside
3516	▁loves
3517	▁treat
3518	▁नम्र
3519	▁फौरन
3520	like
3521	▁24.
3522	▁60
3523	▁chief
3524	▁possess
3525	▁आत्मिक
3526	▁किस्म
3527	▁Perhaps
3528	▁resurrected
3529	▁देनेवाला
3530	▁asking
3531	▁trials
3532	▁empty
3533	▁sort
3534	▁sought
3535	▁Hall
3536	▁ज़िंदा
3537	▁establish
3538	▁item
3539	▁बेटों
3540	▁assignment
3541	▁discipline
3542	▁Others
3543	▁car
3544	▁क़त्ल
3545	▁प्रदर्शित
3546	▁शमूएल
3547	▁Enter
3548	▁Work
3549	▁positive
3550	▁ID
3551	▁lose
3552	▁process
3553	▁जहन्नम
3554	▁तरीक़े
3555	▁sit
3556	▁video
3557	▁बन्दे
3558	▁मूल्य
3559	ive
3560	▁e
3561	▁party
3562	▁version
3563	▁घंटे
3564	▁Give
3565	▁belong
3566	▁क्लिक
3567	▁चलकर
3568	▁चाहती
3569	▁लाओ
3570	▁belief
3571	▁recognize
3572	▁उतार
3573	▁Brother
3574	▁Get
3575	▁white
3576	▁पूछते
3577	he
3578	▁म
3579	▁master
3580	▁अनुसरण
3581	▁More
3582	▁trial
3583	▁जानवरों
3584	▁पड़ती
3585	All
3586	▁wherein
3587	▁कहे
3588	▁तकलीफ़
3589	▁becomes
3590	▁punish
3591	▁अदा
3592	▁देखना
3593	▁विन्यास
3594	▁x
3595	▁sometimes
3596	▁ग
3597	▁मध्य
3598	▁संस्करण
3599	▁सबके
3600	▁exist
3601	▁जन्नत
3602	quot
3603	▁tells
3604	▁©
3605	▁बनाना
3606	▁हटकर
3607	▁About
3608	▁Path
3609	▁Delete
3610	▁English
3611	▁becoming
3612	▁cattle
3613	▁immediately
3614	▁बढ़ाने
3615	▁इजाज़त
3616	▁नाते
3617	▁बरस
3618	▁100
3619	▁Isaac
3620	▁Soon
3621	▪
3622	▁conditions
3623	▁आधारित
3624	▁नफरत
3625	▁पंक्ति
3626	ली
3627	▁Every
3628	▁encouraged
3629	▁related
3630	▁फ़रिश्ते
3631	▁convention
3632	▁excellent
3633	▁उतारा
3634	▁लानेवालो
3635	▁34
3636	▁default
3637	▁prevent
3638	▁sincere
3639	Who
3640	▁practical
3641	▁बस्ती
3642	▁18,
3643	▁interested
3644	▁तभी
3645	Let
3646	▁70
3647	▁प्रिय
3648	अब
3649	▁arrived
3650	▁इनके
3651	▁Gardens
3652	▁warner
3653	▁अवतर
3654	▁invited
3655	▁repent
3656	▁ठहराए
3657	▁लगाकर
3658	▁Should
3659	▁nature
3660	▁overcome
3661	▁किताबों
3662	▁जीत
3663	be
3664	▁guides
3665	=
3666	ul
3667	अच्छा
3668	▁स्क्रीन
3669	▁steps
3670	▁अज्ञात
3671	▁तर्क
3672	▁दूध
3673	निशानियों
3674	▁1914
3675	▁Lot
3676	▁bestowed
3677	▁obedience
3678	▁perform
3679	▁ऑंख
3680	▁चुन
3681	▁जरूरत
3682	ले
3683	▁Man
3684	▁slaves
3685	▁निकाला
3686	▁फायदे
3687	ity
3688	▁War
3689	▁दाविद
3690	▁धैर्य
3691	▁Yeah
3692	▁delight
3693	▁सवार
3694	▁active
3695	▁सीमा
3696	▁c
3697	▁सफल
3698	▁महत्त्वपूर्ण
3699	▁Ephesians
3700	▁touch
3701	▁इसराईल
3702	▁२१
3703	▁cover
3704	▁Catholic
3705	▁नाईं
3706	▁पद
3707	▁पाना
3708	▁मिशनरी
3709	▁portion
3710	▁proud
3711	▁हरेक
3712	ch
3713	▁weak
3714	▁बुलाया
3715	▁declared
3716	▁enjoyed
3717	▁humility
3718	▁original
3719	▁उत्पन्
3720	▁sinners
3721	▁खड़ी
3722	▁खो
3723	▁शाम
3724	▁हज़ार
3725	de
3726	▁Each
3727	▁पक्का
3728	by
3729	▁front
3730	▁कार्यक्रम
3731	▁birds
3732	▁feeling
3733	▁terrible
3734	▁पहुंचा
3735	▁refused
3736	▁values
3737	▁youth
3738	▁इसको
3739	▁चली
3740	▁नदी
3741	▁नियुक्
3742	▁dedicated
3743	▁companions
3744	▁जहां
3745	▁दिखाना
3746	▁प्रतिज्ञा
3747	▁यहोशू
3748	▁sinful
3749	▁पीछा
3750	▁सेनाओं
3751	एं
3752	▁Other
3753	▁company
3754	▁goal
3755	▁pre
3756	▁सबक
3757	▁express
3758	▁चैन
3759	▁हलाक
3760	▁setting
3761	▁दुखद
3762	▁मरज़ी
3763	▁मुमकिन
3764	▁admonition
3765	▁burning
3766	▁grant
3767	▁डराने
3768	▁heavy
3769	▁relatives
3770	▁ख्वाह
3771	▁चुनाव
3772	▁मददगार
3773	▁राष्ट्र
3774	ment
3775	▁Remove
3776	▁centuries
3777	▁generation
3778	▁inheritance
3779	▁तलाश
3780	▁removed
3781	▁sake
3782	▁avail
3783	▁नियमित
3784	▁रद्द
3785	6
3786	▁pressure
3787	▁seized
3788	▁interests
3789	▁worldly
3790	▁आशीषें
3791	▁फ़िरऔन
3792	▁idea
3793	▁political
3794	▁पैसा
3795	▁stars
3796	▁लौटा
3797	▁stone
3798	▁आदमियों
3799	▁करनेवाली
3800	पूर्वक
3801	▁Christendom
3802	▁कहकर
3803	▁पैरवी
3804	▁"[
3805	▁जानवर
3806	▁दर
3807	▁प्लगइन
3808	▁लगाने
3809	▁female
3810	one
3811	तू
3812	▁लाखों
3813	▁समस्याओं
3814	अत
3815	▁काफिरों
3816	▁बनकर
3817	▁step
3818	▁successful
3819	▁आपसे
3820	▁संपादक
3821	▁missionary
3822	▁लाल
3823	▁simple
3824	▁idols
3825	▁increased
3826	▁गहरी
3827	मुझे
3828	▁lawful
3829	▁जंगल
3830	They
3831	वीं
3832	▁Also
3833	▁personality
3834	▁इंच
3835	To
3836	▁distress
3837	▁व्यर्थ
3838	बे
3839	▁affection
3840	▁traveling
3841	▁देखेंगे
3842	▁पर्वत
3843	▁Dr
3844	▁Whoever
3845	▁generations
3846	▁usually
3847	▁won
3848	▁सीखने
3849	▁connection
3850	▁riches
3851	▁समाचार
3852	▁imperfect
3853	▁अर्ज़
3854	▁आएँ
3855	▁abide
3856	Why
3857	▁देगें
3858	▁शासन
3859	▁बोलने
3860	▁भावनाओं
3861	▁Co
3862	▁Help
3863	▁Set
3864	▁chose
3865	▁पापों
3866	▁हानि
3867	▁sees
3868	▁दोस्तों
3869	्य
3870	▁Elijah
3871	▁contrast
3872	▁marry
3873	▁occurred
3874	▁पूछो
3875	▁eight
3876	▁इंतज़ार
3877	▁करेगी
3878	▁हिफाज़त
3879	▁निर्दिष्ट
3880	▁पहाड़ों
3881	▁""
3882	▁altar
3883	▁सोचते
3884	▁falsehood
3885	▁tribe
3886	OR
3887	▁property
3888	▁wrongdoers
3889	▁अहम
3890	▁झूठा
3891	▁21:
3892	▁encouragement
3893	▁journey
3894	▁sacrifices
3895	▁अहमियत
3896	▁दोस्ती
3897	▁समर्पित
3898	▁आश्
3899	▁encourage
3900	▁whatsoever
3901	▁अंक
3902	▁परसतिश
3903	▁पायी
3904	▁फ़ाइलें
3905	▁।...
3906	▁क़ुबूल
3907	▁धन्य
3908	ाई
3909	▁अकेला
3910	▁झूठी
3911	▁ते
3912	▁पाएगा
3913	▁सजग
3914	";
3915	▁ख़ुशी
3916	▁जहाज़
3917	▁तयशुदा
3918	फ
3919	▁air
3920	▁बताए
3921	▁शोक
3922	▁सीखते
3923	▁हजार
3924	▁Judgment
3925	▁reported
3926	▁Similarly
3927	▁attack
3928	▁space
3929	▁बढ़ती
3930	▁शत्रु
3931	▁oil
3932	▁अति
3933	▁IN
3934	▁wilderness
3935	▁फ़ॉन्ट
3936	▁वादे
3937	ies
3938	ling
3939	▁calling
3940	▁community
3941	▁g
3942	▁खर्च
3943	▁सिर्फ़
3944	▁writing
3945	▁इलाज
3946	आख़िर
3947	▁commandments
3948	▁rise
3949	▁observed
3950	▁ईमेल
3951	▁चयन
3952	▁भेड़ों
3953	▁मनन
3954	▁struck
3955	▁भेद
3956	▁General
3957	▁meant
3958	▁suffered
3959	▁आरंभ
3960	▁शक्ति
3961	▁request
3962	▁बाग़ों
3963	▁भूमिका
3964	मुसलमानों
3965	▁Among
3966	▁gate
3967	▁responsible
3968	ent
3969	▁Has
3970	▁India
3971	▁studying
3972	▁निकले
3973	▁सुनी
3974	▁सूर्य
3975	▁हार
3976	ah
3977	▁अकेले
3978	▁deeply
3979	▁folders
3980	▁join
3981	!'
3982	०००
3983	▁ख़ुश
3984	▁त्याग
3985	▁Mighty
3986	▁Tell
3987	▁earned
3988	▁अगला
3989	▁मिनट
3990	/%
3991	▁16:
3992	▁level
3993	▁तियों
3994	▁विधि
3995	▁शपथ
3996	▁२२
3997	▁big
3998	▁जनों
3999	▁फ़रिश्तों
4000	▁बेहद
4001	▁gonna
4002	▁उपदेश
4003	▁काश
4004	▁ठहरे
4005	▁वस्तुओं
4006	▁संगति
4007	▁सह
4008	▁claim
4009	▁goodness
4010	▁दबाव
4011	▁ध्वनि
4012	▁abode
4013	▁blame
4014	▁load
4015	▁ठान
4016	rs
4017	गा
4018	▁सिद्धांत
4019	▁URL
4020	▁non
4021	▁requires
4022	▁नियमों
4023	▁रहिए
4024	▁Address
4025	▁N
4026	▁favour
4027	▁literature
4028	▁visited
4029	▁अक्षम
4030	▁चिन्ह
4031	▁नीति
4032	▁लड़का
4033	lo
4034	▁Gilead
4035	▁उत्पन्न
4036	कुछ
4037	▁km
4038	▁जोड़
4039	▁proof
4040	▁लाख
4041	▁शारीरिक
4042	▁राज़ी
4043	▁bounty
4044	▁trouble
4045	▁इकट्ठे
4046	▁अधर्म
4047	▁तेल
4048	▁यद्यपि
4049	▁Through
4050	तुम्हारे
4051	ुब
4052	▁curse
4053	▁dedication
4054	▁गोया
4055	▁धार्मिकता
4056	▁बख्श
4057	▁Believers
4058	▁Edit
4059	▁upright
4060	▁इरादा
4061	▁तुम्हे
4062	▁डी
4063	▁रोम
4064	▁Display
4065	▁समझाया
4066	क़ाबू
4067	▁क़ुरआन
4068	▁देनेवाले
4069	क़ुरान
4070	ग़रज़
4071	▁वफादारी
4072	▁संगी
4073	▁सम्मिलित
4074	▁lying
4075	For
4076	▁Start
4077	▁pride
4078	▁ओ
4079	▁जोड़े
4080	▁बा
4081	▁मैदान
4082	▁sends
4083	▁willed
4084	▁low
4085	▁top
4086	▁vain
4087	▁victory
4088	▁गढ़
4089	▁Musa
4090	▁despite
4091	▁dwelling
4092	▁expressed
4093	▁object
4094	▁देखे
4095	▁लगाते
4096	▁हेतु
4097	▁35
4098	▁wall
4099	▁workers
4100	▁आनेवाले
4101	▁शानदार
4102	▁आमाल
4103	▁खुला
4104	▁चीज़े
4105	▁हव्वा
4106	▁कहें
4107	▁छिपा
4108	la
4109	less
4110	▁Comment
4111	▁recent
4112	▁status
4113	▁फ़िल्टर
4114	▁corruption
4115	ज़कात
4116	मान
4117	▁areas
4118	▁neighbor
4119	▁quite
4120	▁गलती
4121	▁चाहें
4122	▁शिक्षाओं
4123	▁greatly
4124	▁बाक़ी
4125	that
4126	▁content
4127	▁grieve
4128	▁member
4129	▁road
4130	▁whomever
4131	▁कहानी
4132	▁सरपरस्त
4133	up
4134	▁cases
4135	▁mention
4136	▁किनारे
4137	▁सचेत
4138	ʹ
4139	उसके
4140	▁court
4141	▁उदार
4142	▁बाहम
4143	▁stones
4144	▁weight
4145	espite
4146	▁appeared
4147	▁existence
4148	▁ज
4149	There
4150	▁Enable
4151	▁noted
4152	▁बनाई
4153	do
4154	▁hate
4155	▁hypocrites
4156	▁talking
4157	▁काल
4158	▁●
4159	▁male
4160	▁affairs
4161	▁पहुँचने
4162	▁25.
4163	▁covered
4164	▁picture
4165	▁मिलते
4166	▁सक्षम
4167	No
4168	रा
4169	▁19:
4170	▁sovereignty
4171	▁turning
4172	▁चढ़
4173	▁छू
4174	▁टुकड़े
4175	▁भटक
4176	▁लिखे
4177	▁सलाम
4178	▁faced
4179	▁खराई
4180	▁ज़बान
4181	▁नुकसान
4182	▁पूर्वावलोकन
4183	▁social
4184	▁आनन्दित
4185	▁तिथि
4186	▁बटन
4187	▁शराब
4188	▁Close
4189	▁genuine
4190	▁इ
4191	▁तकलीफ
4192	▁निर्माण
4193	▁निर्धारित
4194	▁archive
4195	▁plan
4196	▁consequences
4197	▁eventually
4198	▁points
4199	▁teacher
4200	▁चुने
4201	▁चौड़ाई
4202	▁जितनी
4203	▁वृक्ष
4204	▁सूचित
4205	▁careful
4206	▁धोखा
4207	▁मामला
4208	▁mental
4209	▁झुठला
4210	▁मानवजाति
4211	▁राजाओं
4212	▁produced
4213	▁unity
4214	▁जेल
4215	▁साथियों
4216	▁importance
4217	▁broken
4218	▁खुले
4219	▁पुकारा
4220	▁बताने
4221	▁वश
4222	ry
4223	▁Default
4224	▁whereas
4225	▁putt
4226	▁एस
4227	▁associated
4228	▁feed
4229	▁heads
4230	▁minister
4231	▁इफिसियों
4232	▁कुदरत
4233	▁पीढ़ी
4234	▁सोचने
4235	ne
4236	▁TO
4237	▁general
4238	▁host
4239	▁worshipers
4240	▁आनंद
4241	ia
4242	▁articles
4243	▁disbelief
4244	▁जांच
4245	▁नज़दीक
4246	▁बह
4247	▁20:
4248	▁Almighty
4249	▁Her
4250	▁abundance
4251	▁button
4252	▁closer
4253	▁opposition
4254	▁prepare
4255	▁उठ
4256	▁एम
4257	Be
4258	आख़ेरत
4259	ण
4260	▁Way
4261	▁injustice
4262	▁एहद
4263	▁प्रश्
4264	▁वाक़िफ
4265	▁Project
4266	▁Was
4267	▁joined
4268	▁beliefs
4269	▁realized
4270	▁रखती
4271	men
4272	▁race
4273	▁युवा
4274	▁fulfill
4275	▁sending
4276	▁दर्ज़
4277	▁Contact
4278	▁illustration
4279	▁ऑफ
4280	▁पथ
4281	▁वासयोग्य
4282	▁presented
4283	▁ग्रहण
4284	▁क्लेश
4285	▁जिहाद
4286	▁तारीफ
4287	▁दरिया
4288	कार
4289	याद
4290	▁20,
4291	▁remembrance
4292	▁style
4293	▁दाखिल
4294	▁विरूद्ध
4295	▁संकेत
4296	um
4297	▁declare
4298	▁hatred
4299	▁सिंहासन
4300	▁moving
4301	ू
4302	▁Over
4303	▁amount
4304	▁location
4305	▁overseer
4306	▁चन्द
4307	▁स्वागत
4308	▁अनन्त
4309	▁below
4310	▁correct
4311	▁returns
4312	▁घटनाओं
4313	वाली
4314	▁Signs
4315	▁application
4316	▁loyalty
4317	▁touched
4318	▁प्रकाशना
4319	▁हल
4320	▁36
4321	▁आर
4322	▁कुफ्र
4323	▁गुणों
4324	▁जानकर
4325	▁डाली
4326	▁दौलत
4327	िस
4328	▁Knower
4329	▁game
4330	▁studies
4331	▁seemed
4332	▁urged
4333	▁गुना
4334	▁डॉक्टर
4335	▁पाओगे
4336	▁व्यभिचार
4337	ism
4338	▁अरे
4339	▁ज़िम्मेदार
4340	▁दल
4341	▁प्रतीक
4342	▁गिरा
4343	▁हिस्से
4344	▁leading
4345	▁worthy
4346	▁ईमानवाले
4347	ant
4348	▁minds
4349	▁उतना
4350	▁गयीं
4351	▁लानत
4352	▁Certainly
4353	▁contain
4354	▁कल्पना
4355	▁लहू
4356	▁merciful
4357	▁कॉल
4358	▁बदकार
4359	▁HTML
4360	▁busy
4361	▁relative
4362	▁thereafter
4363	▁पापा
4364	▁प्रयास
4365	▁रखनेवालों
4366	▁संपादन
4367	▁Hey
4368	▁extreme
4369	▁separate
4370	▁पशु
4371	▁प्रतीक्षा
4372	▁सदस्यों
4373	out
4374	▁animal
4375	▁store
4376	▁table
4377	▁फूट
4378	▁बैर
4379	▁ark
4380	▁brethren
4381	▁फेंक
4382	▁मसीहा
4383	:"
4384	▁Two
4385	▁प्रारूप
4386	▁Text
4387	▁eternal
4388	▁select
4389	▁wide
4390	▁गैर
4391	▁लगती
4392	As
4393	▁दिशा
4394	ter
4395	▁box
4396	▁losers
4397	▁वेदी
4398	▁1.
4399	▁details
4400	▁इन्सान
4401	▁prostrate
4402	▁अंजाम
4403	▁अत्याचारी
4404	▁जानेवाले
4405	▁बुला
4406	▁हाय
4407	im
4408	▁arrangement
4409	▁baby
4410	▁publications
4411	▁टी
4412	▁दिमाग
4413	▁plugin
4414	▁अनुप्रयोग
4415	▁करूँ
4416	▁विपत्ति
4417	na
4418	▁Rome
4419	▁South
4420	▁aid
4421	▁sustenance
4422	▁अशुद्ध
4423	▁ओह
4424	▁काबू
4425	▁cultivate
4426	▁danger
4427	▁risk
4428	▁अमल
4429	▁विवरण
4430	▁सामर्थ
4431	▁hosts
4432	▁रवैया
4433	▁Never
4434	▁St
4435	▁admit
4436	▁eating
4437	▁मद
4438	▁वासी
4439	▁compassion
4440	▁concerned
4441	▁teachers
4442	▁डाटा
4443	▁बेहतरीन
4444	▁Home
4445	▁स्त्रियाँ
4446	▁स्वर्गदूतों
4447	▁Whatever
4448	▁medical
4449	▁घमंड
4450	मा
4451	▁drawn
4452	▁bones
4453	▁fish
4454	▁note
4455	▁bound
4456	▁submit
4457	ार
4458	▁Next
4459	▁appointment
4460	▁direct
4461	▁format
4462	▁reply
4463	▁round
4464	▁thereby
4465	▁Peace
4466	▁Truly
4467	▁endurance
4468	▁lord
4469	▁reasonable
4470	▁developed
4471	▁देवताओं
4472	▁भजनहार
4473	▁निकला
4474	▁Check
4475	▁School
4476	▁औरतें
4477	▁रहमान
4478	▁वाद
4479	ra
4480	▁emotional
4481	▁parable
4482	▁आज़ादी
4483	▁ढूंढें
4484	▁दक्षिण
4485	▁पाबन्द
4486	▁मन्दिर
4487	▁समझे
4488	▁ह
4489	▁finally
4490	▁inherit
4491	▁ruin
4492	▁safe
4493	▁specified
4494	▁गुप्त
4495	▁तंत्र
4496	▁तैयारी
4497	▁हज़ारों
4498	9
4499	▁carefully
4500	▁merely
4501	▁दूँगा
4502	▁पढ़कर
4503	▁शाखा
4504	▁Send
4505	▁society
4506	▁तंग
4507	▁पुकारते
4508	▁पू
4509	▁37
4510	te
4511	▁backs
4512	▁opening
4513	▁preached
4514	▁पी
4515	▁राय
4516	▁♪
4517	▁45
4518	▁evident
4519	▁examine
4520	▁जड़
4521	▁रखनेवाले
4522	Moses
4523	▁gifts
4524	▁late
4525	▁major
4526	▁कैथोलिक
4527	निकाह
4528	▁commandment
4529	▁foot
4530	▁चोरी
4531	▁बेथेल
4532	ist
4533	▁Find
4534	▁fighting
4535	▁private
4536	▁आठ
4537	▁नाई
4538	▁पनाह
4539	▁bringing
4540	▁छा
4541	▁Pharisees
4542	▁conceal
4543	▁helper
4544	▁principle
4545	▁दुश्मन
4546	▁मर्द
4547	▁Ezekiel
4548	▁deaf
4549	▁involves
4550	▁किताबें
4551	▁memo
4552	▁असली
4553	▁विशेष
4554	ॉ
4555	▁river
4556	▁बचाने
4557	▁dispute
4558	▁इसपर
4559	ce
4560	ver
4561	▁basic
4562	▁lessons
4563	▁sex
4564	▁आज्ञाकारी
4565	▁मना
4566	▁सफलता
4567	▁समर्थित
4568	▁चिह्नित
4569	▁authorities
4570	▁focus
4571	▁harvest
4572	▁police
4573	▁राहे
4574	▁beside
4575	▁certificate
4576	▁yes
4577	▁अन
4578	▁रास्त
4579	▁sufficient
4580	▁मौके
4581	▁Copy
4582	▁Nor
4583	▁bow
4584	▁wishes
4585	▁हलाल
4586	)!
4587	▁association
4588	▁fair
4589	▁included
4590	▁title
4591	▁Church
4592	▁burn
4593	▁magic
4594	▁relief
4595	▁घात
4596	▁रोमी
4597	▁unable
4598	▁देखी
4599	▁acceptable
4600	▁crime
4601	▁recite
4602	▁shepherd
4603	▁आज़ाद
4604	▁आवश्
4605	▁संपादित
4606	▁संभव
4607	तसबीह
4608	▁bless
4609	Indeed
4610	▁length
4611	यों
4612	▁firmly
4613	▁minutes
4614	▁personally
4615	▁Invalid
4616	▁Philippians
4617	▁पत्र
4618	▁प्रचारक
4619	▁फर्क
4620	▁स्वास्थ्य
4621	▁extent
4622	▁stayed
4623	▁पक्ष
4624	▁मैने
4625	▁योजना
4626	▁Type
4627	▁specific
4628	▁डालते
4629	▁निर्णय
4630	▁22:
4631	▁Muslims
4632	▁Z
4633	▁treatment
4634	▁आँखें
4635	▁परस्पर
4636	▁बस्तियों
4637	Go
4638	▁terms
4639	▁क़ादिर
4640	▁Unknown
4641	▁folk
4642	▁husbands
4643	▁mere
4644	▁क्रिया
4645	▁दिखाए
4646	▁बुज़ुर्ग
4647	▁समझना
4648	▁स्तरों
4649	▁खेती
4650	▁पाता
4651	▁संकट
4652	▁होनेवाली
4653	▁Clearly
4654	▁beloved
4655	▁kinds
4656	▁publishers
4657	▁understood
4658	▁प्रविष्ट
4659	▁29.
4660	▁goals
4661	▁truths
4662	विश्
4663	▁likewise
4664	▁music
4665	▁ship
4666	▁द्वार
4667	▁Color
4668	▁beneath
4669	▁delete
4670	▁welcome
4671	▁किये
4672	▁28.
4673	▁पहलू
4674	▁मरकुस
4675	ish
4676	उसकी
4677	▁बड़ाई
4678	▁लोहू
4679	▁विद्यार्थी
4680	▁effective
4681	▁worse
4682	▁Page
4683	▁decide
4684	▁telling
4685	▁wickedness
4686	▁जिन्न
4687	▁बनो
4688	▁मा
4689	wise
4690	च
4691	▁Ye
4692	▁identify
4693	▁डिफ़ॉल्ट
4694	▁बैठक
4695	▁विकसित
4696	▁agree
4697	▁listening
4698	▁revelation
4699	▁डालें
4700	▁मानी
4701	▁सप्ताह
4702	▁होगे
4703	▁conclusion
4704	so
4705	▁Being
4706	▁Once
4707	▁dream
4708	▁root
4709	▁warm
4710	▁दिखाती
4711	▁प्रतिक्रिया
4712	▁याजकों
4713	▁सीधी
4714	How
4715	ate
4716	▁destination
4717	▁particular
4718	▁अद्यतन
4719	▁माफी
4720	▁normal
4721	▁offerings
4722	▁price
4723	▁आत्म
4724	▁भेजी
4725	▁assembly
4726	▁leads
4727	ad
4728	▁divided
4729	नहीं
4730	▁Source
4731	▁ear
4732	▁easily
4733	▁statement
4734	their
4735	▁%2
4736	▁Noble
4737	▁operation
4738	▁चय
4739	▁पहुँची
4740	▁मम्मी
4741	▁लायक
4742	ING
4743	▁bar
4744	▁exalted
4745	▁कामयाबी
4746	▁नींद
4747	▁बरन
4748	▁Apostle
4749	▁continues
4750	▁imagine
4751	▁violent
4752	▁उपकरण
4753	▁बी
4754	▁स्थापित
4755	▁Note
4756	▁friendship
4757	▁sharing
4758	▁weeks
4759	▁भाषाओं
4760	▁>
4761	▁Body
4762	▁access
4763	▁companion
4764	▁decree
4765	▁faithless
4766	▁jinn
4767	▁remote
4768	▁साहित्य
4769	▁Free
4770	▁adds
4771	▁नष्ट
4772	▁प्रशंसा
4773	▁रोका
4774	▁lasting
4775	▁successfully
4776	▁ऊंचे
4777	▁वेब
4778	▁शैली
4779	▁PAGE
4780	▁experiences
4781	▁निकाले
4782	▁चालचलन
4783	▁बादल
4784	▁स्मारक
4785	▁Anjuta
4786	▁License
4787	▁practices
4788	▁suddenly
4789	▁बनाता
4790	फरिश्ते
4791	▁Gospel
4792	▁b
4793	▁tears
4794	हमारी
4795	ही
4796	▁pioneers
4797	▁असमर्थ
4798	▁खतरा
4799	▁टैब
4800	▁डरता
4801	▁बढ़ता
4802	▁बारी
4803	▁रोग
4804	▁संगीत
4805	▁NW
4806	▁bearing
4807	▁multitude
4808	▁pursue
4809	▁throw
4810	▁खबर
4811	am
4812	if
4813	▁convinced
4814	▁disciple
4815	▁strengthened
4816	▁विवेक
4817	▁सत्र
4818	▁House
4819	▁armies
4820	▁conversation
4821	▁grew
4822	▁अन्तिम
4823	▁पथभ्रष्ट
4824	▫
4825	▁तबाही
4826	▁पुलिस
4827	थ
4828	▁II
4829	▁purposes
4830	▁एल
4831	▁चुनौती
4832	▁दृष्टिकोण
4833	▁बैठ
4834	▁विचारों
4835	co
4836	▁गहराई
4837	▁देखोगे
4838	▁मौसम
4839	▁ruler
4840	▁सुझाव
4841	▁City
4842	▁includes
4843	▁instruction
4844	▁बीज
4845	वें
4846	▁foreign
4847	▁प्रबंधक
4848	▁रहम
4849	id
4850	उनकी
4851	दादा
4852	▁burnt
4853	▁iron
4854	▁पत्नियों
4855	▁बढ़ते
4856	▁बीविय
4857	ian
4858	▁buy
4859	▁expected
4860	▁leaves
4861	▁missionaries
4862	▁previous
4863	▁valid
4864	▁जगहों
4865	▁लड़ने
4866	▁शरण
4867	़त
4868	▁limited
4869	▁अतिरिक्
4870	▁अलबत्ता
4871	▁यक
4872	पाकीज़ा
4873	िए
4874	▁Clear
4875	▁count
4876	▁growth
4877	▁needy
4878	▁चमत्कार
4879	▁दु
4880	ियां
4881	▁31.
4882	▁universe
4883	▁ख़
4884	▁मनोरंजन
4885	▁attended
4886	▁fallen
4887	▁खेत
4888	▁देह
4889	org
4890	▁LDAP
4891	▁camp
4892	▁~
4893	▁उठे
4894	▁नैतिक
4895	▁occur
4896	▁offline
4897	▁विश्राम
4898	किसी
4899	▁Germany
4900	▁formed
4901	▁strike
4902	▁कमाई
4903	▁मांस
4904	ous
4905	▁divorce
4906	▁धूप
4907	▁लैंगिक
4908	▁व्यस्त
4909	go
4910	ir
4911	▁bed
4912	▁fearing
4913	▁unique
4914	▁ग़लत
4915	▁डालने
4916	▁letters
4917	▁pleases
4918	▁speaks
4919	▁uses
4920	▁viewed
4921	▁आज्ञाओं
4922	▁इनाम
4923	▁जादूगर
4924	8
4925	com
4926	▁24,
4927	▁Young
4928	▁grief
4929	▁improve
4930	▁nine
4931	▁valuable
4932	▁यकता
4933	▁remnant
4934	▁restore
4935	▁आएगी
4936	▁घोषणा
4937	▁निर्भर
4938	▁बनाओ
4939	▁मानता
4940	▁संरक्षक
4941	▁हफ्ते
4942	▁तालीम
4943	▁साझी
4944	)."
4945	▁Really
4946	▁hasten
4947	▁immorality
4948	▁पादरी
4949	▁बताते
4950	▁Out
4951	▁माहौल
4952	▁रहकर
4953	▁Choose
4954	▁negative
4955	▁दोज़ख़
4956	▁वैध
4957	ti
4958	जी
4959	▁Christianity
4960	▁KDE
4961	▁Public
4962	▁ऊँचे
4963	▁पारिवारिक
4964	▁worth
4965	▁आदर्श
4966	▁पड़ोसी
4967	▁custom
4968	▁discreet
4969	▁overseers
4970	▁remains
4971	▁आग्रह
4972	▁चिन्ता
4973	हो
4974	▁rock
4975	▁steadfast
4976	▁इनसे
4977	▁उतारी
4978	▁घेर
4979	▁commands
4980	▁knoweth
4981	▁unseen
4982	▁यू
4983	▁समूद
4984	▁Import
4985	▁mothers
4986	▁poverty
4987	▁sat
4988	▁अफसोस
4989	▁दूत
4990	▁वी
4991	▁affected
4992	▁behavior
4993	▁discuss
4994	▁function
4995	▁आखिरकार
4996	▁यात्रा
4997	▁Certificate
4998	▁cope
4999	▁flee
5000	▁naught
5001	▁recently
5002	▁treasure
5003	▁चेहरे
5004	▁ताज्ज
5005	▁advantage
5006	▁clay
5007	▁legal
5008	▁north
5009	▁लंबे
5010	अपना
5011	▁East
5012	▁clouds
5013	▁succeed
5014	▁दण्ड
5015	▁भयानक
5016	▁भेजने
5017	▁२३
5018	▁perish
5019	▁सूरज
5020	▁२५
5021	▁Mercy
5022	▁displayed
5023	▁wilt
5024	▁completed
5025	▁demons
5026	▁glorify
5027	▁जे
5028	▁बतायी
5029	▁सीडी
5030	नजात
5031	▁situations
5032	▁घृणा
5033	▁जीव
5034	▁पिताजी
5035	▁बदलने
5036	▁संलग्नक
5037	▁fought
5038	▁gates
5039	▁paid
5040	▁thankful
5041	▁twenty
5042	▁फरमाया
5043	▁accomplish
5044	▁charge
5045	ance
5046	me
5047	ेंगे
5048	▁France
5049	▁Levites
5050	▁Woe
5051	▁attending
5052	▁f
5053	▁probably
5054	▁village
5055	▁तनाव
5056	▁निकाय
5057	▁बोली
5058	j
5059	se
5060	वही
5061	▁inform
5062	▁tribes
5063	▁आद
5064	▁गाँव
5065	▁झगड़े
5066	ुल
5067	▁pieces
5068	▁zeal
5069	▁टाइप
5070	▁शासी
5071	▁pane
5072	▁testimony
5073	▁उलट
5074	▁नतीजे
5075	▁bodies
5076	▁निकलने
5077	▁महा
5078	▁Himself
5079	▁joyful
5080	▁particularly
5081	▁डॉ
5082	▁issues
5083	▁troubled
5084	▁औज़ार
5085	▁abundant
5086	▁editor
5087	▁leaving
5088	▁quit
5089	▁अक्सर
5090	▁सहारा
5091	िन
5092	▁Sea
5093	▁praying
5094	▁rightly
5095	▁waste
5096	▁फाटक
5097	▁URI
5098	▁आदत
5099	▁शेष
5100	▁restored
5101	▁बारह
5102	▁सामग्री
5103	▁..
5104	▁higher
5105	▁per
5106	▁reality
5107	▁Options
5108	▁performed
5109	▁recited
5110	▁slain
5111	▁translated
5112	▁दिलासा
5113	▁दीं
5114	knowing
5115	मत
5116	▁assist
5117	▁consideration
5118	▁double
5119	▁global
5120	▁कार्यों
5121	▁ख़ौफ
5122	▁तेज़
5123	अंग्रेज़ी
5124	प्रतिदान
5125	▁POP
5126	▁reign
5127	▁travel
5128	अगर
5129	▁Fear
5130	▁valley
5131	▁आनेवाली
5132	▁गति
5133	▁देगी
5134	▁संदेह
5135	▁receiving
5136	▁verse
5137	▁प्रभावित
5138	▁enjoyment
5139	▁अधिकतम
5140	▁करुणा
5141	▁द्वीप
5142	▁पल
5143	▁विद्यार्थियों
5144	ीदा
5145	▁code
5146	▁अपराधी
5147	▁एन
5148	▁सिद्धांतों
5149	▁स्वतः
5150	ँ
5151	▁DVD
5152	▁dangerous
5153	▁east
5154	▁notes
5155	▁किलोमीटर
5156	▁encouraging
5157	▁follows
5158	▁growing
5159	▁liars
5160	▁unclean
5161	▁walked
5162	▁नौजवान
5163	▁माध्यम
5164	▁होनेवाले
5165	▁drinking
5166	▁Memorial
5167	▁None
5168	▁temptation
5169	▁ढेर
5170	▁तुच्छ
5171	▁दूँ
5172	▁देवता
5173	▁मोल
5174	▁लाएँ
5175	▁होगें
5176	▁forces
5177	▁options
5178	di
5179	▁Its
5180	▁hair
5181	▁visible
5182	▁wild
5183	▁ख
5184	▁जर्मनी
5185	ful
5186	▁90
5187	▁associates
5188	▁background
5189	▁comments
5190	▁limits
5191	▁powers
5192	▁जोड़ा
5193	कुबूल
5194	▁moment
5195	▁recall
5196	▁ऊँची
5197	▁रोकते
5198	▁deleted
5199	▁handle
5200	▁insight
5201	▁referred
5202	▁render
5203	▁अगरचे
5204	▁प्रथम
5205	▁हथियार
5206	▁End
5207	▁Inc
5208	▁प्रक्रिया
5209	▁बेहिश्त
5210	▁हिंसा
5211	▁Okay
5212	▁contrary
5213	▁obtain
5214	▁student
5215	▁चढ़ाई
5216	▁राहत
5217	▁समर्पण
5218	बा
5219	रो
5220	▁deed
5221	▁doth
5222	▁worshippers
5223	▁पड़ते
5224	▁हँसी
5225	हाँ
5226	▁Without
5227	▁ease
5228	▁meat
5229	▁गलतियों
5230	▁डाउनलोड
5231	▁directed
5232	▁invitation
5233	▁meal
5234	▁समझकर
5235	▁Australia
5236	▁Ecclesiastes
5237	▁aught
5238	▁21,
5239	▁confident
5240	▁temporary
5241	▁डालेगा
5242	▁प्रेरणा
5243	our
5244	▁approval
5245	▁energy
5246	▁prospect
5247	▁अगुवाई
5248	वी
5249	weather
5250	▁La
5251	▁]
5252	▁elderly
5253	▁train
5254	▁दोषी
5255	▁Colossians
5256	▁doctor
5257	▁नौ
5258	▁Govern
5259	▁email
5260	▁recognized
5261	▁sir
5262	▁अनिवार्य
5263	▁करम
5264	▁चोट
5265	▁38
5266	▁Japan
5267	▁across
5268	▁appears
5269	▁description
5270	▁respite
5271	▁बदौलत
5272	▁बनना
5273	▁सुनाने
5274	▁होनी
5275	ेगा
5276	▁स्वभाव
5277	mo
5278	per
5279	▁pattern
5280	▁कहां
5281	▁छः
5282	▁Whom
5283	▁fears
5284	▁अधिकांश
5285	▁जानी
5286	▁परिश्रम
5287	▁बचने
5288	उनके
5289	▁black
5290	▁challenges
5291	▁कनेक्शन
5292	▁क़रार
5293	▁पापी
5294	▁बोलते
5295	▁सत्यापन
5296	▁समुदाय
5297	▁Thank
5298	▁patiently
5299	▁तिगत
5300	ph
5301	▁descendants
5302	▁dry
5303	▁forgiving
5304	▁limit
5305	▁military
5306	▁possessions
5307	▁अधिकारियों
5308	▁पासवर्ड
5309	▁लिंक
5310	ton
5311	डी
5312	▁environment
5313	▁grain
5314	▁territory
5315	▁फ़
5316	▁सकेगा
5317	hi
5318	▁drop
5319	▁keeps
5320	▁नुक़सान
5321	ha
5322	▁Under
5323	▁contacts
5324	▁demonstrate
5325	▁preview
5326	▁thank
5327	▁खतरे
5328	▁जय
5329	▁डालो
5330	▁तकलीफों
5331	Lord
5332	▁YOU
5333	▁beast
5334	▁believes
5335	▁glorious
5336	▁height
5337	▁डेस्कटॉप
5338	BA
5339	▁Command
5340	▁Pacific
5341	▁rules
5342	▁superior
5343	▁खोलने
5344	▁वैस
5345	ge
5346	▁carrying
5347	▁charity
5348	▁stress
5349	▁मंज़ूर
5350	▁सेहत
5351	time
5352	▁Dad
5353	▁afflicted
5354	▁discussion
5355	▁गाड़ी
5356	एल
5357	▁Exalted
5358	▁abuse
5359	▁beauty
5360	▁ऑडियो
5361	▁नगरों
5362	पी
5363	▁circuit
5364	▁cometh
5365	▁पुरानी
5366	▁भारत
5367	▁शीर्षिका
5368	ta
5369	▁effects
5370	▁numbers
5371	▁अवस्था
5372	▁आज़माइश
5373	▁center
5374	▁haply
5375	▁listed
5376	▁reminded
5377	▁शा
5378	ER
5379	forgiving
5380	कोई
5381	▁Eden
5382	▁Family
5383	▁track
5384	▁treated
5385	▁कु
5386	▁Click
5387	▁Ha
5388	▁Web
5389	▁चलाने
5390	▁चाहो
5391	▁हमला
5392	▁entertainment
5393	▁whenever
5394	▁उपस्थिति
5395	▁जाएँगी
5396	▁महीनों
5397	age
5398	उसका
5399	▁Brooklyn
5400	▁Finally
5401	▁Jonah
5402	▁broke
5403	▁trained
5404	▁उठाकर
5405	▁बोला
5406	▁Calendar
5407	▁History
5408	▁miracles
5409	▁चाताप
5410	▁नये
5411	responsibilities
5412	▁IMAP
5413	▁Were
5414	▁appearance
5415	▁proclaim
5416	▁resist
5417	▁settings
5418	▁Mail
5419	▁affair
5420	▁contribute
5421	▁immoral
5422	▁useful
5423	▁{0}
5424	▁दर्जे
5425	▁हां
5426	X
5427	▁Matt
5428	▁पाकर
5429	▁बरसात
5430	▁शत्रुओं
5431	other
5432	▁accord
5433	▁ships
5434	ma
5435	ted
5436	▁Aware
5437	▁angry
5438	▁items
5439	▁ought
5440	▁दौर
5441	▁निष्क्रिय
5442	▁पढ़ना
5443	▁फिलिप्पियों
5444	▁भरें
5445	line
5446	mi
5447	▁enabled
5448	▁green
5449	▁shared
5450	▁standard
5451	▁शताब्दी
5452	but
5453	www
5454	▁Best
5455	▁surface
5456	▁अन्याय
5457	▁खराब
5458	▁प्रसन्
5459	▁फिरदौस
5460	▁हटाएँ
5461	▁Galatians
5462	▁Jordan
5463	▁additional
5464	▁difference
5465	▁react
5466	▁vast
5467	▁wrongdoing
5468	▁एकदम
5469	▁Number
5470	▁tabernacle
5471	▁काबिल
5472	▁तरक्की
5473	▁प्राणी
5474	▁बलि
5475	▁शिक्षक
5476	ak
5477	▁26.
5478	▁secular
5479	▁younger
5480	▁खूबसूरत
5481	▁छाया
5482	▁दृष्टांत
5483	▁American
5484	▁Files
5485	▁rebellion
5486	▁song
5487	▁spake
5488	▁worshipped
5489	▁इसीलिए
5490	▁उन्
5491	▁ख्वाहिश
5492	▁निशान
5493	▁माफ़
5494	▁व्यापार
5495	▁सागर
5496	▁स्थायी
5497	7
5498	▁??
5499	▁Philistines
5500	▁cloud
5501	▁lower
5502	▁oaths
5503	▁survive
5504	▁खातिर
5505	▁दस्तावेज
5506	▁Earth
5507	▁connect
5508	▁fixed
5509	▁mark
5510	▁newspaper
5511	▁prophecies
5512	▁replace
5513	▁जवानों
5514	▁डरा
5515	▁German
5516	▁believer
5517	▁fled
5518	▁outstanding
5519	▁sorry
5520	▁अटल
5521	▁उठाना
5522	▁फूल
5523	▁मुख
5524	▁Server
5525	▁वास्तविक
5526	िश
5527	▁Deuteronomy
5528	▁attain
5529	▁provisions
5530	खुदा
5531	▁33.
5532	▁Internet
5533	▁balance
5534	▁ordained
5535	▁session
5536	▁writer
5537	▁अक्षर
5538	▁इता
5539	▁तस्वीर
5540	▁नियंत्रण
5541	▁परेशान
5542	▁d
5543	▁dark
5544	▁listened
5545	▁refuse
5546	▁हट
5547	et
5548	दा
5549	स्
5550	▁Call
5551	▁finished
5552	▁करतूत
5553	ंट
5554	▁27.
5555	▁80
5556	▁communication
5557	▁responded
5558	▁rulers
5559	▁tasks
5560	▁सर्वदा
5561	पूर्ण
5562	▁घट
5563	▁पिताओं
5564	▁फैला
5565	pe
5566	▁48
5567	▁discussed
5568	▁corrupt
5569	▁judges
5570	▁notice
5571	▁जीना
5572	ating
5573	▁Furthermore
5574	▁describe
5575	▁आधुनिक
5576	▁दम
5577	▁बताओ
5578	this
5579	उ
5580	▁Garden
5581	▁उतर
5582	▁झुंड
5583	▁तुरंत
5584	▁फिरते
5585	▁बढ़ने
5586	▁बाहरी
5587	▁रखकर
5588	▁Except
5589	▁Think
5590	▁witnessing
5591	▁ज्यादत
5592	▁बिजली
5593	▁मनपसंद
5594	▁applied
5595	▁खोलकर
5596	▁भगवान
5597	▁सम्मेलन
5598	▁Said
5599	▁wherever
5600	▁पाँव
5601	ka
5602	पैग़म्बर
5603	▁Editor
5604	▁cost
5605	▁decreed
5606	▁feared
5607	हमने
5608	▁satisfaction
5609	▁worlds
5610	▁कोड
5611	▁जोड़ने
5612	▁helpful
5613	▁indicate
5614	▁tender
5615	▁दलील
5616	▁दिलाया
5617	▁परीक्षाओं
5618	▁बरबाद
5619	▁Likewise
5620	▁अपेक्षा
5621	Jesus
5622	▁cease
5623	▁international
5624	▁टाल
5625	▁भिन्
5626	▁oath
5627	▁shame
5628	▁wars
5629	▁कलीसियाओं
5630	▁निराशा
5631	▁पड़ने
5632	टी
5633	▁Thy
5634	▁advance
5635	▁burned
5636	▁garments
5637	▁hardship
5638	▁sinned
5639	▁sitting
5640	▁target
5641	गोया
5642	जा
5643	वि
5644	▁Both
5645	▁TRANS
5646	▁दाहिने
5647	▁पाएँ
5648	▁भुला
5649	▁समझाने
5650	Is
5651	इन
5652	दो
5653	▁caring
5654	▁grievous
5655	▁परवरिश
5656	▁प्रसन्न
5657	▁मिट
5658	▁लाता
5659	▁सोना
5660	▁sickness
5661	▁अक्षरों
5662	▁खतरनाक
5663	▁चलें
5664	▁दिखायें
5665	▁सबकुछ
5666	▁scriptures
5667	▁united
5668	▁utter
5669	है
5670	▁Mr
5671	▁cup
5672	▁reckoning
5673	▁theme
5674	▁एलिय्याह
5675	▁टावर
5676	▁Shall
5677	▁dealing
5678	▁device
5679	▁इबरत
5680	▁उम्मत
5681	▁काफिर
5682	▁चेला
5683	▁जॉन
5684	▁मौजिज़े
5685	▁सरीह
5686	▁सवाब
5687	will
5688	बहुत
5689	▁Answer
5690	▁Know
5691	▁anxiety
5692	▁princes
5693	▁views
5694	▁writes
5695	▁एहकाम
5696	▁चूँकि
5697	▁ठहराते
5698	▁नियुक्त
5699	▁युक्ति
5700	▁Up
5701	▁factors
5702	▁ईश्वर
5703	▁ख़ैर
5704	▁बचपन
5705	▁समझो
5706	▁Settings
5707	▁arise
5708	▁indicated
5709	▁खत
5710	▁पुष्टि
5711	▁मात्रा
5712	▁Am
5713	▁Upon
5714	▁Version
5715	▁fruitage
5716	▁arrogant
5717	▁rely
5718	▁इसराएलियों
5719	▁इस्लाम
5720	▁केडीई
5721	▁मारने
5722	▁सरल
5723	0
5724	New
5725	▁treasures
5726	▁warnings
5727	▁स्वचालित
5728	क्यों
5729	भ
5730	▁Stop
5731	▁contents
5732	▁hundreds
5733	▁rebellious
5734	▁teaches
5735	▁क़दर
5736	▁महायाजक
5737	▁Exodus
5738	▁Hav
5739	▁calamity
5740	▁describes
5741	▁manager
5742	▁unknown
5743	▁कृतज्ञता
5744	▁दूरी
5745	▁सफ़र
5746	▁सुनाई
5747	J
5748	▁<
5749	▁Baal
5750	▁Mother
5751	▁bond
5752	▁freely
5753	▁release
5754	▁करूँगा
5755	ci
5756	एस
5757	तौर
5758	साफ़
5759	▁differ
5760	▁forms
5761	▁पांच
5762	▁महफूज़
5763	▁लिखें
5764	da
5765	अच्छे
5766	▁Ibrahim
5767	▁twice
5768	▁wage
5769	▁अगली
5770	▁अब्राहम
5771	▁पृष्ठभूमि
5772	▁प्रस्तुत
5773	▁बेकार
5774	▁हक
5775	्ड
5776	▁(2)
5777	▁Questions
5778	▁remaining
5779	▁प्रार्थनाओं
5780	▁cold
5781	▁perceive
5782	▁केंद्र
5783	▁धोखे
5784	▁constantly
5785	▁zealous
5786	मुशरेकीन
5787	▁rewarded
5788	▁twelve
5789	▁लेती
5790	▁विपरीत
5791	Compare
5792	LAT
5793	▁pious
5794	▁sides
5795	▁sorrow
5796	▁willingly
5797	▁आरम्भ
5798	▁ऑफ़लाइन
5799	▁घड़
5800	▁चूर
5801	▁सरदार
5802	ite
5803	vi
5804	▁De
5805	▁मण्डली
5806	▁सन्देह
5807	▁28,
5808	▁55
5809	▁French
5810	▁adultery
5811	▁cell
5812	▁herself
5813	▁island
5814	▁series
5815	▁डीवीडी
5816	▁बनायी
5817	▁◆
5818	▁affliction
5819	▁dealings
5820	▁hot
5821	▁प्रीति
5822	▁accomplished
5823	▁assured
5824	▁beneficial
5825	▁directly
5826	▁publication
5827	▁क्लास
5828	▁रो
5829	▁30.
5830	▁NHT
5831	▁जागते
5832	▁Islam
5833	▁ended
5834	▁foundation
5835	▁skin
5836	▁आएँगे
5837	▁तलाक़
5838	▁दाखमधु
5839	▁भूख
5840	▁माने
5841	▁रोज़े
5842	ho
5843	ize
5844	▁Land
5845	▁Oft
5846	▁encounter
5847	▁otherwise
5848	▁अनुशासन
5849	▁कुरान
5850	▁ठोकर
5851	▁हमपर
5852	Your
5853	sh
5854	यी
5855	▁35.
5856	▁causing
5857	▁clothing
5858	▁innocent
5859	▁religions
5860	▁slow
5861	▁ungrateful
5862	▁दीवार
5863	▁Ex
5864	▁breasts
5865	▁closely
5866	▁lips
5867	▁quoted
5868	▁खुल्लम
5869	मन
5870	स्ट
5871	स्त
5872	▁State
5873	▁require
5874	▁stopped
5875	▁इब्
5876	▁गिरफ्तार
5877	▁ज्योति
5878	▁झगड़ा
5879	▁पाई
5880	▁बेटियाँ
5881	ru
5882	we
5883	▁23,
5884	▁fourth
5885	▁अन्जाम
5886	▁जाएँगें
5887	▁ट्रैक
5888	▁exactly
5889	▁mature
5890	▁promote
5891	▁prophetic
5892	▁struggle
5893	▁एक्स
5894	▁चंगा
5895	▁प्रतिफल
5896	▁constant
5897	▁south
5898	▁गुनाहगार
5899	▁जुड़े
5900	▁निम्न
5901	▁सभोपदेशक
5902	आज
5903	▁grown
5904	▁speed
5905	▁spring
5906	▁staff
5907	▁जज़ा
5908	▁वॉच
5909	▁सिखा
5910	*
5911	▁Ps
5912	▁essential
5913	▁forced
5914	▁total
5915	▁अद्
5916	▁उल्लंघन
5917	▁सदियों
5918	▁decades
5919	▁fornication
5920	▁marked
5921	▁undeserved
5922	▁उड़ा
5923	▁जीते
5924	नेवाली
5925	▁BE
5926	▁chance
5927	▁v
5928	▁खाए
5929	▁पहाड़ी
5930	▁सरदारों
5931	▁Jonathan
5932	▁compared
5933	▁neighbors
5934	▁studied
5935	▁woe
5936	▁काबिलीयत
5937	▁परहेज़गारी
5938	▁सहेज
5939	▁Recall
5940	▁girls
5941	▁जाया
5942	▁पैर
5943	▁happens
5944	▁partner
5945	▁reveals
5946	▁slay
5947	▁April
5948	▁Tract
5949	▁grave
5950	▁subjected
5951	▁सीखना
5952	▁२८
5953	land
5954	▁honest
5955	▁palm
5956	▁testify
5957	▁चाँद
5958	▁जवानी
5959	▁पढ़ी
5960	▁प्रशांत
5961	▁रोकने
5962	▁३०
5963	▁Hezekiah
5964	▁एवं
5965	▁चलती
5966	▁महिला
5967	▁यहेजकेल
5968	▁Change
5969	▁Print
5970	▁argument
5971	▁aspects
5972	▁easier
5973	▁evidently
5974	▁iniquity
5975	▁चरवाहे
5976	▁संघर्ष
5977	▁News
5978	▁distance
5979	▁drew
5980	▁healthy
5981	▁link
5982	▁अज्र
5983	▁कर्ता
5984	ary
5985	▁devoted
5986	▁invite
5987	▁research
5988	▁खाया
5989	▁नाहक़
5990	merciful
5991	ty
5992	आगाह
5993	▁(1)
5994	▁ignorant
5995	▁sets
5996	▁अन्दर
5997	▁पसंदीदा
5998	▁arose
5999	▁border
6000	▁desired
6001	▁inner
6002	▁site
6003	▁widow
6004	▁कश्त
6005	▁छिपाते
6006	▁छीन
6007	▁दरख्त
6008	▁भड़कत
6009	▁विशिष्ट
6010	▁विस्तार
6011	ated
6012	इ
6013	▁guardian
6014	▁refers
6015	▁soldiers
6016	▁छूट
6017	▁भिन्न
6018	▁सिखाते
6019	▁Service
6020	▁kindly
6021	▁liar
6022	▁ज़िम्मे
6023	▁पूर्ति
6024	▁फरमा
6025	op
6026	▁Sometimes
6027	▁पकड़े
6028	▁फिरौन
6029	▁फैल
6030	▁acted
6031	▁properly
6032	▁कुशल
6033	▁ढंग
6034	▁पक्षी
6035	▁audio
6036	▁forbid
6037	▁heat
6038	▁ordered
6039	▁बरसाया
6040	▁doom
6041	▁impossible
6042	▁खजूर
6043	ial
6044	▁23:
6045	▁boys
6046	▁conclude
6047	▁designed
6048	▁fault
6049	▁illness
6050	▁resolve
6051	▁winds
6052	▁छुड़ौती
6053	▁पते
6054	▁सभ
6055	ga
6056	▁determine
6057	▁exposed
6058	▁menu
6059	▁poured
6060	▁privileges
6061	▁shut
6062	▁tax
6063	▁चट्टान
6064	▁तरस
6065	▁प्रकाशन
6066	▁मात्र
6067	▁लाएँगे
6068	▁स्वतंत्रता
6069	उनसे
6070	ठीक
6071	▁towns
6072	▁transgressors
6073	▁अश्
6074	▁किसने
6075	▁दरवाज़े
6076	▁मोहलत
6077	सर
6078	▁'?
6079	▁'{0}'
6080	▁sold
6081	▁जंगली
6082	his
6083	▁Master
6084	▁engage
6085	▁faithfully
6086	▁ideas
6087	▁rejoicing
6088	▁scattered
6089	▁seriously
6090	▁करा
6091	▁कानों
6092	▁दादाओं
6093	▁परादीस
6094	▁समस्याएँ
6095	▁सोसाइटी
6096	AR
6097	Peace
6098	▁enable
6099	▁memory
6100	▁भुत
6101	▁Cor
6102	▁Information
6103	▁Light
6104	▁SONGS
6105	▁financial
6106	▁red
6107	▁वस्त्रा
6108	▁सु
6109	मेरा
6110	ुजू
6111	▁Throne
6112	▁Translation
6113	▁begotten
6114	▁creature
6115	▁despair
6116	▁shed
6117	▁इज़्ज़त
6118	▁उठकर
6119	▁खैर
6120	▁चखो
6121	▁ताज़ा
6122	▁लॉग
6123	▁शुक्रिया
6124	em
6125	ure
6126	▁refer
6127	▁selection
6128	▁टिप्पणी
6129	▁तीर
6130	▁लौटकर
6131	▁संभवतः
6132	▁हा
6133	great
6134	om
6135	▁Neither
6136	▁Thamud
6137	▁providing
6138	▁अरबी
6139	▁भावनाएँ
6140	▁मनों
6141	▁Password
6142	▁plant
6143	▁subjects
6144	▁क़ब्ल
6145	▁कुलुस्सियों
6146	▁तेज़ी
6147	▁विरासत
6148	ंड
6149	▁Data
6150	▁earn
6151	▁forefathers
6152	▁गर्म
6153	▁छोड़ने
6154	▁छोड़ें
6155	▁मछली
6156	▁विज्ञान
6157	Have
6158	▁allows
6159	▁organized
6160	▁अवज्ञा
6161	▁उन्होने
6162	▁वाक़िफ़
6163	os
6164	फ़
6165	▁fields
6166	▁profit
6167	▁relations
6168	▁worst
6169	▁निर्दोष
6170	▁बगैर
6171	▁भांति
6172	▁माननेवाले
6173	▁साझीदार
6174	saying
6175	▁Disable
6176	▁El
6177	▁User
6178	▁belied
6179	▁असिद्ध
6180	▁तेज
6181	▁याक़ूब
6182	तब
6183	▁Worship
6184	▁attendance
6185	▁evildoers
6186	▁http
6187	▁impressed
6188	▁o
6189	▁pleasant
6190	▁settled
6191	▁खाकर
6192	▁डूब
6193	▁निन्दा
6194	é
6195	▁("
6196	▁Size
6197	▁appoint
6198	▁ends
6199	▁photo
6200	▁polytheists
6201	▁बुद्धिमानी
6202	▁मज़े
6203	▁मानें
6204	▁विधवा
6205	>
6206	ीन
6207	▁Times
6208	▁exchange
6209	▁failure
6210	▁pointed
6211	▁ज़रूरतों
6212	your
6213	▁Date
6214	▁driven
6215	▁indicates
6216	▁पढ़ाई
6217	▁प्राप्तकर्ता
6218	▁समझदार
6219	ine
6220	ख्तियार
6221	▁42
6222	▁Welcome
6223	▁caught
6224	▁mischief
6225	▁जापान
6226	▁परिवारों
6227	▁लीस
6228	मी
6229	▁Biblical
6230	▁ascribe
6231	▁discovered
6232	▁released
6233	▁कचरा
6234	▁ब्याह
6235	▁सहमत
6236	▁सिफ़ारिश
6237	▁bitter
6238	▁fit
6239	▁stick
6240	▁thrown
6241	▁प्रगति
6242	▁सुंदर
6243	▁invoke
6244	▁opportunities
6245	▁popular
6246	▁population
6247	▁possession
6248	▁questioned
6249	▁अन्यजातियों
6250	▁प्रोजेक्ट
6251	▁माँगता
6252	▁लकड़ी
6253	देखो
6254	▁Monotheism
6255	▁Screen
6256	▁Zion
6257	▁cursed
6258	▁facts
6259	▁holding
6260	▁label
6261	▁looks
6262	▁sweet
6263	▁वग़ैरह
6264	▁51
6265	▁drowned
6266	▁drugs
6267	▁obeyed
6268	▁region
6269	▁reproach
6270	▁एख्तेयार
6271	▁कुफ्फार
6272	▁बसे
6273	lt
6274	not
6275	▁Plugin
6276	▁इसहाक
6277	▁दाख
6278	▁यॉर्क
6279	▁वफ़ादार
6280	\\
6281	जिस
6282	धर्म
6283	▁European
6284	▁computer
6285	▁dawn
6286	▁tongues
6287	▁जानेवाली
6288	▁दफ्तर
6289	▁प्रोत्साहित
6290	▁बुत
6291	▁मजबूर
6292	▁सम्मुख
6293	▁सिरजनहार
6294	▁Kings
6295	▁Le
6296	▁degree
6297	▁hospital
6298	▁ख़राब
6299	▁Parents
6300	▁signature
6301	▁महल
6302	▁=
6303	▁expressions
6304	▁k
6305	▁milk
6306	▁इच्छाओं
6307	▁जाननेवाला
6308	▁लालच
6309	▁हाकिम
6310	▁Micah
6311	▁assuredly
6312	▁season
6313	▁निवेदन
6314	▁पर्याप्त
6315	▁बचाया
6316	▁व्यवस्थाविवरण
6317	Z
6318	q
6319	tic
6320	किस
6321	▁उठता
6322	▁घरवालों
6323	▁पिछली
6324	▁बादशाह
6325	▁मक्का
6326	▁सड़क
6327	▁Filter
6328	▁Messages
6329	▁West
6330	▁cancer
6331	▁marvelous
6332	▁छत
6333	▁फट
6334	▁यरदन
6335	▁रहोगे
6336	▁लगाना
6337	▁सकी
6338	▁forgotten
6339	▁highly
6340	▁reference
6341	▁t
6342	▁अनुमान
6343	▁कराया
6344	Then
6345	▁brain
6346	▁retribution
6347	▁shepherds
6348	▁खुलकर
6349	▁दोनो
6350	▁मज़दूरी
6351	▁मिटाना
6352	▁मेहरबानी
6353	▁ignore
6354	▁width
6355	▁प
6356	con
6357	कहीं
6358	▁Elisha
6359	▁Nations
6360	▁clergy
6361	▁safety
6362	▁अप
6363	▁अविश्
6364	▁लड़ते
6365	▁Zechariah
6366	▁alike
6367	▁churches
6368	▁critical
6369	▁inhabited
6370	▁magazines
6371	▁wedding
6372	▁करूं
6373	▁विरोधी
6374	Are
6375	By
6376	▁afterward
6377	▁middle
6378	▁mount
6379	▁plans
6380	▁छिपी
6381	▁झुठलाओगे
6382	▁रोज़ा
6383	▁शिष्यों
6384	▁साहस
6385	Did
6386	Keep
6387	nstell
6388	son
6389	▁Praise
6390	▁economic
6391	▁fat
6392	▁ministers
6393	▁अनजान
6394	▁अमानत
6395	▁पोर्ट
6396	who
6397	वर
6398	▁gets
6399	▁grand
6400	▁कतरा
6401	▁गुज़रे
6402	▁मीका
6403	ऐसा
6404	▁Back
6405	▁Islamic
6406	▁determination
6407	▁disobedient
6408	▁map
6409	▁इलाकों
6410	▁खयाल
6411	▁सोचता
6412	मेरी
6413	रसूल
6414	▁कार्ड
6415	▁निकलकर
6416	▁श
6417	ap
6418	only
6419	इसी
6420	▁Imagine
6421	▁Mohammed
6422	▁Mosaic
6423	▁assistance
6424	▁column
6425	▁generous
6426	▁unaware
6427	▁wood
6428	▁अपमान
6429	▁पहुँचाने
6430	▁महत्त्व
6431	▁वर्षों
6432	▁स्थानों
6433	▁GNU
6434	▁Sarah
6435	▁clothes
6436	▁judged
6437	▁virtue
6438	▁wherewith
6439	▁पिछला
6440	Come
6441	gt
6442	▁n
6443	▁relates
6444	▁stronger
6445	▁अंश
6446	▁चुप
6447	▁जानें
6448	▁नूर
6449	▁संपत्ति
6450	▁संवाद
6451	▁सन्दूक
6452	पहले
6453	▁प्लगिन
6454	▁बचाव
6455	▁लेखों
6456	▁विकास
6457	▁119
6458	▁Gentiles
6459	▁capital
6460	▁likeness
6461	▁numerous
6462	▁ran
6463	▁supply
6464	▁गले
6465	▁जानों
6466	▁वगैरह
6467	▁सख्ती
6468	▁समर्थ
6469	▁["
6470	▁dominion
6471	▁honour
6472	▁humbly
6473	▁hunger
6474	▁प्रयुक्त
6475	▁सर्वज्ञ
6476	▁सुलेमान
6477	▁applying
6478	▁font
6479	▁habits
6480	▁instructions
6481	▁interpretation
6482	▁इरादे
6483	▁इसराएल
6484	▁चिट्ठी
6485	▁भरपूर
6486	▁मनोवृत्ति
6487	▁लगें
6488	▁सर्किट
6489	▁FOR
6490	▁Israelite
6491	▁March
6492	▁Regard
6493	▁outcome
6494	▁virtuous
6495	▁गणना
6496	▁गाय
6497	▁ज़्यादत
6498	ran
6499	गे
6500	▁August
6501	▁SSL
6502	▁lifted
6503	▁खींच
6504	▁दिये
6505	▁निकलते
6506	▁समाप्ति
6507	▁हैसियत
6508	que
6509	▁1919
6510	▁Compare
6511	▁foolish
6512	▁national
6513	▁openly
6514	▁क़
6515	▁ख़बरदार
6516	▁बग़ैर
6517	▁सृष्टिकर्ता
6518	ba
6519	▁disobedience
6520	▁phone
6521	▁प्रत्यक्ष
6522	▁बंधन
6523	▁शिर्क
6524	बेहिश्त
6525	▁Wherefore
6526	▁disgrace
6527	▁played
6528	▁किलों
6529	▁घाटा
6530	▁मग़फ
6531	▁राष्ट्रों
6532	ko
6533	प्र
6534	फरिश्तों
6535	▁England
6536	▁departed
6537	▁आंखों
6538	▁इसहाक़
6539	▁मिटाने
6540	▁2000
6541	▁Email
6542	▁character
6543	▁differences
6544	▁doors
6545	▁ज़लील
6546	▁ठुकरा
6547	▁तीसरे
6548	▁पुनः
6549	▁प्रदर्शन
6550	▁बीवी
6551	▁मानकर
6552	▁सम्राट
6553	Q
6554	▁illustrate
6555	▁गिलियड
6556	▁प्रतीत
6557	▁मशहूर
6558	बड़ी
6559	▁London
6560	▁conventions
6561	▁possessed
6562	▁watching
6563	▁अप्रैल
6564	▁कैद
6565	▁गुज़रते
6566	▁निर्देशन
6567	▁पहल
6568	▁भौतिक
6569	▁लाना
6570	▁सुनाया
6571	▁Ta
6572	▁heartfelt
6573	▁primary
6574	▁requirements
6575	▁satisfied
6576	▁string
6577	▁अभ्यास
6578	▁घटनाएँ
6579	▁ट्रैक्ट
6580	▁बाट
6581	tar
6582	they
6583	ोगे
6584	▁Ma
6585	▁National
6586	▁छोर
6587	▁निकालकर
6588	▁प्रोत्साहन
6589	▁रिक्त
6590	▁beasts
6591	▁covering
6592	▁fresh
6593	▁horses
6594	▁method
6595	▁paper
6596	▁आर्थिक
6597	▁तन
6598	▁प्रसंग
6599	▁रक्
6600	▁रहनेवाला
6601	po
6602	आप
6603	दी
6604	▁200
6605	▁bestow
6606	▁discernment
6607	▁healing
6608	▁peaceful
6609	▁wear
6610	▁ताड़ना
6611	▁बैल
6612	▁शीर्ष
6613	▁संयुक्
6614	▁सहयोग
6615	▁l
6616	▁screen
6617	▁threat
6618	▁लौटना
6619	▁September
6620	▁balanced
6621	▁defend
6622	▁press
6623	▁proofs
6624	▁अपराधियों
6625	▁ऊँचाई
6626	▁नि
6627	▁फायदेमंद
6628	▁सं
6629	यर
6630	▁African
6631	▁Sabbath
6632	▁factor
6633	▁mistakes
6634	▁passing
6635	▁surprise
6636	▁झुठलाते
6637	▁निर्गमन
6638	▁पाओ
6639	▁सांत्वना
6640	▁होम
6641	▁Any
6642	▁GOD
6643	▁anxious
6644	▁befall
6645	▁compare
6646	▁configuration
6647	▁orphans
6648	▁tested
6649	▁आबाद
6650	▁न्यायी
6651	▁रूए
6652	न्
6653	▁$
6654	▁Men
6655	▁Sovereign
6656	▁considering
6657	▁occasions
6658	▁prosper
6659	▁tent
6660	▁मिलाकर
6661	▁यहीं
6662	▁संतान
6663	▁सिंह
6664	▁३३
6665	So
6666	ख़बरी
6667	▁December
6668	▁concluded
6669	▁existing
6670	▁sing
6671	▁striving
6672	▁सको
6673	20
6674	घर
6675	टा
6676	▁Current
6677	▁twain
6678	▁weakness
6679	▁कीमत
6680	▁फरमाबरदार
6681	▁वाज़े
6682	उसी
6683	▁acting
6684	▁awaits
6685	▁deliverance
6686	▁development
6687	▁finding
6688	▁inclined
6689	▁खुल्ला
6690	▁गुस्सा
6691	▁जमाअत
6692	▁तूफान
6693	▁दंड
6694	▁पूर्वी
6695	▁फोल्डर
6696	▁भटका
6697	लो
6698	▁Explain
6699	▁agreed
6700	▁average
6701	▁cares
6702	▁feels
6703	▁rights
6704	▁परिपूर्ण
6705	▁समाह
6706	▁Second
6707	▁Tab
6708	▁emotions
6709	▁extend
6710	▁reaching
6711	▁निगरानी
6712	▁पुत्रों
6713	▁सदस्यता
6714	Now
6715	ान
6716	▁Location
6717	▁labor
6718	▁अस्पताल
6719	▁पूजते
6720	▁मार्च
6721	▁7]
6722	▁Prayer
6723	▁awake
6724	▁disaster
6725	▁discern
6726	▁entitled
6727	▁hit
6728	▁paths
6729	▁rendered
6730	▁stories
6731	▁अभि
6732	▁अस्थायी
6733	▁रखेगा
6734	▁Ka
6735	▁Mexico
6736	▁October
6737	▁commission
6738	▁currently
6739	▁गिन
6740	▁प्रमुख
6741	▁बनते
6742	▁सुनाते
6743	▁Custom
6744	▁actor
6745	▁lion
6746	▁triumph
6747	▁trusted
6748	▁ठोस
6749	▁दशक
6750	▁फसाद
6751	▁मुर्द
6752	▁Hearing
6753	▁Ruth
6754	▁aspect
6755	▁block
6756	▁eager
6757	▁filter
6758	▁identified
6759	▁दुष्टों
6760	▁प्र
6761	▁मूर्ख
6762	▁रहनेवाली
6763	▁वस्तुएं
6764	भाग
6765	▁sad
6766	▁science
6767	▁vessels
6768	▁wings
6769	▁गुस्से
6770	▁छुपाएँ
6771	▁शांत
6772	▁सारांश
6773	बीह
6774	▁Canada
6775	▁Run
6776	▁conflict
6777	▁saving
6778	▁subjection
6779	▁utterly
6780	▁ऊँचा
6781	▁कक्ष
6782	▁तोहफा
6783	▁रौशनी
6784	▁सूरत
6785	▁हॉल
6786	▁ignorance
6787	▁meditate
6788	▁network
6789	▁types
6790	▁walls
6791	▁क़ुदरत
6792	▁देनेवाली
6793	▁संस्थापित
6794	ca
6795	▁arranged
6796	▁media
6797	▁prefer
6798	▁president
6799	▁मोड़
6800	▁रखेंगे
6801	▁वैज्ञानिक
6802	▁सीन
6803	▁सोचना
6804	▁"{0}"
6805	▁Arabic
6806	▁Table
6807	▁damage
6808	▁gathering
6809	▁involve
6810	▁pleasing
6811	▁quick
6812	▁sell
6813	▁spouse
6814	▁खाई
6815	▁चढ़ा
6816	▁डालना
6817	▁निर्यात
6818	▁यो
6819	▁सजद
6820	▁सरकारी
6821	ख्वाह
6822	▁playing
6823	▁प्रकोप
6824	▁रुसवा
6825	▁होनेवाला
6826	har
6827	मैंने
6828	मोहम्मद
6829	सन
6830	▁28:
6831	▁Global
6832	▁noble
6833	▁कॉपी
6834	▁खौलत
6835	▁बीत
6836	▁बेहश्त
6837	▁विभेद
6838	▁विस्तृत
6839	▁संस्था
6840	}
6841	अँग्रेज़ी
6842	बाप
6843	▁Full
6844	▁Nehemiah
6845	▁Study
6846	▁Sunday
6847	▁Thessalonians
6848	▁difficulties
6849	▁ungodly
6850	▁आँख
6851	▁कानूनी
6852	▁कीं
6853	▁दोपहर
6854	▁निकालने
6855	▁मृत
6856	▁forty
6857	▁port
6858	▁relate
6859	▁tests
6860	▁क़ब्र
6861	▁दुष्टता
6862	10
6863	▁32.
6864	▁Again
6865	▁abandoned
6866	▁calm
6867	▁अवज्ञाकारी
6868	▁आउटपुट
6869	▁बकरियों
6870	▁मुहर
6871	▁रचना
6872	▁लोगे
6873	▁साम्राज्य
6874	io
6875	▁Account
6876	▁Window
6877	▁attempt
6878	▁context
6879	▁detail
6880	▁favors
6881	▁holds
6882	▁serves
6883	▁अखबार
6884	▁गहरे
6885	▁तरीक़ा
6886	▁पीड़ा
6887	▁पूजा
6888	bo
6889	ियन
6890	▁asks
6891	▁con
6892	▁construction
6893	▁endured
6894	▁threw
6895	▁चूक
6896	▁चौकस
6897	▁शरारत
6898	12
6899	ंग
6900	दिन
6901	▁Blessed
6902	▁Mo
6903	▁Put
6904	▁da
6905	▁उपासकों
6906	▁क़ाबिल
6907	▁ढाल
6908	▁तर
6909	Look
6910	▁GNOME
6911	▁bondmen
6912	▁obligation
6913	▁कोमलता
6914	▁छ
6915	▁बुलाए
6916	▁२९
6917	ized
6918	▁41
6919	▁Ever
6920	▁helpers
6921	▁huge
6922	▁pro
6923	▁seventh
6924	▁छिपे
6925	▁दादा
6926	▁योना
6927	▁Description
6928	▁apparently
6929	▁ashamed
6930	▁devil
6931	▁judgement
6932	▁opposite
6933	▁preserve
6934	▁split
6935	▁चान्दी
6936	▁डालता
6937	▁पूछें
6938	▁भ्रष्ट
6939	▁लूट
6940	▁सेटिंग
6941	gu
6942	▁(1
6943	▁Greece
6944	▁arms
6945	▁devour
6946	▁evidences
6947	▁आदि
6948	▁इंसानी
6949	▁कुशाद
6950	▁गरीब
6951	▁नज़रअंदाज
6952	▁परोक्ष
6953	▁पांव
6954	These
6955	ताकि
6956	बार
6957	▁Reminder
6958	▁attachment
6959	▁depart
6960	▁developing
6961	▁smoke
6962	▁इनका
6963	▁उद्
6964	▁एच
6965	▁ज़िम्मेदारियाँ
6966	▁रखनेवाला
6967	▁साधन
6968	▁Students
6969	▁begins
6970	▁lines
6971	▁अमीर
6972	▁कोमल
6973	▁खोजें
6974	▁निगाह
6975	▁फिरे
6976	▁मई
6977	▁विद्वान
6978	▁Follow
6979	▁Until
6980	▁abandon
6981	▁admitted
6982	▁calf
6983	▁execute
6984	▁lovers
6985	▁pagan
6986	▁plot
6987	▁rose
6988	▁win
6989	▁अंगूर
6990	▁झगड़ते
6991	▁भेजता
6992	▁मरते
6993	▁संयम
6994	▁स्तंभ
6995	▁होमबलि
6996	मय
6997	▁Ministry
6998	▁dies
6999	▁facing
7000	▁post
7001	▁significant
7002	▁इसने
7003	▁गुज़ारिश
7004	▁मरयम
7005	▁रुए
7006	▁लड़
7007	▁सीखी
7008	you
7009	▁Pennsylvania
7010	▁dialog
7011	▁intended
7012	▁punished
7013	▁rate
7014	▁अफ़सोस
7015	▁गुलाम
7016	▁तबाह
7017	▁तसदीक
7018	▁धर्मों
7019	▁निवासियों
7020	▁न्यौता
7021	▁फ्रांस
7022	▁रूह
7023	▁वक़्त
7024	▁वाक़िफकार
7025	▁शिकायत
7026	▁श्रेणी
7027	AL
7028	ub
7029	▁desert
7030	▁invisible
7031	▁terror
7032	▁अध्यक्ष
7033	▁जानती
7034	▁जाल
7035	▁तिशाली
7036	▁भज
7037	▁ल
7038	॰
7039	▁Beneficent
7040	▁January
7041	▁bit
7042	▁gratitude
7043	▁persecuted
7044	▁pour
7045	▁symbolic
7046	▁उजाड़
7047	▁तुरन्त
7048	▁निज
7049	▁पूछना
7050	▁प्रबन्ध
7051	▁बदतर
7052	▁बालों
7053	▁सिखाती
7054	▁23]
7055	▁fate
7056	▁मीटर
7057	▁मुल्क
7058	▁२६
7059	ex
7060	▁37:
7061	▁informed
7062	▁nearby
7063	▁opinion
7064	▁seal
7065	▁strange
7066	▁इल्ज़ाम
7067	▁करोड़
7068	▁लड़कों
7069	▁शादीशुदा
7070	▁River
7071	▁Trust
7072	▁invalid
7073	▁majority
7074	▁resources
7075	▁selfish
7076	▁चाहेगा
7077	▁ढा
7078	▁नस्ल
7079	▁बनता
7080	काल
7081	▁Brazil
7082	▁Configure
7083	▁familiar
7084	▁okay
7085	▁remembered
7086	▁जून
7087	▁निकलता
7088	▁पुकारो
7089	▁वासियों
7090	▁विजय
7091	▁शहरों
7092	▁Armageddon
7093	▁elements
7094	▁missing
7095	▁moves
7096	▁करेगें
7097	▁गोपन
7098	▁ज़
7099	▁नेमत
7100	▁लगेगा
7101	va
7102	▁Nothing
7103	▁Power
7104	▁couples
7105	▁indefinite
7106	▁objects
7107	▁rulership
7108	▁उठने
7109	▁मिलनेवाली
7110	▁लाइन
7111	Yes
7112	▁39
7113	▁Properties
7114	▁anymore
7115	▁captivity
7116	▁deceive
7117	▁idolaters
7118	▁ruling
7119	▁उल्लेख
7120	▁क्रम
7121	▁पक्की
7122	But
7123	▁Evil
7124	▁Task
7125	▁finds
7126	▁governments
7127	▁increasing
7128	▁ऐलान
7129	▁तले
7130	▁बताइए
7131	▁सम्पूर्ण
7132	▁approached
7133	▁assurance
7134	▁audience
7135	▁lift
7136	▁sanctuary
7137	▁छुड़ा
7138	▁नरक
7139	▁रहनेवालों
7140	▁हवाले
7141	color
7142	lu
7143	▁Flood
7144	▁Mode
7145	▁Ne
7146	▁Prophets
7147	▁bottom
7148	▁breast
7149	▁disobey
7150	▁faithfulness
7151	▁flight
7152	▁gracious
7153	▁stake
7154	▁victims
7155	▁ढेरों
7156	▁दुशमन
7157	▁निवास
7158	▁पक्षियों
7159	▁बीस
7160	▁माँगने
7161	au
7162	mighty
7163	बल्कि
7164	सख्त
7165	▁communications
7166	▁condemned
7167	▁conscious
7168	▁latter
7169	▁protector
7170	▁street
7171	▁उठते
7172	▁सहित
7173	za
7174	बर
7175	▁300
7176	▁spirituality
7177	▁झुठलाने
7178	▁पीड़ित
7179	▁लेबल
7180	▁वॉचटावर
7181	▁सफेद
7182	कुफ्फ़ार
7183	पूज्य
7184	▁Moab
7185	▁ex
7186	▁songs
7187	▁springs
7188	▁कॉन्फ़िगर
7189	▁जहाँन
7190	▁मौजिज़ा
7191	▁सुन्दर
7192	▁June
7193	▁district
7194	▁forgiven
7195	▁resulted
7196	▁serpent
7197	▁visits
7198	▁सिरे
7199	▁Chinese
7200	▁famine
7201	▁intense
7202	▁native
7203	▁potential
7204	▁printed
7205	▁tomorrow
7206	▁चाहिये
7207	▁चुपके
7208	▁चोर
7209	▁तंगी
7210	▁प्रेषक
7211	▁बगावत
7212	▁मारता
7213	▁सुनना
7214	▁हॉ
7215	Where
7216	ions
7217	क़
7218	गो
7219	▁July
7220	▁Wisdom
7221	▁delay
7222	▁drawing
7223	▁fleshly
7224	▁आंखें
7225	▁कौनसी
7226	▁प्रदर्शक
7227	▁बहस
7228	▁बूझ
7229	▁मिलना
7230	▁श्री
7231	ors
7232	ज़ी
7233	▁Everlasting
7234	▁bird
7235	▁heal
7236	▁killing
7237	▁rewards
7238	▁separated
7239	▁आचरण
7240	▁उप
7241	▁उम्दा
7242	▁ओवरसियर
7243	▁चीनी
7244	▁दरगुज़र
7245	day
7246	्त
7247	▁brochure
7248	▁model
7249	▁scale
7250	▁कोने
7251	▁बर्ताव
7252	▁मसलन
7253	▁मानसिक
7254	ze
7255	▁offers
7256	▁w
7257	▁घाटी
7258	▁तस्
7259	▁फ़साद
7260	▁बिन्दु
7261	▁भाव
7262	▁मारते
7263	▁वसीयत
7264	▁स्वप्न
7265	▁२७
7266	किताब
7267	▁26,
7268	▁44
7269	▁Pentecost
7270	▁abroad
7271	▁appreciated
7272	▁distant
7273	▁favours
7274	▁forsake
7275	▁piece
7276	▁repentant
7277	▁therewith
7278	▁दिलाता
7279	▁धरने
7280	▁फिटकार
7281	▁बताना
7282	▁वि
7283	▁साधारण
7284	IN
7285	ber
7286	ja
7287	ut
7288	▁Blurb
7289	▁Leave
7290	▁Sacred
7291	▁dress
7292	▁threatened
7293	▁कंप्यूटर
7294	▁तम्बू
7295	▁दावे
7296	▁नामक
7297	▁नेटवर्क
7298	▁पूछने
7299	▁फसह
7300	▁सौंप
7301	▁हियाव
7302	▁(3)
7303	▁beat
7304	▁buried
7305	▁pardon
7306	▁trade
7307	▁तकलीफें
7308	▁रातों
7309	▁सम्भव
7310	▁सहने
7311	▁सालेह
7312	▁Left
7313	▁Try
7314	▁endeavor
7315	▁games
7316	▁preferred
7317	▁scribes
7318	▁windows
7319	▁अनुस्मृति
7320	▁लौटने
7321	▁card
7322	▁feast
7323	▁reaction
7324	▁खुल
7325	▁गर्भ
7326	▁बीमारियों
7327	▁लोहे
7328	use
7329	{0}
7330	▁Samaria
7331	▁adults
7332	▁courageous
7333	▁credit
7334	▁penalty
7335	▁print
7336	▁reap
7337	▁rising
7338	▁satisfying
7339	▁आंकड़ा
7340	▁एलीशा
7341	▁चाह
7342	▁पोश
7343	▁३१
7344	ier
7345	ेहाद
7346	▁Video
7347	▁brief
7348	▁greed
7349	▁purify
7350	▁range
7351	▁जलप्रलय
7352	▁पश्चिम
7353	▁प्रबल
7354	▁लेवियों
7355	▁वायु
7356	▁सिखाता
7357	11
7358	His
7359	ju
7360	mp
7361	टर
7362	मूसा
7363	ूंगा
7364	▁Cain
7365	▁Glory
7366	▁acknowledge
7367	▁authentication
7368	▁cells
7369	▁grasp
7370	▁healed
7371	▁prescribed
7372	▁rage
7373	▁righteously
7374	▁अंग
7375	▁अरब
7376	▁ईसाई
7377	▁बढ़ाया
7378	▁बनें
7379	▁लिखते
7380	▁शहरपनाह
7381	ie
7382	ious
7383	बोहतान
7384	रे
7385	▁Torah
7386	▁team
7387	▁theocratic
7388	▁ईमानदारी
7389	▁ऑपरेशन
7390	▁निस्बत
7391	▁फ़ज़ल
7392	▁फ़रमाया
7393	▁मु
7394	▁मोहताज
7395	▁रूसवा
7396	पवित्र
7397	▁Ar
7398	▁bore
7399	▁library
7400	▁remind
7401	▁scripture
7402	▁singing
7403	▁इंटरनेट
7404	▁छपाई
7405	That
7406	▁46
7407	▁Readers
7408	▁Sign
7409	▁Titus
7410	▁agreement
7411	▁fun
7412	▁seize
7413	▁solution
7414	▁star
7415	▁station
7416	▁worry
7417	▁गृह
7418	▁विलोपित
7419	▁विवाद
7420	▁समस्त
7421	▁Con
7422	▁Michael
7423	▁author
7424	▁comforting
7425	▁tempted
7426	▁ढूँढ़
7427	▁निर्देश
7428	▁निर्मित
7429	▁फरीसियों
7430	▁फोटो
7431	▁बपतिस्मे
7432	▁शिष्य
7433	▁संदर्भ
7434	end
7435	▁TV
7436	▁Three
7437	▁doctrine
7438	▁extended
7439	▁focused
7440	▁plague
7441	▁row
7442	▁करार
7443	▁सबब
7444	▁स्क्रिप्ट
7445	RE
7446	ever
7447	तुम्हारी
7448	नि
7449	▁1995
7450	▁Ad
7451	▁Passover
7452	▁footsteps
7453	▁mistake
7454	▁quiet
7455	▁submission
7456	▁surprised
7457	▁उत्तरी
7458	▁चढ़ाया
7459	▁मादा
7460	▁मुक्
7461	▁रूत
7462	▁हाकिमों
7463	ni
7464	अलग
7465	▁Bring
7466	▁alcohol
7467	▁firstborn
7468	▁urge
7469	▁अस्तित्व
7470	▁दफा
7471	▁प्रार्थनाएँ
7472	▁बेच
7473	▁लंबी
7474	▁लगो
7475	▁वज़न
7476	ities
7477	ot
7478	िये
7479	▁arguments
7480	▁diseases
7481	▁अजीब
7482	▁उठाते
7483	▁क्लिपबोर्ड
7484	▁दिलचस्प
7485	▁लड़कियों
7486	▁सौंपा
7487	good
7488	दोनों
7489	▁Believe
7490	▁Benjamin
7491	▁bears
7492	▁enjoin
7493	▁miracle
7494	▁pick
7495	▁qualified
7496	▁shadow
7497	▁yoke
7498	▁प्रभावी
7499	▁बीते
7500	▁मेहमान
7501	▁संभावना
7502	तः
7503	दान
7504	▁Exchange
7505	▁goats
7506	▁harmful
7507	▁methods
7508	▁paying
7509	▁इष्ट
7510	▁किशोर
7511	▁टॉगल
7512	▁पीते
7513	▁बैकअप
7514	▁भेजते
7515	▁मिसालें
7516	▁शासक
7517	▁Galilee
7518	▁Manasseh
7519	▁automatically
7520	▁dwellers
7521	▁females
7522	▁keys
7523	▁plants
7524	▁possibly
7525	▁skills
7526	▁खिसकाएँ
7527	▁घोड़े
7528	▁जलन
7529	▁दासों
7530	▁लड़े
7531	▁लिखना
7532	les
7533	मो
7534	▁Italy
7535	▁awe
7536	▁feature
7537	▁returning
7538	▁अगस्त
7539	▁गिरोहों
7540	▁चलाएँ
7541	▁जनवरी
7542	▁नंबर
7543	▁नाकाम
7544	▁बग
7545	▁मानक
7546	▁सहज
7547	बी
7548	▁British
7549	▁North
7550	▁warns
7551	▁west
7552	▁wipe
7553	▁प्रशिक्षण
7554	▁लालसा
7555	eg
7556	▁Font
7557	▁Further
7558	▁cross
7559	▁forgot
7560	▁इज्ज़त
7561	ence
7562	▁Caesar
7563	▁Promised
7564	▁atmosphere
7565	▁deities
7566	▁entrusted
7567	▁import
7568	▁loaded
7569	▁motivated
7570	▁pursued
7571	▁trip
7572	▁visiting
7573	▁इलज़ाम
7574	▁नाशुक्र
7575	▁वर्षा
7576	▁विशाल
7577	▁सुनाता
7578	rate
7579	रू
7580	▁base
7581	▁concerns
7582	▁drug
7583	▁physically
7584	▁scholars
7585	▁slew
7586	▁tear
7587	▁witnessed
7588	▁गुमान
7589	▁जायज़
7590	▁झोंक
7591	▁तदबीर
7592	▁फरमाएगा
7593	▁मक़सूद
7594	▁Religion
7595	▁Visit
7596	▁dis
7597	▁entry
7598	▁properties
7599	▁secretly
7600	▁surrounded
7601	▁wash
7602	▁आवश्यक
7603	▁पशुओं
7604	▁प्राणियों
7605	▁बछड़े
7606	▁माँगी
7607	▁वस्त्र
7608	▁सफाई
7609	▁सार्वजनिक
7610	led
7611	माल
7612	मुनासिब
7613	▁Key
7614	▁debt
7615	▁installed
7616	▁literally
7617	▁अन्यथा
7618	▁घास
7619	▁प्रचारकों
7620	▁बालक
7621	▁भार
7622	▁वरदान
7623	इन्हीं
7624	दीन
7625	▁Hi
7626	▁UN
7627	▁copies
7628	▁difficulty
7629	▁noise
7630	▁represent
7631	▁ride
7632	▁scientists
7633	▁silent
7634	▁thirty
7635	▁क़ैद
7636	▁क्षमता
7637	▁बिगड़
7638	ON
7639	ff
7640	▁25,
7641	▁????
7642	▁Ah
7643	▁En
7644	▁Simon
7645	▁boiling
7646	▁deceived
7647	▁gained
7648	▁hears
7649	▁rescue
7650	▁unjustly
7651	▁उलटे
7652	▁जमे
7653	▁ज़रूरतें
7654	▁निष्ठा
7655	▁नोट
7656	▁मचा
7657	मरने
7658	▁65
7659	▁Thee
7660	▁feeding
7661	▁hated
7662	▁hinder
7663	▁meaningful
7664	▁onto
7665	▁ranks
7666	▁remarkable
7667	▁चलन
7668	▁तारे
7669	▁रहूंगा
7670	▁साइट
7671	पैमाने
7672	▁34.
7673	▁Contacts
7674	▁Draw
7675	▁Empathy
7676	▁Toggle
7677	▁claimed
7678	▁inherited
7679	▁reduce
7680	▁resort
7681	▁उतनी
7682	▁धमकी
7683	▁पत
7684	▁परिस्थितियों
7685	▁बादशाही
7686	▁बेख़बर
7687	ड़
7688	▁1"
7689	▁Group
7690	▁University
7691	▁instructed
7692	▁mutual
7693	▁reflected
7694	▁scholar
7695	▁searching
7696	▁suggestions
7697	▁कंपनी
7698	▁दुखी
7699	▁पड़ोसियों
7700	▁मस्जिद
7701	ler
7702	red
7703	some
7704	▁Indian
7705	▁demonstrated
7706	▁dignity
7707	▁finish
7708	▁oppression
7709	▁permanently
7710	▁permitted
7711	▁praises
7712	▁protected
7713	▁royal
7714	▁specify
7715	▁डालकर
7716	▁फैलाने
7717	▁बाएँ
7718	▁मुद्दत
7719	▁रथ
7720	ke
7721	let
7722	डे
7723	▁#
7724	▁5;
7725	▁Loading
7726	▁alert
7727	▁beings
7728	▁belie
7729	▁loose
7730	▁solid
7731	▁tab
7732	▁पड़ेगी
7733	▁प्रश्न
7734	Prophet
7735	are
7736	people
7737	क्स
7738	▁Game
7739	▁Grand
7740	▁convey
7741	▁loud
7742	▁pictures
7743	▁planet
7744	▁traveled
7745	▁खोला
7746	▁पत्री
7747	▁प्रविष्टि
7748	▁हुज़ूर
7749	den
7750	ig
7751	my
7752	र्श
7753	हमें
7754	▁Always
7755	▁Archive
7756	▁Na
7757	▁Red
7758	▁accepting
7759	▁arrive
7760	▁containing
7761	▁en
7762	▁flocks
7763	▁parties
7764	▁piety
7765	▁चलेगा
7766	▁तीनों
7767	▁दबा
7768	▁माँगते
7769	▁रे
7770	unit
7771	▁43
7772	▁Latin
7773	▁branches
7774	▁consume
7775	▁design
7776	▁motivate
7777	▁wholesome
7778	▁अर
7779	▁घमण्ड
7780	▁जरूरी
7781	▁बहका
7782	▁विलाप
7783	nt
7784	over
7785	▁1'
7786	▁Link
7787	▁goodly
7788	▁murder
7789	▁reasoning
7790	▁soil
7791	▁speaker
7792	▁wherefore
7793	▁ख़त्म
7794	▁जुलाई
7795	▁थक
7796	▁निकालता
7797	▁पक्के
7798	▁सफलतापूर्वक
7799	▁समझाइए
7800	दिल
7801	श्
7802	▁49
7803	▁falls
7804	▁heirs
7805	▁online
7806	▁tradition
7807	▁एकमात्र
7808	▁कैन
7809	▁छापें
7810	▁बहा
7811	▁मारो
7812	▁संबंधित
7813	न्स
7814	▁1990
7815	▁26]
7816	▁Abel
7817	▁Besides
7818	▁Western
7819	▁cubits
7820	▁executed
7821	▁mildness
7822	▁proxy
7823	▁ridicule
7824	▁streets
7825	▁tend
7826	▁किताबे
7827	▁चलाया
7828	▁बीबी
7829	▁राज़
7830	▁Center
7831	▁Messianic
7832	▁Photo
7833	▁approved
7834	▁expects
7835	▁reaches
7836	▁transgression
7837	▁variety
7838	▁whatsthis
7839	▁घुस
7840	▁सबकी
7841	▁सहेजन
7842	कभी
7843	▁Bar
7844	▁capacity
7845	▁depression
7846	▁fifth
7847	▁idolatry
7848	▁nigh
7849	▁summer
7850	▁swift
7851	▁जुदा
7852	▁डराओ
7853	▁परिणामस्वरूप
7854	▁पैसों
7855	▁प्रारंभिक
7856	▁प्रेममय
7857	▁बारिश
7858	▁बुलाते
7859	▁स्तम्भ
7860	ites
7861	भला
7862	▁Insert
7863	▁contained
7864	▁doctors
7865	▁regret
7866	▁wished
7867	▁कैंसर
7868	▁गोत्रा
7869	▁चर्य
7870	▁नबियों
7871	▁बुढ़ापे
7872	▁बुनियाद
7873	▁ब्रैसेरो
7874	▁मानेंगे
7875	▁सोचकर
7876	▁29,
7877	▁JEHOVAH
7878	▁argue
7879	▁ate
7880	▁bought
7881	▁exercising
7882	▁harsh
7883	▁pursuing
7884	▁union
7885	▁अदन
7886	▁उठाएगा
7887	▁चालू
7888	▁चिह्न
7889	▁धनी
7890	▁पहुँचती
7891	▁स्वरूप
7892	there
7893	वान
7894	▁gradually
7895	▁hospitality
7896	▁reminders
7897	▁tool
7898	▁wont
7899	▁अनंत
7900	▁उपज
7901	▁चर
7902	▁चालीस
7903	▁पूछिए
7904	▁बचाए
7905	▁बेटियों
7906	▁रद्दी
7907	▁लिहाज़
7908	▁३२
7909	now
7910	▁%1.
7911	▁58
7912	▁co
7913	▁engaged
7914	▁explanation
7915	▁उपद्रव
7916	▁कराने
7917	▁गर्भवती
7918	▁चन्द्रमा
7919	▁जीभ
7920	पूरा
7921	▁Lamb
7922	▁Value
7923	▁fitting
7924	▁jealousy
7925	▁prey
7926	▁shape
7927	▁कष्ट
7928	▁दूरस्थ
7929	▁पकड़ा
7930	▁फ़ायदा
7931	▁बर्न
7932	▁यत्न
7933	▁रिमोट
7934	▁लाक्षणिक
7935	▁सिलसिले
7936	Shall
7937	चन्द
7938	▁Ephraim
7939	▁Listen
7940	▁enduring
7941	▁proclaimed
7942	▁अनुकूल
7943	▁घोर
7944	▁जुड़ी
7945	▁बिन
7946	▁Corinth
7947	▁Document
7948	▁HTTP
7949	▁adversity
7950	▁cool
7951	▁relationships
7952	▁repeatedly
7953	▁अज़ीज़
7954	▁भविष्यद्वक्ता
7955	▁मुताबिक़
7956	▁मौज़ूदा
7957	▁रचा
7958	▁शुक्रगुज़ार
7959	▁Concern
7960	▁Selected
7961	▁Teach
7962	▁boat
7963	▁mortal
7964	▁mourning
7965	▁obtained
7966	▁review
7967	▁इमारत
7968	▁घृणित
7969	▁चढ़ाए
7970	▁प्रॉक्सी
7971	▁बैठकर
7972	▁मनुष्यजाति
7973	▁रा
7974	▁सोते
7975	▁हर्ष
7976	nd
7977	world
7978	▁15]
7979	▁Happy
7980	▁Oneness
7981	▁Place
7982	▁Program
7983	▁ancients
7984	▁burdens
7985	▁continually
7986	▁floor
7987	▁hardly
7988	▁incense
7989	▁increases
7990	▁spite
7991	▁चक्कर
7992	▁थिस्सलुनीकियों
7993	▁पूछे
7994	▁सूर
7995	against
7996	डा
7997	बस
7998	▁Able
7999	▁Bad
8000	▁appeal
8001	▁criminals
8002	▁official
8003	▁replaced
8004	▁settle
8005	▁spoil
8006	▁weapons
8007	▁ग्रस्त
8008	▁फाड़
8009	▁संग्रह
8010	▁Often
8011	▁billion
8012	▁career
8013	▁judgments
8014	▁recalls
8015	▁मुसलमानों
8016	▁सीमित
8017	▁Following
8018	▁Gehenna
8019	▁Subject
8020	▁Testament
8021	▁await
8022	▁culture
8023	▁dying
8024	▁mass
8025	▁modest
8026	▁mouths
8027	▁sang
8028	▁seat
8029	▁stream
8030	▁streams
8031	▁अकाल
8032	▁इटली
8033	▁ग़ुलाम
8034	▁चैनल
8035	▁निंदा
8036	▁बरकत
8037	▁संतोष
8038	▁सिस्टम
8039	▁हज
8040	evil
8041	ten
8042	इख्तेयार
8043	▁Might
8044	▁bright
8045	▁compassionate
8046	▁expelled
8047	▁mates
8048	▁noticed
8049	▁victim
8050	▁अलार्म
8051	▁तीसरी
8052	▁निरन्तर
8053	▁नौका
8054	▁पत्रिकाएँ
8055	▁पागल
8056	▁बैठते
8057	▁मरा
8058	▁सैनिक
8059	Bring
8060	इतना
8061	हा
8062	▁falling
8063	▁guilt
8064	▁involving
8065	▁observes
8066	▁programs
8067	▁sealed
8068	▁suitable
8069	▁अदालत
8070	▁खिलाड़ी
8071	▁चढ़ाने
8072	▁भ
8073	▁वरना
8074	▁साँस
8075	ियत
8076	▁1950
8077	▁Seeing
8078	▁Self
8079	▁Whosoever
8080	▁admonished
8081	▁adopt
8082	▁bare
8083	▁barren
8084	▁extra
8085	▁ministeri
8086	▁plenty
8087	▁reputation
8088	▁resting
8089	▁storm
8090	▁अमरीकी
8091	▁मर्दों
8092	▁मसीहीजगत
8093	▁समयों
8094	न्ट
8095	▁Pre
8096	▁channel
8097	▁pairs
8098	▁plus
8099	▁prevented
8100	▁scene
8101	▁snow
8102	▁अविवाहित
8103	▁एहसानमंद
8104	▁गर्दन
8105	▁ग्रह
8106	▁जंग
8107	▁बाग
8108	Enter
8109	▁Class
8110	▁Malachi
8111	▁Sadly
8112	▁dog
8113	▁eaten
8114	▁fundamental
8115	▁highest
8116	▁jinns
8117	▁pressures
8118	▁अनुकरण
8119	▁कटनी
8120	▁किनारा
8121	▁घेरे
8122	▁न्यूनतम
8123	▁भड़का
8124	▁लाएगा
8125	▁Tim
8126	▁characters
8127	▁dwellings
8128	▁nights
8129	▁shine
8130	▁swallow
8131	▁कैश
8132	▁खबरदार
8133	▁रि
8134	▁वृत्तान्त
8135	▁शाप
8136	From
8137	कारी
8138	बात
8139	▁Export
8140	▁Gracious
8141	▁Hide
8142	▁Learn
8143	▁Spanish
8144	▁chapters
8145	▁fly
8146	▁lowly
8147	▁na
8148	▁stage
8149	▁suggest
8150	▁vow
8151	▁ख़ुशख़बरी
8152	▁तरीक़ों
8153	▁नाप
8154	▁पुरूषों
8155	▁प्रतिष्ठित
8156	▁फ
8157	▁मुहल
8158	▁रवि
8159	▁विशेषाधिकार
8160	▁शान
8161	ang
8162	even
8163	set
8164	▁2001
8165	▁Everyone
8166	▁comment
8167	▁discouraged
8168	▁resolved
8169	▁strangers
8170	▁submitted
8171	▁torture
8172	▁अक्ष
8173	▁कब्र
8174	▁तलाक
8175	▁निमित्त
8176	▁पलटा
8177	▁पूरब
8178	▁पैदाइश
8179	▁प्राथमिकता
8180	▁रोशनी
8181	▁सिफारिश
8182	Will
8183	je
8184	समझ
8185	▁18]
8186	▁Assyria
8187	▁Columbia
8188	▁Health
8189	▁Unseen
8190	▁XML
8191	▁attitudes
8192	▁conducted
8193	▁dangers
8194	▁features
8195	▁laugh
8196	▁scroll
8197	▁y
8198	▁अपनाया
8199	▁इनको
8200	▁ख़िलाफ़
8201	▁दिली
8202	▁दोहाई
8203	▁युवाओं
8204	▁यूसुफ़
8205	▁रुख़
8206	new
8207	उसे
8208	याँ
8209	सूचना
8210	▁arm
8211	▁defined
8212	▁disobeyed
8213	▁everywhere
8214	▁invent
8215	▁literal
8216	▁mild
8217	▁talks
8218	▁unrighteous
8219	▁कमरे
8220	▁ख़ासकर
8221	▁घटी
8222	▁ठहरने
8223	▁वाक़ई
8224	जैसे
8225	रात
8226	▁10]
8227	▁1996
8228	▁Author
8229	▁Britain
8230	▁assign
8231	▁equals
8232	▁garment
8233	▁happening
8234	▁immortal
8235	▁leader
8236	▁pit
8237	▁seconds
8238	▁spending
8239	▁supreme
8240	▁television
8241	▁viewpoint
8242	▁अप्रिय
8243	▁अभिव्यक्
8244	▁अस्वीकार
8245	▁किसे
8246	▁ग़लती
8247	▁घोषित
8248	▁पाएंगे
8249	▁पोषण
8250	name
8251	tr
8252	▁Death
8253	▁Josiah
8254	▁arrested
8255	▁attribute
8256	▁bug
8257	▁degrees
8258	▁desktop
8259	▁desolate
8260	▁neck
8261	▁welfare
8262	▁आँकड़ा
8263	▁कनाडा
8264	▁कमाया
8265	▁तीस
8266	▁फिल्टर
8267	▁री
8268	▁संसाधन
8269	▁Nathan
8270	▁creates
8271	▁depth
8272	▁guests
8273	▁invented
8274	▁totally
8275	▁अनुस्मारक
8276	▁उपयुक्
8277	▁जाएंगी
8278	▁डॉलर
8279	▁पाठकों
8280	▁मनाने
8281	BAR
8282	▁Doing
8283	▁Little
8284	▁abilities
8285	▁forgives
8286	▁neglect
8287	▁realm
8288	▁उधर
8289	▁पैग़ाम
8290	▁बुलन्द
8291	▁मोआब
8292	place
8293	raviratlami
8294	यो
8295	▁2008
8296	▁Eventually
8297	▁brotherhood
8298	▁clipboard
8299	▁di
8300	▁entering
8301	▁excuse
8302	▁hereafter
8303	▁periods
8304	▁तीसरा
8305	▁पैमान
8306	▁भरने
8307	▁लाज़िम
8308	▁वाकिफ
8309	▁सब्त
8310	▁हावी
8311	पट्टी
8312	पा
8313	यीशु
8314	ेशन
8315	▁'%1
8316	▁17]
8317	▁Brasero
8318	▁Meeting
8319	▁Mosque
8320	▁arrangements
8321	▁publicly
8322	▁recipients
8323	▁कारस्तानिय
8324	▁डरे
8325	▁नाफ़रमानी
8326	▁निगेहबान
8327	▁पर्व
8328	▁यूह
8329	▁रूजू
8330	▁वाक़िफ़कार
8331	उनको
8332	नाम
8333	▁Alexander
8334	▁BY
8335	▁backend
8336	▁officials
8337	▁prominent
8338	▁raising
8339	▁readily
8340	▁trustworthy
8341	▁web
8342	▁अमन
8343	▁क़बूल
8344	▁ग़ैर
8345	▁तारों
8346	▁फलों
8347	▁बैठें
8348	▁लिखिए
8349	▁स्वाभाविक
8350	▁Enoch
8351	▁Heights
8352	▁Knowledge
8353	▁addresses
8354	▁blow
8355	▁catch
8356	▁fifty
8357	▁header
8358	▁represented
8359	▁उ
8360	▁कला
8361	▁झलक
8362	▁टू
8363	▁दुनियावी
8364	▁नकल
8365	▁निकालते
8366	▁प्रभुता
8367	▁ब्रोशर
8368	▁माप
8369	▁संस्कृति
8370	ger
8371	महज़
8372	▁Foundation
8373	▁Judge
8374	▁Says
8375	▁Wait
8376	▁flowing
8377	▁identity
8378	▁mislead
8379	▁sorts
8380	▁अटकल
8381	▁वास्तविकता
8382	▁सन्देश
8383	फ़ैसले
8384	सामग्री
8385	ियो
8386	२
8387	▁9]
8388	▁AIDS
8389	▁BIBLE
8390	▁Prov
8391	▁assignments
8392	▁communicate
8393	▁complex
8394	▁customs
8395	▁frequently
8396	▁jobs
8397	▁output
8398	▁shade
8399	▁shield
8400	▁steal
8401	▁अंधा
8402	▁अनैतिकता
8403	▁गपशप
8404	▁तोड़ने
8405	▁बसा
8406	Т
8407	▁Grace
8408	▁November
8409	▁Sir
8410	▁enjoying
8411	▁radio
8412	▁referring
8413	▁writings
8414	▁आनेवाला
8415	▁गर्व
8416	▁गुम
8417	▁टीचर
8418	▁टैग
8419	▁तत्व
8420	▁दयालु
8421	▁धो
8422	▁लिखता
8423	▁सत्ता
8424	ौ
8425	▁(*
8426	▁500
8427	▁click
8428	▁closed
8429	▁demand
8430	▁figure
8431	▁maturity
8432	▁owner
8433	▁sentence
8434	▁services
8435	▁sincerely
8436	▁sinner
8437	▁teeth
8438	▁weigh
8439	▁worshipping
8440	▁कमज़ोरी
8441	▁छोड़ना
8442	▁सबका
8443	ative
8444	▁1998
8445	▁Congregation
8446	▁Halls
8447	▁Spain
8448	▁captive
8449	▁newly
8450	▁wisely
8451	▁अनु
8452	▁अनुक्रिया
8453	▁जाँचें
8454	▁नमूना
8455	▁महत्वपूर्ण
8456	▁रुक
8457	▁हिजर
8458	ick
8459	ven
8460	तरह
8461	▁2009
8462	▁charged
8463	▁exact
8464	▁figurative
8465	▁grows
8466	▁obeying
8467	▁opposed
8468	▁su
8469	▁supposed
8470	▁upper
8471	▁आशीषों
8472	▁उखाड़
8473	▁एकत्र
8474	▁ऑस्ट्रेलिया
8475	▁दूं
8476	▁बद
8477	▁यहॉ
8478	▁वाजिब
8479	ck
8480	ज़ा
8481	शील
8482	▁Phone
8483	▁Status
8484	▁breath
8485	▁confirming
8486	▁lofty
8487	▁repeated
8488	▁उकसाया
8489	▁दौरा
8490	▁बूढ़े
8491	▁सुनायी
8492	ै
8493	▁"%1"
8494	▁Ephesus
8495	▁IS
8496	▁International
8497	▁Philip
8498	▁campaign
8499	▁deserve
8500	▁listeners
8501	▁miss
8502	▁oppressed
8503	▁prosperity
8504	▁sand
8505	▁slaughter
8506	▁spreading
8507	▁ऊपरी
8508	▁एण्ड
8509	▁औसत
8510	▁कुरिंथियों
8511	▁नति
8512	▁नाता
8513	▁पिन्तेकुस्त
8514	ina
8515	▁Human
8516	▁Log
8517	▁barrier
8518	▁existed
8519	▁roof
8520	▁गलील
8521	▁झुक
8522	▁नक्शे
8523	▁प्रबंध
8524	▁बुनियादी
8525	▁लज्जित
8526	▁लाकर
8527	▁वेश्
8528	der
8529	ki
8530	ूत
8531	▁Manager
8532	▁depends
8533	▁nearer
8534	▁अनुयायियों
8535	▁अनैतिक
8536	▁काला
8537	▁चुनने
8538	▁नाव
8539	▁पलिश्तियों
8540	▁पैरों
8541	▁मसल
8542	▁रुको
8543	ung
8544	▁Auto
8545	▁Ayat
8546	▁Pilate
8547	▁Zephaniah
8548	▁alarm
8549	▁chaste
8550	▁errors
8551	▁flood
8552	▁fuel
8553	▁hire
8554	▁influenced
8555	▁reigned
8556	▁ग़ैब
8557	▁निवासी
8558	▁पूछता
8559	▁पे
8560	▁मानवी
8561	▁मार्गों
8562	▁शोभा
8563	▁समीप
8564	Take
8565	टे
8566	▁Control
8567	▁Living
8568	▁SMTP
8569	▁Straight
8570	▁attacks
8571	▁exalt
8572	▁fed
8573	▁input
8574	▁interesting
8575	▁suicide
8576	▁wasn
8577	▁आख़िरकार
8578	▁जहाज
8579	▁ढूँढ़ने
8580	▁भागों
8581	▁लौटाए
8582	▁स्ट्रिंग
8583	▁Absalom
8584	▁Pet
8585	▁Robert
8586	▁Within
8587	▁cautious
8588	▁habit
8589	▁operations
8590	▁principal
8591	▁villages
8592	▁ward
8593	▁writers
8594	▁अँग्रेज़ी
8595	▁आधा
8596	▁कुरिं
8597	▁दिसंबर
8598	▁दृष्टान्त
8599	▁नहेमायाह
8600	▁पचास
8601	▁फरमाई
8602	▁बरहक़
8603	▁माबूदों
8604	▁वाजे
8605	ecast
8606	ईमान
8607	ड़ा
8608	▁bounds
8609	▁forest
8610	▁maintaining
8611	▁ऊंचाई
8612	▁चमक
8613	▁फ़रमा
8614	▁सितंबर
8615	ator
8616	hu
8617	them
8618	▁1)
8619	▁2002
8620	▁CVS
8621	▁fearful
8622	▁payment
8623	▁preced
8624	▁printing
8625	▁कमर
8626	▁क़ीमत
8627	▁दाम
8628	▁बोलता
8629	▁१९१४
8630	ally
8631	▁Ra
8632	▁Turn
8633	▁afternoon
8634	▁challenging
8635	▁crown
8636	▁discourse
8637	▁minute
8638	▁po
8639	▁safeguard
8640	▁shelter
8641	▁strengthening
8642	▁vengeance
8643	▁आधीन
8644	▁ईसाईजगत
8645	▁भोर
8646	▁मेन्यू
8647	▁शिशु
8648	▁संरचना
8649	▁समझाता
8650	▁स्पेन
8651	ोस
8652	▁February
8653	▁Je
8654	▁acknowledged
8655	▁acquire
8656	▁capable
8657	▁celebrate
8658	▁encourages
8659	▁hypocrisy
8660	▁illustrations
8661	▁match
8662	▁plugins
8663	▁prophesied
8664	▁waves
8665	▁womb
8666	▁दाएँ
8667	▁फूँक
8668	▁बाँध
8669	▁भेजना
8670	▁हवाई
8671	भविष्यवाणियों
8672	ाने
8673	्ट
8674	▁Japanese
8675	▁Joel
8676	▁Sodom
8677	▁cave
8678	▁chat
8679	▁creating
8680	▁generally
8681	▁stands
8682	▁starting
8683	▁अथवा
8684	▁आज्ञापालन
8685	▁आवश्यकता
8686	▁गम
8687	▁जन्मदिन
8688	▁डे
8689	▁धारण
8690	▁पहुँचाया
8691	▁बढ़ाते
8692	▁बढ़ोतरी
8693	▁माँगों
8694	▁सारणी
8695	++
8696	can
8697	▁144,000
8698	▁2;
8699	▁Whenever
8700	▁injury
8701	▁misled
8702	▁pioneering
8703	▁queen
8704	▁summary
8705	▁अकड़
8706	▁उपासक
8707	▁कसरत
8708	▁जला
8709	▁प्रतिष्ठा
8710	▁मज़ाक
8711	▁मुसीबतों
8712	▁लंबा
8713	▁लेनेवाले
8714	▁संघ
8715	▁हरकत
8716	क़ा
8717	▁Ahab
8718	▁Ch
8719	▁Chronicles
8720	▁acquainted
8721	▁assures
8722	▁devils
8723	▁hungry
8724	▁perfection
8725	▁अकार
8726	▁गंतव्य
8727	▁बकवास
8728	▁बादलों
8729	▁बान्ध
8730	MAIL
8731	ौती
8732	▁Russia
8733	▁adopted
8734	▁bank
8735	▁blown
8736	▁imperfection
8737	▁lovingly
8738	▁males
8739	▁routine
8740	▁अंतर्राष्ट्रीय
8741	▁अधिसूचना
8742	▁गंभीरता
8743	▁भड़क
8744	▁मरीज़
8745	▁मल
8746	▁माँगा
8747	▁विषयों
8748	ठ
8749	मर
8750	शैतान
8751	▁Christmas
8752	▁Judea
8753	▁eternity
8754	▁grass
8755	▁graves
8756	▁prevail
8757	▁rank
8758	▁wheat
8759	▁अन्धकार
8760	▁इंग्लैंड
8761	▁कॉन्फ़िगरेशन
8762	▁चलेंगे
8763	▁जाऊँ
8764	▁परदेशी
8765	▁पहुंच
8766	▁प्रसन्नता
8767	▁रंज
8768	▁स्वतंत्र
8769	▁४०
8770	ard
8771	ists
8772	remember
8773	मसीह
8774	▁2004
8775	▁???
8776	▁achieve
8777	▁beware
8778	▁declaration
8779	▁dreams
8780	▁whoso
8781	▁ख़िलाफ
8782	▁बुलाता
8783	▁रिवाज़
8784	▁वर्शन
8785	वाद
8786	▁guess
8787	▁lamp
8788	▁miraculous
8789	▁officer
8790	▁satisfy
8791	▁shortly
8792	▁sounds
8793	▁stumble
8794	▁करूणा
8795	▁प्यारे
8796	▁फिक्र
8797	▁बाध्य
8798	▁मरना
8799	बड़े
8800	शंकर
8801	ाकुल
8802	▁150
8803	▁2007
8804	▁Canaan
8805	▁Configuration
8806	▁Jew
8807	▁Moosa
8808	▁Toolbar
8809	▁distributed
8810	▁earnestly
8811	▁edge
8812	▁glorified
8813	▁hid
8814	▁log
8815	▁produces
8816	▁therefrom
8817	▁toolbar
8818	▁tremendous
8819	▁इसराइल
8820	▁तमन्ना
8821	▁पहुँचता
8822	वार
8823	▁52
8824	▁Shortly
8825	▁Su
8826	▁adult
8827	▁descend
8828	▁hopes
8829	▁inspiration
8830	▁olive
8831	▁prejudice
8832	▁preserved
8833	▁spirits
8834	▁अपमानित
8835	▁आड़
8836	▁छाप
8837	▁डाटाबेस
8838	▁दृश्
8839	▁ब्रिटेन
8840	▁रानी
8841	▁वातावरण
8842	▁श्रीवास्तव
8843	▁हकीकत
8844	Forgiving
8845	Send
8846	इन्साफ़
8847	छ
8848	▁Thanks
8849	▁choices
8850	▁evolution
8851	▁surrender
8852	▁अन्दाज़
8853	▁ख्वाब
8854	▁चीज
8855	▁चेक
8856	▁भरोसे
8857	▁मशीन
8858	ab
8859	fearing
8860	ऐसे
8861	कुरान
8862	▁1997
8863	▁Nebuchadnezzar
8864	▁bounties
8865	▁certainty
8866	▁chiefs
8867	▁conflicts
8868	▁fucking
8869	▁initiative
8870	▁obvious
8871	▁requested
8872	▁uphold
8873	▁उधार
8874	▁ख़ुशनूदी
8875	▁तराई
8876	▁दरज
8877	Show
8878	आर
8879	▁Fir
8880	▁Mom
8881	▁approaching
8882	▁conviction
8883	▁cruel
8884	▁mixed
8885	▁tired
8886	▁unbelieving
8887	▁क्रूस
8888	▁2010
8889	▁2012
8890	▁flag
8891	▁previously
8892	▁snare
8893	▁wondered
8894	▁yield
8895	▁अनुरूप
8896	▁कदरदानी
8897	▁जर्मन
8898	▁तुल्य
8899	▁दोहरा
8900	▁भस्
8901	▁भोज
8902	▁सादा
8903	▁होश
8904	ud
8905	जन
8906	▁2011
8907	▁Books
8908	▁Ishmael
8909	▁Supreme
8910	▁intercession
8911	▁northern
8912	▁permanent
8913	▁अन्धे
8914	▁ताओं
8915	▁पंख
8916	▁परख
8917	▁बहुतायत
8918	▁रोकें
8919	▁समझौता
8920	▁हिला
8921	नो
8922	▁Disc
8923	▁Egyptian
8924	▁arrival
8925	▁entirely
8926	▁heedless
8927	▁opposers
8928	▁pair
8929	▁planning
8930	▁sixth
8931	▁weather
8932	▁अन्धेर
8933	▁गोली
8934	▁बिल
8935	▁वृत्तांत
8936	LE
8937	Open
8938	unto
8939	उन्हें
8940	▁31,
8941	▁Ezra
8942	▁Warning
8943	▁advanced
8944	▁bride
8945	▁committing
8946	▁driver
8947	▁employment
8948	▁ethnic
8949	▁horse
8950	▁numbered
8951	▁primarily
8952	▁requests
8953	▁schedule
8954	▁weaknesses
8955	▁ऑनलाइन
8956	▁करोड़ों
8957	▁छुपा
8958	▁ट
8959	▁भू
8960	▁लुत्फ
8961	▁संतुष्ट
8962	▁सख़्त
8963	▁सुलह
8964	▁हकीम
8965	सार
8966	▁0.
8967	▁Lazarus
8968	▁Things
8969	▁benefited
8970	▁deity
8971	▁golden
8972	▁lawlessness
8973	▁receives
8974	▁upbuilding
8975	▁झुठलाए
8976	▁पिला
8977	▁माउस
8978	▁सभाएँ
8979	▁सिगरेट
8980	Knowing
8981	Mac
8982	act
8983	ical
8984	tra
8985	यहाँ
8986	▁54
8987	▁Report
8988	▁Shu
8989	▁System
8990	▁applies
8991	▁connected
8992	▁corn
8993	▁doers
8994	▁lean
8995	▁meek
8996	▁origin
8997	▁sayings
8998	▁silence
8999	▁कदाचित
9000	▁गईं
9001	▁झुण्ड
9002	▁पकड़कर
9003	▁मिलाप
9004	▁मुशरिक
9005	▁यूआरएल
9006	▁वबाल
9007	▁विभिन्न
9008	▁शिक्षाएँ
9009	▁हैरान
9010	Co
9011	तुम्हारा
9012	्ल
9013	▁11201
9014	▁AND
9015	▁doubts
9016	▁famous
9017	▁measures
9018	▁mocked
9019	▁preparing
9020	▁priority
9021	▁undoubtedly
9022	▁unlawful
9023	▁उदास
9024	▁चिम
9025	▁दवा
9026	▁मुर्दा
9027	30
9028	Edit
9029	ेज़
9030	ेड
9031	▁Egyptians
9032	▁Near
9033	▁Thereafter
9034	▁spare
9035	▁structure
9036	▁tools
9037	▁लगेंगे
9038	▁वर्ल्ड
9039	▁वव्यापी
9040	▁साझा
9041	▁सुनेंगे
9042	sufficient
9043	टो
9044	िका
9045	▁1994
9046	▁Guardian
9047	▁San
9048	▁Ya
9049	▁Year
9050	▁civil
9051	▁junk
9052	▁अंधे
9053	▁आश्चर्य
9054	▁किसके
9055	▁जांचें
9056	▁तह
9057	▁निकलती
9058	▁पार्टी
9059	▁शख्सियत
9060	▁३४
9061	Abraham
9062	ष
9063	▁Judgement
9064	▁accompanied
9065	▁asleep
9066	▁honey
9067	▁r
9068	▁section
9069	▁talked
9070	▁छावनी
9071	▁निकली
9072	▁पुराना
9073	▁मुफ्त
9074	ख़
9075	▁27,
9076	▁Barnabas
9077	▁IT
9078	▁Worlds
9079	▁enables
9080	▁flags
9081	▁kingdoms
9082	▁secrets
9083	▁shit
9084	▁suggested
9085	▁अनोखी
9086	▁घबरा
9087	▁पढ़ो
9088	▁भविष्यद्वाणी
9089	▁मुस्लिम
9090	▁यूनान
9091	▁लम्बी
9092	▁लोभ
9093	▁सोचें
9094	ED
9095	jw
9096	mer
9097	कारथ
9098	पन्याह
9099	मेल
9100	▁Days
9101	▁Shaitan
9102	▁giveth
9103	▁medicine
9104	▁motives
9105	▁orders
9106	▁trumpet
9107	▁इफिसुस
9108	▁उड़
9109	▁काबा
9110	▁तिमान
9111	▁मारी
9112	ag
9113	हमारा
9114	▁2,000
9115	▁47
9116	▁Apply
9117	▁Compassionate
9118	▁Encyclopedia
9119	▁Lu
9120	▁Network
9121	▁Pa
9122	▁Professor
9123	▁WHAT
9124	▁ban
9125	▁haughty
9126	▁humiliating
9127	▁larger
9128	▁located
9129	▁mock
9130	▁necks
9131	▁pregnant
9132	▁sacrificing
9133	▁अत्यधिक
9134	▁अमर
9135	▁जुल्म
9136	▁फँस
9137	▁सुधारने
9138	Ad
9139	NHT
9140	जहन्नुम
9141	जे
9142	पड़े
9143	▁Early
9144	▁amazing
9145	▁band
9146	▁changing
9147	▁cleanse
9148	▁hill
9149	▁humbled
9150	▁statutes
9151	▁supplication
9152	▁traits
9153	▁चाँदी
9154	▁जहन्नुमी
9155	▁धारणा
9156	▁मसीहियत
9157	▁लहर
9158	▁वृद्ध
9159	▁सज़ावार
9160	▁हनोक
9161	इयों
9162	दूर
9163	▁Dan
9164	▁Header
9165	▁aged
9166	▁befalls
9167	▁fierce
9168	▁patients
9169	▁rebelled
9170	▁significance
9171	▁ड्राइव
9172	▁नर
9173	▁न्यायदंड
9174	▁राजनीति
9175	▁लगाव
9176	▁समझदारी
9177	▁सहभागी
9178	▁हरा
9179	iah
9180	शा
9181	▁NY
9182	▁crowds
9183	▁enmity
9184	▁envy
9185	▁execution
9186	▁inmates
9187	▁proceeded
9188	▁अलिफ़
9189	▁ख़याल
9190	▁गा
9191	▁डेटा
9192	▁दर्शाता
9193	▁मंज़िल
9194	▁मरम्मत
9195	▁मीडिया
9196	▁योनातन
9197	▁रविवार
9198	▁सत्यापित
9199	▁सम्पत्ति
9200	▁सुनिश्चित
9201	log
9202	विचार
9203	ृ
9204	▁Build
9205	▁Continue
9206	▁Court
9207	▁Words
9208	▁disappointed
9209	▁pledge
9210	▁proceed
9211	▁strayed
9212	▁symbol
9213	▁इसराएली
9214	▁तारीख़
9215	▁निकालें
9216	▁बजा
9217	▁लड़ी
9218	▁संध्या
9219	▁समझें
9220	▁सिखाना
9221	▁2483
9222	▁44.
9223	▁56
9224	▁600
9225	▁Hope
9226	▁Rom
9227	▁Spiritual
9228	▁Test
9229	▁enjoined
9230	▁losing
9231	▁oppose
9232	▁ruined
9233	▁shoulder
9234	▁similarly
9235	▁sustain
9236	▁universal
9237	▁usage
9238	▁कर्मचारियों
9239	▁पुरखाओं
9240	▁बनावट
9241	▁रखवाली
9242	▁लगाएँ
9243	▁वर्तनी
9244	text
9245	ug
9246	▁Car
9247	▁Using
9248	▁addressed
9249	▁admits
9250	▁consumed
9251	▁judicial
9252	▁reduced
9253	▁u
9254	▁wages
9255	▁widely
9256	▁अधीनता
9257	▁आयु
9258	▁पढ़े
9259	000
9260	डो
9261	शन
9262	▁Jehoshaphat
9263	▁Maybe
9264	▁Sa
9265	▁adding
9266	▁afflict
9267	▁desiring
9268	▁didst
9269	▁dwelt
9270	▁headers
9271	▁historian
9272	▁salt
9273	▁आमंत्रण
9274	▁ज़िला
9275	▁तिहाई
9276	▁पाती
9277	directory
9278	mon
9279	those
9280	vouchsafed
9281	पो
9282	िम
9283	▁1999
9284	▁Background
9285	▁afford
9286	▁consequence
9287	▁rebel
9288	▁refreshing
9289	▁software
9290	▁अगल
9291	▁आधे
9292	▁कुछेक
9293	▁ख़ता
9294	▁चरण
9295	▁तौल
9296	▁दिखाओ
9297	▁नक्शा
9298	▁परेशानी
9299	▁बहरे
9300	▁बुराइयों
9301	▁बोलना
9302	▁रेखा
9303	▁लंबाई
9304	▁वायदे
9305	▁श्
9306	gen
9307	खोलकर
9308	्या
9309	्र
9310	▁34,
9311	▁Long
9312	▁Russian
9313	▁comforted
9314	▁frame
9315	▁prisoners
9316	▁sensitive
9317	▁smoking
9318	▁sudden
9319	▁transgress
9320	▁urges
9321	▁उलटा
9322	▁कहलाता
9323	▁चलिए
9324	▁तट
9325	▁दण्डवत
9326	▁पु
9327	▁फंक्शन
9328	▁बढ़ाता
9329	▁यहूदिया
9330	▁३५
9331	हीन
9332	▁1993
9333	▁2005
9334	▁Ben
9335	▁Changes
9336	▁Granted
9337	▁Syria
9338	▁colors
9339	▁declaring
9340	▁emails
9341	▁greeting
9342	▁loading
9343	▁paragraph
9344	▁resulting
9345	▁इधर
9346	▁उपाय
9347	▁ग़ज़ब
9348	▁जकर्याह
9349	▁बैठो
9350	▁मरतबा
9351	▁लड़ो
9352	▁व्यावहारिक
9353	▁होस्ट
9354	Satan
9355	ably
9356	proofs
9357	जान
9358	मार
9359	मेंट
9360	▁Language
9361	▁Writing
9362	▁accused
9363	▁desist
9364	▁despised
9365	▁stranger
9366	▁suggests
9367	▁systems
9368	▁अबशालोम
9369	▁जाऊँगा
9370	▁टल
9371	▁मिशनरियों
9372	काबा
9373	▁Local
9374	▁Press
9375	▁Russell
9376	▁anti
9377	▁hills
9378	▁maybe
9379	▁prince
9380	▁substance
9381	▁withdraw
9382	▁छल
9383	▁जानो
9384	▁दृढ़ता
9385	▁नबूकदनेस्सर
9386	▁पन्
9387	▁पीना
9388	▁बजे
9389	▁मकान
9390	▁मॉग
9391	▁रोके
9392	▁लाइब्रेरी
9393	▁विदेशी
9394	▁सिरयोन
9395	.'"
9396	50
9397	si
9398	आरंभिक
9399	काम
9400	र्ट
9401	▁25]
9402	▁chariot
9403	▁counted
9404	▁historical
9405	▁li
9406	▁अतीत
9407	▁इक़रार
9408	▁करुणामय
9409	▁चखा
9410	▁चित्रित
9411	▁तोहफे
9412	▁प्राणों
9413	▁बहती
9414	▁रूस
9415	izing
9416	ld
9417	त्व
9418	ूल
9419	▁Hand
9420	▁Joab
9421	▁Mah
9422	▁Martha
9423	▁Remote
9424	▁\
9425	▁altogether
9426	▁bus
9427	▁crops
9428	▁अभियान
9429	▁क़द्र
9430	▁जोखिम
9431	▁निकाली
9432	▁बदलना
9433	▁भागने
9434	▁मुक्त
9435	.1
9436	Pharaoh
9437	ध
9438	फे
9439	्यू
9440	▁72
9441	▁arrives
9442	▁delighted
9443	▁divide
9444	▁lightning
9445	▁seas
9446	▁trusting
9447	▁underneath
9448	▁आईडी
9449	▁ख़तरे
9450	▁डिरेक्ट्री
9451	▁विभिन्
9452	▁स्टडी
9453	hy
9454	mail
9455	ons
9456	ज़रूर
9457	बेहश्त
9458	वो
9459	▁400
9460	▁Organization
9461	▁governing
9462	▁headquarters
9463	▁inspiring
9464	▁movement
9465	▁worker
9466	▁क़ौल
9467	▁काले
9468	▁तौरेत
9469	▁देखेगा
9470	▁नामुमकिन
9471	▁मलाकी
9472	▁माह
9473	▁मोटी
9474	▁लंदन
9475	▁वस्तुएँ
9476	ner
9477	ंस
9478	▁53
9479	▁Hannah
9480	▁Herod
9481	▁blue
9482	▁chariots
9483	▁distressed
9484	▁management
9485	▁regarded
9486	▁widows
9487	▁दर्ज
9488	▁निश्चिन्त
9489	▁फिल्म
9490	▁फ्रेम
9491	▁मूर्खता
9492	▁लगीं
9493	Add
9494	ac
9495	एम
9496	कल
9497	तिरछे
9498	्हीं
9499	▁AS
9500	▁Play
9501	▁Unlike
9502	▁alms
9503	▁annual
9504	▁communities
9505	▁empire
9506	▁loan
9507	▁modify
9508	▁pagans
9509	▁recreation
9510	▁seeks
9511	▁अनुकम्पा
9512	▁असरदार
9513	▁क्षेत्रों
9514	▁तित्व
9515	▁पार्थिव
9516	▁सामरी
9517	US
9518	Wise
9519	ium
9520	जहन्नम
9521	१
9522	▁Amos
9523	▁assume
9524	▁bearer
9525	▁guy
9526	▁haven
9527	▁justified
9528	▁lady
9529	▁pity
9530	▁presentation
9531	▁readers
9532	▁reliable
9533	▁statements
9534	▁thyself
9535	▁आँसू
9536	▁कथन
9537	▁कृतज्ञ
9538	▁कोण
9539	▁चरवाहा
9540	▁फिरो
9541	▁बो
9542	▁ब्राज़ील
9543	▁विशेषता
9544	▁सच्चाइयों
9545	ron
9546	way
9547	चार
9548	पानी
9549	यू
9550	▁39.
9551	▁5]
9552	▁Eastern
9553	▁Jehu
9554	▁Koran
9555	▁ages
9556	▁infidels
9557	▁narrow
9558	▁submissive
9559	▁tendency
9560	▁texts
9561	▁torn
9562	▁अल
9563	▁छोड़े
9564	▁पहचानते
9565	▁पैकेज
9566	▁बैंक
9567	▁मामूली
9568	▁लगने
9569	▁शुरुआत
9570	▁सद्
9571	▁सींग
9572	Behold
9573	ue
9574	जीवन
9575	मक्का
9576	वां
9577	▁75
9578	▁Creation
9579	▁Gideon
9580	▁guys
9581	▁limitations
9582	▁pursuit
9583	▁sanctified
9584	▁अधर्मी
9585	▁अनुचित
9586	▁आएंगे
9587	▁खरे
9588	▁ख़ौफ़
9589	▁तसल्ली
9590	▁देन
9591	▁निरंतर
9592	▁पीलातुस
9593	▁भेदभाव
9594	▁मनाही
9595	▁शास्त्रीय
9596	▁सड़कों
9597	Even
9598	Surely
9599	▁Dis
9600	▁diet
9601	▁h
9602	▁mid
9603	▁scientific
9604	▁species
9605	▁आकर्षित
9606	▁उपवास
9607	▁उपास्य
9608	▁ऐब
9609	▁दक्खिन
9610	▁फैली
9611	▁योआब
9612	▁राजनैतिक
9613	▁रिकॉर्ड
9614	ov
9615	पैराग्राफ
9616	▁MIME
9617	▁cared
9618	▁estimated
9619	▁ice
9620	▁rewarding
9621	▁करूणाकर
9622	▁घूम
9623	▁छिपाए
9624	▁दिखाएगा
9625	▁पीतल
9626	▁बकरी
9627	▁विभाग
9628	also
9629	mu
9630	शी
9631	हरे
9632	▁Heb
9633	▁Isa
9634	▁aright
9635	▁cure
9636	▁detailed
9637	▁differed
9638	▁gambling
9639	▁immediate
9640	▁professor
9641	▁visitors
9642	▁इशारा
9643	▁गुरू
9644	▁झगड़ने
9645	▁पीट
9646	▁फरीसी
9647	▁शून्य
9648	▁सकेगी
9649	▁सूली
9650	▁स्व
9651	▁हामान
9652	▁हित
9653	19
9654	amp
9655	cu
9656	पैदा
9657	▁2003
9658	▁Cause
9659	▁Haman
9660	▁Sinai
9661	▁Switch
9662	▁Ten
9663	▁Unbelievers
9664	▁Zoom
9665	▁attractive
9666	▁consist
9667	▁conversations
9668	▁element
9669	▁expectation
9670	▁perceived
9671	▁weeping
9672	▁अक्ल
9673	▁उलझन
9674	▁गरीबी
9675	▁दराज़
9676	▁नमस्कार
9677	▁पड़ेंगे
9678	▁पुल
9679	▁राजधानी
9680	▁लत
9681	▁लाठी
9682	▁लानेवालों
9683	▁सलामती
9684	ress
9685	▁Alif
9686	▁Hold
9687	▁Notice
9688	▁Paris
9689	▁asunder
9690	▁cleansed
9691	▁humankind
9692	▁persist
9693	▁solve
9694	▁somewhat
9695	▁traditions
9696	▁ऋण
9697	▁खाल
9698	▁चकित
9699	▁दाना
9700	▁पहलुओं
9701	▁लश्कर
9702	▁समारोह
9703	ISO
9704	बल
9705	र्स
9706	▁30,
9707	▁Accept
9708	▁Far
9709	▁accident
9710	▁correctly
9711	▁edit
9712	▁kingship
9713	▁records
9714	▁starts
9715	▁अत्यावश्
9716	▁चिकित्सा
9717	▁चौपायों
9718	▁जहॉ
9719	▁ज्ञात
9720	▁नाफरमानी
9721	▁निडर
9722	▁फरवरी
9723	▁मुशरिकों
9724	▁मुश्किल
9725	▁लि
9726	▁लेवीय
9727	▁संतुलन
9728	▁हू
9729	ile
9730	ियॉ
9731	▁ascend
9732	▁crying
9733	▁escaped
9734	▁external
9735	▁regards
9736	▁shew
9737	▁sole
9738	▁suppose
9739	▁thick
9740	▁tries
9741	▁widespread
9742	▁अंग्रेज़ी
9743	▁चश्म
9744	▁निर्बल
9745	▁मगन
9746	▁मुखिया
9747	▁समेट
9748	▁सर्वोत्तम
9749	▁सामाजिक
9750	▁सैकड़ों
9751	ise
9752	ख़ास
9753	खेरत
9754	ीलत
9755	▁Asa
9756	▁Port
9757	▁Pro
9758	▁claims
9759	▁duties
9760	▁earnest
9761	▁mailing
9762	▁phrase
9763	▁senses
9764	▁wretched
9765	▁अक्टूबर
9766	▁अग्रेषित
9767	▁अप्रत्याशित
9768	▁इनपुट
9769	▁चंद
9770	▁नीच
9771	▁पहुँचाए
9772	▁भेड़ें
9773	▁शे
9774	▁शोर
9775	▁Common
9776	▁Desktop
9777	▁Esther
9778	▁Li
9779	▁Preview
9780	▁announced
9781	▁breaking
9782	▁captain
9783	▁eagerly
9784	▁fool
9785	▁hoping
9786	▁manifested
9787	▁rendering
9788	▁sources
9789	▁telephone
9790	▁transfer
9791	▁नेको
9792	▁पवित्रता
9793	▁मूल्यांकन
9794	▁लगाता
9795	▁शुए
9796	keep
9797	ny
9798	तौरेत
9799	बो
9800	मार्ग
9801	▁1945
9802	▁Lam
9803	▁bookmarks
9804	▁fasting
9805	▁market
9806	▁कर्मचारी
9807	▁कहानियाँ
9808	▁कारगर
9809	▁कारणों
9810	▁गाने
9811	▁पतियों
9812	▁प्रौढ़
9813	▁मेवे
9814	▁यूरोपीय
9815	▁रिसालत
9816	▁संकेतक
9817	▁सहेजा
9818	dy
9819	ec
9820	जयकार
9821	भर
9822	▁Esau
9823	▁assemblies
9824	▁choosing
9825	▁depend
9826	▁earthquake
9827	▁eliminate
9828	▁intelligent
9829	▁occurs
9830	▁recompensed
9831	▁translations
9832	▁आशीर्वाद
9833	▁गिलाद
9834	▁पढ़ें
9835	▁पहुंचे
9836	▁बैठने
9837	▁समूहों
9838	qui
9839	ंत
9840	नत
9841	▁120
9842	▁Ark
9843	▁chooses
9844	▁citizens
9845	▁confirmed
9846	▁hardships
9847	▁intimate
9848	▁nice
9849	▁rent
9850	▁sharp
9851	▁talents
9852	▁tenth
9853	▁wonders
9854	▁चमत्कारों
9855	▁झुका
9856	▁ठे
9857	▁फलक
9858	▁सौदा
9859	Remember
9860	उनका
9861	तुल
9862	मौजूद
9863	लामत
9864	▁Connection
9865	▁Hello
9866	▁ISO
9867	▁abiding
9868	▁burst
9869	▁confirm
9870	▁crushed
9871	▁driving
9872	▁impact
9873	▁positions
9874	▁products
9875	▁कठिनाई
9876	▁कनान
9877	▁जानेवाला
9878	▁जायेगा
9879	▁जुड़
9880	▁दाने
9881	▁मुकाबले
9882	▁सुने
9883	▁सूझ
9884	right
9885	ेस
9886	▁Armies
9887	▁Jeroboam
9888	▁Reading
9889	▁Road
9890	▁Sam
9891	▁Th
9892	▁Windows
9893	▁board
9894	▁confusion
9895	▁expend
9896	▁film
9897	▁honorable
9898	▁observing
9899	▁refrain
9900	▁rooms
9901	▁surrounding
9902	▁winter
9903	▁आबादी
9904	▁आये
9905	▁आरोप
9906	▁खुशियाँ
9907	▁ठहर
9908	▁दहकत
9909	▁सि
9910	ey
9911	क्
9912	▁64
9913	▁66
9914	▁Map
9915	▁Previous
9916	▁al
9917	▁broad
9918	▁coast
9919	▁database
9920	▁jealous
9921	▁likened
9922	▁objective
9923	▁skins
9924	▁vanity
9925	▁weep
9926	▁wombs
9927	▁ख़ातिर
9928	▁चैट
9929	▁डीपीआई
9930	▁दुःखी
9931	▁पत्रिकाओं
9932	▁परदे
9933	▁पितरों
9934	▁श्रेष्ठ
9935	▁सकोगे
9936	▁सावधानी
9937	▁सुनें
9938	▁स्
9939	▁हिदायतें
9940	90
9941	IS
9942	NAME
9943	Verily
9944	her
9945	▁Empire
9946	▁Hearer
9947	▁Jude
9948	▁Much
9949	▁SHA
9950	▁avert
9951	▁cache
9952	▁disk
9953	▁linked
9954	▁mailbox
9955	▁overtake
9956	▁planned
9957	▁sow
9958	▁voices
9959	▁अभिषेक
9960	▁कार्यवाही
9961	▁घोड़ों
9962	▁झील
9963	▁दरबार
9964	▁बन्दा
9965	▁बहनें
9966	▁सम्मति
9967	▁स्केल
9968	16
9969	इससे
9970	देश
9971	रों
9972	▁George
9973	▁Post
9974	▁UID
9975	▁concentration
9976	▁expel
9977	▁incline
9978	▁mission
9979	▁repeat
9980	▁touching
9981	▁अनाज
9982	▁अश्शूर
9983	▁एप्रैम
9984	▁गोत्रों
9985	▁डेरे
9986	▁ड्राइवर
9987	▁तारीख
9988	▁बिताए
9989	▁यथार्थ
9990	▁विश्लेषण
9991	▁सत्यानाश
9992	17
9993	Woe
9994	ow
9995	इश
9996	सलाम
9997	▁2)
9998	▁Marriage
9999	▁Q
10000	▁begun
10001	▁dad
10002	▁gentle
10003	▁introduced
10004	▁misfortune
10005	▁permissions
10006	▁reads
10007	▁stored
10008	▁आजकल
10009	▁जनता
10010	▁ताज़गी
10011	▁देखरेख
10012	▁बहु
10013	▁लाइसेंस
10014	▁शो
10015	▁स्वस्थ
10016	▁हमले
10017	back
10018	then
10019	ट्
10020	▁Allow
10021	▁HIV
10022	▁Ro
10023	▁Very
10024	▁camels
10025	▁foremost
10026	▁islands
10027	▁legs
10028	▁repented
10029	▁residents
10030	▁scheme
10031	▁अम्र
10032	▁आहार
10033	▁उत्साह
10034	▁एली
10035	▁निहायत
10036	▁मायूस
10037	▁वालो
10038	▁सरकारों
10039	▁हन्
10040	▁Heart
10041	▁Selection
10042	▁consult
10043	▁defeat
10044	▁impression
10045	▁insert
10046	▁minded
10047	▁sacrificed
10048	▁signed
10049	▁thief
10050	▁करवाने
10051	▁तथ्य
10052	▁ताकीद
10053	▁थ
10054	▁प्रबंधन
10055	▁मूर्तिपूजा
10056	▁रेडियो
10057	▁लेखा
10058	tion
10059	ास
10060	ॆ
10061	▁Top
10062	▁WHO
10063	▁Yahoo
10064	▁anguish
10065	▁conform
10066	▁disabled
10067	▁exile
10068	▁expose
10069	▁formatted
10070	▁imprisoned
10071	▁proclaimers
10072	▁silk
10073	▁tower
10074	▁अवगत
10075	▁ख़तरा
10076	▁दस्तूर
10077	▁दिलाने
10078	▁परीक्षण
10079	▁वजूद
10080	▁विद्या
10081	▁सहन
10082	▁५०
10083	lan
10084	ob
10085	ual
10086	इसके
10087	क़ुरबानी
10088	प्ट
10089	▁13]
10090	▁Down
10091	▁actual
10092	▁assembled
10093	▁associating
10094	▁captives
10095	▁climate
10096	▁handed
10097	▁product
10098	▁respects
10099	▁sleeping
10100	▁अनुज्ञा
10101	▁टीवी
10102	▁टुकड़ा
10103	▁न्यायियों
10104	▁परत
10105	▁पेड़ों
10106	▁भयंकर
10107	▁भविष्यवाणियाँ
10108	▁मासिक
10109	▁मुसलमान
10110	▁लेनेवाला
10111	▁शुदा
10112	AN
10113	vo
10114	्ज
10115	▁Personal
10116	▁Position
10117	▁desirable
10118	▁ignored
10119	▁lacking
10120	▁pornography
10121	▁rod
10122	▁shout
10123	▁traditional
10124	▁unbelief
10125	▁upset
10126	▁काटने
10127	▁क्षैतिज
10128	▁घंटों
10129	▁तीतुस
10130	▁प्रतिनिधि
10131	▁प्रभावशाली
10132	▁प्रिंटर
10133	▁मनाया
10134	▁मुराद
10135	▁संलग्न
10136	▁सिखाए
10137	13
10138	ell
10139	रियों
10140	▁Avoid
10141	▁Bethlehem
10142	▁Eat
10143	▁Mar
10144	▁adjust
10145	▁badness
10146	▁overwhelmed
10147	▁prophesy
10148	▁reminds
10149	▁shake
10150	▁smaller
10151	▁sub
10152	▁vine
10153	▁अँधेर
10154	▁अकृतज्ञ
10155	▁असत्य
10156	▁आधी
10157	▁इनायत
10158	▁उठेंगे
10159	▁कंगाल
10160	▁कोप
10161	▁खेद
10162	▁निकालना
10163	▁नियंत्रित
10164	▁निरे
10165	▁पदार्थ
10166	▁मंज़िले
10167	▁वृद्धि
10168	▁साँप
10169	▁हरे
10170	View
10171	इफ़तेरा
10172	क्ष
10173	देख
10174	▁37.
10175	▁Babylonian
10176	▁Mim
10177	▁belonging
10178	▁brass
10179	▁commercial
10180	▁disasters
10181	▁discussions
10182	▁disposed
10183	▁distribution
10184	▁isolated
10185	▁morally
10186	▁praising
10187	▁priesthood
10188	▁safely
10189	▁क़राबतदार
10190	▁क़ूवत
10191	▁घायल
10192	▁ताक
10193	▁तीमु
10194	▁प्राकृतिक
10195	▁फरमाए
10196	▁व्याख्या
10197	doing
10198	ens
10199	gi
10200	off
10201	बन
10202	हक़
10203	▁1940
10204	▁Above
10205	▁Contents
10206	▁Habakkuk
10207	▁Junk
10208	▁Nuh
10209	▁nearest
10210	▁stretch
10211	▁कनेक्ट
10212	▁मित्रों
10213	▁लकीर
10214	▁श्रोत
10215	▁सहनशील
10216	40
10217	low
10218	अच्छी
10219	पलटकर
10220	ुधि
10221	ेट
10222	▁Elders
10223	▁Leviticus
10224	▁Memo
10225	▁Nazi
10226	▁Sin
10227	▁com
10228	▁contributed
10229	▁defense
10230	▁footnote
10231	▁presents
10232	▁regardless
10233	▁repay
10234	▁ruled
10235	▁smote
10236	▁spouses
10237	▁topic
10238	▁unusual
10239	▁धूल
10240	▁नज़दीकी
10241	▁मनाते
10242	▁मारकर
10243	▁लेखन
10244	01
10245	rd
10246	चे
10247	▁Application
10248	▁Eli
10249	▁Ja
10250	▁Object
10251	▁adornment
10252	▁apparent
10253	▁governor
10254	▁supplies
10255	▁tarried
10256	▁technology
10257	▁volume
10258	▁अहाब
10259	▁ऊर्जा
10260	▁ऑ
10261	▁बिल्ड
10262	▁विडियो
10263	▁विदेश
10264	▁सताया
10265	Generic
10266	hearing
10267	lin
10268	ping
10269	ps
10270	पृथ्वी
10271	पे
10272	▁Audio
10273	▁Load
10274	▁canceled
10275	▁fortune
10276	▁journal
10277	▁marital
10278	▁schools
10279	▁striking
10280	▁succeeded
10281	▁survey
10282	▁thoroughly
10283	▁weary
10284	▁withhold
10285	▁टीम
10286	▁ठहरेगा
10287	▁बि
10288	▁मूरत
10289	▁वापसी
10290	▁वाह
10291	▁हाबिल
10292	▁हुईं
10293	▁हूद
10294	▁३७
10295	tal
10296	what
10297	िट
10298	▁aforetime
10299	▁bonds
10300	▁excuses
10301	▁icon
10302	▁meditation
10303	▁possibility
10304	▁अनाथ
10305	▁इस्त्राएलियों
10306	▁कट
10307	▁गल
10308	▁डि
10309	▁निगल
10310	▁पत्थरों
10311	▁बढ़े
10312	▁बिताने
10313	▁मोती
10314	▁शैतानों
10315	▁सहारे
10316	fe
10317	france
10318	अन
10319	मे
10320	यानि
10321	▁Charles
10322	▁Generic
10323	▁Priest
10324	▁behave
10325	▁belonged
10326	▁exciting
10327	▁hoped
10328	▁spell
10329	▁spot
10330	▁wealthy
10331	▁अनाथों
10332	▁क्रोधित
10333	▁ग़नीमत
10334	▁जोड़ना
10335	▁तेदार
10336	▁नज़रिए
10337	▁पैरामीटर
10338	▁बहुमूल्य
10339	▁विदा
10340	▁विश्वासघात
10341	00
10342	24
10343	ide
10344	pi
10345	polytheists
10346	ring
10347	ship
10348	▁Cogl
10349	▁IM
10350	▁MB
10351	▁Owner
10352	▁aloud
10353	▁armed
10354	▁attached
10355	▁chastise
10356	▁criminal
10357	▁disputed
10358	▁division
10359	▁flying
10360	▁honourable
10361	▁persevere
10362	▁reside
10363	▁shirt
10364	▁warfare
10365	▁आमोस
10366	▁खरा
10367	▁गर्मी
10368	▁जुड़ा
10369	▁तहत
10370	▁पात्र
10371	▁बैरी
10372	▁मी
10373	▁मुनाफ़िक़
10374	▁मुर्दे
10375	▁लगायी
10376	▁संक्रिया
10377	▁स्थल
10378	MIME
10379	bar
10380	▁2013
10381	▁24]
10382	▁China
10383	▁Dictionary
10384	▁Evidently
10385	▁Forward
10386	▁Office
10387	▁deeper
10388	▁equipped
10389	▁ponder
10390	▁researchers
10391	▁sail
10392	▁solemn
10393	▁washed
10394	▁कसम
10395	▁कैसर
10396	▁निम्नलिखित
10397	▁निष्कर्ष
10398	▁बजाए
10399	▁बरदाश्
10400	▁बिस्तर
10401	▁भाईचार
10402	▁विराजमान
10403	-8
10404	DVD
10405	ऊ
10406	यही
10407	यार
10408	ाया
10409	ीकरण
10410	▁Copying
10411	▁Standard
10412	▁falsely
10413	▁heritage
10414	▁ne
10415	▁rejoiced
10416	▁scatter
10417	▁supporting
10418	▁vessel
10419	▁अर्थात
10420	▁आसा
10421	▁चित्त
10422	▁चिल्ला
10423	▁डालेंगे
10424	▁फैलाया
10425	▁भंग
10426	▁मेम्ने
10427	▁वार्तालाप
10428	▁हड्डियाँ
10429	ries
10430	मनुष्य
10431	▁607
10432	▁61
10433	▁Library
10434	▁Rev
10435	▁compromise
10436	▁exhortation
10437	▁faults
10438	▁fiery
10439	▁fulfil
10440	▁respected
10441	▁shot
10442	▁strife
10443	▁उपहास
10444	▁खंड
10445	▁गिदोन
10446	▁जैक
10447	▁बरसा
10448	▁बर्फ
10449	▁मिलेंगे
10450	▁सत्तर
10451	▁सर्वशक्
10452	▁हरी
10453	"?
10454	gra
10455	र्क
10456	ुन
10457	▁Jack
10458	▁anyway
10459	▁bellies
10460	▁camps
10461	▁depressed
10462	▁educational
10463	▁proverb
10464	▁redeem
10465	▁victorious
10466	▁wander
10467	▁कलाम
10468	▁गिर्द
10469	▁घाट
10470	▁टर्मिनल
10471	▁ठहराने
10472	▁बख़्श
10473	▁भरोसेमंद
10474	▁मित्रता
10475	▁लशकर
10476	▁लेगें
10477	▁सताए
10478	▁सदक़
10479	▁सूरा
10480	▁हक़दार
10481	ंक
10482	समय
10483	▁1970
10484	▁6]
10485	▁Bo
10486	▁Muslim
10487	▁blast
10488	▁honored
10489	▁initial
10490	▁maketh
10491	▁neglected
10492	▁pillars
10493	▁producing
10494	▁sworn
10495	▁zone
10496	▁अहंकार
10497	▁आयोजित
10498	▁ऑफलाइन
10499	▁छोड़ो
10500	▁झगड़
10501	▁रहीं
10502	▁विधियों
10503	▁संचालित
10504	▁सल्तन
10505	▁सार
10506	Don
10507	province
10508	ण्ड
10509	हॉ
10510	ाना
10511	ियानी
10512	ेगें
10513	▁Black
10514	▁Burning
10515	▁Dead
10516	▁Making
10517	▁Per
10518	▁Se
10519	▁Seek
10520	▁averse
10521	▁belongings
10522	▁buildings
10523	▁deem
10524	▁dumb
10525	▁examination
10526	▁glass
10527	▁illustrated
10528	▁links
10529	▁maintained
10530	▁measured
10531	▁necessarily
10532	▁peaceable
10533	▁privileged
10534	▁restrain
10535	▁strikes
10536	▁wax
10537	▁अधिवेशनों
10538	▁इतिहासकार
10539	▁एड्
10540	▁ख़ज़ान
10541	▁गुंजाइश
10542	▁छुड़ाने
10543	▁पंथ
10544	▁रहस्य
10545	▁वस्त
10546	▁विभाजित
10547	Had
10548	ana
10549	ning
10550	तुम्हें
10551	▁Beth
10552	▁Museum
10553	▁Night
10554	▁Years
10555	▁central
10556	▁drag
10557	▁drove
10558	▁greatness
10559	▁keepers
10560	▁thirst
10561	▁unexpected
10562	▁अपमानजनक
10563	▁अवश्
10564	▁उलफ
10565	▁गिने
10566	▁छोड़ी
10567	▁ज़िल्लत
10568	▁पांवों
10569	▁बलवन्त
10570	▁भुगतान
10571	▁शमौन
10572	Not
10573	५
10574	▁(2
10575	▁COVER
10576	▁Italian
10577	▁Midian
10578	▁Nisan
10579	▁Stay
10580	▁betray
10581	▁fulfilling
10582	▁obstacles
10583	▁praised
10584	▁profound
10585	▁उठाता
10586	▁केंद्रित
10587	▁जुर्म
10588	▁प्रतिलिपि
10589	▁फ्लैग
10590	▁बनाती
10591	▁मां
10592	▁संगठित
10593	▁हम्द
10594	▁16]
10595	▁Judas
10596	▁Reply
10597	▁Strong
10598	▁bag
10599	▁comparison
10600	▁couches
10601	▁orphan
10602	▁preparation
10603	▁prize
10604	▁अपनाई
10605	▁आवाज
10606	▁किताबवालों
10607	▁चरवाहों
10608	▁ती
10609	▁नाराज़
10610	▁ब्राउज़र
10611	▁यादगार
10612	▁राष्ट्रीय
10613	▁लौटे
10614	▁हल्का
10615	;-
10616	tu
10617	बद
10618	वन
10619	▁1918
10620	▁ON
10621	▁bowed
10622	▁expand
10623	▁lifetime
10624	▁pleasures
10625	▁sa
10626	▁survived
10627	▁thrust
10628	▁traffic
10629	▁virtual
10630	▁yea
10631	▁उसूलों
10632	▁ऊँट
10633	▁तृप्त
10634	▁निभाने
10635	▁बुराइयाँ
10636	▁भागी
10637	▁मिटाया
10638	▁संजाल
10639	▁हुज्जत
10640	ID
10641	any
10642	net
10643	ster
10644	टन
10645	पत्र
10646	▁//
10647	▁3,000
10648	▁31]
10649	▁Republic
10650	▁Seed
10651	▁Sermon
10652	▁Vertical
10653	▁Volume
10654	▁collection
10655	▁covers
10656	▁distinguish
10657	▁festival
10658	▁highlighted
10659	▁ho
10660	▁la
10661	▁locally
10662	▁machine
10663	▁module
10664	▁permit
10665	▁plead
10666	▁pretty
10667	▁reform
10668	▁sender
10669	▁slander
10670	▁thinks
10671	▁trash
10672	▁worthless
10673	▁उत्तमकार
10674	▁खेलने
10675	▁चख
10676	▁जलजलाहट
10677	▁थोप
10678	▁पादरियों
10679	▁बरकतवाल
10680	▁वीरान
10681	bu
10682	cal
10683	gr
10684	ice
10685	when
10686	लैंड
10687	००
10688	▁2006
10689	▁Vi
10690	▁borne
10691	▁discover
10692	▁influences
10693	▁joyfully
10694	▁roots
10695	▁southern
10696	▁tiny
10697	▁vegetation
10698	▁zealously
10699	▁जनक
10700	▁जिन्हों
10701	▁ट्री
10702	▁डब्ल्यू
10703	▁ढूंढ
10704	▁दौड़ते
10705	▁प्रलोभन
10706	▁फेरबदल
10707	▁फेरे
10708	▁बेहिसाब
10709	▁भागे
10710	▁मानों
10711	▁रोते
10712	▁रोमि
10713	▁लेनी
10714	▁विमान
10715	▁श्रद्धा
10716	▁संतुलित
10717	▁हमे
10718	su
10719	▁Empty
10720	▁Tak
10721	▁Title
10722	▁Tom
10723	▁Whose
10724	▁demands
10725	▁distinction
10726	▁hates
10727	▁perfectly
10728	▁prime
10729	▁इंतजार
10730	▁एज्रा
10731	▁चलनेवाले
10732	▁ज़मीर
10733	▁ज़ूम
10734	▁जिला
10735	▁डालूंगा
10736	▁तारा
10737	▁दहिने
10738	▁पहचाना
10739	▁बरनबास
10740	▁भूकंप
10741	▁रोज़मर्रा
10742	▁लिखित
10743	▁लेवी
10744	▁विवाहित
10745	▁समा
10746	Save
10747	UT
10748	bb
10749	gainst
10750	ाह
10751	▁1992
10752	▁Format
10753	▁accepts
10754	▁concealed
10755	▁diligent
10756	▁director
10757	▁discussing
10758	▁fonts
10759	▁guardians
10760	▁multiple
10761	▁participate
10762	▁philosophy
10763	▁prior
10764	▁represents
10765	▁sites
10766	▁thunder
10767	▁चलाना
10768	▁जानबूझकर
10769	▁दक्षिणी
10770	▁धारा
10771	▁परदा
10772	▁पाबंदी
10773	▁प्रस्ताव
10774	▁युद्धों
10775	▁संशोधन
10776	▁सदोम
10777	ization
10778	pp
10779	▁?????
10780	▁Ammon
10781	▁Col
10782	▁Directory
10783	▁Divine
10784	▁Hast
10785	▁Rename
10786	▁absence
10787	▁forsaken
10788	▁loveth
10789	▁seated
10790	▁walks
10791	▁अभिलाषा
10792	▁कारों
10793	▁कुकर्म
10794	▁क्रिसमस
10795	▁ग़ायब
10796	▁ठहराता
10797	▁परिवर्धित
10798	▁रिहा
10799	▁रोकता
10800	av
10801	lar
10802	oc
10803	ya
10804	तर
10805	▁Details
10806	▁Protector
10807	▁Sort
10808	▁aim
10809	▁contend
10810	▁deniers
10811	▁disbelieving
10812	▁expressing
10813	▁fig
10814	▁flame
10815	▁heir
10816	▁rid
10817	▁survivors
10818	▁truthfulness
10819	▁इब्रा
10820	▁उतरा
10821	▁ख्वाहिशों
10822	▁छड़ी
10823	▁नरम
10824	▁नाक
10825	▁पुकारने
10826	▁फौज
10827	▁बदली
10828	▁बहाल
10829	▁मेज़
10830	▁यार
10831	▁यूं
10832	▁स्टोर
10833	read
10834	र्
10835	्म
10836	▁1930
10837	▁36.
10838	▁Est
10839	▁Old
10840	▁binding
10841	▁childhood
10842	▁deception
10843	▁emotionally
10844	▁forgave
10845	▁highlight
10846	▁latest
10847	▁overtook
10848	▁palace
10849	▁passage
10850	▁purified
10851	▁seventy
10852	▁stretched
10853	▁waited
10854	▁{
10855	▁ऐन
10856	▁ख़ाक
10857	▁गोत्र
10858	▁दोगे
10859	▁धर
10860	▁पहिने
10861	▁मज़हब
10862	▁मनश्शे
10863	▁मेंह
10864	▁मो
10865	side
10866	work
10867	ंज
10868	ऊंगा
10869	झ
10870	वृद्धि
10871	▁Likely
10872	▁Psalms
10873	▁Saving
10874	▁continuing
10875	▁denying
10876	▁godfearing
10877	▁mad
10878	▁rename
10879	▁uncleanness
10880	▁utmost
10881	▁कर्ज़
10882	▁गिरजे
10883	▁दिलो
10884	▁पड़ो
10885	▁परिचित
10886	▁पहिल
10887	▁पौधे
10888	▁बचाएगा
10889	▁मूरतों
10890	▁यूहन्ना
10891	▁विद्रोह
10892	▁विशेषज्ञ
10893	▁शि
10894	▁सिटी
10895	▁हमदर्दी
10896	▁हवाओं
10897	mankind
10898	was
10899	गन
10900	▁Everything
10901	▁Update
10902	▁Width
10903	▁arrest
10904	▁conducting
10905	▁kids
10906	▁occurrence
10907	▁outer
10908	▁slavery
10909	▁strongly
10910	▁आंख
10911	▁ईसवी
10912	▁उठी
10913	▁चढ़कर
10914	▁धनवान
10915	▁पॉव
10916	▁बस्तियाँ
10917	▁मज़दूर
10918	▁मस्तिष्क
10919	▁यारोबाम
10920	▁लक्षण
10921	▁वशीभ
10922	▁सैर
10923	bit
10924	ley
10925	म्प
10926	▁38.
10927	▁Central
10928	▁Faithful
10929	▁Hear
10930	▁Ho
10931	▁Learning
10932	▁Penalty
10933	▁Real
10934	▁Sorry
10935	▁adjustments
10936	▁breaks
10937	▁fabricate
10938	▁loyally
10939	▁overwhelming
10940	▁sabbath
10941	▁synagogue
10942	▁कमबख्त
10943	▁गलतियाँ
10944	▁च
10945	▁चाहत
10946	▁तनिक
10947	▁दिला
10948	▁पोंछ
10949	▁बर
10950	▁राजनीतिक
10951	▁सूख
10952	▁होशे
10953	camel
10954	old
10955	आकाश
10956	जिलाता
10957	सारी
10958	▁Authentication
10959	▁Gospels
10960	▁Khan
10961	▁allies
10962	▁bind
10963	▁effectively
10964	▁exemplary
10965	▁exit
10966	▁flowers
10967	▁multiplied
10968	▁outlook
10969	▁rescued
10970	▁अन्धा
10971	▁उल्लेखनीय
10972	▁चित्रों
10973	▁तलब
10974	▁तेदारों
10975	▁परिवर्तित
10976	▁फ़ंक्शन
10977	▁फ्लैग्स
10978	▁बंधुआ
10979	▁बढ़ाकर
10980	▁यहोशापात
10981	▁सोचे
10982	format
10983	ham
10984	ments
10985	put
10986	▁Hosea
10987	▁Level
10988	▁Live
10989	▁Record
10990	▁Yusuf
10991	▁comfortable
10992	▁courageously
10993	▁disclose
10994	▁dread
10995	▁elsewhere
10996	▁globe
10997	▁guards
10998	▁minor
10999	▁nuclear
11000	▁smooth
11001	▁square
11002	▁willingness
11003	▁yellow
11004	▁उठना
11005	▁खतना
11006	▁पुकारकर
11007	▁पूर्वजों
11008	▁फेरा
11009	▁बेज़ार
11010	▁रोजे
11011	▁सपना
11012	▁स्वेच्छा
11013	Windows
11014	ics
11015	ng
11016	und
11017	चा
11018	िनी
11019	▁*.
11020	▁GroupWise
11021	▁Millions
11022	▁Need
11023	▁Specif
11024	▁Stephen
11025	▁Voices
11026	▁Women
11027	▁beg
11028	▁corrupted
11029	▁entrance
11030	▁foods
11031	▁magicians
11032	▁namely
11033	▁notification
11034	▁overlook
11035	▁owners
11036	▁reasoned
11037	▁reflects
11038	▁thread
11039	▁करेंगी
11040	▁ख़रीद
11041	▁गुनेहगार
11042	▁ज़रिया
11043	▁टहल
11044	▁नफ़स
11045	▁पकड़ने
11046	▁परंतु
11047	▁पहुँचना
11048	▁रहेगें
11049	▁राज्यगृह
11050	▁सच्चाइयाँ
11051	▁सैनिकों
11052	▁७०
11053	Taste
11054	ai
11055	cc
11056	countless
11057	own
11058	ति
11059	▁145
11060	▁Gen
11061	▁Replace
11062	▁alongside
11063	▁axis
11064	▁instruct
11065	▁inter
11066	▁misdeeds
11067	▁nurse
11068	▁parse
11069	▁recover
11070	▁restoration
11071	▁saints
11072	▁soldier
11073	▁teenager
11074	▁अधोलोक
11075	▁अब्बा
11076	▁गोद
11077	▁ज़िम्मेदारिय
11078	▁दिलाओ
11079	▁पॉपअप
11080	▁भाषाएँ
11081	▁रीड
11082	▁सहेजना
11083	चर
11084	लेख
11085	▁+
11086	▁1,000
11087	▁Ancient
11088	▁Maker
11089	▁THIS
11090	▁Trinity
11091	▁avoided
11092	▁classes
11093	▁comprehend
11094	▁documents
11095	▁exercised
11096	▁experiencing
11097	▁infant
11098	▁mo
11099	▁officers
11100	▁prospects
11101	▁supports
11102	▁swore
11103	▁tents
11104	▁इबलीस
11105	▁उठाएँगे
11106	▁खुशहाल
11107	▁जहान
11108	▁डुबो
11109	▁प्रेमी
11110	▁बढ़ना
11111	▁मरी
11112	▁शिक्षण
11113	▁सदृश
11114	▁साहब
11115	▁सीमाओं
11116	▁सूअर
11117	▁स्वाद
11118	MAPI
11119	cr
11120	lying
11121	ऐसी
11122	ॅ
11123	३
11124	▁00
11125	▁Courtesy
11126	▁Especially
11127	▁PKCS
11128	▁Verses
11129	▁confused
11130	▁deserving
11131	▁justly
11132	▁launch
11133	▁practiced
11134	▁practicing
11135	▁retain
11136	▁roads
11137	▁slowly
11138	▁substitute
11139	▁अड़
11140	▁उदारता
11141	▁घ
11142	▁जापानी
11143	▁बनाएं
11144	▁मुकुट
11145	▁हिजकिरयाह
11146	ES
11147	iv
11148	कु
11149	बड़ा
11150	ां
11151	▁Horizontal
11152	▁Ko
11153	▁Lines
11154	▁advancement
11155	▁amazed
11156	▁du
11157	▁handling
11158	▁je
11159	▁motive
11160	▁scourge
11161	▁sorcery
11162	▁volunteers
11163	▁किसका
11164	▁गुज़ार
11165	▁छिप
11166	▁ड
11167	▁मुन्
11168	▁सुखी
11169	▁स्नेह
11170	▁हटाने
11171	▁हिल
11172	":
11173	%%
11174	ee
11175	istic
11176	मु
11177	रिक
11178	सिर्फ
11179	▁Abram
11180	▁Face
11181	▁Fight
11182	▁Orthodox
11183	▁Taurat
11184	▁Universe
11185	▁endowed
11186	▁hearken
11187	▁intend
11188	▁marks
11189	▁parallel
11190	▁projects
11191	▁retrieve
11192	▁similitude
11193	▁strict
11194	▁अतएव
11195	▁आसपास
11196	▁ग़म
11197	▁चलाए
11198	▁चुपचाप
11199	▁ज़करिया
11200	▁जुनून
11201	▁डेविड
11202	▁पोप
11203	▁मर्यादा
11204	▁मूर्तियों
11205	▁सीने
11206	▁स्वर
11207	▁हवाला
11208	che
11209	mm
11210	true
11211	सो
11212	▁Assembly
11213	▁Paste
11214	▁White
11215	▁angelic
11216	▁gossip
11217	▁hurtful
11218	▁net
11219	▁photos
11220	▁publisher
11221	▁shameful
11222	▁transgressed
11223	▁अग्नि
11224	▁आशिष
11225	▁एफ
11226	▁नागरिक
11227	▁मक्कारी
11228	▁मातृभाषा
11229	▁विजेट
11230	▁समिति
11231	▁सुलझाने
11232	▁स्वार्थ
11233	15
11234	Make
11235	pt
11236	प्रतीति
11237	भूतपूर्व
11238	रस
11239	वादी
11240	▁Goliath
11241	▁Jericho
11242	▁Middle
11243	▁cursor
11244	▁endless
11245	▁ensure
11246	▁fashioned
11247	▁icons
11248	▁metal
11249	▁wave
11250	▁अंधकार
11251	▁आंगन
11252	▁नामों
11253	▁निसान
11254	▁परमप्रधान
11255	▁बुलाओ
11256	ants
11257	ification
11258	pl
11259	č
11260	अनदेखा
11261	आई
11262	ढ़
11263	नबूवत
11264	ूँ
11265	▁Ca
11266	▁Committee
11267	▁Convert
11268	▁Event
11269	▁Google
11270	▁Korah
11271	▁armor
11272	▁contributions
11273	▁denial
11274	▁diligently
11275	▁dislike
11276	▁extension
11277	▁incident
11278	▁lame
11279	▁package
11280	▁performing
11281	▁refreshment
11282	▁rows
11283	▁shaken
11284	▁treaty
11285	▁कूच
11286	▁खरीद
11287	▁चार्ट
11288	▁चिमी
11289	▁छुड़ाया
11290	▁ट्रेनिंग
11291	▁ठंडा
11292	▁तापमान
11293	▁ताल्लुक
11294	▁नत
11295	▁निर्जीव
11296	▁परिभाषित
11297	▁पवित्रास्थान
11298	▁बदलकर
11299	▁बरकरार
11300	▁भेजकर
11301	▁रोने
11302	▁सम्पर्क
11303	▁सवारी
11304	▁सुननेवालों
11305	others
11306	उससे
11307	तेरा
11308	ेंट
11309	▁1960
11310	▁Athens
11311	▁Ki
11312	▁bi
11313	▁closing
11314	▁divisions
11315	▁gaining
11316	▁holiness
11317	▁issued
11318	▁materials
11319	▁mayest
11320	▁seeds
11321	▁suburbs
11322	▁urgent
11323	▁कार्यालय
11324	▁किंगडम
11325	▁ख़ैरात
11326	▁जाग
11327	▁निकलें
11328	▁बायाँ
11329	▁युक्त
11330	▁रिकार्ड
11331	▁सकारात्मक
11332	▁हु
11333	धी
11334	▁Complete
11335	▁Iblis
11336	▁correction
11337	▁crimes
11338	▁fishing
11339	▁founded
11340	▁ornaments
11341	▁resource
11342	▁soft
11343	▁खोजबीन
11344	▁जैतून
11345	▁तालिका
11346	▁दशकों
11347	▁पायनियरों
11348	▁फेरकर
11349	▁बदचलन
11350	▁भविष्यद्वक्
11351	▁वाक्यांश
11352	▁समर्थक
11353	▁समुद्री
11354	▁हुनर
11355	With
11356	ama
11357	ंद
11358	कौन
11359	खूबी
11360	नर
11361	म्ब
11362	र्वथा
11363	▁01)
11364	▁Anna
11365	▁Scale
11366	▁approaches
11367	▁condemn
11368	▁explaining
11369	▁farm
11370	▁favorite
11371	▁forged
11372	▁guarded
11373	▁hardened
11374	▁humiliation
11375	▁lock
11376	▁min
11377	▁pa
11378	▁patriarch
11379	▁qualify
11380	▁rests
11381	▁sanctify
11382	▁इन्हों
11383	▁ईमानवाली
11384	▁एनकोडिंग
11385	▁कागज़
11386	▁कार्रवाई
11387	▁चलाते
11388	▁ज़रिये
11389	▁दि
11390	▁दिलाती
11391	▁माँगें
11392	▁मुक
11393	▁मुकर
11394	▁येहू
11395	▁रहूँगा
11396	▁रूसी
11397	▁व्यापक
11398	cy
11399	too
11400	ye
11401	तों
11402	▁1939
11403	▁Numbers
11404	▁absolute
11405	▁advised
11406	▁awaiting
11407	▁corner
11408	▁engaging
11409	▁extraordinary
11410	▁foreigners
11411	▁immortality
11412	▁manage
11413	▁missed
11414	▁modesty
11415	▁peers
11416	▁tread
11417	▁troops
11418	▁urgency
11419	▁users
11420	▁अनुमतियाँ
11421	▁कथा
11422	▁कपट
11423	▁गधे
11424	▁दुकान
11425	▁दुरुस्त
11426	▁दैनिक
11427	▁परिभाषा
11428	▁फ़ितन
11429	▁बाएं
11430	▁शान्त
11431	▁शिविर
11432	▁श्रेष्ठता
11433	14
11434	5,000
11435	disfellowshipped
11436	pu
11437	ros
11438	ज़मीन
11439	दर
11440	रेज़ा
11441	▁4;
11442	▁Additionally
11443	▁MAPI
11444	▁Part
11445	▁Return
11446	▁Review
11447	▁Ruler
11448	▁Yea
11449	▁anxieties
11450	▁confronted
11451	▁exclusive
11452	▁friendly
11453	▁fruitful
11454	▁frustrate
11455	▁marriages
11456	▁mouse
11457	▁org
11458	▁rocks
11459	▁temper
11460	▁translate
11461	▁wrought
11462	▁आपमें
11463	▁कमाने
11464	▁कहेगें
11465	▁घटा
11466	▁चतुर
11467	▁नवंबर
11468	▁नीचा
11469	▁फर्ज़
11470	▁बिंदु
11471	▁ब्याज
11472	▁भरसक
11473	▁लपेट
11474	▁वासों
11475	▁शौहर
11476	▁हल्की
11477	ath
11478	aun
11479	help
11480	without
11481	ेरत
11482	▁Mankind
11483	▁Max
11484	▁Must
11485	▁Rule
11486	▁camel
11487	▁generosity
11488	▁grants
11489	▁inquire
11490	▁promotes
11491	▁remembering
11492	▁scales
11493	▁script
11494	▁spared
11495	▁stumbling
11496	▁अंजीर
11497	▁अंतराल
11498	▁उपयोगकर्ता
11499	▁खोली
11500	▁जाऊंगा
11501	▁जायेगी
11502	▁देखती
11503	▁नाफरमान
11504	▁निवेदित
11505	▁पियो
11506	▁पेय
11507	▁बनाएगा
11508	▁बिखर
11509	▁योएल
11510	▁वैज्ञानिकों
11511	▁सिखायी
11512	▁सुननेवाला
11513	▁सृजनहार
11514	Those
11515	about
11516	fer
11517	file
11518	ong
11519	rt
11520	आफताब
11521	क़ुदरत
11522	निश्चय
11523	▁Anyone
11524	▁Salih
11525	▁commits
11526	▁drunk
11527	▁eighth
11528	▁funeral
11529	▁grieved
11530	▁gush
11531	▁indecency
11532	▁meditating
11533	▁treacherous
11534	▁आजिज़
11535	▁इसमे
11536	▁छुटकारे
11537	▁तल
11538	▁दुर्घटना
11539	▁देवी
11540	▁फुट
11541	▁बढ़ाना
11542	▁भटके
11543	▁भावी
11544	▁मुब्तिला
11545	▁मौज
11546	▁रोगी
11547	▁सातवें
11548	▁स्वीकृत
11549	ach
11550	which
11551	नों
11552	रि
11553	▁19;
11554	▁Antioch
11555	▁Maria
11556	▁Samaritan
11557	▁crash
11558	▁experts
11559	▁ma
11560	▁politics
11561	▁recommend
11562	▁recommended
11563	▁smile
11564	▁surgery
11565	▁threaten
11566	▁जीता
11567	▁ठट्ठा
11568	▁पान
11569	▁बहरहाल
11570	▁बुज़ुर्गों
11571	▁भंडार
11572	▁भविष्यद्वक्ताओं
11573	▁भावात्मक
11574	▁मीटिंग
11575	▁मेक्सिको
11576	▁लूंगा
11577	▁वयुद्ध
11578	▁सबवर्सन
11579	60
11580	ble
11581	port
11582	भाव
11583	सबसे
11584	▁Art
11585	▁Saturday
11586	▁Sp
11587	▁WITH
11588	▁Zalimun
11589	▁adorned
11590	▁ancestors
11591	▁appealing
11592	▁fingers
11593	▁income
11594	▁laden
11595	▁license
11596	▁popup
11597	▁smite
11598	▁आह
11599	▁उड़ाते
11600	▁कोठरी
11601	▁ग़ाफ
11602	▁झेल
11603	▁डरने
11604	▁पुस्तकों
11605	▁बदलते
11606	▁बनती
11607	▁बाधा
11608	▁बिन्यामीन
11609	▁मानोगे
11610	▁रवैए
11611	▁सपने
11612	▁सवेरे
11613	▁स्वीकारें
11614	ji
11615	nder
11616	uch
11617	क़ौम
11618	किर
11619	भारी
11620	मि
11621	लूत
11622	▁DO
11623	▁Encryption
11624	▁Interestingly
11625	▁Judges
11626	▁Nineveh
11627	▁Published
11628	▁camera
11629	▁deserves
11630	▁distribute
11631	▁horns
11632	▁nay
11633	▁obligations
11634	▁wearing
11635	▁अनोखा
11636	▁एसाव
11637	▁कैमरा
11638	▁गुलामी
11639	▁चीन
11640	▁जायेंगे
11641	▁जाहिल
11642	▁तितर
11643	▁नेव
11644	▁नौजवानों
11645	▁वर्ण
11646	▁शख़्
11647	▁संकल्प
11648	▁स्कैन
11649	35
11650	du
11651	hearted
11652	its
11653	iz
11654	lic
11655	व्यस्त
11656	ील
11657	▁Better
11658	▁Gett
11659	▁Guidance
11660	▁Judaism
11661	▁Maintain
11662	▁Speak
11663	▁abomination
11664	▁arrange
11665	▁illegal
11666	▁intercede
11667	▁magician
11668	▁magnificent
11669	▁motion
11670	▁stroke
11671	▁viewing
11672	▁wound
11673	▁अंध
11674	▁आयोजन
11675	▁आरज़ू
11676	▁चूंकि
11677	▁झट
11678	▁परमाणु
11679	▁मियाद
11680	▁शनिवार
11681	▁समाधान
11682	▁सूखी
11683	25
11684	has
11685	▁Cisco
11686	▁Evening
11687	▁Preferences
11688	▁Purpose
11689	▁Subversion
11690	▁Weather
11691	▁cultivating
11692	▁equivalent
11693	▁exclaimed
11694	▁fails
11695	▁gatherings
11696	▁grapes
11697	▁harlot
11698	▁ocean
11699	▁ऊँटनी
11700	▁काटें
11701	▁नापाक
11702	▁बाजू
11703	▁मुड़कर
11704	▁रुपए
11705	▁स्वादिष्ट
11706	18
11707	कम
11708	क़िबले
11709	▁40:
11710	▁Index
11711	▁Lebanon
11712	▁Normal
11713	▁Sun
11714	▁beaten
11715	▁carries
11716	▁deaths
11717	▁expectations
11718	▁greedy
11719	▁gross
11720	▁guideth
11721	▁largest
11722	▁levels
11723	▁printer
11724	▁pursuits
11725	▁recognition
11726	▁residence
11727	▁sexually
11728	▁sports
11729	▁stern
11730	▁suit
11731	▁thrilling
11732	▁unfaithful
11733	▁vows
11734	▁अनुयायी
11735	▁आलीशान
11736	▁कीमती
11737	▁चीजें
11738	▁दूतों
11739	▁निगरान
11740	▁पडे
11741	▁पहुँचाता
11742	▁पौधों
11743	▁प्रेषि
11744	▁फाटकों
11745	▁बढ़ी
11746	▁मीम
11747	▁राज्यों
11748	▁रू
11749	▁लैव्यव्यवस्था
11750	▁शुरु
11751	▁सना
11752	▁हताश
11753	Copy
11754	Folder
11755	Help
11756	Knower
11757	TA
11758	istan
11759	उसने
11760	ात्मक
11761	▁Creat
11762	▁MD
11763	▁Po
11764	▁Pray
11765	▁Role
11766	▁Serve
11767	▁WHEN
11768	▁attach
11769	▁belly
11770	▁cooperate
11771	▁disputes
11772	▁favorable
11773	▁guarantee
11774	▁haste
11775	▁illustrates
11776	▁judging
11777	▁misery
11778	▁naked
11779	▁peer
11780	▁requirement
11781	▁staying
11782	▁videos
11783	▁उत्तराधिकारी
11784	▁ऐस
11785	▁औंधे
11786	▁कामना
11787	▁कुरिन्थ
11788	▁पढ़ता
11789	▁फैलाए
11790	▁बैठी
11791	▁बैबिलोन
11792	▁वीर
11793	▁सर्वोच्च
11794	200
11795	70
11796	ST
11797	br
11798	ight
11799	एंगे
11800	तनों
11801	द्र
11802	▁Action
11803	▁Burn
11804	▁CA
11805	▁Child
11806	▁Maryam
11807	▁Point
11808	▁Theocratic
11809	▁badly
11810	▁begat
11811	▁boldness
11812	▁cards
11813	▁clothed
11814	▁dollars
11815	▁greet
11816	▁index
11817	▁memories
11818	▁signal
11819	▁survival
11820	▁symptoms
11821	▁tract
11822	▁update
11823	▁voluntary
11824	▁weaken
11825	▁अपरिचित
11826	▁कहला
11827	▁खाएँ
11828	▁छवियों
11829	▁जाइए
11830	▁दायाँ
11831	▁पो
11832	▁मूल्यवान
11833	▁सतह
11834	▁सेक्स
11835	▁सेटअप
11836	▁हंस
11837	Noah
11838	Search
11839	law
11840	list
11841	more
11842	ped
11843	uk
11844	वाँ
11845	ानी
11846	्री
11847	▁Apparently
11848	▁Four
11849	▁Gu
11850	▁Proclaim
11851	▁definitely
11852	▁instruments
11853	▁lords
11854	▁offense
11855	▁pearls
11856	▁violate
11857	▁wake
11858	▁अंतर
11859	▁क्रूर
11860	▁गला
11861	▁छह
11862	▁ज़र
11863	▁दावत
11864	▁नादान
11865	▁पड़नेवाले
11866	▁पॉल
11867	▁प्रशिक्षित
11868	▁मौक
11869	▁युक्
11870	▁रुकावट
11871	▁लिखकर
11872	▁वार
11873	▁वितरण
11874	▁श्रोता
11875	▁सिस्को
11876	AD
11877	NW
11878	before
11879	त्
11880	वाह
11881	हट
11882	▁Example
11883	▁Secret
11884	▁attacked
11885	▁celebration
11886	▁client
11887	▁commitment
11888	▁contribution
11889	▁deceit
11890	▁dreadful
11891	▁extensive
11892	▁ideal
11893	▁independence
11894	▁lend
11895	▁lions
11896	▁purchase
11897	▁temptations
11898	▁testing
11899	▁ultimate
11900	▁weighed
11901	▁whence
11902	▁{1}
11903	▁आभारी
11904	▁उपभोक्ता
11905	▁गोल
11906	▁जबतक
11907	▁डा
11908	▁दाँत
11909	▁पलिश्
11910	▁पहुँचते
11911	▁बुक
11912	▁भूभाग
11913	▁रॉबर्ट
11914	▁लगाओ
11915	▁संपूर्ण
11916	▁समक्ष
11917	▁सियाह
11918	▁स्क्रॉल
11919	Happy
11920	bel
11921	had
11922	टुकड़े
11923	िरत
11924	िस्ट
11925	ेन
11926	▁Column
11927	▁Shepherd
11928	▁conquered
11929	▁devote
11930	▁equipment
11931	▁formerly
11932	▁hole
11933	▁lists
11934	▁planted
11935	▁pull
11936	▁utterance
11937	▁virgin
11938	▁wary
11939	▁आजीविका
11940	▁इकट्ठ
11941	▁ख़ून
11942	▁जेम्स
11943	▁जॉर्ज
11944	▁ड्रग्स
11945	▁ताकतवर
11946	▁दरवाज़ा
11947	▁परिस्थिति
11948	▁पोस्ट
11949	▁बरी
11950	▁भूत
11951	▁वफ़ादारी
11952	▁शर्त
11953	▁साइन
11954	▁स्पूल
11955	)?"
11956	han
11957	ख़ैर
11958	वक्त
11959	ूँगा
11960	▁Actually
11961	▁Modern
11962	▁Whoso
11963	▁apostate
11964	▁chains
11965	▁layout
11966	▁resurrect
11967	▁via
11968	▁इसमाईल
11969	▁उभर
11970	▁कक्षा
11971	▁घटक
11972	▁नीनवे
11973	▁पड़ना
11974	▁पापियों
11975	▁प्रोटोकॉल
11976	▁बहक
11977	▁बांट
11978	▁बूझे
11979	▁रक्षक
11980	▁वासन
11981	▁सीखेंगे
11982	▁हबक्कूक
11983	File
11984	ake
11985	ku
11986	▁Afterward
11987	▁Cut
11988	▁Looking
11989	▁Ol
11990	▁Sending
11991	▁Tasks
11992	▁William
11993	▁assault
11994	▁component
11995	▁considerable
11996	▁conveyed
11997	▁crisis
11998	▁dates
11999	▁era
12000	▁gotta
12001	▁harder
12002	▁lamb
12003	▁participants
12004	▁protecting
12005	▁purity
12006	▁thieves
12007	▁tragedy
12008	▁worshiped
12009	▁आवृत्ति
12010	▁गुणगान
12011	▁चलाता
12012	▁जाएंगें
12013	▁डिग्री
12014	▁दिवस
12015	▁धीमी
12016	▁निकालो
12017	▁निदान
12018	▁पिक्सेल
12019	▁पैदल
12020	▁बहाने
12021	▁बहिन
12022	▁लगन
12023	▁लोथ
12024	▁वाक्य
12025	▁संतुष्टि
12026	▁सौंपी
12027	EN
12028	Would
12029	\
12030	war
12031	क़ुरआन
12032	वचन
12033	शक्ति
12034	सच
12035	▁1943
12036	▁40.
12037	▁65:
12038	▁Assistant
12039	▁Folders
12040	▁Ga
12041	▁Lut
12042	▁MA
12043	▁Naomi
12044	▁Samson
12045	▁climb
12046	▁contract
12047	▁crush
12048	▁emphasized
12049	▁exception
12050	▁exert
12051	▁harmdoers
12052	▁hostility
12053	▁invites
12054	▁livestock
12055	▁outward
12056	▁roll
12057	▁sects
12058	▁successors
12059	▁veil
12060	▁अंततः
12061	▁अपनाने
12062	▁इकाई
12063	▁छुप
12064	▁टाइम
12065	▁ढाँक
12066	▁तत्त्व
12067	▁तादाद
12068	▁ध
12069	▁बचाता
12070	▁बरत
12071	▁बाबेलोन
12072	▁यतीम
12073	▁रूपांतरण
12074	▁सुकून
12075	false
12076	अरे
12077	जिहाद
12078	बुख्ल
12079	र्ड
12080	हमेशा
12081	▁%3
12082	▁103
12083	▁21]
12084	▁Eph
12085	▁Har
12086	▁Meal
12087	▁Mi
12088	▁Nazareth
12089	▁Tar
12090	▁expensive
12091	▁masters
12092	▁repair
12093	▁shift
12094	▁अन्यजाति
12095	▁आक्रमण
12096	▁इन्जील
12097	▁उपकार
12098	▁ऊंचा
12099	▁एकल
12100	▁कड़ा
12101	▁क़े
12102	▁कारसाज़
12103	▁ग़ार
12104	▁घरानों
12105	▁ज्ञानवान
12106	▁डॉक्टरों
12107	▁तौरात
12108	▁दुरूस्त
12109	▁निरा
12110	▁पैदावार
12111	▁प्राप्ति
12112	▁फरीक़
12113	▁फ़रमाबरदार
12114	▁बितर
12115	▁भूखे
12116	▁मीम॰
12117	▁मुन्तज़ि
12118	▁सहकर्मी
12119	▁सुदृढ़
12120	▁स्थित
12121	▁हेरोदेस
12122	,000
12123	EL
12124	Mighty
12125	much
12126	अनुकम्पाओं
12127	तक
12128	पीछे
12129	▁29:
12130	▁59
12131	▁8]
12132	▁AIM
12133	▁Atlantic
12134	▁Consequently
12135	▁Joy
12136	▁Signature
12137	▁abundantly
12138	▁accompany
12139	▁browser
12140	▁desolation
12141	▁destructive
12142	▁friendships
12143	▁mindful
12144	▁opinions
12145	▁provoked
12146	▁severely
12147	▁stupid
12148	▁transgressing
12149	▁verify
12150	▁writable
12151	▁अपराधों
12152	▁आंतरिक
12153	▁छोड़ेगा
12154	▁दिखता
12155	▁मतभेद
12156	▁मांग
12157	▁वन
12158	▁सँभाल
12159	▁संक्षिप्त
12160	▁स्वार्थी
12161	▁हलका
12162	://
12163	Give
12164	OU
12165	book
12166	compassionate
12167	type
12168	घ
12169	भाई
12170	सच्चे
12171	स्क
12172	हार
12173	▁Branch
12174	▁Images
12175	▁Meanwhile
12176	▁Mu
12177	▁Therein
12178	▁Write
12179	▁absolutely
12180	▁apostasy
12181	▁billions
12182	▁commented
12183	▁completion
12184	▁cow
12185	▁declares
12186	▁hiding
12187	▁honesty
12188	▁imagined
12189	▁knees
12190	▁mbox
12191	▁owe
12192	▁pen
12193	▁transport
12194	▁weekly
12195	▁ऊन
12196	▁औजार
12197	▁कमज़ोरियों
12198	▁कागज
12199	▁चार्ल्स
12200	▁ज़ात
12201	▁जिबरील
12202	▁तज
12203	▁पछतावा
12204	▁पूछताछ
12205	▁प्रधानों
12206	▁बान्धी
12207	▁बीतने
12208	▁मेलबलि
12209	▁शाही
12210	▁स्विच
12211	Call
12212	ez
12213	fgh
12214	zi
12215	फा
12216	ल्स
12217	▁Andrew
12218	▁Bounty
12219	▁Loving
12220	▁OK
12221	▁accuse
12222	▁commonly
12223	▁concept
12224	▁destined
12225	▁disposition
12226	▁diverse
12227	▁drinks
12228	▁emperor
12229	▁fabricated
12230	▁lowest
12231	▁mud
12232	▁oversight
12233	▁partake
12234	▁pilgrimage
12235	▁shore
12236	▁shower
12237	▁sport
12238	▁आध्यात्मिकता
12239	▁आयीं
12240	▁उतन
12241	▁उद्देश्य
12242	▁डोमेन
12243	▁दबे
12244	▁धर्मियों
12245	▁निमंत्रण
12246	▁पिलाया
12247	▁मिलेंगी
12248	▁मील
12249	▁मुहताज
12250	▁मूर्ति
12251	▁राष्ट्रपति
12252	▁विनम्रता
12253	▁विन्य
12254	Near
12255	fire
12256	ified
12257	italy
12258	mar
12259	जहाँ
12260	त्र
12261	योग्य
12262	र्न
12263	वॉ
12264	ोन
12265	▁1914.
12266	▁Care
12267	▁US
12268	▁disbelieves
12269	▁manual
12270	▁meantime
12271	▁merit
12272	▁profile
12273	▁specifically
12274	▁vi
12275	▁अंतर्वस्तु
12276	▁आंसू
12277	▁क्यो
12278	▁छेद
12279	▁दीवाना
12280	▁धुन
12281	▁नेता
12282	▁पाल
12283	▁मेहर
12284	▁रूट
12285	CO
12286	him
12287	ius
12288	uc
12289	एन
12290	तौक़
12291	न्दगी
12292	र्द
12293	▁Automatically
12294	▁Device
12295	▁Fine
12296	▁Godwary
12297	▁Otherwise
12298	▁Rain
12299	▁aren
12300	▁assistant
12301	▁associations
12302	▁chain
12303	▁denies
12304	▁dictionary
12305	▁distinct
12306	▁excessive
12307	▁facilities
12308	▁ha
12309	▁increasingly
12310	▁independent
12311	▁pollution
12312	▁prostration
12313	▁span
12314	▁आमंत्र
12315	▁कलीसियाएँ
12316	▁पोता
12317	▁प्रोफेसर
12318	▁फिरता
12319	▁बचाकर
12320	▁माँस
12321	▁रिस
12322	▁संधि
12323	▁सांझ
12324	▁सीमाएँ
12325	pa
12326	मेट
12327	र्ग
12328	▁83
12329	▁Field
12330	▁Head
12331	▁Maximum
12332	▁bondage
12333	▁cherish
12334	▁defeated
12335	▁demon
12336	▁err
12337	▁fashion
12338	▁heavily
12339	▁infected
12340	▁miraculously
12341	▁purposed
12342	▁respecting
12343	▁se
12344	▁sown
12345	▁surprising
12346	▁ties
12347	▁unexpectedly
12348	▁visions
12349	▁आउट
12350	▁उपनाम
12351	▁ग्राहक
12352	▁दुष्टात्माओं
12353	▁नामो
12354	▁नित्य
12355	▁फैले
12356	▁बदनाम
12357	▁योग
12358	▁विवश
12359	▁सामर्थी
12360	Delete
12361	get
12362	sha
12363	अभी
12364	ड़े
12365	मादा
12366	मिस्र
12367	ीस
12368	ुस
12369	▁Become
12370	▁Martin
12371	▁Prompt
12372	▁Rutherford
12373	▁SOCKS
12374	▁alter
12375	▁awesome
12376	▁captains
12377	▁caution
12378	▁doeth
12379	▁gaze
12380	▁opens
12381	▁rob
12382	▁घेरा
12383	▁डूबो
12384	▁नं
12385	▁नशे
12386	▁प्यारी
12387	▁प्रका
12388	▁बचकर
12389	▁मीठा
12390	▁मोड़े
12391	▁शेर
12392	oth
12393	uck
12394	š
12395	अप
12396	ईज़ी
12397	धर्मी
12398	िक्स
12399	▁12]
12400	▁45.
12401	▁Com
12402	▁Damascus
12403	▁Hitler
12404	▁Into
12405	▁Week
12406	▁Za
12407	▁checking
12408	▁collect
12409	▁fr
12410	▁lex
12411	▁preceded
12412	▁proving
12413	▁template
12414	▁thence
12415	▁thorough
12416	▁transgressions
12417	▁trap
12418	▁uncle
12419	▁कपड़ों
12420	▁कै
12421	▁खरी
12422	▁खुशियों
12423	▁चुनते
12424	▁चौथा
12425	▁ढील
12426	▁प्रकाशक
12427	▁प्रत्याशा
12428	▁मायन
12429	▁मिटाकर
12430	▁विविध
12431	▁सामंजस्य
12432	▁सुननेवाले
12433	aries
12434	फ़रिश्ता
12435	िज
12436	▁Additional
12437	▁Cancel
12438	▁Force
12439	▁Happiness
12440	▁Initial
12441	▁LexUriServ
12442	▁Main
12443	▁USED
12444	▁attained
12445	▁cutting
12446	▁encompasse
12447	▁favored
12448	▁funds
12449	▁manuscripts
12450	▁policy
12451	▁publish
12452	▁query
12453	▁satan
12454	▁slaughtered
12455	▁tobacco
12456	▁wast
12457	▁wing
12458	▁जाएगें
12459	▁टन
12460	▁ट्रांस्लेशन
12461	▁नर्स
12462	▁पि
12463	▁बाढ़
12464	▁बालकों
12465	▁मुलाक़ात
12466	▁रहित
12467	▁लाम
12468	cl
12469	dicating
12470	ology
12471	scribed
12472	आज्ञाकारी
12473	र्ज
12474	▁Gal
12475	▁Icon
12476	▁Names
12477	▁Session
12478	▁befell
12479	▁borders
12480	▁breadth
12481	▁composed
12482	▁deliberately
12483	▁dropped
12484	▁extract
12485	▁highlights
12486	▁labour
12487	▁portions
12488	▁prohibited
12489	▁reserved
12490	▁revealing
12491	▁tasted
12492	▁tragic
12493	▁transform
12494	▁watched
12495	▁अब्राम
12496	▁उजियाला
12497	▁करनेवालो
12498	▁खतरों
12499	▁गोश्त
12500	▁जुटा
12501	▁टेक
12502	▁पहुँचाना
12503	▁बताएगा
12504	▁सेंट
12505	▁हाशिया
12506	▁हिस्सों
12507	AND
12508	IR
12509	yn
12510	ंच
12511	कुदरत
12512	प्रद
12513	॥
12514	▁3;
12515	▁Haggai
12516	▁PGP
12517	▁Quit
12518	▁adhere
12519	▁alien
12520	▁decline
12521	▁duration
12522	▁enhance
12523	▁estate
12524	▁fluid
12525	▁foster
12526	▁livelihood
12527	▁preachers
12528	▁prevailed
12529	▁pronounced
12530	▁protects
12531	▁proves
12532	▁rare
12533	▁route
12534	▁selling
12535	▁slip
12536	▁trigger
12537	▁unwise
12538	▁wheel
12539	▁इम्तिहान
12540	▁कूद
12541	▁डराए
12542	▁ताला
12543	▁दुर्व्यवहार
12544	▁निकलेगा
12545	▁पठन
12546	▁पूछेंगे
12547	▁ब्रुकलिन
12548	▁मोहब्बत
12549	▁मौक़ा
12550	▁यहूद
12551	▁संचार
12552	▁साम्हन
12553	▁हुये
12554	07
12555	कहा
12556	तोड़
12557	▁86
12558	▁Edom
12559	▁Friend
12560	▁Phil
12561	▁Player
12562	▁Reflect
12563	▁Talk
12564	▁anywhere
12565	▁bent
12566	▁bookmark
12567	▁clothe
12568	▁dedicate
12569	▁disregard
12570	▁multiply
12571	▁revive
12572	▁seduce
12573	▁shoes
12574	▁understands
12575	▁virgins
12576	▁अजनबी
12577	▁एकलौत
12578	▁खाएँगे
12579	▁गरम
12580	▁घराना
12581	▁चुनौतियों
12582	▁चोटी
12583	▁झगड़ों
12584	▁झुके
12585	▁टे
12586	▁दिखाएँगे
12587	▁निर्देशांक
12588	▁निष्पक्ष
12589	▁निस्पृह
12590	▁बाइबिल
12591	▁बिताते
12592	▁ब्लॉग
12593	▁मुट्ठी
12594	▁राम
12595	▁विद्वानों
12596	▁सांस
12597	▁सिकंदर
12598	▁हाए
12599	खा
12600	बहुदेववादियों
12601	बहुदेववादी
12602	ीम
12603	ेल
12604	▁Council
12605	▁Heaven
12606	▁Herald
12607	▁Hud
12608	▁IP
12609	▁Lonavla
12610	▁Module
12611	▁STUDY
12612	▁WE
12613	▁blazing
12614	▁bliss
12615	▁caravan
12616	▁coffee
12617	▁cultures
12618	▁frustration
12619	▁memorial
12620	▁modified
12621	▁outcry
12622	▁prostrating
12623	▁resentment
12624	▁stray
12625	▁terminal
12626	▁uttered
12627	▁किसान
12628	▁कुचल
12629	▁गिरने
12630	▁जिन्होने
12631	▁निर्धन
12632	▁नींव
12633	▁फतेह
12634	▁रस
12635	▁लौ
12636	▁सुलूक
12637	May
12638	ik
12639	á
12640	मै
12641	य्या
12642	िहाल
12643	्ह
12644	▁Blessings
12645	▁Missing
12646	▁acquired
12647	▁ashes
12648	▁backing
12649	▁crooked
12650	▁disappointment
12651	▁domestic
12652	▁faint
12653	▁fix
12654	▁hang
12655	▁householder
12656	▁normally
12657	▁nose
12658	▁occupied
12659	▁ring
12660	▁searched
12661	▁sore
12662	▁tracks
12663	▁अहद
12664	▁छाती
12665	▁प्यास
12666	▁फसल
12667	▁फिलिप्पुस
12668	▁बम
12669	▁बुलंद
12670	▁सिला
12671	▁सेनाएँ
12672	▁स्त्रियां
12673	▁हड्डियों
12674	ali
12675	chi
12676	ear
12677	human
12678	love
12679	इत्मेनान
12680	कुफ्र
12681	गर
12682	त्त
12683	दम
12684	नुत्फे
12685	पैग़म्बरों
12686	लौह
12687	हाय
12688	ुठ्ठ
12689	▁42.
12690	▁Chief
12691	▁Cyrillic
12692	▁Levi
12693	▁Majestic
12694	▁Protestant
12695	▁Speaking
12696	▁Stand
12697	▁Unless
12698	▁Ur
12699	▁avoiding
12700	▁charges
12701	▁confess
12702	▁disown
12703	▁fare
12704	▁habitation
12705	▁heels
12706	▁honoured
12707	▁humanity
12708	▁inclination
12709	▁materially
12710	▁mold
12711	▁neutrality
12712	▁observance
12713	▁pains
12714	▁persecute
12715	▁production
12716	▁skill
12717	▁sounded
12718	▁tag
12719	▁कारगुज़ारिय
12720	▁टिक
12721	▁ठन्ड
12722	▁तत्वदर्शिता
12723	▁ताबीर
12724	▁दरार
12725	▁बान्धकर
12726	▁मज़ेदार
12727	▁मसख़रा
12728	▁मुअय्यन
12729	▁साढ़
12730	▁सालाना
12731	Please
12732	king
12733	power
12734	नाजायज़
12735	▁29]
12736	▁Five
12737	▁Greeks
12738	▁Special
12739	▁Thereupon
12740	▁Trash
12741	▁bid
12742	▁confirmation
12743	▁counseled
12744	▁devices
12745	▁fewer
12746	▁homeland
12747	▁immense
12748	▁industry
12749	▁neighbour
12750	▁pool
12751	▁revision
12752	▁tomb
12753	▁wept
12754	▁उड़ाया
12755	▁चिंताओं
12756	▁चौक
12757	▁तीव्र
12758	▁नाज़ुक
12759	▁निकलना
12760	▁फा
12761	▁बहिष्कृत
12762	▁मन्
12763	▁रस्सी
12764	▁लम्बाई
12765	ations
12766	rid
12767	सत्य
12768	▁32,
12769	▁Daily
12770	▁Rock
12771	▁Tree
12772	▁accountable
12773	▁angle
12774	▁announce
12775	▁attempts
12776	▁delightful
12777	▁demanded
12778	▁divorced
12779	▁eternally
12780	▁impatient
12781	▁intentions
12782	▁j
12783	▁longing
12784	▁organizations
12785	▁shoot
12786	▁tall
12787	▁thanksgiving
12788	▁अरस
12789	▁ईर्ष्या
12790	▁गारंटी
12791	▁चिराग़
12792	▁जुआ
12793	▁दासी
12794	▁नसारा
12795	▁निवासस्थान
12796	▁पेशवा
12797	▁बचना
12798	▁बदलता
12799	▁बहके
12800	▁बुझा
12801	▁भरकर
12802	▁मदिरा
12803	▁मुद्रित
12804	▁रु
12805	▁लाभदायक
12806	▁वेबसाइट
12807	▁सराहना
12808	.]
12809	MB
12810	OLD
12811	ock
12812	ologist
12813	▁360
12814	▁8)
12815	▁Bug
12816	▁Gentile
12817	▁Possible
12818	▁Reign
12819	▁Sound
12820	▁Star
12821	▁Summary
12822	▁devoured
12823	▁emphasis
12824	▁goat
12825	▁gun
12826	▁individually
12827	▁insolent
12828	▁internal
12829	▁layer
12830	▁shining
12831	▁अकेली
12832	▁अन्
12833	▁उपहार
12834	▁उपेक्षा
12835	▁एकसाथ
12836	▁निकलेंगे
12837	▁पहुँचाते
12838	▁मंडलियों
12839	▁मिथ्या
12840	▁सर्वे
12841	▁सहा
12842	❑
12843	ged
12844	ris
12845	इसे
12846	ज़रा
12847	राम
12848	▁(4)
12849	▁1935
12850	▁Ekiga
12851	▁Giving
12852	▁Illustrate
12853	▁Persian
12854	▁Ram
12855	▁Saying
12856	▁Sheol
12857	▁banned
12858	▁centered
12859	▁cooperation
12860	▁despise
12861	▁embrace
12862	▁fortified
12863	▁gladly
12864	▁locked
12865	▁molten
12866	▁neutral
12867	▁offices
12868	▁push
12869	▁super
12870	▁temperature
12871	▁touche
12872	▁usury
12873	▁worshiping
12874	▁अंदाज़ा
12875	▁अपरिपूर्ण
12876	▁आला
12877	▁एंटर
12878	▁काली
12879	▁गाया
12880	▁चिपकाएँ
12881	▁पहचानने
12882	▁बुलाकर
12883	▁लम्बे
12884	▁सम्बन्धित
12885	▁हँस
12886	75
12887	80
12888	usa
12889	वंश
12890	ेक्ट
12891	▁1947
12892	▁22)
12893	▁6;
12894	▁Lessons
12895	▁Macedonia
12896	▁Starting
12897	▁TB
12898	▁assemble
12899	▁auto
12900	▁commendation
12901	▁constructed
12902	▁desperate
12903	▁dogs
12904	▁edition
12905	▁hostile
12906	▁idle
12907	▁lifestyle
12908	▁lots
12909	▁poet
12910	▁proclaiming
12911	▁productive
12912	▁rapidly
12913	▁sacrificial
12914	▁shaped
12915	▁shun
12916	▁stuff
12917	▁suffices
12918	▁अनुपालन
12919	▁अन्न
12920	▁इच्छुक
12921	▁कैदी
12922	▁खेलते
12923	▁गुज़रा
12924	▁छापा
12925	▁जूआ
12926	▁तकरीब
12927	▁फरेब
12928	▁फ़ोन
12929	▁मॉ
12930	▁रोमियो
12931	▁वकील
12932	▁सतर्क
12933	▁सिद्धान्तों
12934	▁सीखें
12935	▁स्तन
12936	▁हैरानी
12937	▁३६
12938	Just
12939	MA
12940	OUT
12941	Re
12942	dala
12943	select
12944	wa
12945	कहाँ
12946	जवाब
12947	फ़रिश्ते
12948	रूप
12949	वासी
12950	▁Cyrus
12951	▁DPI
12952	▁Department
12953	▁NO
12954	▁Than
12955	▁applications
12956	▁babies
12957	▁combined
12958	▁developments
12959	▁donations
12960	▁mourn
12961	▁nursing
12962	▁pixels
12963	▁priorities
12964	▁professional
12965	▁protectors
12966	▁requited
12967	▁stuck
12968	▁tremble
12969	▁western
12970	▁wrongfully
12971	▁अनुक्रम
12972	▁असाधारण
12973	▁इंका
12974	▁उकसाता
12975	▁कभार
12976	▁गैस
12977	▁ग्रे
12978	▁चालें
12979	▁जोहते
12980	▁डरना
12981	▁त्योहार
12982	▁दीनता
12983	▁निःसंदेह
12984	▁पाएं
12985	▁फ़ायदे
12986	▁मुख्यालय
12987	▁वंचित
12988	▁वर्षीय
12989	Joseph
12990	fully
12991	hor
12992	×
12993	कार्य
12994	चाहे
12995	लत
12996	▁Island
12997	▁Sal
12998	▁Soviet
12999	▁arrows
13000	▁betrayed
13001	▁ch
13002	▁cm
13003	▁contentment
13004	▁disorder
13005	▁exceed
13006	▁headship
13007	▁linen
13008	▁magnify
13009	▁mob
13010	▁outright
13011	▁supplied
13012	▁surrendered
13013	▁swallowed
13014	▁wandering
13015	▁अक्
13016	▁अन्नबलि
13017	▁असमर्थित
13018	▁आज्ञाकारिता
13019	▁खान
13020	▁घमंडी
13021	▁छुट्टी
13022	▁ठहरता
13023	▁तु
13024	▁दौरे
13025	▁पीटर
13026	▁प्रतिबंध
13027	▁बछड़ा
13028	▁बढ़ो
13029	▁बिक्री
13030	▁मार्क
13031	▁मुद्दे
13032	▁लेगी
13033	▁शोमरोन
13034	▁हफ्तों
13035	ave
13036	ग्र
13037	ची
13038	बद्ध
13039	बराबर
13040	▁62
13041	▁Aye
13042	▁Mal
13043	▁Richard
13044	▁Street
13045	▁accurately
13046	▁altars
13047	▁attachments
13048	▁boldly
13049	▁canst
13050	▁doctrines
13051	▁dramatic
13052	▁everyday
13053	▁helpless
13054	▁mockery
13055	▁pace
13056	▁pounds
13057	▁precise
13058	▁realistic
13059	▁rush
13060	▁supporters
13061	▁tempered
13062	▁verb
13063	▁अराम
13064	▁इतर
13065	▁एलिरयाह
13066	▁एस्तेर
13067	▁ऑन
13068	▁कमा
13069	▁जाम
13070	▁जोशीले
13071	▁ठहरें
13072	▁प्रयोक्ता
13073	▁प्रोफ़ाइल
13074	▁बड़ों
13075	▁बला
13076	▁भागना
13077	▁योआश
13078	▁शर्म
13079	▁सताहट
13080	▁सबक़
13081	▁समानता
13082	▁सोता
13083	Date
13084	word
13085	ालिद
13086	िप
13087	▁Category
13088	▁Jephthah
13089	▁MSN
13090	▁Security
13091	▁buttons
13092	▁commended
13093	▁crazy
13094	▁embraced
13095	▁giant
13096	▁imitating
13097	▁incoming
13098	▁largely
13099	▁meals
13100	▁pasture
13101	▁reflecting
13102	▁rejecting
13103	▁ruins
13104	▁somehow
13105	▁sugar
13106	▁timely
13107	▁watches
13108	▁अपन
13109	▁आइ
13110	▁आएं
13111	▁गेहूँ
13112	▁द्वीपों
13113	▁पल्ले
13114	▁बंदूक
13115	▁बगल
13116	▁बढ़ाएँ
13117	▁मधु
13118	▁महिमावान
13119	▁मारना
13120	▁मोबाइल
13121	▁यरीहो
13122	▁शहीद
13123	▁सीवीएस
13124	▁स्वच्छ
13125	Gadu
13126	after
13127	bin
13128	part
13129	४
13130	▁10,000
13131	▁73
13132	▁Something
13133	▁Wrong
13134	▁abusive
13135	▁bridge
13136	▁compelled
13137	▁conquest
13138	▁deadly
13139	▁detect
13140	▁examining
13141	▁fame
13142	▁improper
13143	▁rejection
13144	▁revert
13145	▁selves
13146	▁st
13147	▁struggling
13148	▁sum
13149	▁watchful
13150	▁wounds
13151	▁zoom
13152	▁उपयोगी
13153	▁कुत्ता
13154	▁गरदन
13155	▁चमकता
13156	▁थकान
13157	▁बैकेंड
13158	▁मरेगा
13159	▁मॉडल
13160	▁रक्त
13161	▁विशुद्ध
13162	▁सबने
13163	▁साइरिलिक
13164	Get
13165	è
13166	कपटाचारी
13167	ार्थ
13168	▁%1:
13169	▁CO
13170	▁Download
13171	▁Kind
13172	▁MAN
13173	▁Pass
13174	▁Song
13175	▁attracted
13176	▁confirms
13177	▁educated
13178	▁imperfections
13179	▁miserable
13180	▁offended
13181	▁ongoing
13182	▁ordinary
13183	▁plane
13184	▁protocol
13185	▁revenge
13186	▁tempt
13187	▁thereon
13188	▁tied
13189	▁vineyards
13190	▁weapon
13191	▁अफ्रीकी
13192	▁कंगन
13193	▁कपड़ा
13194	▁कमाल
13195	▁घने
13196	▁जानेवालों
13197	▁झगड़ालू
13198	▁डिबगर
13199	▁तियाँ
13200	▁निष्ठावान
13201	▁परम
13202	▁पस्त
13203	▁पहनने
13204	▁प्रो
13205	▁बनाइए
13206	▁भाल
13207	▁मसौदा
13208	▁शुऐब
13209	▁सहनशीलता
13210	List
13211	Salat
13212	gar
13213	have
13214	ns
13215	rop
13216	तम
13217	▁,"
13218	▁Automatic
13219	▁Height
13220	▁Honor
13221	▁ICQ
13222	▁Obey
13223	▁Obviously
13224	▁Software
13225	▁complaint
13226	▁convince
13227	▁counter
13228	▁devout
13229	▁elevated
13230	▁fl
13231	▁freed
13232	▁gains
13233	▁idol
13234	▁keen
13235	▁occasionally
13236	▁originally
13237	▁reverence
13238	▁sessions
13239	▁stages
13240	▁stiff
13241	▁z
13242	▁आँगन
13243	▁आज्ञाएँ
13244	▁आदतों
13245	▁उड़ान
13246	▁ऐतिहासिक
13247	▁ऑफिस
13248	▁क़ी
13249	▁ट्रे
13250	▁फिलहाल
13251	▁बुलाने
13252	▁मछलियों
13253	▁मसले
13254	▁याददिहानी
13255	▁लील
13256	▁समझाते
13257	▁सिद्धान्त
13258	▁सेनापति
13259	▁स्वीकार्य
13260	▁हठ
13261	At
13262	ip
13263	ria
13264	sis
13265	water
13266	गल
13267	था
13268	नीय
13269	न्ड
13270	भविष्यसूचक
13271	रत
13272	ुआ
13273	▁3]
13274	▁97
13275	▁Leader
13276	▁MiB
13277	▁Style
13278	▁afterwards
13279	▁birthday
13280	▁ceased
13281	▁dishonor
13282	▁fools
13283	▁happily
13284	▁immune
13285	▁kiss
13286	▁lonely
13287	▁oral
13288	▁permits
13289	▁plainly
13290	▁respectful
13291	▁smell
13292	▁stir
13293	▁thrilled
13294	▁उठो
13295	▁उत्प्रेर
13296	▁कहानियों
13297	▁कारोबार
13298	▁कीड़े
13299	▁जता
13300	▁ज़ुबानी
13301	▁जोल
13302	▁दिलाते
13303	▁बनाएँगे
13304	▁मानती
13305	▁रखूंगा
13306	▁लाजर
13307	▁शिमशोन
13308	▁संभावित
13309	▁सुविधा
13310	min
13311	rac
13312	ray
13313	under
13314	आदम
13315	गुनाहों
13316	लोग
13317	़ी
13318	्ज़
13319	्न
13320	▁Debugger
13321	▁Forgive
13322	▁HAVE
13323	▁HOW
13324	▁Label
13325	▁Septuagint
13326	▁Serving
13327	▁answering
13328	▁decisive
13329	▁encountered
13330	▁exhorted
13331	▁finest
13332	▁generic
13333	▁guiding
13334	▁march
13335	▁paragraphs
13336	▁protective
13337	▁relieve
13338	▁requite
13339	▁token
13340	▁transferred
13341	▁transmitted
13342	▁wrongdoer
13343	▁za
13344	▁कुत्ते
13345	▁खमीर
13346	▁खोजने
13347	▁ताबेदार
13348	▁थामे
13349	▁धरा
13350	▁प्रातःकाल
13351	▁फूंक
13352	▁बक्सा
13353	▁बनायीं
13354	▁बाँटने
13355	▁मोहर
13356	▁शब्दकोश
13357	▁सुनिए
13358	▁हालांकि
13359	▁हिन्दी
13360	32
13361	On
13362	TH
13363	{
13364	आमाल
13365	कुदरते
13366	जिसे
13367	तौरैत
13368	दावत
13369	मुनाफेक़ीन
13370	रमगिदोन
13371	लिन
13372	लेट
13373	स्थ
13374	स्थल
13375	ेगी
13376	▁1941
13377	▁63
13378	▁Focus
13379	▁Nabal
13380	▁Someone
13381	▁checked
13382	▁cited
13383	▁conceived
13384	▁domain
13385	▁dressed
13386	▁exercises
13387	▁guile
13388	▁install
13389	▁intent
13390	▁mentions
13391	▁mis
13392	▁obviously
13393	▁outset
13394	▁oxen
13395	▁runs
13396	▁units
13397	▁unscriptural
13398	▁username
13399	▁इन्साफ
13400	▁ऑं
13401	▁खाती
13402	▁चरित्र
13403	▁जटिल
13404	▁ज़िना
13405	▁तद्बीर
13406	▁ताल
13407	▁तौरैत
13408	▁नफ्स
13409	▁नापसन्द
13410	▁नेकोकार
13411	▁नॉर
13412	▁पुश्त
13413	▁बच्ची
13414	▁बलवा
13415	▁भ्रष्टाचार
13416	▁माँगो
13417	▁मुख़ालेफ
13418	▁मुनाफिक़
13419	▁लक्ष्यों
13420	▁वसनीय
13421	▁शास्त्री
13422	▁शीट
13423	▁हाई
13424	,000,000
13425	each
13426	ima
13427	गें
13428	्व
13429	▁Catholics
13430	▁Future
13431	▁Giver
13432	▁Ham
13433	▁Jo
13434	▁Teaching
13435	▁awful
13436	▁ca
13437	▁considers
13438	▁esteem
13439	▁exhort
13440	▁figures
13441	▁hall
13442	▁honesthearted
13443	▁indication
13444	▁joint
13445	▁listens
13446	▁psalm
13447	▁somewhere
13448	▁symbolized
13449	▁thirsty
13450	▁unbeliever
13451	▁updated
13452	▁vary
13453	▁wholeheartedly
13454	▁अर्ज
13455	▁आओगे
13456	▁ऐशो
13457	▁ग़रीब
13458	▁जलाने
13459	▁दलीलें
13460	▁दीवारों
13461	▁धूम्रपान
13462	▁निरीक्षण
13463	▁बेजोड़
13464	▁बेहूदा
13465	▁मनुष्यत्व
13466	▁यशा
13467	▁लज्जा
13468	▁शास्त्रों
13469	▁सम
13470	▁सूट
13471	Because
13472	ash
13473	coming
13474	kin
13475	ose
13476	धरती
13477	रह
13478	लि
13479	शुमार
13480	▁1946
13481	▁Asaph
13482	▁Canaanites
13483	▁Gad
13484	▁Ni
13485	▁Philippi
13486	▁Walk
13487	▁accompanying
13488	▁apostates
13489	▁circle
13490	▁conquer
13491	▁deluded
13492	▁determines
13493	▁devastating
13494	▁favorably
13495	▁flower
13496	▁forge
13497	▁mom
13498	▁obeys
13499	▁oldest
13500	▁partial
13501	▁profess
13502	▁souled
13503	▁tons
13504	▁vile
13505	▁अम्मोनियों
13506	▁औजारपट्टी
13507	▁कुरबानी
13508	▁कुलों
13509	▁ट्रेन
13510	▁तोहमत
13511	▁पंखों
13512	▁परिचय
13513	▁प्रायश्
13514	▁फूँका
13515	▁बाज़ार
13516	▁बू
13517	▁महासागर
13518	▁रखनेवाली
13519	▁सैन
13520	▁स्वीकृति
13521	▁हिंसक
13522	After
13523	long
13524	tle
13525	ग़ल्ला
13526	चुपके
13527	▁Science
13528	▁Too
13529	▁columns
13530	▁comply
13531	▁controlled
13532	▁eggs
13533	▁enjoyable
13534	▁goeth
13535	▁intention
13536	▁ka
13537	▁plotted
13538	▁promoted
13539	▁prostitute
13540	▁purchased
13541	▁reconciliation
13542	▁stating
13543	▁transformed
13544	▁trespass
13545	▁wanting
13546	▁असंभव
13547	▁एंपेथी
13548	▁कब्रों
13549	▁क़ानून
13550	▁चुनी
13551	▁नेकदिल
13552	▁पकड़ो
13553	▁पलिश्ती
13554	▁पूछेगा
13555	▁प्रभावकारी
13556	▁बूढ़ा
13557	▁बॉक्स
13558	▁बोलनेवाले
13559	▁लटका
13560	Father
13561	app
13562	ea
13563	ging
13564	key
13565	most
13566	केल
13567	प्प
13568	बाल
13569	राज्य
13570	साफ
13571	▁35:
13572	▁Amen
13573	▁Powerful
13574	▁Remembrance
13575	▁Script
13576	▁Thomas
13577	▁Worldwide
13578	▁appetite
13579	▁atom
13580	▁ball
13581	▁exclusively
13582	▁exhausted
13583	▁fury
13584	▁implies
13585	▁initially
13586	▁intends
13587	▁motivation
13588	▁neighborhood
13589	▁notifications
13590	▁preacher
13591	▁pronounce
13592	▁strengthens
13593	▁tooth
13594	▁vicious
13595	▁कतार
13596	▁खण्ड
13597	▁झिझक
13598	▁दाहिनी
13599	▁प्रयत्न
13600	▁बीमारों
13601	▁भटकने
13602	▁मुह
13603	▁रहेंगी
13604	▁राजभवन
13605	▁रोना
13606	▁लड़ना
13607	▁लेखकों
13608	▁विधर्मी
13609	▁शर्मगाह
13610	▁साहसी
13611	09
13612	ET
13613	bah
13614	box
13615	pre
13616	sk
13617	ville
13618	वेल
13619	्टर
13620	▁Attachment
13621	▁Available
13622	▁Chat
13623	▁Ireland
13624	▁Sent
13625	▁Snow
13626	▁blamed
13627	▁cycle
13628	▁discouragement
13629	▁foundations
13630	▁hat
13631	▁imprisonment
13632	▁intercessors
13633	▁leadership
13634	▁notify
13635	▁passes
13636	▁picked
13637	▁repaid
13638	▁representative
13639	▁restrained
13640	▁richly
13641	▁shepherding
13642	▁slept
13643	▁sowing
13644	▁swept
13645	▁void
13646	▁welcomed
13647	▁whereby
13648	▁जनरल
13649	▁झुठलानेवालों
13650	▁टूटे
13651	▁तूर
13652	▁त्वचा
13653	▁दरवाजे
13654	▁दरिद्र
13655	▁निकलो
13656	▁पै
13657	▁बाते
13658	▁बिता
13659	▁लगाई
13660	▁लॉक
13661	▁संवेदनशील
13662	▁सीखिए
13663	CC
13664	LY
13665	awn
13666	everal
13667	should
13668	star
13669	symbols
13670	ush
13671	इद्दत
13672	दोबारा
13673	फल
13674	▁Chaldeans
13675	▁Found
13676	▁Frank
13677	▁Tag
13678	▁Teacher
13679	▁amid
13680	▁appreciative
13681	▁boast
13682	▁cr
13683	▁directions
13684	▁fever
13685	▁implied
13686	▁improved
13687	▁intercourse
13688	▁leg
13689	▁managed
13690	▁parables
13691	▁rooted
13692	▁succour
13693	▁thorns
13694	▁अजब
13695	▁अफसर
13696	▁अव
13697	▁आमने
13698	▁उपदेशक
13699	▁गर्दिश
13700	▁छापी
13701	▁डैडी
13702	▁तुम्ही
13703	▁निखार
13704	▁पत्ते
13705	▁फितरत
13706	▁बशर्ते
13707	▁रंगों
13708	▁रोमांचक
13709	▁वृक्षों
13710	▁हाम
13711	Can
13712	because
13713	how
13714	los
13715	उसपर
13716	बनी
13717	▁95
13718	▁Chi
13719	▁Gabriel
13720	▁Gog
13721	▁Guide
13722	▁Happily
13723	▁Ignore
13724	▁Knorr
13725	▁Pi
13726	▁Silas
13727	▁Theme
13728	▁Viewpoint
13729	▁achievement
13730	▁confront
13731	▁copper
13732	▁cultural
13733	▁delegates
13734	▁deprived
13735	▁earthquakes
13736	▁kid
13737	▁kindled
13738	▁morality
13739	▁prompted
13740	▁refresh
13741	▁regions
13742	▁sooner
13743	▁upward
13744	▁अंधेरे
13745	▁अनगिनत
13746	▁उजड़
13747	▁उन्हे
13748	▁उभारा
13749	▁करवा
13750	▁गाली
13751	▁जम
13752	▁परदेस
13753	▁पुकारता
13754	▁प्रचंड
13755	▁फु
13756	▁भाइयो
13757	▁मोड़ा
13758	▁रवाना
13759	▁लीं
13760	▁सैन्य
13761	▁हैलो
13762	0,000
13763	een
13764	ible
13765	करण
13766	द्
13767	ॉन
13768	▁Cha
13769	▁Gomorrah
13770	▁Host
13771	▁Jesse
13772	▁Justice
13773	▁Minor
13774	▁Person
13775	▁Rachel
13776	▁Track
13777	▁advantages
13778	▁arrogance
13779	▁assert
13780	▁beheld
13781	▁bull
13782	▁cars
13783	▁complain
13784	▁demanding
13785	▁destroying
13786	▁eastern
13787	▁fuck
13788	▁handled
13789	▁naturally
13790	▁petitions
13791	▁resident
13792	▁अंगों
13793	▁अगुवों
13794	▁अस
13795	▁कश
13796	▁काँप
13797	▁जिम
13798	▁डिबग
13799	▁दू
13800	▁निभा
13801	▁पूर्वबताया
13802	▁प्रोत्साहक
13803	▁बनाव
13804	▁बन्दी
13805	▁भाले
13806	▁माइकल
13807	▁योद्धा
13808	▁राख
13809	▁लाश
13810	▁संभाल
13811	▁हथियारों
13812	AM
13813	Praise
13814	ned
13815	space
13816	इए
13817	नबी
13818	संसार
13819	▁20]
13820	▁Highlight
13821	▁Persia
13822	▁Plan
13823	▁Praiseworthy
13824	▁President
13825	▁Retriev
13826	▁abstain
13827	▁achieved
13828	▁believeth
13829	▁blog
13830	▁college
13831	▁commissioned
13832	▁lied
13833	▁lights
13834	▁nobles
13835	▁oppress
13836	▁oxygen
13837	▁references
13838	▁remembers
13839	▁repository
13840	▁rightful
13841	▁teenagers
13842	▁tire
13843	▁weeds
13844	▁अंकित
13845	▁अनन्तकाल
13846	▁इन्तज़ा
13847	▁कब्ज़ा
13848	▁घातक
13849	▁छोड़ता
13850	▁ताज़ी
13851	▁दिख
13852	▁नाओमी
13853	▁नातान
13854	▁भूले
13855	▁मस्ती
13856	▁मोहम्मद
13857	▁रथों
13858	▁लौटते
13859	▁समन्दर
13860	▁साइकिल
13861	▁सुथरी
13862	▁स्कॉट
13863	One
13864	link
13865	phi
13866	ram
13867	see
13868	sp
13869	तिर
13870	ैन
13871	▁(*.
13872	▁1991
13873	▁Association
13874	▁District
13875	▁Jas
13876	▁Religious
13877	▁Rich
13878	▁array
13879	▁backgrounds
13880	▁bold
13881	▁courts
13882	▁deceased
13883	▁equally
13884	▁expense
13885	▁flat
13886	▁ki
13887	▁marrying
13888	▁prisoner
13889	▁prostrated
13890	▁symbols
13891	▁tribute
13892	▁wanna
13893	▁करुँ
13894	▁कैदियों
13895	▁क्यक्ति
13896	▁खज़ाना
13897	▁खरीदने
13898	▁गिरकर
13899	▁घिनौने
13900	▁चढ़ाना
13901	▁टॉम
13902	▁दफ़ा
13903	▁निपटने
13904	▁नौकर
13905	▁बाँट
13906	▁भाड़
13907	▁मिसल
13908	▁योशिय्याह
13909	An
13910	SE
13911	every
13912	light
13913	white
13914	आत्मा
13915	ढीले
13916	पट
13917	पाए
13918	▁Alone
13919	▁Ba
13920	▁Copyright
13921	▁Mailbox
13922	▁Money
13923	▁SpamAssassin
13924	▁Support
13925	▁Third
13926	▁admonish
13927	▁append
13928	▁backup
13929	▁bosom
13930	▁br
13931	▁creative
13932	▁disappear
13933	▁eagle
13934	▁emergency
13935	▁encompassed
13936	▁flash
13937	▁genetic
13938	▁kin
13939	▁proclamation
13940	▁rained
13941	▁refugees
13942	▁representatives
13943	▁restrictions
13944	▁seemingly
13945	▁seest
13946	▁stable
13947	▁startup
13948	▁summoned
13949	▁theory
13950	▁typical
13951	▁vacation
13952	▁आघात
13953	▁आवरण
13954	▁उसूल
13955	▁कराता
13956	▁गायब
13957	▁गुफा
13958	▁तालिब
13959	▁दिखानेवाले
13960	▁धीमा
13961	▁नफा
13962	▁प्रतिदिन
13963	▁प्रतिनिधित्व
13964	▁ब्यौरा
13965	▁मन्द
13966	▁मुहताजों
13967	▁मेमोरी
13968	▁सीढ़ी
13969	▁हाग्गै
13970	500
13971	gh
13972	par
13973	ü
13974	गार
13975	चूर
13976	ज़े
13977	▁57
13978	▁Bookmark
13979	▁Caleb
13980	▁Tool
13981	▁abominations
13982	▁bury
13983	▁cleaning
13984	▁concludes
13985	▁consent
13986	▁counsels
13987	▁devised
13988	▁eats
13989	▁encryption
13990	▁fellows
13991	▁gas
13992	▁incite
13993	▁mirror
13994	▁shock
13995	▁sink
13996	▁transfusions
13997	▁translator
13998	▁अक्लमन्द
13999	▁अदृश्
14000	▁अनादर
14001	▁इं
14002	▁उह
14003	▁किलें
14004	▁खोले
14005	▁चिकनी
14006	▁छवियाँ
14007	▁तत्पर
14008	▁पड़ें
14009	▁बक
14010	▁बीमारियाँ
14011	▁वै
14012	▁सिरों
14013	;...
14014	AT
14015	due
14016	path
14017	डर
14018	पल
14019	म॰
14020	लेकिन
14021	▁Act
14022	▁Sufficient
14023	▁biggest
14024	▁brightness
14025	▁captured
14026	▁doings
14027	▁heap
14028	▁hint
14029	▁outgoing
14030	▁palms
14031	▁presently
14032	▁tables
14033	▁threatening
14034	▁tone
14035	▁अपनाते
14036	▁ओस
14037	▁गिड़गिड़ाकर
14038	▁चेहरा
14039	▁जाऊं
14040	▁जि
14041	▁तफसील
14042	▁दलों
14043	▁पहर
14044	▁पुरनियों
14045	▁प्रताप
14046	▁प्रेषण
14047	▁फटा
14048	▁बजाएँ
14049	▁बेईमानी
14050	▁विजयी
14051	▁विपत्तियों
14052	▁४५
14053	Hell
14054	africa
14055	iness
14056	ming
14057	कर्ता
14058	जल
14059	जीह
14060	सू
14061	सूची
14062	हुक्म
14063	िव
14064	ॆन
14065	ेंस
14066	▁Bookmarks
14067	▁Hebron
14068	▁Journal
14069	▁Permissions
14070	▁combat
14071	▁companies
14072	▁decade
14073	▁heathen
14074	▁hence
14075	▁imposed
14076	▁inviting
14077	▁manna
14078	▁minus
14079	▁mistaken
14080	▁nobody
14081	▁passages
14082	▁shop
14083	▁stressed
14084	▁suffice
14085	▁teenage
14086	▁threats
14087	▁unrighteousness
14088	▁warners
14089	▁wrap
14090	▁अनुपस्थित
14091	▁आस्ट्रेलिया
14092	▁ईंट
14093	▁कटोरा
14094	▁क्षण
14095	▁ख़ालिस
14096	▁खेतों
14097	▁गरिमा
14098	▁गाना
14099	▁पुनरुत्थित
14100	▁प्रकाशनों
14101	▁प्रमाणीकरण
14102	▁बुलावा
14103	▁भागा
14104	▁मरीज़ों
14105	▁माएँ
14106	▁युवक
14107	▁यौन
14108	▁रखोगे
14109	▁लड़कियाँ
14110	▁विज्ञापन
14111	▁शेकेल
14112	Here
14113	TR
14114	car
14115	og
14116	आग
14117	इसलिए
14118	तकब्बुर
14119	थित
14120	दरख्त
14121	दुनयावी
14122	दे
14123	म्
14124	यूँ
14125	शयातीन
14126	्देशा
14127	▁AWAKE
14128	▁Abigail
14129	▁Checking
14130	▁Firaun
14131	▁Golden
14132	▁Jezebel
14133	▁Output
14134	▁Punishment
14135	▁argued
14136	▁attributes
14137	▁bitterness
14138	▁erring
14139	▁formal
14140	▁furnace
14141	▁hesitate
14142	▁impress
14143	▁inflict
14144	▁justify
14145	▁lodging
14146	▁overly
14147	▁perspective
14148	▁physician
14149	▁prodigal
14150	▁prosperous
14151	▁racial
14152	▁ram
14153	▁rebuke
14154	▁regulations
14155	▁sunset
14156	▁university
14157	▁उपर
14158	▁गिरे
14159	▁गुन्जा
14160	▁घंटा
14161	▁चढ़े
14162	▁छोड़ते
14163	▁जाँचने
14164	▁जानशीन
14165	▁नर्म
14166	▁परदाज़
14167	▁पहने
14168	▁बुर्दब
14169	▁महीना
14170	▁मुवाफिक़
14171	▁राजकुमार
14172	▁सुनाए
14173	▁स्लाइड
14174	▁१९९५
14175	uff
14176	एँगे
14177	मुँह
14178	्रा
14179	▁28]
14180	▁4]
14181	▁68
14182	▁Albert
14183	▁Answered
14184	▁Boaz
14185	▁Companions
14186	▁Moving
14187	▁Reload
14188	▁Yourself
14189	▁atonement
14190	▁breach
14191	▁costs
14192	▁defiled
14193	▁delivery
14194	▁drama
14195	▁enormous
14196	▁guidelines
14197	▁households
14198	▁madness
14199	▁mentally
14200	▁murdered
14201	▁mystery
14202	▁province
14203	▁spear
14204	▁आज़मा
14205	▁आदतें
14206	▁उन्ही
14207	▁कस
14208	▁चढ़ाकर
14209	▁ज़िम्मा
14210	▁दिखाइए
14211	▁दोहरी
14212	▁धँस
14213	▁पट
14214	▁पुकारे
14215	▁बरतन
14216	▁भण्डार
14217	▁भोग
14218	▁मंत्री
14219	▁यिप्तह
14220	▁लिपटे
14221	▁स्ट
14222	▁हर्षित
14223	Eat
14224	Man
14225	Type
14226	इसकी
14227	ड़ते
14228	नमाज़
14229	ूं
14230	▁%02
14231	▁Cornelius
14232	▁Friday
14233	▁Originator
14234	▁Row
14235	▁Saru
14236	▁Sub
14237	▁Toward
14238	▁Travel
14239	▁analyze
14240	▁beforehand
14241	▁belongeth
14242	▁breathed
14243	▁coordinate
14244	▁giver
14245	▁hanging
14246	▁knowingly
14247	▁marvel
14248	▁privately
14249	▁rapid
14250	▁sperm
14251	▁thrive
14252	▁unnecessary
14253	▁उचक
14254	▁एचटीएमएल
14255	▁क़र
14256	▁छाँट
14257	▁झाड़
14258	▁ठिकाने
14259	▁द्वेष
14260	▁नकारात्मक
14261	▁निशाना
14262	▁निष्कपट
14263	▁प्रदूषण
14264	▁प्रवाहित
14265	▁बोलनेवाल
14266	▁रकम
14267	▁लेन
14268	▁विल
14269	05
14270	head
14271	oe
14272	निया
14273	युग
14274	सही
14275	▁Greater
14276	▁Lake
14277	▁Unexpected
14278	▁Valley
14279	▁Viewer
14280	▁acceptance
14281	▁announcement
14282	▁carbon
14283	▁chest
14284	▁cries
14285	▁enters
14286	▁fascinating
14287	▁filling
14288	▁knowest
14289	▁login
14290	▁lovely
14291	▁medium
14292	▁moments
14293	▁originated
14294	▁passengers
14295	▁rear
14296	▁standpoint
14297	▁territories
14298	▁unrepentant
14299	▁अच्छाई
14300	▁क्रमांक
14301	▁खाका
14302	▁गंदी
14303	▁घड़ा
14304	▁घाव
14305	▁चटिय
14306	▁चारा
14307	▁चौपाए
14308	▁छिपाओ
14309	▁नदियों
14310	▁फिरती
14311	▁बचो
14312	▁रिवाज़ों
14313	▁वृत्त
14314	▁वैश्विक
14315	▁व्यवस्थित
14316	▁समझी
14317	▁हांक
14318	IST
14319	People
14320	ategory
14321	stone
14322	ying
14323	जन्नत
14324	न्यू
14325	र्म
14326	▁Active
14327	▁Jah
14328	▁Month
14329	▁Murph
14330	▁Trumpet
14331	▁USA
14332	▁abound
14333	▁buffer
14334	▁cured
14335	▁employed
14336	▁gently
14337	▁horn
14338	▁niggardly
14339	▁prone
14340	▁secretary
14341	▁selfishness
14342	▁shy
14343	▁tombs
14344	▁trusts
14345	▁vineyard
14346	▁इंटरनॆट
14347	▁उतरी
14348	▁उदय
14349	▁कब्ज़े
14350	▁ज़ख्म
14351	▁दबाएँ
14352	▁दिखाएं
14353	▁दिखाकर
14354	▁परीक्षाएँ
14355	▁फंदे
14356	▁विकासवाद
14357	▁व्यवसाय
14358	▁सहते
14359	IA
14360	IBM
14361	Young
14362	ches
14363	than
14364	trees
14365	value
14366	जू
14367	प्रेम
14368	बहार
14369	यहूद
14370	▁1931
14371	▁Boston
14372	▁False
14373	▁Hath
14374	▁Minimum
14375	▁Naaman
14376	▁Ones
14377	▁Thousands
14378	▁blemish
14379	▁bone
14380	▁charitable
14381	▁chastity
14382	▁convert
14383	▁corresponding
14384	▁declined
14385	▁dried
14386	▁fleeing
14387	▁folly
14388	▁heartwarming
14389	▁impressive
14390	▁interface
14391	▁merchandise
14392	▁movie
14393	▁pillar
14394	▁sentenced
14395	▁separation
14396	▁surviving
14397	▁troubles
14398	▁whither
14399	▁अगुवे
14400	▁अस्तित्त्व
14401	▁आख़िरी
14402	▁कमिट
14403	▁कुशलता
14404	▁चेहरों
14405	▁दुःखद
14406	▁प्रस्थिति
14407	▁प्रातः
14408	▁प्रेस
14409	▁फ़ौरन
14410	▁मुत
14411	▁शास्त्रियों
14412	▁शिखर
14413	▁संक्रमण
14414	▁साज़ो
14415	▁६०
14416	Alone
14417	ix
14418	late
14419	ward
14420	जर
14421	डटे
14422	दूसरी
14423	ियम
14424	▁Blood
14425	▁Cooper
14426	▁Korean
14427	▁Pay
14428	▁Split
14429	▁Union
14430	▁accidents
14431	▁aversion
14432	▁commend
14433	▁instrument
14434	▁loneliness
14435	▁lusts
14436	▁multitudes
14437	▁overtaken
14438	▁scribe
14439	▁sustained
14440	▁testified
14441	▁tour
14442	▁watered
14443	▁wholly
14444	▁अंतरिक्ष
14445	▁उद्धृत
14446	▁कार्बन
14447	▁गम्भीर
14448	▁छाँव
14449	▁ज़बानी
14450	▁ठहरेंगे
14451	▁ढूंढ़
14452	▁दुबारा
14453	▁प्रत्यक्षतः
14454	▁फुर्ती
14455	▁बेतेल
14456	▁भर्ती
14457	▁मर्ज़
14458	▁माननी
14459	▁लू
14460	▁लोक
14461	▁वाल
14462	▁सोचती
14463	CMS
14464	fa
14465	rie
14466	rus
14467	tem
14468	डाक
14469	यें
14470	वाने
14471	सबको
14472	सरासर
14473	़ाफ़िल
14474	▁1952
14475	▁Authority
14476	▁Baruch
14477	▁Client
14478	▁Rebekah
14479	▁WAS
14480	▁adapt
14481	▁authenticate
14482	▁clot
14483	▁damaged
14484	▁encrypted
14485	▁foolishness
14486	▁forbids
14487	▁grip
14488	▁hail
14489	▁hurled
14490	▁kindred
14491	▁remarks
14492	▁snatch
14493	▁stealing
14494	▁subscribe
14495	▁swine
14496	▁worried
14497	▁अनुभवों
14498	▁अश्लील
14499	▁आमीन
14500	▁कहूँ
14501	▁कैलेंडर
14502	▁कोरह
14503	▁गे
14504	▁चढ़ाते
14505	▁चुरा
14506	▁जानलेवा
14507	▁पात्रा
14508	▁प्रतिबन्ध
14509	▁फिरा
14510	▁बसाया
14511	▁माफ़ी
14512	▁यूनुस
14513	▁रोमन
14514	▁लंबवत
14515	▁वरशासित
14516	▁शिक्षकों
14517	▁समृद्ध
14518	▁सर्वश्रेष्ठ
14519	▁सेकण्ड
14520	▁हाथी
14521	▁हेब्रोन
14522	-1
14523	Reply
14524	Use
14525	dd
14526	ira
14527	आसमान
14528	▁1958
14529	▁720
14530	▁API
14531	▁Assuredly
14532	▁Drop
14533	▁Institute
14534	▁Suddenly
14535	▁Water
14536	▁[1
14537	▁bo
14538	▁conjecture
14539	▁detestable
14540	▁devastated
14541	▁examined
14542	▁fatal
14543	▁headed
14544	▁listener
14545	▁lust
14546	▁maximum
14547	▁photograph
14548	▁provoke
14549	▁sect
14550	▁washing
14551	▁अक्लमंदी
14552	▁अज़
14553	▁आपदा
14554	▁इंडियन
14555	▁केन्द्र
14556	▁कोड़े
14557	▁गनोम
14558	▁तख्त
14559	▁तूबर
14560	▁दस्त
14561	▁प्राचीनकाल
14562	▁बचते
14563	▁महामारी
14564	▁याह
14565	▁वंशज
14566	▁वैकल्पिक
14567	UTF
14568	form
14569	many
14570	pos
14571	tan
14572	ढ
14573	हाए
14574	▁1/
14575	▁19]
14576	▁Comfort
14577	▁Completed
14578	▁Freedom
14579	▁Gi
14580	▁Leads
14581	▁Low
14582	▁Merge
14583	▁Zedekiah
14584	▁app
14585	▁breathe
14586	▁chamber
14587	▁competent
14588	▁disastrous
14589	▁harbor
14590	▁honestly
14591	▁im
14592	▁interval
14593	▁kills
14594	▁liked
14595	▁movies
14596	▁overwrite
14597	▁perished
14598	▁pope
14599	▁preference
14600	▁pregnancy
14601	▁reproof
14602	▁tendencies
14603	▁vegetables
14604	▁उठेगा
14605	▁कहावत
14606	▁गंदगी
14607	▁ग़
14608	▁चक्र
14609	▁चढ़ने
14610	▁ताक़त
14611	▁तुर्की
14612	▁तोड़ा
14613	▁द्वितीय
14614	▁बर्बाद
14615	▁बिताना
14616	▁मंगल
14617	▁महासभा
14618	▁रफ्तार
14619	▁रहूँ
14620	▁रेशम
14621	▁व्यक्तिगत
14622	▁सर्प
14623	▁सलामत
14624	▁हक़ीक़त
14625	▁हिदायतों
14626	▁हुर
14627	Bus
14628	IC
14629	both
14630	ek
14631	pot
14632	rr
14633	ओगे
14634	तबार
14635	परिहास
14636	िड
14637	ेज
14638	्यु
14639	▁1942
14640	▁Babylonians
14641	▁Forgiveness
14642	▁Searching
14643	▁Small
14644	▁actively
14645	▁amounts
14646	▁ample
14647	▁averted
14648	▁circumcision
14649	▁contemplate
14650	▁destiny
14651	▁dost
14652	▁expert
14653	▁fullscreen
14654	▁grandmother
14655	▁gray
14656	▁hai
14657	▁riding
14658	▁roaring
14659	▁spoils
14660	▁struggled
14661	▁synagogues
14662	▁trace
14663	▁unit
14664	▁अगुवा
14665	▁उकाब
14666	▁उत्पाद
14667	▁उम
14668	▁कमरा
14669	▁क्र
14670	▁गर्दनों
14671	▁चांदी
14672	▁चाही
14673	▁चिता
14674	▁चे
14675	▁जूते
14676	▁थके
14677	▁थाम
14678	▁दर्शाते
14679	▁दिखने
14680	▁धातु
14681	▁धैर्यवान
14682	▁पदार्थों
14683	▁पहुंचाया
14684	▁प्रतिज्ञात
14685	▁बिट
14686	▁मनसा
14687	▁मुसीबतें
14688	▁मूस
14689	▁योग्यता
14690	▁स्टेशन
14691	600
14692	[
14693	fi
14694	ook
14695	í
14696	ंगी
14697	ईसा
14698	उसको
14699	सि
14700	ाइट
14701	▁27]
14702	▁CMS
14703	▁Observe
14704	▁Servants
14705	▁blameless
14706	▁blesses
14707	▁compensation
14708	▁deceptive
14709	▁distinguished
14710	▁exceeded
14711	▁fountains
14712	▁insects
14713	▁ladder
14714	▁leprosy
14715	▁locations
14716	▁multi
14717	▁plagues
14718	▁repents
14719	▁resolution
14720	▁shell
14721	▁worthwhile
14722	▁उत्कृष्ट
14723	▁चुक
14724	▁दाँव
14725	▁दुष्टात्मा
14726	▁पेशकश
14727	▁प्रतिकूल
14728	▁बताएँ
14729	▁भाग्य
14730	▁मश
14731	▁मिलीं
14732	▁मेज
14733	▁राजगद्दी
14734	▁लाजवाब
14735	▁संचालन
14736	▁हस्ताक्षरित
14737	68
14738	ew
14739	gue
14740	आगे
14741	थी
14742	विवाद
14743	शरीर
14744	शे
14745	ष्ट
14746	स्टर
14747	▁Bath
14748	▁Commit
14749	▁Kol
14750	▁Levite
14751	▁Makkah
14752	▁Paper
14753	▁Si
14754	▁Six
14755	▁apartment
14756	▁category
14757	▁comforts
14758	▁fond
14759	▁frequent
14760	▁heading
14761	▁humiliated
14762	▁iCalendar
14763	▁impart
14764	▁instituted
14765	▁lightened
14766	▁reader
14767	▁इलाका
14768	▁करवाया
14769	▁कहर
14770	▁क़ा
14771	▁जमने
14772	▁ज़ैतून
14773	▁दानिरयेल
14774	▁नातेदारों
14775	▁पाला
14776	▁पुकारेगा
14777	▁पेटी
14778	▁प्राधिकार
14779	▁बधिर
14780	▁बेखबर
14781	▁बैठना
14782	▁मानिए
14783	▁मुबारक
14784	▁यकायक
14785	▁रीसेट
14786	▁वर्षगांठ
14787	▁विलम्ब
14788	▁संतति
14789	▁साप्ताहिक
14790	▁सूद
14791	▁हकदार
14792	▁हनन्याह
14793	▁हार्दिक
14794	#
14795	400
14796	None
14797	rah
14798	ंगे
14799	जनक
14800	पास
14801	मुक
14802	यूसुफ
14803	▁139
14804	▁1988
14805	▁Clean
14806	▁Ethiopian
14807	▁Poland
14808	▁Thessalonica
14809	▁appealed
14810	▁cleansing
14811	▁countenance
14812	▁diamonds
14813	▁everybody
14814	▁exult
14815	▁favoured
14816	▁horizon
14817	▁lacked
14818	▁materialistic
14819	▁mile
14820	▁onward
14821	▁wool
14822	▁अभिलाषाओं
14823	▁आशंका
14824	▁उतरते
14825	▁किनारों
14826	▁गड़बड़ी
14827	▁गरज
14828	▁चुनना
14829	▁डरात
14830	▁दूषित
14831	▁धनुष
14832	▁बेपरवा
14833	▁भागकर
14834	▁भागो
14835	▁माएल
14836	▁रुख
14837	▁लबानोन
14838	▁विश्व
14839	▁व्यक्त
14840	▁शूर
14841	28
14842	Jews
14843	nes
14844	oon
14845	seed
14846	इस्लाम
14847	ऑ
14848	डि
14849	सुन
14850	▁1953
14851	▁Answers
14852	▁Bear
14853	▁Hu
14854	▁Korea
14855	▁Outlook
14856	▁Together
14857	▁anniversary
14858	▁awareness
14859	▁bigger
14860	▁chart
14861	▁debts
14862	▁dragon
14863	▁emblems
14864	▁forbade
14865	▁frustrated
14866	▁hypocritical
14867	▁locusts
14868	▁nest
14869	▁newborn
14870	▁rarely
14871	▁settlement
14872	▁stability
14873	▁stock
14874	▁sunrise
14875	▁unselfish
14876	▁versions
14877	▁yearn
14878	▁असिद्धता
14879	▁इन्तेज़ा
14880	▁एदोम
14881	▁कॉलेज
14882	▁खम्भे
14883	▁गत
14884	▁जानेंगे
14885	▁झोंके
14886	▁निर्मल
14887	▁पोशाक
14888	▁प्यारा
14889	▁यतीमों
14890	▁रुह
14891	▁वीकार्ड
14892	▁श्रृंखला
14893	▁सन्ती
14894	Remove
14895	ari
14896	ets
14897	load
14898	इम्तेहान
14899	ड्
14900	दुष्ट
14901	मुक़र्रर
14902	राहे
14903	सजदा
14904	▁1944
14905	▁Par
14906	▁Regardless
14907	▁blinded
14908	▁confined
14909	▁council
14910	▁crucial
14911	▁exquisite
14912	▁ko
14913	▁minimum
14914	▁rises
14915	▁rotation
14916	▁shadows
14917	▁stead
14918	▁targets
14919	▁weaker
14920	▁°
14921	▁अद्यतनीकृत
14922	▁अधिकारों
14923	▁औसतन
14924	▁क़ाय
14925	▁कुर्त
14926	▁खासियत
14927	▁गूगल
14928	▁घबराहट
14929	▁चिंघाड़
14930	▁तज़किर
14931	▁तमाशा
14932	▁ताबेए
14933	▁तुल्यकालि
14934	▁बाँधे
14935	▁बॉध
14936	▁ब्रेक
14937	▁मख़लूक़ात
14938	▁मॉड्यूल
14939	▁संयोग
14940	▁सनातन
14941	▁सम्बद्ध
14942	▁सांकेतिक
14943	▁सीट
14944	MD
14945	again
14946	angels
14947	art
14948	pen
14949	ख़बर
14950	ग़फलत
14951	बैठे
14952	ब्ल
14953	यानी
14954	शि
14955	ेर
14956	▁84
14957	▁Guard
14958	▁Install
14959	▁Mordecai
14960	▁Sheba
14961	▁Total
14962	▁afar
14963	▁characteristics
14964	▁classmates
14965	▁coin
14966	▁distracted
14967	▁electronic
14968	▁fatigue
14969	▁herein
14970	▁obligatory
14971	▁oneself
14972	▁ordinances
14973	▁pardoned
14974	▁plight
14975	▁ultimately
14976	▁vulnerable
14977	▁warmth
14978	▁अन्तर
14979	▁उन्नत
14980	▁किस्से
14981	▁खुदाई
14982	▁गड़बड़
14983	▁तख्तों
14984	▁तार
14985	▁नशील
14986	▁पोर्नोग्राफी
14987	▁प्रमाणित
14988	▁फिरकर
14989	▁फिल
14990	▁फिलिप्पी
14991	▁बंदरगाह
14992	▁बरताव
14993	▁मिलापवाल
14994	▁शासकों
14995	▁शुद्धता
14996	▁हिर
14997	Hearer
14998	Hide
14999	burg
15000	ery
15001	lot
15002	search
15003	sign
15004	unicode
15005	चल
15006	धर
15007	निकटवर्ती
15008	बुरा
15009	▁110
15010	▁Blaze
15011	▁California
15012	▁Code
15013	▁Cyprus
15014	▁GTK
15015	▁Hard
15016	▁Original
15017	▁PS
15018	▁Proclaimers
15019	▁Rehoboam
15020	▁Tyre
15021	▁chronic
15022	▁consistent
15023	▁dance
15024	▁devise
15025	▁ending
15026	▁evangelizer
15027	▁exploit
15028	▁flour
15029	▁healthful
15030	▁identifie
15031	▁insist
15032	▁legally
15033	▁moderate
15034	▁necessity
15035	▁plays
15036	▁prayerful
15037	▁questioning
15038	▁reflection
15039	▁scoff
15040	▁sorcerer
15041	▁strip
15042	▁thrones
15043	▁uncircumcised
15044	▁wrapped
15045	▁अनुपात
15046	▁अबीगैल
15047	▁उगा
15048	▁कड़क
15049	▁कम्प्यूटर
15050	▁कारीगर
15051	▁खाएगा
15052	▁दाँतों
15053	▁दुगन
15054	▁पापबलि
15055	▁प्रभुत्व
15056	▁प्रसिद्ध
15057	▁बची
15058	▁बूढ़ी
15059	▁मिस्री
15060	▁मौजूदगी
15061	▁लेट
15062	▁विभाजन
15063	▁साठ
15064	▁सिवाने
15065	Tell
15066	two
15067	क्यू
15068	बुरी
15069	वत
15070	सभी
15071	स्थान
15072	▁11]
15073	▁Accordingly
15074	▁Break
15075	▁Fuck
15076	▁Members
15077	▁Require
15078	▁Universal
15079	▁adolescent
15080	▁arises
15081	▁attempted
15082	▁begged
15083	▁bite
15084	▁burdened
15085	▁depths
15086	▁dominated
15087	▁farmers
15088	▁injured
15089	▁locate
15090	▁pouring
15091	▁prays
15092	▁professed
15093	▁scope
15094	▁te
15095	▁translators
15096	▁unite
15097	▁unlike
15098	▁wheels
15099	▁अधिपति
15100	▁अन्ताकिया
15101	▁आवास
15102	▁उठाएँ
15103	▁उल्लेखित
15104	▁कटोरे
15105	▁गो
15106	▁टायर
15107	▁ढ
15108	▁देहात
15109	▁प्राक्सी
15110	▁फरियाद
15111	▁बाबेल
15112	▁बारीक
15113	▁बेल
15114	▁महानद
15115	▁लाई
15116	▁लॉगिन
15117	▁संबंधी
15118	▁सम्पन्न
15119	21
15120	teth
15121	ura
15122	ž
15123	आपको
15124	ईधन
15125	कर्म
15126	बन्द
15127	मैन
15128	हैं
15129	िब
15130	िश्
15131	▁"{0}."
15132	▁410401
15133	▁Brothers
15134	▁Browser
15135	▁EN
15136	▁Festival
15137	▁Henry
15138	▁Jean
15139	▁Order
15140	▁Proxy
15141	▁SO
15142	▁Washington
15143	▁],
15144	▁bars
15145	▁builds
15146	▁compass
15147	▁directories
15148	▁dishonest
15149	▁displays
15150	▁distressing
15151	▁doubled
15152	▁fellowship
15153	▁intellectual
15154	▁misunderstand
15155	▁mm
15156	▁mostly
15157	▁originates
15158	▁progeny
15159	▁propaganda
15160	▁prostitution
15161	▁recipient
15162	▁renewed
15163	▁tens
15164	▁thin
15165	▁withdrew
15166	▁इत्
15167	▁कंजूस
15168	▁कल्याण
15169	▁किस्सा
15170	▁चि
15171	▁चितौनियों
15172	▁चौबीस
15173	▁तरो
15174	▁नपी
15175	▁नाले
15176	▁पक
15177	▁प्रा
15178	▁बनानेवाला
15179	▁बनानेवाले
15180	▁बास
15181	▁भक्त
15182	▁भयभीत
15183	▁व्याकुल
15184	▁हाज़िरी
15185	▁हिम
15186	▁४४
15187	,00,000
15188	36
15189	Alam
15190	Forward
15191	KChar
15192	csv
15193	ded
15194	ians
15195	into
15196	lit
15197	make
15198	ua
15199	were
15200	उनमें
15201	जीवित
15202	मदद
15203	रिया
15204	ॆल
15205	▁Arabs
15206	▁Baptizer
15207	▁Immediately
15208	▁Ri
15209	▁Rotate
15210	▁Savior
15211	▁Ver
15212	▁Watching
15213	▁absent
15214	▁bottle
15215	▁cdr
15216	▁connections
15217	▁disagree
15218	▁echo
15219	▁formation
15220	▁fortify
15221	▁inspire
15222	▁ir
15223	▁maintenance
15224	▁nervous
15225	▁packages
15226	▁passion
15227	▁platform
15228	▁ra
15229	▁redeemed
15230	▁regain
15231	▁scrolls
15232	▁stirred
15233	▁अभिमान
15234	▁अवयव
15235	▁आसाप
15236	▁उठती
15237	▁एट
15238	▁काटकर
15239	▁खोलना
15240	▁गँवा
15241	▁गंदे
15242	▁घोषक
15243	▁चेतावनियों
15244	▁छे
15245	▁जावा
15246	▁जिलाया
15247	▁डेलिगेट
15248	▁तोड़कर
15249	▁बनेंगे
15250	▁मात
15251	▁मान्यता
15252	▁मुद्दों
15253	▁मूलभूत
15254	▁लानेवाले
15255	▁वितर
15256	▁विनिमय
15257	▁समाई
15258	▁सलूक
15259	▁सेकेंड
15260	▁सोचो
15261	bal
15262	lia
15263	ख्ता
15264	चि
15265	धरा
15266	पूरी
15267	मिल
15268	स्वर्ग
15269	४४
15270	▁Bi
15271	▁Philistine
15272	▁Python
15273	▁Syrians
15274	▁Working
15275	▁brand
15276	▁celebrated
15277	▁concentrate
15278	▁deserved
15279	▁determining
15280	▁disturbed
15281	▁empathy
15282	▁emphasize
15283	▁engine
15284	▁failing
15285	▁grieving
15286	▁happier
15287	▁imitation
15288	▁indignation
15289	▁inscribed
15290	▁kitchen
15291	▁loads
15292	▁meanings
15293	▁measuring
15294	▁pertain
15295	▁prolonged
15296	▁quarter
15297	▁retreat
15298	▁subdued
15299	▁succession
15300	▁thereto
15301	▁truck
15302	▁valued
15303	▁कोढ़
15304	▁क्लाइंट
15305	▁ग़फ़
15306	▁गुच्छे
15307	▁गुम्मट
15308	▁छठा
15309	▁जल्दबाज़
15310	▁ज़ीन
15311	▁ज्यों
15312	▁टिकट
15313	▁नता
15314	▁पर्दे
15315	▁पुरस्कार
15316	▁फलस्वरूप
15317	▁बराबरी
15318	▁बिंब
15319	▁बेसब्र
15320	▁महोदय
15321	▁मोड्यूल
15322	▁व्यापारी
15323	▁शब्दकूट
15324	▁सकूँ
15325	▁सिमुलेशन
15326	▁सुनाना
15327	1:
15328	:%02
15329	Torah
15330	ade
15331	house
15332	mah
15333	rou
15334	task
15335	अन्तिम
15336	इसका
15337	धन
15338	सूर
15339	▁2014
15340	▁Flag
15341	▁Insight
15342	▁Jeeves
15343	▁Less
15344	▁Respect
15345	▁SIP
15346	▁Scroll
15347	▁Sender
15348	▁boss
15349	▁boundaries
15350	▁buying
15351	▁capture
15352	▁clubs
15353	▁confidently
15354	▁differently
15355	▁download
15356	▁exceeding
15357	▁expecting
15358	▁expresses
15359	▁festivals
15360	▁mocking
15361	▁noteworthy
15362	▁rabbis
15363	▁reassuring
15364	▁responding
15365	▁seasons
15366	▁swords
15367	▁taxes
15368	▁tea
15369	▁wrongs
15370	▁अनुभवी
15371	▁उतरे
15372	▁गिरते
15373	▁घुमाएँ
15374	▁छिपाने
15375	▁जुट
15376	▁तड़प
15377	▁दाखलता
15378	▁पठित
15379	▁पड़ेगे
15380	▁फ़िरौन
15381	▁फूलों
15382	▁बज
15383	▁मरवा
15384	▁मेहमानों
15385	▁वाकिफ़
15386	▁साझेदारी
15387	▁सुनेगा
15388	02
15389	;}
15390	DD
15391	atic
15392	ft
15393	gods
15394	आख़िरकार
15395	दामन
15396	ुर
15397	▁1922
15398	▁250
15399	▁Info
15400	▁Islands
15401	▁Items
15402	▁Jim
15403	▁Mass
15404	▁Plain
15405	▁Space
15406	▁Sy
15407	▁agents
15408	▁assure
15409	▁blindly
15410	▁crucified
15411	▁estimate
15412	▁fatherless
15413	▁filters
15414	▁inches
15415	▁introduce
15416	▁joyous
15417	▁majesty
15418	▁mightier
15419	▁necessities
15420	▁owned
15421	▁pi
15422	▁pressed
15423	▁removing
15424	▁risks
15425	▁skies
15426	▁stolen
15427	▁township
15428	▁uncertain
15429	▁vertical
15430	▁आदर्शों
15431	▁आहिस्ता
15432	▁इश्
15433	▁उपचार
15434	▁कसदियों
15435	▁कॉपियाँ
15436	▁कोरिया
15437	▁गुज़रने
15438	▁गुरु
15439	▁ग्रीक
15440	▁चहर
15441	▁जीतने
15442	▁जु
15443	▁जोड़ों
15444	▁दशमांश
15445	▁नज़ारा
15446	▁नाटक
15447	▁नाबाल
15448	▁पड़ोस
15449	▁पर्दा
15450	▁फारस
15451	▁फूले
15452	▁बरपा
15453	▁बैठता
15454	▁मर्ज़ी
15455	▁महत्व
15456	▁मुक़ाबल
15457	▁मुफ़्त
15458	▁युवजन
15459	▁रूम
15460	▁शास्त्रवचन
15461	▁सजीव
15462	▁सुथरा
15463	▁हिंदी
15464	▁होतीं
15465	Imp
15466	air
15467	ding
15468	hortcut
15469	very
15470	अर
15471	बच्चे
15472	रेट
15473	ैंड
15474	▁1920
15475	▁1989
15476	▁91
15477	▁Food
15478	▁Forever
15479	▁Java
15480	▁Kill
15481	▁Qu
15482	▁RE
15483	▁Ready
15484	▁Thamood
15485	▁absorbed
15486	▁alternative
15487	▁celestial
15488	▁conclusions
15489	▁decrees
15490	▁disdain
15491	▁doomed
15492	▁factory
15493	▁finger
15494	▁herald
15495	▁hindered
15496	▁imagination
15497	▁inactive
15498	▁inclinations
15499	▁inheritors
15500	▁inward
15501	▁logical
15502	▁parameters
15503	▁pointing
15504	▁proportion
15505	▁refusing
15506	▁relieved
15507	▁sadness
15508	▁stoned
15509	▁उड़ाए
15510	▁कलाकार
15511	▁गुज़रना
15512	▁घुटनों
15513	▁घुमाव
15514	▁चाचा
15515	▁चाय
15516	▁जरूर
15517	▁ज्वालामुखी
15518	▁टेप
15519	▁डिफ
15520	▁दोहराएँ
15521	▁दौड़े
15522	▁नातेदार
15523	▁पहाड़ो
15524	▁पीए
15525	▁भूलना
15526	▁मुकाबला
15527	▁वासघात
15528	▁सहना
15529	▁४२
15530	Continue
15531	Day
15532	Find
15533	ass
15534	just
15535	ks
15536	state
15537	{1}
15538	आओ
15539	क्षा
15540	गत
15541	जैसा
15542	न्त
15543	मन्द
15544	लिया
15545	▁Diff
15546	▁Forbearing
15547	▁Helper
15548	▁Increase
15549	▁ME
15550	▁Mind
15551	▁Thousand
15552	▁ba
15553	▁bestows
15554	▁crossed
15555	▁evangelizers
15556	▁exceedingly
15557	▁farmer
15558	▁originate
15559	▁purifie
15560	▁representing
15561	▁schemes
15562	▁sync
15563	▁unreasonable
15564	▁कार्ल
15565	▁कोढ़ी
15566	▁खूबसूरती
15567	▁गांव
15568	▁घूस
15569	▁जनसंख्या
15570	▁दांत
15571	▁दाता
15572	▁पक्षपात
15573	▁पार्क
15574	▁पीस
15575	▁प्रणाली
15576	▁फ़िर
15577	▁बोया
15578	▁मिटाए
15579	▁मेहनती
15580	▁रपट
15581	▁रसल
15582	▁विषमता
15583	▁सचेतकर्त
15584	26
15585	Christ
15586	NT
15587	Previous
15588	page
15589	उसमें
15590	तेरे
15591	फ़ा
15592	फो
15593	▁104
15594	▁Ahaz
15595	▁Bill
15596	▁Elizabeth
15597	▁Elm
15598	▁Jan
15599	▁Memory
15600	▁Modify
15601	▁Reset
15602	▁Sulaiman
15603	▁Suppose
15604	▁Switzerland
15605	▁Wall
15606	▁abyss
15607	▁accursed
15608	▁adversaries
15609	▁calendars
15610	▁ceremony
15611	▁configure
15612	▁considerate
15613	▁deepen
15614	▁destitute
15615	▁fairly
15616	▁grounds
15617	▁massive
15618	▁prevents
15619	▁pulled
15620	▁turmoil
15621	▁wounded
15622	▁अंगार
15623	▁अनार
15624	▁आऊंगा
15625	▁आराधनालय
15626	▁आलेख
15627	▁इच्छाएँ
15628	▁इफि
15629	▁उत्पादन
15630	▁गतिविधि
15631	▁गाते
15632	▁डूबने
15633	▁ढांप
15634	▁निर्णायक
15635	▁नीला
15636	▁फ़ाइलनाम
15637	▁बरफ
15638	▁बारूक
15639	▁बेबस
15640	▁भाईयों
15641	▁मोर्दकै
15642	▁रोकना
15643	▁लाभप्रद
15644	▁वेत
15645	▁शोभायमान
15646	▁स्प
15647	▁१९९६
15648	Next
15649	Time
15650	aib
15651	chan
15652	come
15653	meeting
15654	vin
15655	win
15656	बाइबल
15657	ल्ड
15658	विन
15659	सज़ा
15660	▁Base
15661	▁Decision
15662	▁Majesty
15663	▁Pause
15664	▁Promise
15665	▁Rejoice
15666	▁Setup
15667	▁Template
15668	▁accessible
15669	▁aging
15670	▁approve
15671	▁delivers
15672	▁diabetes
15673	▁disgusting
15674	▁enrich
15675	▁entries
15676	▁expanded
15677	▁herd
15678	▁horsemen
15679	▁imminent
15680	▁infection
15681	▁leaf
15682	▁lure
15683	▁memos
15684	▁ox
15685	▁peak
15686	▁petition
15687	▁prompt
15688	▁risen
15689	▁sh
15690	▁surety
15691	▁tail
15692	▁teens
15693	▁terrified
15694	▁vines
15695	▁अधिष्ठाप
15696	▁आँकड़े
15697	▁उभारें
15698	▁उलटी
15699	▁क़लम
15700	▁खिसका
15701	▁गिना
15702	▁जलाया
15703	▁ज़िद
15704	▁टाइम्स
15705	▁तफ़सील
15706	▁ताने
15707	▁दिखला
15708	▁धर्मत्यागी
15709	▁नामः
15710	▁पारंपरिक
15711	▁प्रकाशकों
15712	▁बसने
15713	▁बहाना
15714	▁बान्धे
15715	▁बारंबार
15716	▁बिछौना
15717	▁बिताया
15718	▁बेझिझक
15719	▁बेतलेहेम
15720	▁बेमिसाल
15721	▁भाता
15722	▁शत्रुता
15723	▁हालिया
15724	97
15725	Every
15726	Paradise
15727	]."
15728	hal
15729	lah
15730	len
15731	ok
15732	void
15733	ö
15734	अल
15735	तुमने
15736	दारी
15737	मेन
15738	यूब
15739	राज
15740	शाब्दि
15741	हता
15742	▁1938
15743	▁1956
15744	▁78
15745	▁Ac
15746	▁Accessible
15747	▁Along
15748	▁Apollos
15749	▁Business
15750	▁Chart
15751	▁Done
15752	▁Expand
15753	▁Fast
15754	▁Mis
15755	▁Netherlands
15756	▁Recent
15757	▁Rights
15758	▁Simeon
15759	▁Verse
15760	▁calamities
15761	▁closest
15762	▁debate
15763	▁disable
15764	▁discovery
15765	▁excess
15766	▁expired
15767	▁flames
15768	▁fro
15769	▁impose
15770	▁lake
15771	▁lamps
15772	▁mercies
15773	▁participation
15774	▁pot
15775	▁preferences
15776	▁progressively
15777	▁raises
15778	▁reasonableness
15779	▁recit
15780	▁relation
15781	▁repel
15782	▁rites
15783	▁topics
15784	▁कटाई
15785	▁गिड़गिड़ा
15786	▁चिताया
15787	▁चिन्हों
15788	▁चौथी
15789	▁ज़माना
15790	▁तकनीक
15791	▁नाना
15792	▁नेताओं
15793	▁पर्वतों
15794	▁पाव
15795	▁फैसलों
15796	▁बाइस
15797	▁भरते
15798	▁मं
15799	▁मशवर
15800	▁महिलाओं
15801	▁मित्रा
15802	▁वार्ता
15803	▁विधवाओं
15804	▁शव
15805	▁शु
15806	▁सीलास
15807	▁स्कूलों
15808	▁हँसते
15809	▁१९९७
15810	DE
15811	ITY
15812	did
15813	ient
15814	ini
15815	know
15816	pleased
15817	sen
15818	पिता
15819	वल
15820	व्य
15821	ियर
15822	्थ
15823	▁41.
15824	▁69
15825	▁Advanced
15826	▁Digital
15827	▁Ei
15828	▁FROM
15829	▁Salvation
15830	▁Them
15831	▁agony
15832	▁attract
15833	▁bewitched
15834	▁burial
15835	▁compel
15836	▁derive
15837	▁dig
15838	▁employer
15839	▁functions
15840	▁grandchildren
15841	▁hunt
15842	▁instances
15843	▁intelligence
15844	▁mustered
15845	▁par
15846	▁player
15847	▁quarrel
15848	▁raging
15849	▁rebels
15850	▁revives
15851	▁succumb
15852	▁surround
15853	▁surroundings
15854	▁yeah
15855	▁अनुवादित
15856	▁अभिवादन
15857	▁उपयोक्तानाम
15858	▁कसबे
15859	▁कूट
15860	▁खिलाने
15861	▁गेम
15862	▁चंगाई
15863	▁चौथाई
15864	▁चौथे
15865	▁जीएँगे
15866	▁थल
15867	▁दंग
15868	▁धिक्कार
15869	▁नानी
15870	▁नोड
15871	▁पिशाचों
15872	▁फन्द
15873	▁फेंका
15874	▁मिशन
15875	▁मेंटेनर
15876	▁रहनुमा
15877	▁रॉक
15878	▁शीशे
15879	▁संकुल
15880	▁सापेक्ष
15881	Therefore
15882	Whoever
15883	Work
15884	ava
15885	aware
15886	down
15887	field
15888	ill
15889	peace
15890	rat
15891	via
15892	whereupon
15893	अज़सरतापा
15894	क़ादिर
15895	क़ुदरते
15896	कुफ्फार
15897	क्र
15898	जिबरील
15899	ताबी
15900	दूसरों
15901	लाधार
15902	़ुद
15903	िज़
15904	ेला
15905	ोर
15906	्सर
15907	▁1957
15908	▁Assyrian
15909	▁Count
15910	▁Da
15911	▁Hidden
15912	▁Lock
15913	▁Nigeria
15914	▁Package
15915	▁Profile
15916	▁Provider
15917	▁Quick
15918	▁Selah
15919	▁Shechem
15920	▁Step
15921	▁Trac
15922	▁Training
15923	▁adequate
15924	▁arrow
15925	▁booklet
15926	▁contempt
15927	▁courses
15928	▁courtyard
15929	▁criticism
15930	▁dominate
15931	▁eu
15932	▁greeted
15933	▁lesser
15934	▁lib
15935	▁manners
15936	▁movements
15937	▁palaces
15938	▁pays
15939	▁perfected
15940	▁portents
15941	▁register
15942	▁restricted
15943	▁romantic
15944	▁sheba
15945	▁shouting
15946	▁siblings
15947	▁sincerity
15948	▁spaces
15949	▁spiritism
15950	▁steady
15951	▁usual
15952	▁wolf
15953	▁अज़ीयत
15954	▁इख़ते
15955	▁एंडी
15956	▁एक्सप्रेशन
15957	▁ऐवज़
15958	▁कुटिलता
15959	▁खज़ाने
15960	▁गोलियत
15961	▁ग्यारह
15962	▁ज़र्रा
15963	▁तवाना
15964	▁दर्जा
15965	▁नरमी
15966	▁नामधराई
15967	▁परखा
15968	▁पिघल
15969	▁पुनरावृत्ति
15970	▁प्रांत
15971	▁फ़तेह
15972	▁बदर
15973	▁बरगुज
15974	▁मक़ाम
15975	▁मख़लूक
15976	▁माँगे
15977	▁मुतावज्जे
15978	▁रग
15979	▁रफीक़
15980	▁सरगोश
15981	▁सिले
15982	▁सीनै
15983	▁हटाना
15984	03
15985	2)
15986	45
15987	CT
15988	SS
15989	nation
15990	tes
15991	ı
15992	ंगा
15993	ंध
15994	अंदरूनी
15995	कान
15996	बेल
15997	ियुस
15998	▁(12
15999	▁Attach
16000	▁Cry
16001	▁Earlier
16002	▁Education
16003	▁Elihu
16004	▁Layer
16005	▁Louis
16006	▁Medical
16007	▁Queen
16008	▁Short
16009	▁Unicode
16010	▁appointments
16011	▁cleanness
16012	▁convenient
16013	▁deals
16014	▁delusion
16015	▁donated
16016	▁extends
16017	▁fragments
16018	▁generously
16019	▁hateful
16020	▁keeper
16021	▁lifeless
16022	▁overflow
16023	▁passwords
16024	▁perceptive
16025	▁pitched
16026	▁seduced
16027	▁shewed
16028	▁storing
16029	▁unmarried
16030	▁अध्यक्षों
16031	▁अर्
16032	▁अवतरण
16033	▁खिलाते
16034	▁गिरी
16035	▁घड़ियों
16036	▁जायें
16037	▁जीया
16038	▁जूझ
16039	▁ठंडे
16040	▁डाह
16041	▁डेरा
16042	▁तिहीन
16043	▁दुर्भाग्य
16044	▁नामान
16045	▁पांति
16046	▁प्राथमिक
16047	▁प्रोटेस्टेंट
16048	▁फुल
16049	▁बटोर
16050	▁बनेगा
16051	▁ब्रिटिश
16052	▁मोटे
16053	▁लपक
16054	▁वयस्क
16055	▁सद
16056	▁सम्मेलनों
16057	▁साय
16058	▁हस्तांतरण
16059	Iesa
16060	Location
16061	Never
16062	Oh
16063	bed
16064	rom
16065	कृत
16066	रूपी
16067	लिबास
16068	शो
16069	▁1949
16070	▁ARTICLES
16071	▁Bottom
16072	▁Che
16073	▁Encyclopædia
16074	▁Firon
16075	▁Humans
16076	▁Perfect
16077	▁Sad
16078	▁Vincent
16079	▁Want
16080	▁advise
16081	▁attributed
16082	▁calculate
16083	▁circumcised
16084	▁cultivated
16085	▁cunning
16086	▁donkey
16087	▁enthusiasm
16088	▁guarding
16089	▁lump
16090	▁oppressive
16091	▁sale
16092	▁schooling
16093	▁useless
16094	▁vCard
16095	▁volunteer
16096	▁warmly
16097	▁आज्ञाएं
16098	▁इंजन
16099	▁उभारता
16100	▁कहिए
16101	▁क्
16102	▁जातियां
16103	▁जातीं
16104	▁जुए
16105	▁ढलने
16106	▁तर्कसंगत
16107	▁दरख्वास्त
16108	▁दाखरस
16109	▁निगाहों
16110	▁निपटा
16111	▁प्रकृति
16112	▁बाँधा
16113	▁बिठा
16114	▁भंडारित
16115	▁मकिदुनिया
16116	▁मछलियाँ
16117	▁मह
16118	▁महानता
16119	▁मूठ
16120	▁योगदान
16121	▁लिंग
16122	▁वविद्यालय
16123	▁वायुमंडल
16124	▁विशेषकर
16125	▁संवाददाता
16126	▁सन
16127	▁हाउस
16128	Busy
16129	EX
16130	TY
16131	Worship
16132	qua
16133	wi
16134	आम
16135	खुली
16136	दृष्टि
16137	लू
16138	सारे
16139	स्व
16140	हंसते
16141	हराम
16142	▁100%
16143	▁2000,
16144	▁Archives
16145	▁Debug
16146	▁Jehoiada
16147	▁Polish
16148	▁Pope
16149	▁Va
16150	▁apologize
16151	▁blossom
16152	▁bomb
16153	▁challenged
16154	▁dare
16155	▁deleting
16156	▁drank
16157	▁expenses
16158	▁farther
16159	▁feeds
16160	▁inevitable
16161	▁inflicted
16162	▁merchants
16163	▁outlined
16164	▁prominence
16165	▁promoting
16166	▁spool
16167	▁strategy
16168	▁stricken
16169	▁vehicle
16170	▁yielding
16171	▁अज्ञानता
16172	▁आड़ा
16173	▁आनंदित
16174	▁आलसी
16175	▁इतरात
16176	▁कमाते
16177	▁कुंजियाँ
16178	▁जलने
16179	▁ज़रुरत
16180	▁जेन
16181	▁जोड़ी
16182	▁तारीफ़
16183	▁धुत्कार
16184	▁पराक्रम
16185	▁परि
16186	▁पहिचान
16187	▁फर्ज
16188	▁बन्दो
16189	▁बहरों
16190	▁यात्री
16191	▁रुपये
16192	▁लाती
16193	▁लायी
16194	▁विलास
16195	▁सितारों
16196	▁सिवाना
16197	▁सोर
16198	▁हटाया
16199	▁हताशा
16200	▁हादसे
16201	Today
16202	Un
16203	forever
16204	ory
16205	press
16206	zo
16207	ँग
16208	खडे
16209	ेरे
16210	्फ
16211	▁130
16212	▁71
16213	▁800
16214	▁Australian
16215	▁EOL
16216	▁Fill
16217	▁Kenya
16218	▁MY
16219	▁Maps
16220	▁Recently
16221	▁Righteous
16222	▁Sovereignty
16223	▁Target
16224	▁cancel
16225	▁coat
16226	▁compiler
16227	▁construct
16228	▁cur
16229	▁delegate
16230	▁descended
16231	▁designated
16232	▁discerning
16233	▁encoding
16234	▁glance
16235	▁handful
16236	▁interfere
16237	▁persistent
16238	▁perverse
16239	▁possesses
16240	▁qualifications
16241	▁superiority
16242	▁undermine
16243	▁wasted
16244	▁अशुद्धता
16245	▁आकर्षक
16246	▁आत्महत्या
16247	▁इमारतों
16248	▁उत्प
16249	▁उपयुक्त
16250	▁उल्टे
16251	▁कलंक
16252	▁कवि
16253	▁कोर्स
16254	▁खींचने
16255	▁ख्या
16256	▁गरीबों
16257	▁गाल
16258	▁छिपाकर
16259	▁जुलती
16260	▁जेनेरिक
16261	▁तत्वों
16262	▁दासत्व
16263	▁नमक
16264	▁पराए
16265	▁पुनर्नामकरण
16266	▁फार्म
16267	▁बेटियां
16268	▁बेत
16269	▁मार्टिन
16270	▁मिलान
16271	▁रोज़ाना
16272	▁ललकार
16273	▁सम्भावना
16274	▁सीना
16275	▁सूचक
16276	CD
16277	clock
16278	found
16279	ify
16280	oftware
16281	ration
16282	बाहर
16283	साथ
16284	सेंट
16285	▁Americans
16286	▁Environment
16287	▁Forgiver
16288	▁PSALM
16289	▁Printer
16290	▁compact
16291	▁corrected
16292	▁directing
16293	▁directs
16294	▁equip
16295	▁fountain
16296	▁govern
16297	▁herbs
16298	▁hired
16299	▁imply
16300	▁migrated
16301	▁morrow
16302	▁proselytes
16303	▁snake
16304	▁strictly
16305	▁unleavened
16306	▁valleys
16307	▁अथाह
16308	▁अनोखे
16309	▁आगवाले
16310	▁आयातक
16311	▁उत्पीड़न
16312	▁कण
16313	▁कालेब
16314	▁घिरा
16315	▁जुड़ने
16316	▁टाइल
16317	▁तत्काल
16318	▁निस्सन्देह
16319	▁फिरने
16320	▁बरतने
16321	▁बीती
16322	▁मुख्यतः
16323	▁यकीनन
16324	▁सँभालने
16325	▁सुगन्ध
16326	<
16327	Everyone
16328	SO
16329	change
16330	ese
16331	ev
16332	ied
16333	lon
16334	object
16335	tab
16336	आन
16337	उन्होंने
16338	त्मक
16339	बैठक
16340	़ा
16341	ाए
16342	▁Adjust
16343	▁Britannica
16344	▁Cave
16345	▁Documents
16346	▁Due
16347	▁Enjoy
16348	▁Ge
16349	▁Portuguese
16350	▁Room
16351	▁accuracy
16352	▁accusations
16353	▁aggression
16354	▁appearing
16355	▁bequest
16356	▁bowing
16357	▁cling
16358	▁cloth
16359	▁conferred
16360	▁define
16361	▁delivering
16362	▁devising
16363	▁disbeliever
16364	▁edited
16365	▁factions
16366	▁lambs
16367	▁maidens
16368	▁misleading
16369	▁ordinance
16370	▁pan
16371	▁progressed
16372	▁roast
16373	▁अंतःकरण
16374	▁आलम
16375	▁ओवरसियरों
16376	▁किससे
16377	▁गु
16378	▁गुज़ारा
16379	▁गेंद
16380	▁घिर
16381	▁घुटने
16382	▁चाहने
16383	▁जादूगरों
16384	▁ठहरो
16385	▁ढकेल
16386	▁नन्हे
16387	▁पूर्वज
16388	▁फ़ॉर्मेट
16389	▁बैलों
16390	▁माननेवालों
16391	▁मोड़ते
16392	▁यूनिवर्सिटी
16393	▁लै
16394	▁सजा
16395	▁सामरिया
16396	▁सुनहर
16397	▁सुनहरा
16398	▁सोवियत
16399	67
16400	TER
16401	don
16402	header
16403	makers
16404	once
16405	rain
16406	ाक़
16407	९
16408	▁1%
16409	▁Browse
16410	▁Fetch
16411	▁Fit
16412	▁NASA
16413	▁Philippines
16414	▁Resource
16415	▁Sanhedrin
16416	▁Tu
16417	▁Vol
16418	▁addiction
16419	▁behaved
16420	▁collected
16421	▁contest
16422	▁establishment
16423	▁fold
16424	▁gospel
16425	▁gotten
16426	▁hasty
16427	▁imp
16428	▁inferior
16429	▁inlistbox
16430	▁legitimate
16431	▁lover
16432	▁scared
16433	▁sequence
16434	▁subtle
16435	▁tabs
16436	▁thereupon
16437	▁tracts
16438	▁trick
16439	▁van
16440	▁virus
16441	▁अणु
16442	▁अपलोड
16443	▁ऑक्सीजन
16444	▁कराई
16445	▁काज
16446	▁खिला
16447	▁गोपनीय
16448	▁चखाएँगे
16449	▁जमाए
16450	▁जातियाँ
16451	▁झोंका
16452	▁तमन्
16453	▁दिलाना
16454	▁नमूने
16455	▁पर्यावरण
16456	▁पहना
16457	▁पहुनाई
16458	▁पाइप
16459	▁पोते
16460	▁प्यासे
16461	▁प्रान्त
16462	▁फर
16463	▁फ़रियाद
16464	▁बजाने
16465	▁भटकते
16466	▁मानवीय
16467	▁मिलनेवाला
16468	▁यिशै
16469	▁लंगर
16470	▁सिलसिला
16471	▁सूक्ष्म
16472	▁हलके
16473	cha
16474	des
16475	immed
16476	lay
16477	कू
16478	ाकि
16479	ीना
16480	ॆस
16481	▁46.
16482	▁Bashan
16483	▁Extract
16484	▁Jezreel
16485	▁Pu
16486	▁Reach
16487	▁Restore
16488	▁Simulation
16489	▁YOUR
16490	▁accordingly
16491	▁algorithm
16492	▁chemical
16493	▁combination
16494	▁comp
16495	▁cups
16496	▁dating
16497	▁describing
16498	▁dominant
16499	▁fellowman
16500	▁figs
16501	▁hastened
16502	▁heated
16503	▁mix
16504	▁plunge
16505	▁posts
16506	▁pressing
16507	▁proposed
16508	▁publishing
16509	▁replies
16510	▁splendid
16511	▁sprout
16512	▁styles
16513	▁supplicate
16514	▁thither
16515	▁tropical
16516	▁vowed
16517	▁अर्पण
16518	▁इस्त्राएल
16519	▁कौशल
16520	▁ख़तरनाक
16521	▁घंटी
16522	▁जमें
16523	▁ट्रक
16524	▁डुबा
16525	▁तहस
16526	▁त्रियेक
16527	▁नासरत
16528	▁पहुँचकर
16529	▁पूर्ववर्त
16530	▁पॉप
16531	▁प्रशंसनीय
16532	▁बदचलनी
16533	▁बन्धन
16534	▁मंत्र
16535	▁मनश्
16536	▁मिलाया
16537	▁मिश्रण
16538	▁योजनाएँ
16539	▁रोको
16540	▁लाग
16541	▁लेनेवालों
16542	▁वतन
16543	▁वेश्या
16544	▁समकक्ष
16545	▁सूचनाएँ
16546	▁स्रोतों
16547	▁हड्डी
16548	▁हिटलर
16549	▁होशियार
16550	▁३८
16551	Believe
16552	ENT
16553	Image
16554	Mary
16555	PS
16556	hold
16557	ption
16558	shi
16559	कपटाचारियों
16560	चढ़कर
16561	तान
16562	श्र
16563	ाय
16564	▁105
16565	▁Abner
16566	▁Agrippa
16567	▁Canaanite
16568	▁Connect
16569	▁Database
16570	▁Drag
16571	▁Greatest
16572	▁Important
16573	▁Ke
16574	▁Kindness
16575	▁Reuben
16576	▁Sch
16577	▁alarms
16578	▁arriving
16579	▁arrogantly
16580	▁ascended
16581	▁beard
16582	▁bracelets
16583	▁confounded
16584	▁converse
16585	▁convincing
16586	▁dew
16587	▁distort
16588	▁dozen
16589	▁dragged
16590	▁drown
16591	▁grains
16592	▁grandparents
16593	▁intercessor
16594	▁loins
16595	▁oppressors
16596	▁persuaded
16597	▁presenting
16598	▁quietly
16599	▁races
16600	▁resemble
16601	▁rough
16602	▁saves
16603	▁shopping
16604	▁shoulders
16605	▁skilled
16606	▁subservient
16607	▁suffers
16608	▁undergo
16609	▁whil
16610	▁अपवाद
16611	▁आंधी
16612	▁आउटलुक
16613	▁उखड़
16614	▁उत्सव
16615	▁एर
16616	▁कम्प
16617	▁करेंगें
16618	▁कू
16619	▁खन
16620	▁खिड़की
16621	▁गड़हे
16622	▁छेड़
16623	▁ठहराएगा
16624	▁दब
16625	▁दबावों
16626	▁परंपरा
16627	▁पहचाने
16628	▁पहुँचाएगा
16629	▁पीता
16630	▁बनाये
16631	▁मजबूत
16632	▁शिकारी
16633	49
16634	72
16635	ace
16636	free
16637	gl
16638	rib
16639	करम
16640	ग्रस्त
16641	जाति
16642	फेर
16643	यन
16644	िता
16645	१९१९
16646	▁Arise
16647	▁Beware
16648	▁Big
16649	▁CH
16650	▁Feed
16651	▁Injeel
16652	▁Luther
16653	▁Refresh
16654	▁Regular
16655	▁Sure
16656	▁\\
16657	▁adverse
16658	▁advertising
16659	▁afflictive
16660	▁covetousness
16661	▁entertain
16662	▁graduates
16663	▁hotel
16664	▁intensely
16665	▁pestilence
16666	▁recommends
16667	▁salute
16668	▁spends
16669	▁successor
16670	▁tenderness
16671	▁widget
16672	▁yesterday
16673	▁अनुवादों
16674	▁उत्सुकता
16675	▁गतिविधियों
16676	▁गद्दी
16677	▁ग्रिड
16678	▁चिल्लाकर
16679	▁जू
16680	▁टा
16681	▁टाट
16682	▁डेव
16683	▁दहशत
16684	▁देरी
16685	▁बनिए
16686	▁बेमेल
16687	▁मच
16688	▁मुड़
16689	▁मुस
16690	▁रिबका
16691	▁लोभी
16692	▁सिय्योन
16693	.%
16694	Follow
16695	La
16696	Laughter
16697	Muslims
16698	cumbent
16699	lessness
16700	sta
16701	uri
16702	अन्त
16703	क्शन
16704	चुन
16705	जिन
16706	टि
16707	बु
16708	बुद्धि
16709	बू
16710	ान्चे
16711	▁47.
16712	▁Almost
16713	▁Ann
16714	▁Aquila
16715	▁Area
16716	▁Darius
16717	▁Gar
16718	▁LE
16719	▁Magog
16720	▁Non
16721	▁Purity
16722	▁Single
16723	▁alienated
16724	▁almighty
16725	▁bands
16726	▁breathing
16727	▁certificates
16728	▁claiming
16729	▁competition
16730	▁confessed
16731	▁damaging
16732	▁decides
16733	▁destroys
16734	▁discard
16735	▁disrespect
16736	▁donor
16737	▁follower
16738	▁int
16739	▁lasted
16740	▁lit
16741	▁overlooked
16742	▁penitent
16743	▁predict
16744	▁rams
16745	▁replying
16746	▁rope
16747	▁stronghold
16748	▁stubborn
16749	▁sufferings
16750	▁timezone
16751	▁tyrant
16752	▁verified
16753	▁अमोरा
16754	▁असबाब
16755	▁आड़े
16756	▁उत्सुक
16757	▁ओट
16758	▁कृतघ्न
16759	▁खींचा
16760	▁खौफ
16761	▁गौरव
16762	▁चराई
16763	▁चीख़
16764	▁झिड़क
16765	▁तुम्हार
16766	▁निकास
16767	▁पहिन
16768	▁पैन
16769	▁प्रवृत्ति
16770	▁बीता
16771	▁बेचने
16772	▁बोर्ड
16773	▁मक
16774	▁मोटा
16775	▁योनातान
16776	▁राई
16777	▁लात
16778	▁विलियम
16779	▁वॉ
16780	▁व्य
16781	▁सॆ
16782	▁सोलह
16783	▁हंसी
16784	ena
16785	lock
16786	आदमी
16787	बान
16788	ुम
16789	्ली
16790	▁"{1}"
16791	▁1951
16792	▁1975
16793	▁Already
16794	▁Ana
16795	▁CAN
16796	▁Headers
16797	▁Imitate
16798	▁Researchers
16799	▁bicycle
16800	▁collapse
16801	▁confidential
16802	▁curious
16803	▁despaired
16804	▁endures
16805	▁excited
16806	▁highway
16807	▁leap
16808	▁lightly
16809	▁loaves
16810	▁players
16811	▁prohibit
16812	▁reconciled
16813	▁servers
16814	▁sixty
16815	▁slaying
16816	▁strongest
16817	▁tight
16818	▁tonight
16819	▁tu
16820	▁unprecedented
16821	▁weakened
16822	▁कनानियों
16823	▁काठ
16824	▁कॉफी
16825	▁गुणा
16826	▁झूट
16827	▁टैम्प्लेट
16828	▁तेजी
16829	▁दवाइयाँ
16830	▁दुल्हन
16831	▁निपट
16832	▁पहुँचेगी
16833	▁फ़ाय
16834	▁फ्रांसीसी
16835	▁बाला
16836	▁बूँद
16837	▁मालदार
16838	▁मीठी
16839	▁रुचि
16840	▁शक्तिशाली
16841	▁सितम
16842	99
16843	Fear
16844	HE
16845	TION
16846	board
16847	dding
16848	made
16849	she
16850	through
16851	well
16852	बिहान
16853	मौत
16854	यहूदी
16855	वाहिक
16856	सबकी
16857	सामने
16858	्यो
16859	▁1986
16860	▁1987
16861	▁1997,
16862	▁22]
16863	▁Cl
16864	▁Describe
16865	▁Divinity
16866	▁Highlights
16867	▁III
16868	▁Incoming
16869	▁Preparing
16870	▁Progress
16871	▁Rahab
16872	▁Share
16873	▁Sydney
16874	▁Understandably
16875	▁Uriah
16876	▁].
16877	▁adjusted
16878	▁bacteria
16879	▁basically
16880	▁chambers
16881	▁condemnation
16882	▁conscientious
16883	▁controversy
16884	▁definition
16885	▁dismiss
16886	▁expansion
16887	▁orbit
16888	▁perception
16889	▁pervert
16890	▁polluted
16891	▁recalled
16892	▁recovered
16893	▁regulating
16894	▁schoolmates
16895	▁spacious
16896	▁straw
16897	▁suck
16898	▁suggestion
16899	▁tablets
16900	▁tranquillity
16901	▁unhappy
16902	▁weighty
16903	▁अँधेरे
16904	▁अपवित्र
16905	▁अपवित्रा
16906	▁अयोग्य
16907	▁अरबों
16908	▁अलंग
16909	▁अशांत
16910	▁इंटरव्यू
16911	▁उभार
16912	▁कप्तान
16913	▁कराना
16914	▁क़ो
16915	▁कुंड
16916	▁ख़ाने
16917	▁गदहे
16918	▁टि
16919	▁ठहराओ
16920	▁डांट
16921	▁तराश
16922	▁थका
16923	▁धक्का
16924	▁निर्वा
16925	▁पिया
16926	▁पूर्णता
16927	▁पोर
16928	▁बर्ट
16929	▁भरना
16930	▁भा
16931	▁मार्गदर्शक
16932	▁मिलें
16933	▁याकू
16934	▁शताब्दिय
16935	▁शीलो
16936	▁हैरत
16937	34
16938	Alas
16939	CE
16940	Permissions
16941	St
16942	UN
16943	comp
16944	critical
16945	ern
16946	iCal
16947	ign
16948	mit
16949	pan
16950	pho
16951	sent
16952	आइन्दा
16953	आस
16954	जाकर
16955	जि
16956	नेस
16957	फी
16958	मख्वाह
16959	मृत्यु
16960	लों
16961	हारुन
16962	▁43.
16963	▁77
16964	▁Actions
16965	▁Angels
16966	▁Antarctica
16967	▁Canadian
16968	▁Christlike
16969	▁Currently
16970	▁Drama
16971	▁Emperor
16972	▁Northern
16973	▁Ourselves
16974	▁Pe
16975	▁Portugal
16976	▁Spell
16977	▁adversary
16978	▁assumed
16979	▁bath
16980	▁cheerful
16981	▁chores
16982	▁earns
16983	▁emigrated
16984	▁europ
16985	▁fiction
16986	▁filename
16987	▁hospitable
16988	▁infants
16989	▁lifesaving
16990	▁lunch
16991	▁manslayer
16992	▁operate
16993	▁operating
16994	▁perpetual
16995	▁positively
16996	▁privacy
16997	▁procedure
16998	▁relied
16999	▁scenes
17000	▁schema
17001	▁sentiments
17002	▁temples
17003	▁texture
17004	▁therapy
17005	▁undo
17006	▁wayfarer
17007	▁आभार
17008	▁आलोचना
17009	▁इसलाह
17010	▁उजरत
17011	▁एटलांटिक
17012	▁कनानी
17013	▁कॆ
17014	▁खटक
17015	▁चीर
17016	▁छुआ
17017	▁ज़रूरतमंद
17018	▁जेब
17019	▁डराना
17020	▁ढाया
17021	▁तकिया
17022	▁तिजारत
17023	▁नाइंसाफी
17024	▁पश्चात्
17025	▁प्याले
17026	▁फैलाते
17027	▁बचानेवाला
17028	▁बचेगा
17029	▁मेट
17030	▁रब्बी
17031	▁लोकप्रिय
17032	▁वर्जित
17033	▁विस्फोट
17034	▁वेग
17035	▁व्हेल
17036	▁सन्तुष्ट
17037	▁सिपाहियों
17038	▁सुपर
17039	▁स्मार्ट
17040	▁होटल
17041	▁िलए
17042	▁३९
17043	1,44,000
17044	59
17045	IANS
17046	ada
17047	believers
17048	test
17049	val
17050	अफसोस
17051	अहल
17052	आसमानी
17053	इसमें
17054	कानाफूसी
17055	ख़बरदार
17056	तबलीग़
17057	त्स
17058	नेअमत
17059	फक़त
17060	भरे
17061	रहित
17062	सात
17063	स्प
17064	़िरत
17065	़ीदा
17066	ैम
17067	▁180
17068	▁Access
17069	▁Age
17070	▁Anointed
17071	▁Azariah
17072	▁Block
17073	▁Breakpoint
17074	▁Die
17075	▁Eternal
17076	▁GL
17077	▁Hajj
17078	▁Manual
17079	▁Mine
17080	▁RS
17081	▁VI
17082	▁Ze
17083	▁ambush
17084	▁befriend
17085	▁beggar
17086	▁chi
17087	▁computers
17088	▁cook
17089	▁definite
17090	▁dire
17091	▁dispersed
17092	▁drought
17093	▁earlie
17094	▁evangelizing
17095	▁extravagant
17096	▁habitations
17097	▁intellect
17098	▁merchant
17099	▁promptly
17100	▁prospective
17101	▁relat
17102	▁requital
17103	▁rings
17104	▁rushing
17105	▁temporarily
17106	▁tooltip
17107	▁withheld
17108	▁आरेख
17109	▁इन्स
17110	▁ऑख
17111	▁कूशी
17112	▁ख़ुश्क
17113	▁गन्दे
17114	▁गिरफ़्तार
17115	▁जाये
17116	▁डाय
17117	▁तिरस्कार
17118	▁दादी
17119	▁दीपक
17120	▁निकम्मा
17121	▁नेअमतें
17122	▁परिणामों
17123	▁परिस्थितियाँ
17124	▁पोलैंड
17125	▁प्रयोजन
17126	▁प्रायश्चित्त
17127	▁फरज़न्द
17128	▁फ़रमाएगा
17129	▁फ़र्क
17130	▁बसी
17131	▁बाहमी
17132	▁बुलवा
17133	▁भारतीय
17134	▁माथे
17135	▁मुद्दा
17136	▁मेढ़े
17137	▁रस्म
17138	▁रूकू
17139	▁लग़ो
17140	▁लाएँगें
17141	▁शरणस्थान
17142	▁शरीयत
17143	▁स्वचलित
17144	▁हम्दो
17145	▁हिब्रू
17146	▁हुईहै
17147	▁हॅस
17148	▁१९९०
17149	▁१९९४
17150	95
17151	Lo
17152	ically
17153	life
17154	netheless
17155	nor
17156	ou
17157	च्छ
17158	टल
17159	थे
17160	धूप
17161	ाएगा
17162	्का
17163	▁67
17164	▁??????
17165	▁Accounts
17166	▁Conventions
17167	▁Friends
17168	▁Kaiju
17169	▁Loyalty
17170	▁MERC
17171	▁Menu
17172	▁Research
17173	▁Seven
17174	▁TARS
17175	▁accusation
17176	▁administer
17177	▁alcoholic
17178	▁cleave
17179	▁compressed
17180	▁conference
17181	▁coping
17182	▁disappeared
17183	▁discourage
17184	▁disputing
17185	▁empowered
17186	▁gl
17187	▁gradient
17188	▁infancy
17189	▁lad
17190	▁liquid
17191	▁muster
17192	▁poison
17193	▁reclining
17194	▁sheet
17195	▁sinning
17196	▁steward
17197	▁thunderbolt
17198	▁tolerate
17199	▁tough
17200	▁whereat
17201	▁अजर्याह
17202	▁आफ़ताब
17203	▁ऑफ़
17204	▁कुरनेलियुस
17205	▁खालें
17206	▁गिबोन
17207	▁चिंताएँ
17208	▁जंगलों
17209	▁ज़हर
17210	▁ड्रैगन
17211	▁दवाओं
17212	▁धर्मत्याग
17213	▁नहरे
17214	▁निपुण
17215	▁पर्ब्ब
17216	▁पाय
17217	▁प्रशासक
17218	▁बकरियां
17219	▁बढ़ाई
17220	▁बुढ़ापा
17221	▁बेजान
17222	▁भूखा
17223	▁मृतकों
17224	▁यहोयादा
17225	▁रहूबियाम
17226	▁लाचार
17227	▁लूँ
17228	▁वाकय
17229	▁शौक
17230	▁संदेशवाहक
17231	▁सितारे
17232	▁हिजकिय्याह
17233	▁हेडर
17234	48
17235	9:
17236	Lot
17237	asia
17238	desktop
17239	such
17240	view
17241	खुद
17242	चैन
17243	ड़ता
17244	फ़े
17245	बुराई
17246	हिक
17247	ाइड
17248	▁1999,
17249	▁Certain
17250	▁Doom
17251	▁Eyes
17252	▁Facebook
17253	▁Inbox
17254	▁THAT
17255	▁blew
17256	▁cheer
17257	▁cherished
17258	▁commander
17259	▁cradle
17260	▁drives
17261	▁fetters
17262	▁financially
17263	▁hurl
17264	▁mill
17265	▁noon
17266	▁performance
17267	▁rates
17268	▁vigilant
17269	▁youngest
17270	▁अल्फा
17271	▁इनसान
17272	▁कड़वाहट
17273	▁कार्यशील
17274	▁गीतों
17275	▁ग्राफ
17276	▁चूर्ण
17277	▁चौड़ा
17278	▁चौड़ी
17279	▁जकड़
17280	▁जन्मा
17281	▁ज़ुल्मों
17282	▁टूटी
17283	▁तूफ़ान
17284	▁दहिनी
17285	▁नासमझ
17286	▁नित
17287	▁पत्नि
17288	▁पहनते
17289	▁फॉर्मेट
17290	▁फोलो
17291	▁बहकाया
17292	▁बहाए
17293	▁मगिदोन
17294	▁मोह
17295	▁मौखिक
17296	▁रूख़
17297	▁रेख
17298	▁वरीयता
17299	▁सर्व
17300	▁सिंगार
17301	08
17302	EST
17303	Glory
17304	Object
17305	config
17306	ieth
17307	kind
17308	opposing
17309	ular
17310	अफ़सोस
17311	चिह्न
17312	तावान
17313	सत
17314	ियस
17315	ीज़
17316	्क
17317	▁1980
17318	▁48.
17319	▁Barak
17320	▁Content
17321	▁Few
17322	▁Fog
17323	▁Include
17324	▁Jabber
17325	▁Receive
17326	▁Syrian
17327	▁Ti
17328	▁Wi
17329	▁abiders
17330	▁authorized
17331	▁blasphemy
17332	▁bondman
17333	▁comparable
17334	▁condemns
17335	▁conversion
17336	▁cooking
17337	▁diminish
17338	▁encamped
17339	▁entrust
17340	▁groaning
17341	▁inexperienced
17342	▁ju
17343	▁nakedness
17344	▁obliged
17345	▁packed
17346	▁prayerfully
17347	▁reactions
17348	▁rejects
17349	▁seeth
17350	▁shekels
17351	▁shocked
17352	▁smart
17353	▁tenderly
17354	▁towers
17355	▁worshiper
17356	▁अठारह
17357	▁अदब
17358	▁अनेकों
17359	▁अलविदा
17360	▁इम
17361	▁उड़ने
17362	▁उपमा
17363	▁ओपन
17364	▁कापी
17365	▁कृपालु
17366	▁ड्रामा
17367	▁ढल
17368	▁तंबाकू
17369	▁तेरह
17370	▁दूना
17371	▁नहस
17372	▁नैतिकता
17373	▁पकड़ता
17374	▁पतन
17375	▁बढ
17376	▁बढ़ाए
17377	▁बन्दीगृह
17378	▁बहुभुज
17379	▁बालू
17380	▁माँगना
17381	▁वंशावली
17382	▁वार्षिक
17383	▁वीणा
17384	▁शुक्रवार
17385	▁समझाना
17386	▁सुस्पष्ट
17387	▁स्कीमा
17388	▁हम्म
17389	▁हानिकर
17390	▁१००
17391	RW
17392	date
17393	del
17394	drop
17395	last
17396	mark
17397	प्रतिज्ञाओं
17398	बाज़
17399	बुरे
17400	ब्ब
17401	स्की
17402	स्वाद
17403	▁02110-1301
17404	▁Asian
17405	▁Fe
17406	▁Humility
17407	▁Importing
17408	▁abused
17409	▁airport
17410	▁civilization
17411	▁corpse
17412	▁divert
17413	▁expound
17414	▁ignoring
17415	▁iniquities
17416	▁journeyed
17417	▁lowliness
17418	▁pleaded
17419	▁posterity
17420	▁protest
17421	▁rebuild
17422	▁reliance
17423	▁reluctant
17424	▁selecting
17425	▁shortages
17426	▁siege
17427	▁sp
17428	▁stays
17429	▁tape
17430	▁throat
17431	▁travelled
17432	▁turneth
17433	▁vivid
17434	▁withstand
17435	▁zero
17436	▁अंदाज़
17437	▁अनुरोध
17438	▁अब्नेर
17439	▁आयते
17440	▁आर्
17441	▁उमड़
17442	▁कस्टम
17443	▁क्यू
17444	▁चोख
17445	▁छुड़ाए
17446	▁झुकाव
17447	▁ठहराकर
17448	▁धोने
17449	▁पीकर
17450	▁पुनःस्थापित
17451	▁प्रदत्त
17452	▁प्रायः
17453	▁फँसा
17454	▁फ्री
17455	▁बहने
17456	▁माहिर
17457	▁मूढ़
17458	▁मेलबॉक्स
17459	▁रेशमी
17460	▁लॉगइन
17461	▁विधान
17462	▁शर्मिंदा
17463	▁सांप
17464	▁सूर्यास्त
17465	Applause
17466	Ma
17467	Nay
17468	command
17469	dev
17470	etween
17471	ric
17472	uring
17473	ंश
17474	क्ल
17475	तु
17476	वै
17477	ेम
17478	▁98
17479	▁ALL
17480	▁Balaam
17481	▁Birthday
17482	▁Manage
17483	▁Sha
17484	▁Shiloh
17485	▁advocate
17486	▁appreciates
17487	▁convictions
17488	▁craving
17489	▁derived
17490	▁doubtless
17491	▁drunken
17492	▁enlightenment
17493	▁executing
17494	▁figuratively
17495	▁focusing
17496	▁gladness
17497	▁greetings
17498	▁indicator
17499	▁instant
17500	▁instantly
17501	▁introduction
17502	▁jump
17503	▁lament
17504	▁luck
17505	▁patron
17506	▁plagued
17507	▁recognizing
17508	▁restraint
17509	▁shouted
17510	▁shrink
17511	▁submitting
17512	▁transfusion
17513	▁zakat
17514	▁अद्भुत
17515	▁अपनाए
17516	▁अभिप्राय
17517	▁आहाज
17518	▁कोरियाई
17519	▁जगमगा
17520	▁टेढ़ी
17521	▁ट्रेस
17522	▁डायबिटीज़
17523	▁नफ़रत
17524	▁पंक्तिबद्ध
17525	▁परामर्श
17526	▁पार्ट
17527	▁फिलि
17528	▁बचता
17529	▁बिरादरी
17530	▁बिशप
17531	▁मुखियापन
17532	▁राशि
17533	▁वनस्पति
17534	▁शुमार
17535	▁शैतानी
17536	▁शॉ
17537	▁सामान्यतः
17538	▁सिखाई
17539	About
17540	Build
17541	Many
17542	OP
17543	Thus
17544	Whatever
17545	acy
17546	add
17547	ates
17548	born
17549	give
17550	hand
17551	mac
17552	nia
17553	rag
17554	spain
17555	tta
17556	tter
17557	बातें
17558	र्ब
17559	हिन
17560	ॆर
17561	ेंगी
17562	१९
17563	▁112
17564	▁CASE
17565	▁Cast
17566	▁Clutter
17567	▁Deep
17568	▁Diagram
17569	▁Elias
17570	▁Function
17571	▁Min
17572	▁Mountain
17573	▁Success
17574	▁Unit
17575	▁beating
17576	▁bend
17577	▁coins
17578	▁contacted
17579	▁contemporaries
17580	▁correspond
17581	▁creed
17582	▁crew
17583	▁dancing
17584	▁delights
17585	▁dense
17586	▁diff
17587	▁dignified
17588	▁emerge
17589	▁enjoys
17590	▁flaming
17591	▁hellfire
17592	▁inmenu
17593	▁inscription
17594	▁intervention
17595	▁knife
17596	▁le
17597	▁materialism
17598	▁needle
17599	▁outcast
17600	▁park
17601	▁planets
17602	▁rearing
17603	▁revolt
17604	▁sanctification
17605	▁spreads
17606	▁tales
17607	▁twisted
17608	▁unfair
17609	▁आख़री
17610	▁कड़े
17611	▁क़ैदी
17612	▁कुण्ड
17613	▁चश्मा
17614	▁जताते
17615	▁जलते
17616	▁टो
17617	▁ठुकराने
17618	▁ढूँढ
17619	▁तजुरबे
17620	▁थरथरा
17621	▁दरजा
17622	▁परेशानियों
17623	▁पैराग्राफ
17624	▁फिट
17625	▁बरबादी
17626	▁बाइबलीय
17627	▁मजदूरी
17628	▁मुठभेड़
17629	▁याचना
17630	▁रेल
17631	▁लूँगा
17632	▁लौंडिय
17633	▁संघटन
17634	▁सकतीं
17635	▁सॉफ्टवेयर
17636	Apply
17637	Con
17638	Of
17639	Truly
17640	ala
17641	dir
17642	ino
17643	rad
17644	rod
17645	rum
17646	पात
17647	पाप
17648	भजन
17649	यल
17650	स्ट्र
17651	ीकृत
17652	ॉल
17653	६
17654	▁1974
17655	▁85
17656	▁Angle
17657	▁Convention
17658	▁Dark
17659	▁Pharisee
17660	▁Scott
17661	▁Symbol
17662	▁Whereas
17663	▁boastful
17664	▁climax
17665	▁commanding
17666	▁container
17667	▁counting
17668	▁crystal
17669	▁fade
17670	▁fetch
17671	▁hollow
17672	▁liken
17673	▁mosques
17674	▁organize
17675	▁quake
17676	▁remit
17677	▁removes
17678	▁reverse
17679	▁rural
17680	▁shocking
17681	▁skillful
17682	▁stature
17683	▁thankfulness
17684	▁threshold
17685	▁trapped
17686	▁अम
17687	▁अहात
17688	▁आदरणीय
17689	▁आयरलैंड
17690	▁उद्योग
17691	▁कविता
17692	▁क़ब्ज़े
17693	▁कारीगरी
17694	▁कार्यक्रमों
17695	▁कुढ़
17696	▁छिपकर
17697	▁जुलत
17698	▁जोड़ेगा
17699	▁झुकी
17700	▁टेढ़
17701	▁दायित्व
17702	▁दिखलाओ
17703	▁दीर्घा
17704	▁नाग
17705	▁निकटता
17706	▁पहुँचेगा
17707	▁पुर्तगाल
17708	▁प्रचलित
17709	▁प्रां
17710	▁फिरें
17711	▁फे
17712	▁बेहोश
17713	▁बोता
17714	▁बौछार
17715	▁मिलन
17716	▁यानि
17717	▁रोष
17718	▁शै
17719	▁शॉन
17720	▁संदूक
17721	▁स्निपेट
17722	$
17723	Out
17724	beneficent
17725	fold
17726	holy
17727	ily
17728	ject
17729	lac
17730	number
17731	pher
17732	took
17733	tree
17734	अन्य
17735	पै
17736	मेर
17737	याह
17738	लिंग
17739	वजह
17740	शहर
17741	सों
17742	ूआ
17743	ैल
17744	्याह
17745	▁1948
17746	▁Ai
17747	▁Blank
17748	▁Blu
17749	▁Cursor
17750	▁Di
17751	▁Join
17752	▁Layout
17753	▁Match
17754	▁Mediterranean
17755	▁Recompense
17756	▁Tyndale
17757	▁Whole
17758	▁administrator
17759	▁admonishes
17760	▁advances
17761	▁affluent
17762	▁broadcast
17763	▁cat
17764	▁descends
17765	▁discerned
17766	▁disloyal
17767	▁horrible
17768	▁incurred
17769	▁interpret
17770	▁intimacy
17771	▁joys
17772	▁nowhere
17773	▁parameter
17774	▁purple
17775	▁realities
17776	▁refusal
17777	▁singers
17778	▁steel
17779	▁strove
17780	▁thorn
17781	▁tryst
17782	▁unlikely
17783	▁violently
17784	▁willeth
17785	▁अंत्येष्टि
17786	▁अस्वीकृत
17787	▁आँखे
17788	▁आत्माओं
17789	▁एकिगा
17790	▁एज
17791	▁काटे
17792	▁घरेलू
17793	▁चुको
17794	▁जन्नतवाले
17795	▁झ
17796	▁डींग
17797	▁दर्शाती
17798	▁दिलायी
17799	▁पत्थरवाह
17800	▁परदेशियों
17801	▁पानेवाले
17802	▁पायनियरिंग
17803	▁प्रथा
17804	▁बगीचे
17805	▁बलात्कार
17806	▁ब्यौरे
17807	▁ब्लॉक
17808	▁भागते
17809	▁मछुवाही
17810	▁मुद्रण
17811	▁रात्रि
17812	▁राहेल
17813	▁विरक्त
17814	▁शकेम
17815	▁संयुक्त
17816	▁सिपाही
17817	○
17818	%1
17819	9660
17820	Put
17821	ability
17822	ayb
17823	ency
17824	far
17825	five
17826	nie
17827	od
17828	ola
17829	sa
17830	ters
17831	yl
17832	अनन्त
17833	कन
17834	ट्र
17835	ड़ों
17836	निस्संदेह
17837	फौरन
17838	सेट
17839	्टन
17840	▁2015
17841	▁Abimelech
17842	▁Alexandria
17843	▁Communist
17844	▁Gold
17845	▁Preaching
17846	▁Publications
17847	▁Reckoning
17848	▁Susan
17849	▁Waiting
17850	▁Zealand
17851	▁absorb
17852	▁alternation
17853	▁cha
17854	▁clarify
17855	▁configured
17856	▁defines
17857	▁displeasing
17858	▁drift
17859	▁evenings
17860	▁flies
17861	▁foreigner
17862	▁infidelity
17863	▁inquired
17864	▁leper
17865	▁obstinate
17866	▁recount
17867	▁reminding
17868	▁stores
17869	▁surgeon
17870	▁toil
17871	▁tormented
17872	▁trembling
17873	▁wayward
17874	▁worn
17875	▁अंगीक
17876	▁अग्रसर
17877	▁इरादों
17878	▁उज्ज्वल
17879	▁खम्भों
17880	▁खानदान
17881	▁खोलता
17882	▁घनिष्ठ
17883	▁चुनकर
17884	▁छिड़
17885	▁जकड़े
17886	▁जहाज़ों
17887	▁जीएँ
17888	▁ठंड
17889	▁ठट्ठ
17890	▁थम
17891	▁द्रोह
17892	▁धम
17893	▁नील
17894	▁पत्नियाँ
17895	▁प्रदेश
17896	▁बँधा
17897	▁बंदी
17898	▁बलवान
17899	▁मग्न
17900	▁मर्यादाहीन
17901	▁रेत
17902	▁लड़ाइयों
17903	▁लापरवाही
17904	▁लॉन्च
17905	▁वध
17906	▁शूरवीर
17907	▁सूचीबद्ध
17908	▁स्पैनिश
17909	▁स्मृति
17910	▁हुकुम
17911	▁१९९३
17912	6,000
17913	ache
17914	ect
17915	ker
17916	lam
17917	oli
17918	self
17919	take
17920	इसलिये
17921	ईश्
17922	कियाँ
17923	पाक
17924	मू
17925	संदेश
17926	सिन
17927	स्त्र
17928	िग
17929	ेक
17930	▁Amorites
17931	▁Andy
17932	▁Character
17933	▁Define
17934	▁Double
17935	▁Encoding
17936	▁Forget
17937	▁Jer
17938	▁Josephus
17939	▁Sc
17940	▁Similar
17941	▁Terminal
17942	▁Turkish
17943	▁Yearbook
17944	▁aggressive
17945	▁auxiliary
17946	▁befit
17947	▁cash
17948	▁continuous
17949	▁drivers
17950	▁enabl
17951	▁exhibit
17952	▁mixture
17953	▁monks
17954	▁morals
17955	▁offend
17956	▁personalities
17957	▁preserving
17958	▁puffed
17959	▁respectfully
17960	▁sackcloth
17961	▁strives
17962	▁titles
17963	▁traces
17964	▁wooden
17965	▁अनुमोदन
17966	▁अवतार
17967	▁उतारकर
17968	▁एक्सएमएल
17969	▁एरिक
17970	▁करूब
17971	▁क्रिस
17972	▁क्रूरता
17973	▁गिरजा
17974	▁गूँगे
17975	▁चर्यकर्म
17976	▁चा
17977	▁जरुर
17978	▁ज़ि
17979	▁टूटा
17980	▁ढाए
17981	▁धूर्त
17982	▁नवाज़ी
17983	▁पंक्तियाँ
17984	▁पतली
17985	▁पेशा
17986	▁प्री
17987	▁फटी
17988	▁फ़रेब
17989	▁फ़सल
17990	▁फ्राँस
17991	▁बहाया
17992	▁बेवकूफ
17993	▁मस्जिदे
17994	▁मान्य
17995	▁मिटाएं
17996	▁युगान
17997	▁विश्वसनीय
17998	▁व्यभिचारी
17999	▁शापित
18000	▁संबंधों
18001	▁सताते
18002	▁सौतेले
18003	Tafsir
18004	Throw
18005	become
18006	click
18007	enter
18008	tis
18009	आया
18010	धन्य
18011	पार
18012	मुसीबत
18013	शुभ
18014	ान्वित
18015	ीं
18016	ॉस
18017	ोत
18018	▁Asher
18019	▁Final
18020	▁Large
18021	▁NOT
18022	▁Provide
18023	▁Studies
18024	▁Visible
18025	▁ambition
18026	▁attentive
18027	▁clock
18028	▁components
18029	▁constitute
18030	▁corners
18031	▁gallery
18032	▁horizontal
18033	▁instill
18034	▁intervene
18035	▁involvement
18036	▁longtime
18037	▁marking
18038	▁mood
18039	▁proceeding
18040	▁recognise
18041	▁reprove
18042	▁rust
18043	▁stra
18044	▁straying
18045	▁tie
18046	▁transportation
18047	▁trend
18048	▁trumpets
18049	▁अनुपलब्ध
18050	▁असुरक्षित
18051	▁उकसाती
18052	▁उत्साही
18053	▁उद्धरण
18054	▁ऊ
18055	▁ऑर्थोडॉक्स
18056	▁कत्ल
18057	▁कोशिशें
18058	▁गूढ़
18059	▁चिड़िया
18060	▁टेढ़ा
18061	▁ट्र
18062	▁डालिए
18063	▁तरकीब
18064	▁तराज़ू
18065	▁तुल्यकालन
18066	▁निष्कलंक
18067	▁पश्चिमी
18068	▁पीढ़िय
18069	▁प्रतिबिम्ब
18070	▁प्रिंट
18071	▁बिलाम
18072	▁भरता
18073	▁भीत
18074	▁मक़
18075	▁मक्के
18076	▁मूर्खों
18077	▁रत्न
18078	▁रौंद
18079	▁लिखती
18080	▁लौटाया
18081	▁शेख़ी
18082	▁सड़
18083	▁समतल
18084	▁स्पेस
18085	▁हवाएँ
18086	▁हिक
18087	005
18088	2001
18089	300
18090	MP
18091	TP
18092	ara
18093	avi
18094	berg
18095	cus
18096	fo
18097	iel
18098	jo
18099	अखमीरी
18100	एक्स
18101	एफ
18102	कश
18103	दू
18104	पेर
18105	बढ़
18106	मोन
18107	रिस
18108	रीस
18109	लिखा
18110	़िब
18111	ाऊं
18112	्मा
18113	▁7,000
18114	▁Construct
18115	▁Firm
18116	▁Kar
18117	▁LIFE
18118	▁Prayers
18119	▁Query
18120	▁Sadducees
18121	▁Ser
18122	▁Speed
18123	▁Temple
18124	▁Tokyo
18125	▁Unique
18126	▁Usage
18127	▁accomplishing
18128	▁amusement
18129	▁anchor
18130	▁banquet
18131	▁bridegroom
18132	▁colored
18133	▁defy
18134	▁epidemic
18135	▁excel
18136	▁exhorts
18137	▁exposure
18138	▁genuinely
18139	▁imported
18140	▁jail
18141	▁kindle
18142	▁ninth
18143	▁perverted
18144	▁priceless
18145	▁reckoned
18146	▁recovery
18147	▁reporting
18148	▁singleness
18149	▁somebody
18150	▁splendor
18151	▁stubble
18152	▁supportive
18153	▁violated
18154	▁warrant
18155	▁withered
18156	▁youngsters
18157	▁अपार
18158	▁अरामी
18159	▁अवशेष
18160	▁आमदनी
18161	▁उड़ाई
18162	▁उतारते
18163	▁एफ़
18164	▁कांप
18165	▁कुम्हार
18166	▁केन्या
18167	▁खोया
18168	▁चलाई
18169	▁चुनता
18170	▁छापने
18171	▁छिपने
18172	▁जासूस
18173	▁जीवधारी
18174	▁टिड्डिय
18175	▁ठहरना
18176	▁तोड़े
18177	▁दिखती
18178	▁धरे
18179	▁नदियाँ
18180	▁पिलाने
18181	▁पीटा
18182	▁पैरिस
18183	▁प्रलय
18184	▁फैलता
18185	▁बढ़ाएगा
18186	▁बेपरवाह
18187	▁ब्रेकपाइंट
18188	▁मनाना
18189	▁रदरफर्ड
18190	▁लगाइए
18191	▁वरीयताएँ
18192	▁विंडोज़
18193	▁सू
18194	▁सूखे
18195	▁स्तिफनुस
18196	▁हमलों
18197	)!"
18198	Him
18199	Some
18200	ack
18201	cho
18202	dmittedly
18203	doc
18204	ivity
18205	ole
18206	tric
18207	uz
18208	where
18209	कैलेंडर
18210	छोटे
18211	डल
18212	पति
18213	फ्ता
18214	बस्त
18215	रास्ता
18216	ल्ट
18217	सम
18218	हालाँकि
18219	▁${
18220	▁1971
18221	▁700
18222	▁Attention
18223	▁Carol
18224	▁Finding
18225	▁Ghost
18226	▁Item
18227	▁Lead
18228	▁Madyan
18229	▁Microsoft
18230	▁admire
18231	▁automatic
18232	▁compulsion
18233	▁defile
18234	▁doer
18235	▁employ
18236	▁entity
18237	▁foul
18238	▁fraud
18239	▁hastily
18240	▁hides
18241	▁invoked
18242	▁keenly
18243	▁keyboard
18244	▁murmuring
18245	▁perseverance
18246	▁plains
18247	▁posed
18248	▁punishes
18249	▁random
18250	▁rape
18251	▁relevant
18252	▁renounce
18253	▁robes
18254	▁sanctity
18255	▁seldom
18256	▁shortcomings
18257	▁soundness
18258	▁spies
18259	▁storage
18260	▁surprisingly
18261	▁terrorist
18262	▁अभिलिखित
18263	▁अर्थपूर्ण
18264	▁उड़ते
18265	▁उम्मीदें
18266	▁एलीहू
18267	▁एल्
18268	▁एहसानमंदी
18269	▁कन्या
18270	▁कमजोर
18271	▁क्रैश
18272	▁गुरुओं
18273	▁गोग
18274	▁घुसे
18275	▁ताना
18276	▁तालमेल
18277	▁नौब
18278	▁बढ़ेगा
18279	▁बाँधी
18280	▁बाशान
18281	▁भूलें
18282	▁मधुर
18283	▁मेजबान
18284	▁मेनू
18285	▁मैप
18286	▁विभव
18287	▁श्वेत
18288	▁संहिता
18289	▁साइड
18290	▁साज़िश
18291	▁सैम
18292	▁स्क
18293	▁४३
18294	ept
18295	erto
18296	gnome
18297	none
18298	oh
18299	orial
18300	ral
18301	ख़ुश
18302	जगत
18303	ज़िन्दा
18304	तेरी
18305	पस
18306	माले
18307	विक
18308	सरज़मीन
18309	िफ
18310	ोल
18311	▁127
18312	▁133
18313	▁1985
18314	▁Ctrl
18315	▁Eleazar
18316	▁JavaScript
18317	▁Jehoash
18318	▁Permission
18319	▁Printing
18320	▁Repeat
18321	▁Repository
18322	▁Youths
18323	▁abortion
18324	▁aids
18325	▁allegiance
18326	▁aunts
18327	▁beds
18328	▁bill
18329	▁brook
18330	▁committee
18331	▁dependent
18332	▁designs
18333	▁digest
18334	▁emotion
18335	▁firsthand
18336	▁forming
18337	▁heareth
18338	▁hopeless
18339	▁hung
18340	▁imitators
18341	▁ordain
18342	▁pet
18343	▁psalms
18344	▁ratio
18345	▁regrets
18346	▁reinforce
18347	▁revolution
18348	▁ripe
18349	▁ritual
18350	▁secondary
18351	▁strain
18352	▁thanked
18353	▁wondering
18354	▁अद्वितीय
18355	▁अमान्य
18356	▁उछल
18357	▁कंगालों
18358	▁कहूं
18359	▁किराए
18360	▁खोने
18361	▁गहिर
18362	▁गुल
18363	▁चमत्कारिक
18364	▁चिढ़
18365	▁जंक
18366	▁पुर
18367	▁पौ
18368	▁बाज़ी
18369	▁बिछौन
18370	▁बेचैन
18371	▁बेताब
18372	▁बैग
18373	▁मसला
18374	▁मेम्ना
18375	▁मौन
18376	▁यूनिकोड
18377	▁लघु
18378	▁लड़ा
18379	▁लॉ
18380	▁वक्र
18381	▁शरीक़
18382	▁शॉर्टकट
18383	▁संपीडित
18384	▁संसूचक
18385	▁सजावट
18386	▁साज़
18387	▁सुखद
18388	▁होंठ
18389	▁१९९१
18390	31
18391	according
18392	ati
18393	direct
18394	hai
18395	hood
18396	liness
18397	mention
18398	nah
18399	ood
18400	एहकाम
18401	कठिन
18402	कम्बख्त
18403	क़त
18404	काफिरों
18405	ज़र
18406	नसरानी
18407	नाफरमानी
18408	फरिश्ता
18409	बला
18410	बावजूद
18411	मिनान
18412	यायद
18413	रोज़
18414	रोपण
18415	वसवसा
18416	शौक़
18417	हिदायत
18418	ुझाई
18419	ॉट
18420	▁(5)
18421	▁1/2
18422	▁Basic
18423	▁Benefit
18424	▁Determine
18425	▁Grant
18426	▁Green
18427	▁Icons
18428	▁Letter
18429	▁Made
18430	▁Palestine
18431	▁Park
18432	▁Receiving
18433	▁Required
18434	▁Taste
18435	▁Valid
18436	▁abased
18437	▁animation
18438	▁anybody
18439	▁barred
18440	▁cedar
18441	▁complained
18442	▁customary
18443	▁defer
18444	▁diagnosed
18445	▁dinner
18446	▁discharge
18447	▁exceptional
18448	▁flourish
18449	▁kde
18450	▁laughed
18451	▁leaven
18452	▁migrate
18453	▁patterns
18454	▁perdition
18455	▁praiseworthy
18456	▁rains
18457	▁reckon
18458	▁stomach
18459	▁timber
18460	▁unavailable
18461	▁variable
18462	▁warranty
18463	▁अंडे
18464	▁असावधान
18465	▁अस्सी
18466	▁अा
18467	▁आसाइश
18468	▁ईजाद
18469	▁उभारे
18470	▁कराते
18471	▁कायल
18472	▁कूवत
18473	▁ख़त
18474	▁खाएंगे
18475	▁खेलना
18476	▁ग़लबा
18477	▁ग़ुरू
18478	▁गांवों
18479	▁ज़लज़ल
18480	▁जिधर
18481	▁जिनों
18482	▁डील
18483	▁ढूँढ़ते
18484	▁ढोंग
18485	▁तस्दीक़
18486	▁त्यों
18487	▁दीवट
18488	▁ध्येय
18489	▁नाशुक्रा
18490	▁पुनर्विचार
18491	▁फुहार
18492	▁बेतरतीब
18493	▁बैक
18494	▁मंडल
18495	▁मदीन
18496	▁मनभावनी
18497	▁मादी
18498	▁मिलाएँ
18499	▁मुअय्य
18500	▁मुख्तलिफ
18501	▁मुन्तख
18502	▁मू
18503	▁मोर
18504	▁रिज़क
18505	▁लालची
18506	▁विपत्तियाँ
18507	▁शरणार्थी
18508	▁शास्त्रवचनों
18509	▁शुबह
18510	▁सरों
18511	▁सहयोगी
18512	▁सिदकिरयाह
18513	▁सुअवसर
18514	▁सुकर्म
18515	▁सेकंड
18516	▁हाजत
18517	---
18518	57
18519	\\\\
18520	ata
18521	mbia
18522	ological
18523	ore
18524	ंप
18525	गुनाह
18526	तीन
18527	बाद
18528	मरान
18529	रेशन
18530	हाई
18531	़मत
18532	ून
18533	▁148
18534	▁96
18535	▁Baptist
18536	▁Bliss
18537	▁Colors
18538	▁Daddy
18539	▁Fax
18540	▁JESUS
18541	▁Ju
18542	▁Marc
18543	▁Media
18544	▁Patch
18545	▁Toronto
18546	▁Van
18547	▁advancing
18548	▁briefly
18549	▁burdensome
18550	▁centers
18551	▁crucify
18552	▁demonstration
18553	▁depict
18554	▁distorted
18555	▁doubted
18556	▁guns
18557	▁injustices
18558	▁ink
18559	▁institutions
18560	▁intolerance
18561	▁killer
18562	▁notable
18563	▁pitch
18564	▁plotting
18565	▁practise
18566	▁prevalent
18567	▁prisons
18568	▁profits
18569	▁progressive
18570	▁prudent
18571	▁reacted
18572	▁redemption
18573	▁regime
18574	▁retaliate
18575	▁ridiculed
18576	▁senseless
18577	▁spider
18578	▁spy
18579	▁stimulate
18580	▁supporter
18581	▁timing
18582	▁tri
18583	▁trunk
18584	▁unthankful
18585	▁uri
18586	▁इल
18587	▁ईंधन
18588	▁उंडेल
18589	▁उद्धारकर्ता
18590	▁कसौट
18591	▁कुलपिता
18592	▁क्लाएंट
18593	▁चीज़ो
18594	▁तत्त्वज्ञान
18595	▁दीने
18596	▁धोए
18597	▁निडरता
18598	▁नुबूवत
18599	▁पहुंची
18600	▁फि
18601	▁बँटा
18602	▁बताई
18603	▁बताऊँ
18604	▁बांस
18605	▁मनी
18606	▁मुतमइन
18607	▁मुनाफ़िक
18608	▁यादें
18609	▁रद
18610	▁लैंग्वेज
18611	▁शस्त्र
18612	▁समझेंगे
18613	▁समायोजित
18614	▁हिफ़ाज
18615	AP
18616	Aware
18617	Christian
18618	Preview
18619	Ra
18620	ani
18621	disbelievers
18622	eclining
18623	ert
18624	ette
18625	rico
18626	sch
18627	supported
18628	जिसके
18629	झे
18630	दास
18631	निकल
18632	बुद्धिमान
18633	ब्र
18634	मटिया
18635	यातना
18636	लोक
18637	शिरयाह
18638	ाइ
18639	ाइज़
18640	ॉक
18641	▁1963
18642	▁AT
18643	▁Bas
18644	▁Deluge
18645	▁Given
18646	▁Hor
18647	▁Integrity
18648	▁Malawi
18649	▁Minister
18650	▁Ohio
18651	▁Pakistan
18652	▁Paulo
18653	▁Problems
18654	▁Revision
18655	▁Secure
18656	▁Undoubtedly
18657	▁aided
18658	▁astonished
18659	▁booty
18660	▁controlling
18661	▁cream
18662	▁debugger
18663	▁defilement
18664	▁descent
18665	▁detest
18666	▁experiment
18667	▁faster
18668	▁housing
18669	▁illicit
18670	▁lawyer
18671	▁luxury
18672	▁medication
18673	▁occupation
18674	▁persuade
18675	▁philosopher
18676	▁proudly
18677	▁purer
18678	▁python
18679	▁reasonably
18680	▁removal
18681	▁spades
18682	▁structures
18683	▁therefor
18684	▁trespasses
18685	▁varied
18686	▁vice
18687	▁wedlock
18688	▁wither
18689	▁अजगर
18690	▁अल्
18691	▁उठाई
18692	▁कोशिकाएँ
18693	▁ख़ज़ाना
18694	▁खुशहाली
18695	▁गाए
18696	▁घूमने
18697	▁चमका
18698	▁छाँटें
18699	▁छुए
18700	▁जत्थे
18701	▁जानिए
18702	▁जीवन्त
18703	▁डिज़ाइन
18704	▁डेवलपर
18705	▁पथराव
18706	▁पुनर्प्राप्त
18707	▁पुस्तकें
18708	▁प्रतियोगिता
18709	▁बाँझ
18710	▁बेबी
18711	▁बोलती
18712	▁भूलिए
18713	▁मन्नत
18714	▁मारथा
18715	▁मुन
18716	▁विन
18717	▁सभ्यता
18718	▁सहेजे
18719	▁सिखाइए
18720	▁स्थापना
18721	▁स्थितियों
18722	▁हस्तक्षेप
18723	slave
18724	sons
18725	ão
18726	आह
18727	काश
18728	जील
18729	त्तर
18730	दायक
18731	रोज़ी
18732	सड़
18733	सल
18734	▁14]
18735	▁1982
18736	▁Bank
18737	▁Based
18738	▁Centuries
18739	▁Cross
18740	▁Mac
18741	▁Medicine
18742	▁Music
18743	▁Samaritans
18744	▁Sweden
18745	▁Till
18746	▁Trace
18747	▁Ukraine
18748	▁amends
18749	▁assisted
18750	▁belt
18751	▁bin
18752	▁bloodshed
18753	▁bribe
18754	▁budget
18755	▁categories
18756	▁cleared
18757	▁consuming
18758	▁contaminated
18759	▁curtain
18760	▁deviate
18761	▁environmental
18762	▁excesses
18763	▁export
18764	▁filtering
18765	▁float
18766	▁grooming
18767	▁libraries
18768	▁lookup
18769	▁motor
18770	▁opponents
18771	▁outworking
18772	▁painting
18773	▁pin
18774	▁pipe
18775	▁procedures
18776	▁realizing
18777	▁reassure
18778	▁refined
18779	▁rehearsed
18780	▁restor
18781	▁revived
18782	▁sojourn
18783	▁stumbled
18784	▁suspicious
18785	▁tip
18786	▁trail
18787	▁unwilling
18788	▁winning
18789	▁अखंड
18790	▁अबीमेलेक
18791	▁आँधी
18792	▁आंखे
18793	▁आभासी
18794	▁उजियाले
18795	▁ऎ
18796	▁ऑब्जेक्ट
18797	▁करवाना
18798	▁गणित
18799	▁चात्
18800	▁चिकित्सक
18801	▁चिड़ी
18802	▁चु
18803	▁तुममे
18804	▁दौड़ा
18805	▁धार
18806	▁नसीब
18807	▁परंपराओं
18808	▁पहरेदार
18809	▁पैटर्न
18810	▁फै
18811	▁बसर
18812	▁बीन
18813	▁मंच
18814	▁मज़
18815	▁मय
18816	▁लड़केबाल
18817	▁लिपट
18818	▁संगठनों
18819	▁संरेखण
18820	▁सम्बन्धी
18821	▁सुलझा
18822	▁सौगन्ध
18823	27
18824	dict
18825	fin
18826	gate
18827	little
18828	message
18829	rian
18830	rn
18831	yahoo
18832	जिन्दा
18833	टूट
18834	निक
18835	पोर्ट
18836	विल
18837	ॆट
18838	▁%2.
18839	▁30]
18840	▁89
18841	▁ARE
18842	▁Amaziah
18843	▁Berlin
18844	▁Blue
18845	▁Categories
18846	▁Contrast
18847	▁Government
18848	▁Prince
18849	▁Wood
18850	▁[2
18851	▁abhor
18852	▁adulthood
18853	▁affirm
18854	▁avenge
18855	▁beseech
18856	▁blows
18857	▁builders
18858	▁converted
18859	▁cows
18860	▁decay
18861	▁demonstrates
18862	▁deprive
18863	▁displeased
18864	▁gpg
18865	▁guest
18866	▁harmonize
18867	▁intently
18868	▁investment
18869	▁legacy
18870	▁meekness
18871	▁melt
18872	▁observation
18873	▁precedent
18874	▁purely
18875	▁resume
18876	▁theft
18877	▁wallet
18878	▁अपूर्ण
18879	▁ईश
18880	▁उगाई
18881	▁उल
18882	▁एकत्रित
18883	▁एकान्त
18884	▁एलागरिथम
18885	▁क़र्ज़
18886	▁कृपण
18887	▁कोशिकाओं
18888	▁क्षति
18889	▁खिसक
18890	▁घुसाएँ
18891	▁चेतावनियाँ
18892	▁छुड़ानेवाला
18893	▁जीए
18894	▁झलकियाँ
18895	▁तक़री
18896	▁तकिए
18897	▁दलीलों
18898	▁दाढ़ी
18899	▁धोकर
18900	▁निकृष्ट
18901	▁न्यायालय
18902	▁पहन
18903	▁पारिभाषित
18904	▁पैक
18905	▁प्यासा
18906	▁फंस
18907	▁बफर
18908	▁बायीं
18909	▁मिस्रियों
18910	▁मैनेजर
18911	▁रिश्ते
18912	▁लूथर
18913	▁विकृत
18914	▁शहद
18915	▁शिविरों
18916	▁सर्वशक्तिमान
18917	▁सलाहकार
18918	▁हलकी
18919	▁हस्ती
18920	✔
18921	37
18922	Blessed
18923	alone
18924	burn
18925	cast
18926	cher
18927	colo
18928	eel
18929	ils
18930	ken
18931	lip
18932	och
18933	oke
18934	ona
18935	post
18936	top
18937	ugh
18938	yo
18939	ऊँ
18940	चूर्ण
18941	नाओं
18942	पु
18943	पुरुष
18944	मिक
18945	यां
18946	▁#1
18947	▁1959
18948	▁Articles
18949	▁Cat
18950	▁Cover
18951	▁Delight
18952	▁Destination
18953	▁Ghana
18954	▁Haran
18955	▁Hindu
18956	▁Issued
18957	▁Ku
18958	▁Length
18959	▁Mc
18960	▁Off
18961	▁Removing
18962	▁Righteousness
18963	▁Seer
18964	▁Shaphan
18965	▁Undo
18966	▁Walking
18967	▁anoint
18968	▁asses
18969	▁blank
18970	▁boasting
18971	▁brasero
18972	▁clusters
18973	▁crack
18974	▁crossing
18975	▁debugging
18976	▁disperse
18977	▁eldest
18978	▁enslaved
18979	▁essence
18980	▁feeble
18981	▁forwarded
18982	▁graduation
18983	▁honors
18984	▁hurry
18985	▁ingrate
18986	▁ingratitude
18987	▁malicious
18988	▁masses
18989	▁midnight
18990	▁nails
18991	▁offic
18992	▁pilot
18993	▁pushed
18994	▁quicken
18995	▁raiment
18996	▁rebuilt
18997	▁recurring
18998	▁rigid
18999	▁sailed
19000	▁screaming
19001	▁straitened
19002	▁suspicion
19003	▁testifies
19004	▁unbaptized
19005	▁vocabulary
19006	▁अज
19007	▁अपठित
19008	▁अपुल्लोस
19009	▁इंसाफ
19010	▁उठाओ
19011	▁गाड़
19012	▁गाड़ियों
19013	▁जत्था
19014	▁ठंडी
19015	▁ठण्ड
19016	▁दीनार
19017	▁देवदार
19018	▁पंक्
19019	▁पहुंचकर
19020	▁पुरखा
19021	▁प्लेयर
19022	▁बचें
19023	▁बियर
19024	▁भाग्यशाली
19025	▁मदयन
19026	▁मिन्
19027	▁यूनानियों
19028	▁रूपी
19029	▁लोहा
19030	▁वृतान्त
19031	▁स्टेडियम
19032	▁४१
19033	▁९१
19034	),-
19035	800
19036	85
19037	Other
19038	Were
19039	ane
19040	cup
19041	first
19042	gifts
19043	razil
19044	rc
19045	rightly
19046	ute
19047	ways
19048	अर्थात
19049	क़रार
19050	ग्राफ
19051	झा
19052	तीत
19053	नरसिंघा
19054	बूझते
19055	वत्
19056	वाना
19057	शास्त्र
19058	सारा
19059	िजात
19060	२०
19061	▁1955
19062	▁2]
19063	▁Alas
19064	▁Ananias
19065	▁Bre
19066	▁Caesarea
19067	▁Channel
19068	▁Euphrates
19069	▁Evince
19070	▁Führer
19071	▁Parent
19072	▁Priscilla
19073	▁Respond
19074	▁Simple
19075	▁Super
19076	▁Vatican
19077	▁Zadok
19078	▁anointing
19079	▁babe
19080	▁caller
19081	▁coupled
19082	▁cruelty
19083	▁debug
19084	▁depending
19085	▁donation
19086	▁dynamic
19087	▁enthroned
19088	▁floods
19089	▁governed
19090	▁governmental
19091	▁harmed
19092	▁heel
19093	▁inappropriate
19094	▁musical
19095	▁odd
19096	▁panel
19097	▁para
19098	▁profession
19099	▁situated
19100	▁sorcerers
19101	▁subdue
19102	▁testimonies
19103	▁undergoing
19104	▁unduly
19105	▁unfailing
19106	▁unworthy
19107	▁urging
19108	▁ya
19109	▁उदासी
19110	▁कप
19111	▁कवर
19112	▁काटा
19113	▁गन्दी
19114	▁घनी
19115	▁चर्चों
19116	▁चिकित्सीय
19117	▁चौड़े
19118	▁जायदाद
19119	▁जावास्क्रिप्ट
19120	▁जोड
19121	▁झूठलाया
19122	▁थो
19123	▁दणडवत
19124	▁दिलाई
19125	▁नव
19126	▁निश्चिन्तता
19127	▁नीले
19128	▁नेतृत्व
19129	▁पहिला
19130	▁पूंजी
19131	▁प्रतीकात्मक
19132	▁प्रयासों
19133	▁प्रवृत्त
19134	▁बँध
19135	▁बटण
19136	▁बेर
19137	▁बोने
19138	▁बोर
19139	▁भूमध्य
19140	▁माइम
19141	▁मुजरिम
19142	▁मैन
19143	▁वायरस
19144	▁सफ़ाई
19145	▁सूझता
19146	▁स्नान
19147	▁हृदयों
19148	ATION
19149	Link
19150	Should
19151	awa
19152	bra
19153	cut
19154	dan
19155	ero
19156	ib
19157	ried
19158	van
19159	ä
19160	खूब
19161	चाल
19162	ज्ञान
19163	ताब
19164	धार
19165	पियो
19166	प्यार
19167	बर्ग
19168	वन्त
19169	वहाँ
19170	▁106
19171	▁Alive
19172	▁Average
19173	▁Brand
19174	▁Commandments
19175	▁Hospital
19176	▁Indu
19177	▁Moon
19178	▁Naphtali
19179	▁Nobody
19180	▁ONE
19181	▁Obedience
19182	▁Overwrite
19183	▁Pictorial
19184	▁Quality
19185	▁Reality
19186	▁Scientists
19187	▁Servant
19188	▁Sync
19189	▁acknowledges
19190	▁automobile
19191	▁awaited
19192	▁bequeathed
19193	▁bulls
19194	▁colour
19195	▁companionship
19196	▁confide
19197	▁contradict
19198	▁copied
19199	▁core
19200	▁delicate
19201	▁falsehoods
19202	▁feareth
19203	▁halt
19204	▁hither
19205	▁inch
19206	▁kinsmen
19207	▁lodge
19208	▁machines
19209	▁malaria
19210	▁maps
19211	▁mar
19212	▁ministered
19213	▁obstacle
19214	▁oceans
19215	▁overthrown
19216	▁pack
19217	▁plots
19218	▁pop
19219	▁precautions
19220	▁precisely
19221	▁rampant
19222	▁repaired
19223	▁rushed
19224	▁scarlet
19225	▁showers
19226	▁solutions
19227	▁spin
19228	▁summon
19229	▁swiftly
19230	▁tags
19231	▁transgresses
19232	▁whisper
19233	▁अंधेरा
19234	▁इंजिन
19235	▁इर्द
19236	▁उठानेवाले
19237	▁उतरने
19238	▁काटते
19239	▁कोडेक्स
19240	▁खूनी
19241	▁गार
19242	▁चिंतित
19243	▁चौदह
19244	▁जूए
19245	▁झपट
19246	▁झुकाए
19247	▁टूटने
19248	▁ठुकराया
19249	▁ढूंढ़ने
19250	▁दमिश्क
19251	▁देखनेवाला
19252	▁नाइजीरिया
19253	▁नागा
19254	▁पठनीय
19255	▁पलक
19256	▁पहेली
19257	▁पृथक
19258	▁फ़िक्र
19259	▁फाल
19260	▁बाराक
19261	▁बेस
19262	▁मंजिल
19263	▁मातम
19264	▁लिखाई
19265	▁वासघाती
19266	▁सादोक
19267	▁सास
19268	▁सुरंग
19269	▁सुहान
19270	▁स्ट्रीम
19271	▁स्पष्टतः
19272	▁हस
19273	▁४७
19274	33
19275	OW
19276	Sufficient
19277	UM
19278	aki
19279	gent
19280	ova
19281	कड़ी
19282	बै
19283	भाइयों
19284	ियाई
19285	ॆं
19286	५००
19287	▁230
19288	▁94
19289	▁99
19290	▁Ages
19291	▁Assyrians
19292	▁Austria
19293	▁Century
19294	▁Descendants
19295	▁Fall
19296	▁Fl
19297	▁Frame
19298	▁Input
19299	▁Jerome
19300	▁Jump
19301	▁Miss
19302	▁Pine
19303	▁Request
19304	▁Tra
19305	▁[3
19306	▁arouse
19307	▁bereaved
19308	▁brush
19309	▁bullock
19310	▁den
19311	▁eliminated
19312	▁fancy
19313	▁foe
19314	▁goodwill
19315	▁hamstr
19316	▁insisted
19317	▁installation
19318	▁laughing
19319	▁longed
19320	▁munificence
19321	▁newsgroup
19322	▁notion
19323	▁observers
19324	▁opposes
19325	▁passover
19326	▁plow
19327	▁potentially
19328	▁promising
19329	▁rebuked
19330	▁recording
19331	▁seals
19332	▁spears
19333	▁stripped
19334	▁throwing
19335	▁tunnel
19336	▁अकेलेपन
19337	▁अभिमानी
19338	▁अमस्याह
19339	▁अवे
19340	▁आयातित
19341	▁आसमानी
19342	▁उठाइए
19343	▁ऐश
19344	▁कायदे
19345	▁कोठरियों
19346	▁कोर्ट
19347	▁घड़े
19348	▁जिम्मेदार
19349	▁ट्रेवर
19350	▁डगमगा
19351	▁दोहराने
19352	▁दौड़ता
19353	▁धुएँ
19354	▁नागरिकों
19355	▁निकालेगा
19356	▁पुनःप्राप्त
19357	▁पूर्वधारणा
19358	▁पौष्टिक
19359	▁प्रबंधित
19360	▁फी
19361	▁बर्तन
19362	▁बोअज़
19363	▁भुजा
19364	▁भेजो
19365	▁भेड़िया
19366	▁यात्रियों
19367	▁रखवाला
19368	▁रस्सियाँ
19369	▁रिलीज़
19370	▁वीर्य
19371	▁शोहरत
19372	▁समाईवाला
19373	▁सर्विस
19374	▁सोचेंगे
19375	▁हरज
19376	▁हा॰
19377	▁हॆ
19378	%2
19379	100
19380	700
19381	David
19382	SV
19383	ador
19384	aim
19385	credits
19386	dia
19387	force
19388	gan
19389	hr
19390	known
19391	pol
19392	rim
19393	ume
19394	आए
19395	एगा
19396	क़तई
19397	दिया
19398	नक
19399	नियों
19400	परन्तु
19401	मीर
19402	यत
19403	वासियों
19404	हू
19405	▁1954
19406	▁Brazilian
19407	▁Covenant
19408	▁Em
19409	▁FTP
19410	▁GO
19411	▁Multiple
19412	▁Probably
19413	▁Shaw
19414	▁Suffering
19415	▁Uncle
19416	▁agent
19417	▁beach
19418	▁bearers
19419	▁bitterly
19420	▁boxes
19421	▁bruise
19422	▁clergymen
19423	▁confer
19424	▁cords
19425	▁disgraced
19426	▁exemption
19427	▁eyewitnesses
19428	▁forgets
19429	▁grade
19430	▁hallow
19431	▁manifestation
19432	▁mansions
19433	▁mobile
19434	▁paint
19435	▁patch
19436	▁phase
19437	▁preservation
19438	▁presiding
19439	▁relax
19440	▁solved
19441	▁subfolders
19442	▁switch
19443	▁trading
19444	▁trans
19445	▁trivial
19446	▁workplace
19447	▁आंदोलन
19448	▁उत्तेजित
19449	▁खिंच
19450	▁गाओ
19451	▁गी
19452	▁चट
19453	▁चिन्तित
19454	▁चीजे
19455	▁छूने
19456	▁जन्तु
19457	▁ज़ब
19458	▁टार
19459	▁ठहराना
19460	▁ताधान
19461	▁दारा
19462	▁धरना
19463	▁नायक
19464	▁निभायी
19465	▁निर
19466	▁पारदर्शी
19467	▁पुनर्
19468	▁पैरामीटर्स
19469	▁फिलिप
19470	▁फ्यूरर
19471	▁महायाजकों
19472	▁माइनर
19473	▁राहाब
19474	▁लब
19475	▁शमू
19476	▁समझिए
19477	▁सलाहों
19478	▁सहभाग
19479	▁सुधर
19480	▁हितकर
19481	▁♫
19482	06
19483	87
19484	Before
19485	CEL
19486	Contents
19487	Only
19488	Solomon
19489	being
19490	egion
19491	mann
19492	necked
19493	placing
19494	ंडर
19495	इतनी
19496	कई
19497	फिल
19498	बीसवीं
19499	मिली
19500	यान
19501	ल्म
19502	वाकर
19503	वाया
19504	हवा
19505	ाब
19506	ूर
19507	७
19508	८
19509	▁(6)
19510	▁Alarm
19511	▁Confirm
19512	▁Develop
19513	▁Developer
19514	▁Express
19515	▁External
19516	▁Fi
19517	▁Mari
19518	▁Offline
19519	▁Parameters
19520	▁Phinehas
19521	▁Present
19522	▁Score
19523	▁Shem
19524	▁Simplified
19525	▁Sing
19526	▁Sta
19527	▁administration
19528	▁apes
19529	▁attendant
19530	▁buddy
19531	▁carved
19532	▁childless
19533	▁composer
19534	▁confession
19535	▁consistently
19536	▁distract
19537	▁emphasizes
19538	▁excitement
19539	▁exerts
19540	▁fee
19541	▁fights
19542	▁forelock
19543	▁freezing
19544	▁incur
19545	▁inserted
19546	▁investigate
19547	▁jest
19548	▁learns
19549	▁misuse
19550	▁participating
19551	▁politicians
19552	▁realise
19553	▁reserve
19554	▁roar
19555	▁rolled
19556	▁stations
19557	▁statusbar
19558	▁teen
19559	▁upbringing
19560	▁wholehearted
19561	▁अंटार्कटिका
19562	▁अल्प
19563	▁आगमन
19564	▁ईज़ेबेल
19565	▁उनमे
19566	▁एमोरियों
19567	▁कंपोजर
19568	▁कपटी
19569	▁ख़ाली
19570	▁खिंचे
19571	▁गिरजों
19572	▁जेवनार
19573	▁ढूँढ़ें
19574	▁तड़के
19575	▁धड़
19576	▁निदष
19577	▁पहनावे
19578	▁पाये
19579	▁प्रचुर
19580	▁फर्श
19581	▁फेरने
19582	▁बतशेबा
19583	▁बेहोशी
19584	▁बौद्ध
19585	▁ब्रांच
19586	▁ब्राउज़
19587	▁भरती
19588	▁मध्यम
19589	▁मीरास
19590	▁वमंडल
19591	▁वसा
19592	▁व्याप्त
19593	▁शिकस्त
19594	▁सदमा
19595	▁सीखता
19596	▁सुर
19597	▁स्टील
19598	▁हाइ
19599	▁होनेवालों
19600	▁ह्
19601	+)
19602	29
19603	78
19604	ania
19605	aving
19606	body
19607	china
19608	lat
19609	raw
19610	stand
19611	start
19612	user
19613	ड़ी
19614	नए
19615	पूर्व
19616	पेज
19617	महान
19618	रॉन
19619	लन
19620	शान्ति
19621	ोनी
19622	्लो
19623	▁100,000
19624	▁1983
19625	▁1984
19626	▁Abi
19627	▁Balance
19628	▁Building
19629	▁CON
19630	▁Czech
19631	▁Doug
19632	▁Excuse
19633	▁JOHN
19634	▁Mel
19635	▁Monday
19636	▁Moscow
19637	▁Sho
19638	▁Signing
19639	▁Store
19640	▁Understanding
19641	▁Xlib
19642	▁agency
19643	▁barley
19644	▁consultation
19645	▁deciding
19646	▁disturbing
19647	▁dock
19648	▁embarrassed
19649	▁fake
19650	▁hardworking
19651	▁hearers
19652	▁illnesses
19653	▁indentation
19654	▁insult
19655	▁labels
19656	▁maneuver
19657	▁pictured
19658	▁pomegranates
19659	▁porch
19660	▁profane
19661	▁quest
19662	▁reed
19663	▁rein
19664	▁solar
19665	▁sower
19666	▁stirring
19667	▁threads
19668	▁uncertainty
19669	▁uprightness
19670	▁valiant
19671	▁उतारने
19672	▁क़िस्सा
19673	▁कीचड़
19674	▁कुँवारी
19675	▁गज़ब
19676	▁गेहूं
19677	▁चीख
19678	▁जिस्म
19679	▁जीन
19680	▁डोरी
19681	▁ढह
19682	▁तमाशे
19683	▁तसवीरों
19684	▁तोड़ी
19685	▁दलदल
19686	▁दवाइयों
19687	▁दहला
19688	▁दुरुपयोग
19689	▁नात्ज़ी
19690	▁पायथन
19691	▁बोलो
19692	▁भाँप
19693	▁भेजेगा
19694	▁मिलाएं
19695	▁मिस
19696	▁यंत्र
19697	▁युवावस्था
19698	▁लगेगी
19699	▁लटक
19700	▁लु
19701	▁वॉल
19702	▁शंकु
19703	▁शोकित
19704	▁संस्कृतियों
19705	▁सन्तानों
19706	▁समझती
19707	▁सुनसान
19708	▁स्टेट
19709	▁स्वीडन
19710	▁हुस्न
19711	▁४८
19712	▁६५
19713	55
19714	98
19715	Ah
19716	Al
19717	Mail
19718	Play
19719	Select
19720	She
19721	\\]
19722	].'
19723	bad
19724	cor
19725	eck
19726	ending
19727	faithful
19728	fu
19729	lf
19730	meters
19731	palms
19732	wood
19733	एगें
19734	ख़ूब
19735	गू
19736	पेट
19737	वर्ती
19738	▁(%1)
19739	▁1,500
19740	▁1933
19741	▁1991,
19742	▁Buddy
19743	▁Dec
19744	▁EX
19745	▁Encrypt
19746	▁Ishaq
19747	▁Nazis
19748	▁Pict
19749	▁SOME
19750	▁Sister
19751	▁Tools
19752	▁abject
19753	▁accustomed
19754	▁activated
19755	▁awaken
19756	▁browsing
19757	▁brutal
19758	▁carpenter
19759	▁commemorate
19760	▁copying
19761	▁depicted
19762	▁employees
19763	▁envious
19764	▁eur
19765	▁executable
19766	▁featured
19767	▁horror
19768	▁improvement
19769	▁insurance
19770	▁invitations
19771	▁liver
19772	▁minimize
19773	▁misguided
19774	▁mosque
19775	▁orderly
19776	▁organs
19777	▁overall
19778	▁pause
19779	▁philosophies
19780	▁plea
19781	▁provinces
19782	▁recline
19783	▁registered
19784	▁shares
19785	▁swarm
19786	▁uh
19787	▁vanish
19788	▁verbal
19789	▁weighing
19790	▁अक्विला
19791	▁अपनाना
19792	▁अस्थाई
19793	▁आईपी
19794	▁आय
19795	▁इंजील
19796	▁इनलाइन
19797	▁कटवा
19798	▁कठोरता
19799	▁कुस्रू
19800	▁कैम्प
19801	▁कॉलम
19802	▁खिल
19803	▁घिनौनी
19804	▁चंगे
19805	▁चौकी
19806	▁झड़
19807	▁टोप
19808	▁दाद
19809	▁देखनेवालों
19810	▁धोना
19811	▁निचले
19812	▁नीयत
19813	▁पहचानना
19814	▁पाइए
19815	▁पेशे
19816	▁बुध्दि
19817	▁बॉस
19818	▁मंज़िलें
19819	▁मास्टर
19820	▁मेलिंग
19821	▁रहेंगें
19822	▁शेल
19823	▁शैक्षिक
19824	▁साइमन
19825	▁हितों
19826	▁८०
19827	96
19828	Right
19829	Sa
19830	aka
19831	mport
19832	row
19833	show
19834	things
19835	ties
19836	var
19837	ख़ुशहाली
19838	डाल
19839	ताही
19840	तियों
19841	नयी
19842	निश्
19843	युद्ध
19844	रण
19845	लिंक
19846	वालो
19847	ोश
19848	▁**
19849	▁28;
19850	▁43:
19851	▁92
19852	▁Alex
19853	▁Devhelp
19854	▁Eight
19855	▁Experience
19856	▁Gath
19857	▁Gilgal
19858	▁Heavy
19859	▁Mann
19860	▁Nation
19861	▁Natural
19862	▁Ponti
19863	▁Primary
19864	▁Protocol
19865	▁Pure
19866	▁Referr
19867	▁Sand
19868	▁Shared
19869	▁Sheet
19870	▁Subscribe
19871	▁Te
19872	▁Tri
19873	▁Uh
19874	▁Ways
19875	▁ants
19876	▁ascending
19877	▁backward
19878	▁bags
19879	▁brake
19880	▁brilliant
19881	▁bulk
19882	▁bush
19883	▁coats
19884	▁coral
19885	▁criticize
19886	▁darkened
19887	▁dash
19888	▁earning
19889	▁fits
19890	▁frightened
19891	▁ge
19892	▁handmaid
19893	▁homosexuality
19894	▁humiliate
19895	▁impaled
19896	▁kinship
19897	▁launched
19898	▁loses
19899	▁mustard
19900	▁nets
19901	▁partiality
19902	▁perfume
19903	▁piercing
19904	▁pluck
19905	▁portent
19906	▁smitten
19907	▁snippet
19908	▁sparing
19909	▁toilet
19910	▁vie
19911	▁visual
19912	▁अक़ल
19913	▁अज़ीज़ों
19914	▁अनदेखी
19915	▁उतावल
19916	▁कच्च
19917	▁कुटिल
19918	▁ख़ाना
19919	▁गर्भपात
19920	▁ग़रीबी
19921	▁गिल
19922	▁घोड़ा
19923	▁चट्टानों
19924	▁चालक
19925	▁टोक
19926	▁ट्रस्ट
19927	▁डटकर
19928	▁ढाढ़स
19929	▁ढूंढने
19930	▁दफ़्तर
19931	▁देंगी
19932	▁निर्माता
19933	▁नो
19934	▁पाकिस्तान
19935	▁पिछल
19936	▁प्रफुल्लित
19937	▁बन्धुआई
19938	▁बाजार
19939	▁बिक
19940	▁बेहया
19941	▁भुगत
19942	▁भूला
19943	▁मिलनसार
19944	▁रूपांतरित
19945	▁विशेषताएँ
19946	▁विष
19947	▁शापान
19948	▁शायर
19949	▁शेम
19950	▁सै
19951	▁स्पष्टतया
19952	..."
19953	Discard
19954	ERS
19955	Mohammed
19956	cknowledging
19957	friend
19958	ised
19959	kh
19960	nic
19961	person
19962	seven
19963	something
19964	इस्ता
19965	कत
19966	चिल्ला
19967	ज़िज़
19968	बढ़ा
19969	बुक
19970	रेज़
19971	लर
19972	लु
19973	वरना
19974	विले
19975	हु
19976	ैर
19977	्रे
19978	▁2001,
19979	▁Baby
19980	▁Belgium
19981	▁Belief
19982	▁Carmel
19983	▁Conflict
19984	▁Gra
19985	▁José
19986	▁Pages
19987	▁Pat
19988	▁Practice
19989	▁Scanning
19990	▁Shows
19991	▁Sisera
19992	▁aborted
19993	▁bracket
19994	▁characterized
19995	▁commerce
19996	▁conquering
19997	▁covenants
19998	▁crawl
19999	▁dearly
20000	▁deceitful
20001	▁developers
20002	▁divinity
20003	▁establishing
20004	▁excellence
20005	▁fe
20006	▁foretell
20007	▁formidable
20008	▁innermost
20009	▁lawless
20010	▁madman
20011	▁obeisance
20012	▁performs
20013	▁quarters
20014	▁reduc
20015	▁resistance
20016	▁signals
20017	▁spectacular
20018	▁swim
20019	▁unconscious
20020	▁undue
20021	▁vanished
20022	▁vehicles
20023	▁visitor
20024	▁whale
20025	▁अनुवादक
20026	▁इतरा
20027	▁उज्
20028	▁ऊर
20029	▁कठिनाइयों
20030	▁कशी
20031	▁कुरबान
20032	▁कुर्सी
20033	▁क्रमशः
20034	▁ख़ान
20035	▁धोखेबाज़
20036	▁पकड़वा
20037	▁परहेज़
20038	▁पुकारेंगे
20039	▁फेरो
20040	▁फैलाता
20041	▁फ्ल
20042	▁बहू
20043	▁भाषणों
20044	▁भ्रम
20045	▁मरता
20046	▁मुहैय
20047	▁रिचर्ड
20048	▁रूबेन
20049	▁लिस्ट
20050	▁वाक़िया
20051	▁सब्ज़
20052	▁स्थानांतरित
20053	▁स्वतंत्रा
20054	▁हक़ीकत
20055	▁हिमायती
20056	22
20057	Description
20058	Millennial
20059	Query
20060	Text
20061	Video
20062	aba
20063	bro
20064	does
20065	giving
20066	lib
20067	print
20068	room
20069	tur
20070	tz
20071	using
20072	क़ौमे
20073	गछ
20074	जंगे
20075	ज़बान
20076	ज़रुर
20077	जूद
20078	नाहक़
20079	पहली
20080	फिरऔन
20081	बदबख्त
20082	बन्दे
20083	बन्दों
20084	बरकत
20085	बरु
20086	मत्ती
20087	माबूद
20088	मुबादा
20089	रीन
20090	रु
20091	लै
20092	ल्ला
20093	शहवत
20094	सराइल
20095	सवाब
20096	ाम
20097	िज्र
20098	ीर
20099	्द
20100	▁1925
20101	▁32]
20102	▁AL
20103	▁Beginning
20104	▁Collection
20105	▁Cu
20106	▁Ethiopia
20107	▁Fred
20108	▁Hang
20109	▁Inline
20110	▁Launch
20111	▁Lives
20112	▁Manifest
20113	▁Model
20114	▁Mon
20115	▁Mouse
20116	▁Philemon
20117	▁Process
20118	▁Shut
20119	▁Side
20120	▁Sur
20121	▁Thinking
20122	▁Val
20123	▁bees
20124	▁bishop
20125	▁burns
20126	▁casting
20127	▁characteristic
20128	▁contributing
20129	▁courtesy
20130	▁crop
20131	▁departure
20132	▁discord
20133	▁disorders
20134	▁ere
20135	▁exclaim
20136	▁foes
20137	▁gathers
20138	▁glorifie
20139	▁harmless
20140	▁historic
20141	▁ilaha
20142	▁immigrants
20143	▁insolence
20144	▁majestic
20145	▁moreover
20146	▁murderer
20147	▁nevertheless
20148	▁occupy
20149	▁outstretched
20150	▁paternal
20151	▁portrayed
20152	▁potter
20153	▁reception
20154	▁riot
20155	▁rival
20156	▁robbers
20157	▁rotten
20158	▁scheming
20159	▁sits
20160	▁traitor
20161	▁tray
20162	▁अज़सरतापा
20163	▁अज्ञान
20164	▁अमेरिकी
20165	▁अस्त
20166	▁इख्तेलाफ
20167	▁उत्प्रवास
20168	▁कन
20169	▁क़ारुन
20170	▁किंग
20171	▁किलो
20172	▁ख़िलक
20173	▁खुरमे
20174	▁घुमा
20175	▁चखना
20176	▁चाप
20177	▁चारपायो
20178	▁चुकाने
20179	▁झुकने
20180	▁डालती
20181	▁डॉन
20182	▁ढलत
20183	▁ताम्मुल
20184	▁दुर्बल
20185	▁दोहरे
20186	▁नज़रें
20187	▁नवीनतम
20188	▁नाफ़रमान
20189	▁निर्देशक
20190	▁पन
20191	▁परिणित
20192	▁पहुंचाए
20193	▁पीप
20194	▁पेशेवर
20195	▁बख़श
20196	▁बर्लिन
20197	▁बसेरा
20198	▁बहता
20199	▁बुर्ज़ुग
20200	▁बुर्जुग़
20201	▁मसखरा
20202	▁मांगते
20203	▁मालिकों
20204	▁मुअ
20205	▁मुन्तिज़
20206	▁मुस्तहक
20207	▁यूक्रेन
20208	▁लाएंगें
20209	▁विश्वासघाती
20210	▁समीकरण
20211	▁सरेआम
20212	64
20213	DA
20214	Gabriel
20215	Has
20216	TLS
20217	arch
20218	cab
20219	ford
20220	iest
20221	ific
20222	iran
20223	older
20224	wrap
20225	इबादत
20226	गामी
20227	जु
20228	तक़दीर
20229	मोमिनों
20230	राष्ट्रीय
20231	सेल
20232	सॉ
20233	ाव
20234	ॉर्
20235	ौर
20236	▁118
20237	▁1879
20238	▁Aad
20239	▁Anti
20240	▁Bridge
20241	▁Circle
20242	▁DE
20243	▁Git
20244	▁HE
20245	▁Honourable
20246	▁Interface
20247	▁Karen
20248	▁League
20249	▁Mean
20250	▁Prophecy
20251	▁Received
20252	▁String
20253	▁Tomorrow
20254	▁Turkey
20255	▁Wind
20256	▁award
20257	▁basket
20258	▁befallen
20259	▁blocks
20260	▁bother
20261	▁clan
20262	▁composite
20263	▁cor
20264	▁deliberate
20265	▁disclosed
20266	▁divination
20267	▁erect
20268	▁expanse
20269	▁extinguish
20270	▁forbearing
20271	▁graduated
20272	▁harp
20273	▁helmet
20274	▁historians
20275	▁huh
20276	▁journeying
20277	▁lighten
20278	▁makeup
20279	▁manuscript
20280	▁maternal
20281	▁overthrow
20282	▁playlist
20283	▁pound
20284	▁prompts
20285	▁reconcile
20286	▁resisting
20287	▁roles
20288	▁seeming
20289	▁selective
20290	▁speaketh
20291	▁stops
20292	▁stressful
20293	▁subsequent
20294	▁tale
20295	▁tar
20296	▁tolerance
20297	▁transformation
20298	▁unacceptable
20299	▁upside
20300	▁आऊँ
20301	▁उलटें
20302	▁उल्लिखित
20303	▁कंट्रोल
20304	▁कराए
20305	▁करूबों
20306	▁किसानों
20307	▁कुंजीपट
20308	▁कोटा
20309	▁खुलेआम
20310	▁खोजों
20311	▁गहने
20312	▁ग्र
20313	▁घिरे
20314	▁चकना
20315	▁चर्यजनक
20316	▁छापे
20317	▁जमाव
20318	▁दिनांक
20319	▁निभाते
20320	▁निष्फल
20321	▁पट्टे
20322	▁पत्रकार
20323	▁फिरना
20324	▁बहकाव
20325	▁बान्धा
20326	▁बु
20327	▁बेखटके
20328	▁बेरहमी
20329	▁मजदूर
20330	▁मरेंगे
20331	▁माँगिए
20332	▁रिटायर
20333	▁रिपब्लिक
20334	▁लाओगे
20335	▁लाज़र
20336	▁विश्रामदिन
20337	▁विस्मय
20338	▁स्विट्
20339	Group
20340	Listen
20341	Most
20342	Photo
20343	Quit
20344	Script
20345	dom
20346	hah
20347	here
20348	ida
20349	ita
20350	iya
20351	ost
20352	pul
20353	tus
20354	zip
20355	चिन्हों
20356	टेन
20357	टॉपिक
20358	तुमको
20359	प्स
20360	भलाई
20361	रन
20362	वर्ड
20363	शिर्क
20364	स्मरण
20365	हल
20366	हस्तलिपियों
20367	हृदय
20368	ाह्य
20369	िय
20370	▁'...
20371	▁146
20372	▁1965
20373	▁AN
20374	▁Crete
20375	▁Deborah
20376	▁Effect
20377	▁Gibeon
20378	▁MATTHEW
20379	▁Mor
20380	▁Rio
20381	▁Rwanda
20382	▁Strengthen
20383	▁Uni
20384	▁Victoria
20385	▁Win
20386	▁Youth
20387	▁adjustment
20388	▁baked
20389	▁beer
20390	▁blindness
20391	▁chairman
20392	▁chase
20393	▁complicated
20394	▁damn
20395	▁dpi
20396	▁explanations
20397	▁focuses
20398	▁gang
20399	▁generate
20400	▁grandfather
20401	▁implemented
20402	▁inevitably
20403	▁inhabit
20404	▁injurious
20405	▁laud
20406	▁lecture
20407	▁mortals
20408	▁neur
20409	▁penned
20410	▁persisted
20411	▁practically
20412	▁prolong
20413	▁scientist
20414	▁sedition
20415	▁smallest
20416	▁unforeseen
20417	▁unkind
20418	▁unpleasant
20419	▁variance
20420	▁wa
20421	▁watering
20422	▁अनर्थ
20423	▁अन्धियारे
20424	▁आएँगी
20425	▁क़िबल
20426	▁कुएँ
20427	▁क्वैरी
20428	▁खिलाना
20429	▁गणराज्य
20430	▁गाँवों
20431	▁घटती
20432	▁घुट
20433	▁चेत
20434	▁जगा
20435	▁जनने
20436	▁ज़िबाह
20437	▁जागता
20438	▁टोकरी
20439	▁टोली
20440	▁ढक
20441	▁ताड़
20442	▁दिखते
20443	▁धरते
20444	▁धूलि
20445	▁निकलवा
20446	▁न्यायाधीश
20447	▁पब्लिक
20448	▁परिवहन
20449	▁परेशानियाँ
20450	▁पीनहास
20451	▁फ़ज़
20452	▁फ़िद
20453	▁फ़ॉर्म
20454	▁फिराव
20455	▁बजाते
20456	▁बढ़ाती
20457	▁बाटिका
20458	▁बालें
20459	▁बीमा
20460	▁बॉ
20461	▁ब्लैक
20462	▁भुगतने
20463	▁मंजूर
20464	▁मातृ
20465	▁मेटा
20466	▁मोटर
20467	▁मौज़ूद
20468	▁राजेश
20469	▁वस्त्रों
20470	▁विरूद्
20471	▁साए
20472	▁सिद्धता
20473	▁सीखे
20474	▁हटना
20475	▁हीरे
20476	ame
20477	ecu
20478	full
20479	open
20480	partners
20481	run
20482	shire
20483	while
20484	yet
20485	ā
20486	इबराहीम
20487	गुमराही
20488	चलते
20489	तूर
20490	न्या
20491	महिमा
20492	मोर
20493	वाफ़
20494	साधक
20495	हंसी
20496	्रि
20497	▁$1
20498	▁115
20499	▁82
20500	▁Alan
20501	▁Deal
20502	▁Era
20503	▁Fa
20504	▁Fellow
20505	▁Francisco
20506	▁Ken
20507	▁Login
20508	▁Miriam
20509	▁Naboth
20510	▁Nun
20511	▁Pol
20512	▁Requested
20513	▁Salat
20514	▁Singapore
20515	▁Story
20516	▁WHY
20517	▁acquiring
20518	▁aircraft
20519	▁barely
20520	▁beverages
20521	▁breakdown
20522	▁celebrations
20523	▁cheek
20524	▁deafness
20525	▁decent
20526	▁delicious
20527	▁drops
20528	▁drunkenness
20529	▁editing
20530	▁feathers
20531	▁fertile
20532	▁followeth
20533	▁forehead
20534	▁forests
20535	▁hastening
20536	▁herds
20537	▁indulge
20538	▁lewdness
20539	▁mentioning
20540	▁overtakes
20541	▁restart
20542	▁robbed
20543	▁ropes
20544	▁seats
20545	▁slaughtering
20546	▁specially
20547	▁swearing
20548	▁tension
20549	▁underground
20550	▁unemployment
20551	▁worshipper
20552	▁अधिभार
20553	▁आतिथ्य
20554	▁इमेज
20555	▁एप
20556	▁एपा
20557	▁एहतियात
20558	▁किक्कार
20559	▁गाइड
20560	▁गाद
20561	▁गुट
20562	▁घटिया
20563	▁चमड़े
20564	▁चराइय
20565	▁चलायी
20566	▁चलेगी
20567	▁चिकना
20568	▁चुनौतियाँ
20569	▁चुपड़ी
20570	▁चौंक
20571	▁नास्तिक
20572	▁निवेश
20573	▁परखने
20574	▁पालक
20575	▁पिशाच
20576	▁प्रतिरूप
20577	▁फैक्स
20578	▁बतायीं
20579	▁बिठाया
20580	▁ब्रा
20581	▁भरण
20582	▁महाराजा
20583	▁मानेगा
20584	▁वर्ड
20585	▁विमर्श
20586	▁संत
20587	▁समयक्षेत्र
20588	▁सादगी
20589	▁सूखा
20590	04
20591	Move
20592	card
20593	ire
20594	recognized
20595	rick
20596	tel
20597	zu
20598	®
20599	आयत
20600	कड़
20601	क़िस्म
20602	छाई
20603	दूसरा
20604	बुल
20605	बूते
20606	मूल
20607	रंग
20608	लोन
20609	श्वत
20610	ष्ठ
20611	स्थापित
20612	हद
20613	ाउ
20614	ेश
20615	▁";"
20616	▁111
20617	▁1200
20618	▁1981
20619	▁Appointment
20620	▁Away
20621	▁CORRESPONDENT
20622	▁Caiaphas
20623	▁Chance
20624	▁Crime
20625	▁Endurance
20626	▁Examples
20627	▁Eye
20628	▁Joash
20629	▁Karl
20630	▁Lady
20631	▁Lesson
20632	▁MH
20633	▁Modified
20634	▁Own
20635	▁Rap
20636	▁Rose
20637	▁Santa
20638	▁Setting
20639	▁Smith
20640	▁Talmud
20641	▁Traditional
20642	▁Tray
20643	▁Usually
20644	▁Visual
20645	▁Warn
20646	▁Written
20647	▁approximately
20648	▁assuming
20649	▁besieged
20650	▁cart
20651	▁casual
20652	▁comrade
20653	▁conspire
20654	▁costly
20655	▁defraud
20656	▁discretion
20657	▁disgraceful
20658	▁enlightening
20659	▁enraged
20660	▁enriched
20661	▁eyesight
20662	▁foretells
20663	▁fraction
20664	▁fragment
20665	▁furious
20666	▁gloom
20667	▁grab
20668	▁infinite
20669	▁interviewed
20670	▁journeys
20671	▁lamented
20672	▁lt
20673	▁manually
20674	▁molded
20675	▁momentous
20676	▁raid
20677	▁rejoices
20678	▁responds
20679	▁shortcut
20680	▁sights
20681	▁snares
20682	▁stretches
20683	▁tactics
20684	▁unsupported
20685	▁victors
20686	▁अंधड़
20687	▁अख़बार
20688	▁अवज्ञाकार
20689	▁असहाय
20690	▁असीम
20691	▁इंटरफेस
20692	▁इनसाइक्लोपीडिया
20693	▁उग
20694	▁उपदेशों
20695	▁कार्यदिवस
20696	▁कॉम
20697	▁कोलाहल
20698	▁खण्डन
20699	▁खरीदारी
20700	▁खूँखार
20701	▁गलतफहमी
20702	▁गुणवत्ता
20703	▁घन
20704	▁जवाबों
20705	▁डौग
20706	▁तंबू
20707	▁तौलो
20708	▁थिस्सलुनीके
20709	▁दरियादिली
20710	▁नंगा
20711	▁निगम
20712	▁निचोड़
20713	▁पुलट
20714	▁पैगाम
20715	▁पैमाना
20716	▁प्रतीकों
20717	▁प्लीज़
20718	▁फिरेंगे
20719	▁फॉर्म
20720	▁बक्से
20721	▁बट
20722	▁बनायें
20723	▁बिछा
20724	▁बेरहम
20725	▁बेश
20726	▁मकड़ी
20727	▁मासूम
20728	▁यामीन
20729	▁व्हाइट
20730	▁शिमोन
20731	▁शूरवीरों
20732	▁सर्वसत्ता
20733	▁साग
20734	▁सातवीं
20735	▁सामीप्य
20736	▁सील
20737	▁स्टार
20738	▁स्पेशल
20739	▁हि
20740	360
20741	75%
20742	Disc
20743	Each
20744	IG
20745	LES
20746	Return
20747	Update
20748	aring
20749	ase
20750	az
20751	days
20752	eceive
20753	generation
20754	lai
20755	lets
20756	rare
20757	real
20758	rift
20759	thus
20760	ux
20761	इनकार
20762	करीब
20763	झूठी
20764	धर्मपरायणता
20765	बर्ट
20766	मूल्य
20767	ल्लत
20768	ल्ले
20769	शुरू
20770	सिया
20771	ाजित
20772	ॆड
20773	▁1000
20774	▁7.)
20775	▁Arm
20776	▁Chron
20777	▁Compose
20778	▁Epiphany
20779	▁FI
20780	▁ST
20781	▁Sen
20782	▁Skype
20783	▁Social
20784	▁Unquestionably
20785	▁Uzziah
20786	▁Wrath
20787	▁accomplishments
20788	▁banks
20789	▁biological
20790	▁bits
20791	▁breakfast
20792	▁citizen
20793	▁compar
20794	▁compound
20795	▁cord
20796	▁defiantly
20797	▁department
20798	▁disability
20799	▁disrupt
20800	▁entreat
20801	▁fishermen
20802	▁gum
20803	▁handsome
20804	▁heaviness
20805	▁heeded
20806	▁improving
20807	▁instructor
20808	▁investigation
20809	▁isolation
20810	▁leisure
20811	▁liberal
20812	▁marvels
20813	▁ministering
20814	▁overflowing
20815	▁penetrate
20816	▁pri
20817	▁realization
20818	▁respited
20819	▁sales
20820	▁sighing
20821	▁statistics
20822	▁supplications
20823	▁supposedly
20824	▁understandable
20825	▁website
20826	▁weekends
20827	▁withholds
20828	▁wondrous
20829	▁wrongly
20830	▁yeartext
20831	▁अंजामों
20832	▁अपील
20833	▁अश
20834	▁अहंकारी
20835	▁इमारतें
20836	▁उगाते
20837	▁उठाती
20838	▁उन्माद
20839	▁एनसाइक्लोपीडिया
20840	▁एन्
20841	▁कंधे
20842	▁कन्ध
20843	▁कानूनों
20844	▁खिलाता
20845	▁खोजी
20846	▁गि
20847	▁गुज़रता
20848	▁घूमते
20849	▁चढ़ते
20850	▁चरबी
20851	▁जन्नतों
20852	▁ज़ु
20853	▁जुलकर
20854	▁ज्ञानी
20855	▁टेढ़े
20856	▁ठाना
20857	▁डालूँगा
20858	▁तुरही
20859	▁दर्शाया
20860	▁दसवां
20861	▁नकली
20862	▁नगरी
20863	▁निकम्मे
20864	▁पुन
20865	▁पॉ
20866	▁प्रि
20867	▁फैलाएँ
20868	▁बीप
20869	▁बेवकूफ़
20870	▁महँग
20871	▁मुसाफ़िरों
20872	▁मूर्तिपूजक
20873	▁मूल्यों
20874	▁लाठ
20875	▁लायक़
20876	▁लूं
20877	▁सिखाओ
20878	▁सितम्बर
20879	▁सॉकेट
20880	▁स्थानः
20881	▁हारान
20882	Print
20883	RY
20884	SH
20885	TS
20886	azi
20887	ense
20888	ila
20889	mir
20890	onic
20891	qu
20892	अत्यंत
20893	कस
20894	तिहा
20895	न्ध
20896	बंद
20897	मिन
20898	वाल
20899	़ों
20900	ाये
20901	ूस
20902	ेन्ट
20903	ैक्ट
20904	्ता
20905	▁08)
20906	▁1962
20907	▁4.)
20908	▁???????
20909	▁Alpha
20910	▁DVDs
20911	▁Disease
20912	▁Glorious
20913	▁Hank
20914	▁Lystra
20915	▁MO
20916	▁Mars
20917	▁Megiddo
20918	▁Mike
20919	▁Millennium
20920	▁Naturally
20921	▁Operation
20922	▁Prison
20923	▁Problem
20924	▁Royal
20925	▁Seen
20926	▁Throw
20927	▁Wa
20928	▁acid
20929	▁alternate
20930	▁anot
20931	▁apple
20932	▁cheese
20933	▁collapsed
20934	▁concluding
20935	▁crushing
20936	▁diamond
20937	▁disconnected
20938	▁discrimination
20939	▁discusse
20940	▁disposal
20941	▁donkeys
20942	▁embedded
20943	▁evaluate
20944	▁excels
20945	▁firstfruits
20946	▁hoard
20947	▁holiday
20948	▁impelled
20949	▁jewelry
20950	▁loaf
20951	▁maintainer
20952	▁moth
20953	▁nearness
20954	▁occult
20955	▁olives
20956	▁prohibition
20957	▁retirement
20958	▁roasted
20959	▁stole
20960	▁torrent
20961	▁trips
20962	▁अग्रिप्पा
20963	▁अनिश्
20964	▁अमरता
20965	▁इतालवी
20966	▁उलझ
20967	▁कट्टर
20968	▁कबर
20969	▁कयामत
20970	▁कामकाज
20971	▁कुत्तों
20972	▁कॉ
20973	▁क्ल
20974	▁क्लिप
20975	▁खुलासा
20976	▁गाडू
20977	▁गिबा
20978	▁घटाने
20979	▁चमकीलापन
20980	▁छिन
20981	▁जिंदा
20982	▁जुर्माना
20983	▁जैबर
20984	▁टोना
20985	▁ठहरते
20986	▁ठहरी
20987	▁ठहरोगे
20988	▁डग
20989	▁ढीठ
20990	▁थिस्स
20991	▁दुर्दशा
20992	▁द्वारपाल
20993	▁नल
20994	▁नाबोत
20995	▁पत्ऩ
20996	▁पहचानकर्ता
20997	▁पहनाए
20998	▁प्रतिबिंब
20999	▁प्रेरक
21000	▁फ़ीड
21001	▁बरदान
21002	▁बूझकर
21003	▁मक्कार
21004	▁मैक्स
21005	▁रच
21006	▁रसा
21007	▁रै
21008	▁सचित्रित
21009	▁सफ़ेद
21010	▁सीसरा
21011	▁स्थगित
21012	▁हंगरी
21013	▁हन्ना
21014	▁५५
21015	47
21016	62
21017	;"
21018	=%
21019	ALL
21020	Islamic
21021	ND
21022	Status
21023	bz
21024	doer
21025	ei
21026	japan
21027	three
21028	आउट
21029	इंसान
21030	कीन
21031	क्रम
21032	टस
21033	ट्री
21034	बुत
21035	मैत
21036	सन्
21037	सु
21038	ुफल
21039	ोलिक
21040	्च
21041	्दिक
21042	▁1966
21043	▁2,500
21044	▁Activate
21045	▁Appearance
21046	▁Bay
21047	▁CSV
21048	▁Cell
21049	▁Challenge
21050	▁Created
21051	▁Deliver
21052	▁Gift
21053	▁Got
21054	▁Kong
21055	▁Lower
21056	▁Multi
21057	▁Ocean
21058	▁PURPOSE
21059	▁Pra
21060	▁Virtual
21061	▁Yo
21062	▁Zakat
21063	▁Zebulun
21064	▁addressing
21065	▁altered
21066	▁attendee
21067	▁authenticity
21068	▁bleeding
21069	▁blowing
21070	▁boats
21071	▁channels
21072	▁controls
21073	▁cousin
21074	▁custody
21075	▁differing
21076	▁dishes
21077	▁distresses
21078	▁distributing
21079	▁diversion
21080	▁dramatically
21081	▁encompass
21082	▁expiation
21083	▁floating
21084	▁formula
21085	▁frail
21086	▁fugitive
21087	▁generated
21088	▁grandson
21089	▁impartial
21090	▁impending
21091	▁keyword
21092	▁kidneys
21093	▁ladies
21094	▁liveth
21095	▁matching
21096	▁modifying
21097	▁newspapers
21098	▁node
21099	▁nourishment
21100	▁organizational
21101	▁outbreak
21102	▁plastic
21103	▁pocket
21104	▁pose
21105	▁profitable
21106	▁reaped
21107	▁relying
21108	▁researcher
21109	▁satanic
21110	▁scan
21111	▁shapes
21112	▁societies
21113	▁suppress
21114	▁symposium
21115	▁talent
21116	▁theocracy
21117	▁vector
21118	▁wickedly
21119	▁witchcraft
21120	▁wolves
21121	▁ऋतु
21122	▁किताबवालो
21123	▁कुलुस्से
21124	▁क्रियान्व
21125	▁खाद्य
21126	▁चलनेवालों
21127	▁चादर
21128	▁छिड़क
21129	▁जड़ी
21130	▁जानदार
21131	▁जॉ
21132	▁झरोखे
21133	▁झाँक
21134	▁डाकपेटी
21135	▁डाकू
21136	▁डूबे
21137	▁ढूँढ़ना
21138	▁तोड़ना
21139	▁दिमाग़
21140	▁दुराचार
21141	▁धूम
21142	▁नहर
21143	▁निकालेंगे
21144	▁पछता
21145	▁पटिया
21146	▁पढ
21147	▁पहाड़ियों
21148	▁पाकदामन
21149	▁पाट
21150	▁बाड़
21151	▁बेवकूफी
21152	▁बोतल
21153	▁भाँति
21154	▁मिलाने
21155	▁युवती
21156	▁रखों
21157	▁रामा
21158	▁रूपया
21159	▁रेखांकित
21160	▁लक्षणों
21161	▁लिफाफा
21162	▁वोट
21163	▁व्यवस्थापक
21164	▁शैल
21165	▁सुनती
21166	AC
21167	Become
21168	Gospel
21169	Pay
21170	Set
21171	Travel
21172	aileth
21173	ause
21174	between
21175	ene
21176	gy
21177	hin
21178	iled
21179	rich
21180	righteous
21181	riv
21182	sky
21183	still
21184	themselves
21185	wed
21186	असल
21187	इब्
21188	ऊँगा
21189	खुल्ला
21190	गाडू
21191	ज़ाहिर
21192	जिसकी
21193	तुमसे
21194	बिर
21195	मारे
21196	मिट
21197	र्च
21198	लम
21199	वीज़
21200	हाथ
21201	ृत
21202	▁5.)
21203	▁6,000
21204	▁Ahaziah
21205	▁Albania
21206	▁Baptism
21207	▁Brian
21208	▁COR
21209	▁Cap
21210	▁Counsel
21211	▁Enabled
21212	▁Fonts
21213	▁Gibeah
21214	▁Hong
21215	▁Limit
21216	▁Pan
21217	▁Presence
21218	▁SUBJECT
21219	▁Scan
21220	▁Thunderstorm
21221	▁URIs
21222	▁Username
21223	▁accomplishment
21224	▁adolescents
21225	▁apprehensive
21226	▁attraction
21227	▁banished
21228	▁bowl
21229	▁breed
21230	▁compiled
21231	▁counselor
21232	▁criterion
21233	▁decrease
21234	▁depended
21235	▁dreamed
21236	▁dull
21237	▁esteemed
21238	▁excessively
21239	▁fi
21240	▁frighten
21241	▁glimpse
21242	▁goddess
21243	▁gravity
21244	▁heaps
21245	▁heights
21246	▁incorrect
21247	▁inculcate
21248	▁insignificant
21249	▁lighter
21250	▁marched
21251	▁monthly
21252	▁oblivious
21253	▁oriented
21254	▁precepts
21255	▁pressured
21256	▁rabbinic
21257	▁rested
21258	▁rivals
21259	▁roadway
21260	▁robe
21261	▁scheduled
21262	▁steppe
21263	▁surge
21264	▁tarry
21265	▁transfiguration
21266	▁tribulations
21267	▁warriors
21268	▁अथेने
21269	▁अनुच्छेद
21270	▁अभाव
21271	▁आईएसओ
21272	▁आदी
21273	▁उड़ाने
21274	▁उड़े
21275	▁एड
21276	▁कुड़कुड़ाने
21277	▁खबरें
21278	▁खायी
21279	▁गाँठ
21280	▁जमावट
21281	▁जमीन
21282	▁जवाबदेह
21283	▁डोर
21284	▁तनख्वाह
21285	▁निर्गत
21286	▁पहरा
21287	▁पहिलौठे
21288	▁पृष्ठों
21289	▁प्रतियाँ
21290	▁फैलने
21291	▁बचाओ
21292	▁बापदादों
21293	▁बिगाड़ा
21294	▁बोलें
21295	▁ब्रिज
21296	▁मूढ़ता
21297	▁मूरतें
21298	▁रंजन
21299	▁लहरें
21300	▁लाद
21301	▁विज्ञानी
21302	▁विशेषज्ञों
21303	▁विषयवस्तु
21304	▁व्यभिचारिणी
21305	▁समझेगा
21306	▁स्काइप
21307	▁स्ट्रीट
21308	▁स्लाइस
21309	▁हजारों
21310	▁१९८९
21311	▁१९९२
21312	▁४६
21313	").
21314	Chapter
21315	Hearing
21316	Meeting
21317	Message
21318	NG
21319	Stop
21320	Which
21321	anything
21322	atin
21323	ay
21324	ban
21325	busy
21326	cie
21327	going
21328	making
21329	met
21330	nigh
21331	powerful
21332	tt
21333	ć
21334	आशा
21335	क़ात
21336	कोर
21337	झूठ
21338	देह
21339	नैन
21340	प्त
21341	प्रशान्ति
21342	फोन
21343	बच्चों
21344	बन्धुओं
21345	बारिश
21346	बेशक
21347	राजा
21348	लानेवाला
21349	लीन
21350	वाए
21351	हन
21352	ाकर
21353	िल्ली
21354	ुर्दा
21355	▁147
21356	▁Air
21357	▁Argentina
21358	▁Blog
21359	▁Colossae
21360	▁Coming
21361	▁DN
21362	▁Downloading
21363	▁Er
21364	▁Filename
21365	▁Filters
21366	▁Glorified
21367	▁ISSUE
21368	▁Iscariot
21369	▁Joe
21370	▁Laban
21371	▁Lib
21372	▁Marcus
21373	▁Puerto
21374	▁Root
21375	▁Shape
21376	▁Shi
21377	▁advises
21378	▁alignment
21379	▁annually
21380	▁baptizing
21381	▁beautifully
21382	▁beget
21383	▁cent
21384	▁consolation
21385	▁counts
21386	▁defender
21387	▁deposit
21388	▁disquieting
21389	▁distraction
21390	▁elite
21391	▁equity
21392	▁futile
21393	▁groan
21394	▁homosexual
21395	▁hurricane
21396	▁incredible
21397	▁laughter
21398	▁nationality
21399	▁nickname
21400	▁overturned
21401	▁parchment
21402	▁parted
21403	▁poll
21404	▁qua
21405	▁quantity
21406	▁raven
21407	▁receptive
21408	▁seizure
21409	▁slight
21410	▁theater
21411	▁transgressor
21412	▁travelers
21413	▁unwillingly
21414	▁yoked
21415	▁अनसुन
21416	▁आशिषें
21417	▁आशिषों
21418	▁इत्यादि
21419	▁एकाएक
21420	▁एसएसएल
21421	▁ऑफसेट
21422	▁कराएगा
21423	▁किन्हें
21424	▁कुरिन्थुस
21425	▁कैफा
21426	▁ख़ाका
21427	▁खाट
21428	▁खैरात
21429	▁गायों
21430	▁घरबार
21431	▁चढ़ाव
21432	▁चतुराई
21433	▁चयनक
21434	▁चलाएं
21435	▁छान
21436	▁जन्मे
21437	▁जलाए
21438	▁झुककर
21439	▁टिके
21440	▁टोने
21441	▁डरवैय
21442	▁ढूंढ़ते
21443	▁थाई
21444	▁दखल
21445	▁न्यूज़
21446	▁पहुँचाती
21447	▁पहुँचायी
21448	▁पहुंचाने
21449	▁पूर्णांक
21450	▁पोल
21451	▁प्रसव
21452	▁फटकार
21453	▁फेरी
21454	▁फेल
21455	▁बताकर
21456	▁बनायाह
21457	▁बाधाओं
21458	▁बुर्ज
21459	▁बेचकर
21460	▁बैठेंगे
21461	▁भटककर
21462	▁मगरमच्छ
21463	▁मच्छर
21464	▁मजाक
21465	▁मढ़
21466	▁मवेश
21467	▁माले
21468	▁मैसेज
21469	▁रहूं
21470	▁लुक
21471	▁लौंड
21472	▁वर्णित
21473	▁विकार
21474	▁वैद्य
21475	▁सच्च
21476	▁सन्ध्य
21477	▁समुदायों
21478	▁साहिब
21479	▁सूचि
21480	▁स्वच्छता
21481	▁हसरत
21482	Am
21483	Babylon
21484	Jacob
21485	bound
21486	food
21487	hen
21488	host
21489	http
21490	illa
21491	oz
21492	pay
21493	pla
21494	these
21495	zer
21496	án
21497	आपस
21498	कर्त्ता
21499	केन
21500	कै
21501	टू
21502	त्रा
21503	दुश्मन
21504	प्रिय
21505	भले
21506	भूमि
21507	रहने
21508	शायद
21509	ारी
21510	ैंट
21511	▁05
21512	▁116
21513	▁50,000
21514	▁Attendee
21515	▁Az
21516	▁Events
21517	▁Exercise
21518	▁IF
21519	▁Jehoiakim
21520	▁Nicodemus
21521	▁Prepare
21522	▁Prophethood
21523	▁Remain
21524	▁Revert
21525	▁Running
21526	▁STUN
21527	▁Simply
21528	▁Thread
21529	▁Vietnamese
21530	▁amend
21531	▁apathy
21532	▁archives
21533	▁astrologers
21534	▁brocade
21535	▁charm
21536	▁counselors
21537	▁counteract
21538	▁creations
21539	▁dim
21540	▁dispose
21541	▁fur
21542	▁harden
21543	▁homework
21544	▁inhabitant
21545	▁knock
21546	▁observer
21547	▁ordeal
21548	▁oven
21549	▁overwhelm
21550	▁pangs
21551	▁pearl
21552	▁persecuting
21553	▁polytheism
21554	▁qu
21555	▁remedy
21556	▁repeating
21557	▁score
21558	▁shades
21559	▁shattered
21560	▁slumber
21561	▁soap
21562	▁stretching
21563	▁superstition
21564	▁thrill
21565	▁tokens
21566	▁traveler
21567	▁wiped
21568	▁अचम्भा
21569	▁असफलता
21570	▁आँसुओ
21571	▁उद
21572	▁एलन
21573	▁कुन
21574	▁गण
21575	▁गुज़ारी
21576	▁ग्रा
21577	▁घूर
21578	▁चढ़ायी
21579	▁चू
21580	▁चौ
21581	▁जलपाई
21582	▁ज़रलैंड
21583	▁टपक
21584	▁टिका
21585	▁ट्रांस
21586	▁ठहराव
21587	▁डबल
21588	▁तकदीर
21589	▁तुला
21590	▁दाग
21591	▁दिखावा
21592	▁देखों
21593	▁नाच
21594	▁निरपेक्ष
21595	▁निर्जल
21596	▁पले
21597	▁पाएगी
21598	▁फंसा
21599	▁बटुआ
21600	▁बाज़ारों
21601	▁बॆन
21602	▁बैकएण्ड
21603	▁भंडारण
21604	▁मक्खी
21605	▁मनोहर
21606	▁मिस्त्रियों
21607	▁मूर्तियाँ
21608	▁रखेगी
21609	▁रचयिता
21610	▁रिहाई
21611	▁रॉ
21612	▁लाबान
21613	▁विश्वासयोग्य
21614	▁शरणनगर
21615	▁शिमी
21616	▁सज्जन
21617	▁सरकारें
21618	▁सुनवाई
21619	▁सूत्र
21620	▁स्थिरता
21621	▁स्वा
21622	▁हटाकर
21623	▁हानिकारक
21624	▁१९९८
21625	Adam
21626	Or
21627	Their
21628	User
21629	Yahweh
21630	ask
21631	flung
21632	got
21633	mate
21634	plan
21635	present
21636	ssa
21637	ui
21638	ulate
21639	गु
21640	ग्रन्ट्स
21641	ट्स
21642	तलाक़
21643	दु
21644	न्याय
21645	पित
21646	भरी
21647	मोल
21648	शाम
21649	ष्
21650	स्सर
21651	हश्र
21652	▁101
21653	▁1978
21654	▁4,000
21655	▁ABOUT
21656	▁ANY
21657	▁Abode
21658	▁Ahasuerus
21659	▁Capernaum
21660	▁Clement
21661	▁Ehud
21662	▁Ella
21663	▁Execute
21664	▁Games
21665	▁Half
21666	▁Husbands
21667	▁Judith
21668	▁Konqueror
21669	▁Meem
21670	▁Mujrim
21671	▁Nooh
21672	▁SDL
21673	▁Temporary
21674	▁Violence
21675	▁Zachariah
21676	▁annihilated
21677	▁appropriately
21678	▁breakpoint
21679	▁cholesterol
21680	▁cobra
21681	▁compose
21682	▁connecting
21683	▁disobeys
21684	▁dug
21685	▁dwells
21686	▁elephant
21687	▁films
21688	▁funny
21689	▁idolater
21690	▁indefinitely
21691	▁influential
21692	▁intensity
21693	▁mend
21694	▁obligated
21695	▁overcame
21696	▁paralyzed
21697	▁percentage
21698	▁plunged
21699	▁predictions
21700	▁pretend
21701	▁processed
21702	▁receipt
21703	▁renders
21704	▁roofs
21705	▁scorn
21706	▁sections
21707	▁segment
21708	▁senior
21709	▁solicit
21710	▁sympathetic
21711	▁treachery
21712	▁wi
21713	▁widgets
21714	▁अंतर्गत
21715	▁अंधों
21716	▁आकारः
21717	▁आन
21718	▁आवाज़ें
21719	▁इंग्लिश
21720	▁एं
21721	▁कटौती
21722	▁क़बील
21723	▁खीच
21724	▁ग़रीबों
21725	▁गैब
21726	▁घबराओ
21727	▁छोड़ती
21728	▁जन्तुओं
21729	▁जातीय
21730	▁ठप्प
21731	▁ठहराई
21732	▁डालियों
21733	▁डिक्शनरी
21734	▁तंत्रिका
21735	▁तान
21736	▁दिसम्बर
21737	▁देखीं
21738	▁दैवी
21739	▁धुंध
21740	▁नमस्ते
21741	▁नेथन
21742	▁परिन्दे
21743	▁पहुच
21744	▁पारस्प
21745	▁पियक्कड़
21746	▁पीला
21747	▁प्रतिरोध
21748	▁प्रारम्भ
21749	▁फब
21750	▁फिल्मों
21751	▁फो
21752	▁फोड़
21753	▁बदनामी
21754	▁बाईं
21755	▁बाध्यता
21756	▁बिछाया
21757	▁बॆथॆल
21758	▁बेचैनी
21759	▁ब्रायन
21760	▁मांगा
21761	▁मास
21762	▁मुरझा
21763	▁मेक
21764	▁मेज़बान
21765	▁मोहित
21766	▁यूआरआई
21767	▁रवैये
21768	▁रेड
21769	▁रोब
21770	▁लगाम
21771	▁लिखवा
21772	▁वांछित
21773	▁विद्रोही
21774	▁विनम्र
21775	▁सम्बन्धों
21776	▁सिखाएँ
21777	▁सुसंगत
21778	▁हलचल
21779	4,000
21780	537
21781	Download
21782	Good
21783	Rename
21784	Strike
21785	away
21786	kan
21787	kar
21788	keeping
21789	seconds
21790	thy
21791	ulation
21792	xi
21793	इनसे
21794	चु
21795	टिव
21796	नान
21797	बनाए
21798	बरी
21799	बिल्कुल
21800	मिटटी
21801	मिया
21802	म्बर
21803	षित
21804	सामान्य
21805	िर
21806	ैट
21807	्ति
21808	▁10.)
21809	▁79
21810	▁Align
21811	▁Antonio
21812	▁Button
21813	▁Choice
21814	▁Constantine
21815	▁Corinthian
21816	▁Decree
21817	▁Evidence
21818	▁Franz
21819	▁Going
21820	▁Judean
21821	▁Los
21822	▁Pidgin
21823	▁Proper
21824	▁Shit
21825	▁Signer
21826	▁Sum
21827	▁UP
21828	▁Used
21829	▁amass
21830	▁bountiful
21831	▁chair
21832	▁complement
21833	▁covet
21834	▁cramped
21835	▁cubit
21836	▁disobeying
21837	▁divers
21838	▁efficient
21839	▁eighty
21840	▁elaborate
21841	▁entertained
21842	▁enticed
21843	▁foreshadowed
21844	▁frightening
21845	▁hometown
21846	▁hunting
21847	▁hurried
21848	▁idolatrous
21849	▁insect
21850	▁joining
21851	▁lacks
21852	▁monster
21853	▁nurses
21854	▁panic
21855	▁pastime
21856	▁plate
21857	▁predicted
21858	▁reassured
21859	▁refuses
21860	▁resisted
21861	▁shrewd
21862	▁spur
21863	▁suckling
21864	▁sustaining
21865	▁symbolize
21866	▁terrorism
21867	▁treats
21868	▁usher
21869	▁volumes
21870	▁wandered
21871	▁watchman
21872	▁wore
21873	▁अड्डे
21874	▁अभिषिक्त
21875	▁अम्मोनी
21876	▁इब्री
21877	▁इस्त्राएली
21878	▁औपचारिक
21879	▁कहूंगा
21880	▁कॉन
21881	▁कोइ
21882	▁कोट
21883	▁कौ
21884	▁खुर
21885	▁घाना
21886	▁चिल्लाने
21887	▁चौकन्
21888	▁ज़ा
21889	▁ज़ेवर
21890	▁डालेगी
21891	▁डैनियल
21892	▁दुःखों
21893	▁दुर्घटनाओं
21894	▁धर्मत्यागियों
21895	▁ध्वज
21896	▁नीस
21897	▁पंक्तियों
21898	▁पका
21899	▁पच्चीस
21900	▁परिन्द
21901	▁पिताओ
21902	▁प्रौढ़ता
21903	▁बचाना
21904	▁बबूल
21905	▁भव्य
21906	▁मलेरिया
21907	▁मुहम्मद
21908	▁रुके
21909	▁लपट
21910	▁लौह
21911	▁वासना
21912	▁संतानों
21913	▁संरक्षण
21914	▁संस्कार
21915	▁समीक्षा
21916	▁सर्वाधिकार
21917	▁साधनों
21918	▁सिडनी
21919	▁स्टेज
21920	▁हसद
21921	▁९०
21922	Ask
21923	MAN
21924	aph
21925	break
21926	children
21927	dao
21928	final
21929	god
21930	having
21931	keeper
21932	lap
21933	nces
21934	ofs
21935	seeing
21936	speak
21937	tell
21938	write
21939	असली
21940	आबाद
21941	ईश
21942	ठाक
21943	डीए
21944	दाता
21945	पड़ा
21946	प्राण
21947	बाक़ी
21948	बिल
21949	माँ
21950	यहीं
21951	र्व
21952	लाइन
21953	वापस
21954	वास्तव
21955	सूस
21956	हरी
21957	ेए
21958	▁--------
21959	▁125
21960	▁2016
21961	▁5,000
21962	▁900
21963	▁Anything
21964	▁Bal
21965	▁Bolivia
21966	▁Civil
21967	▁Gamaliel
21968	▁Hate
21969	▁Jehoram
21970	▁Jersey
21971	▁Jon
21972	▁Lydia
21973	▁Moral
21974	▁Nile
21975	▁Past
21976	▁Pen
21977	▁Shimei
21978	▁Sit
21979	▁Thai
21980	▁adversities
21981	▁affections
21982	▁agrees
21983	▁allowance
21984	▁analysis
21985	▁bell
21986	▁bidding
21987	▁bills
21988	▁boil
21989	▁bro
21990	▁colours
21991	▁continual
21992	▁denotes
21993	▁disagreement
21994	▁disapproval
21995	▁dish
21996	▁divorces
21997	▁downloaded
21998	▁egg
21999	▁electricity
22000	▁endeavour
22001	▁entice
22002	▁fan
22003	▁foregoing
22004	▁furnished
22005	▁governors
22006	▁holes
22007	▁legends
22008	▁mastery
22009	▁medicines
22010	▁monitor
22011	▁ninety
22012	▁obediently
22013	▁partaking
22014	▁pe
22015	▁powder
22016	▁prevailing
22017	▁providers
22018	▁religiously
22019	▁rented
22020	▁rivalry
22021	▁seer
22022	▁sendmail
22023	▁shooting
22024	▁sigh
22025	▁spices
22026	▁squander
22027	▁stadium
22028	▁statues
22029	▁stresses
22030	▁threescore
22031	▁upheld
22032	▁wrathful
22033	▁wroth
22034	▁आकृति
22035	▁आपत्ति
22036	▁आशेर
22037	▁ईसाइयों
22038	▁उच्चारण
22039	▁उदाहरणार्थ
22040	▁उपजाऊ
22041	▁एड़ी
22042	▁कन्
22043	▁कर्तव्य
22044	▁कवच
22045	▁कोशिका
22046	▁खानेवाले
22047	▁खोजना
22048	▁गलौज
22049	▁गिरफ्त
22050	▁गुनहगार
22051	▁ग्रेट
22052	▁छपी
22053	▁जीर्ण
22054	▁तबदील
22055	▁तिरस्कृत
22056	▁तैर
22057	▁दंपति
22058	▁दिव्य
22059	▁पहुँचाई
22060	▁पहुँचाओ
22061	▁पिलाते
22062	▁पीटने
22063	▁पेन
22064	▁प्रोटोकाल
22065	▁प्लेन
22066	▁फ्रेंच
22067	▁बहकाने
22068	▁बाँटत
22069	▁बेईमान
22070	▁बेन
22071	▁बैंजनी
22072	▁बोते
22073	▁भेदों
22074	▁मरदू
22075	▁मारीया
22076	▁मिया
22077	▁मुद्रा
22078	▁रसायन
22079	▁लगानेवाले
22080	▁लापरवाह
22081	▁लुचपन
22082	▁वहॉ
22083	▁वाक़या
22084	▁विकल्पों
22085	▁विफलता
22086	▁व्यायाम
22087	▁संकटों
22088	▁सकत
22089	▁सनद
22090	▁सम्भाल
22091	▁सरे
22092	▁सामू
22093	▁सिखाएगा
22094	▁होगीं
22095	850
22096	Key
22097	Well
22098	gin
22099	midst
22100	minded
22101	num
22102	oo
22103	pat
22104	strong
22105	struct
22106	tern
22107	ucheth
22108	worship
22109	year
22110	ó
22111	ख़ुद
22112	डम
22113	धड़क
22114	नई
22115	भू
22116	यरी
22117	लड़के
22118	लेने
22119	वगैरह
22120	वाक़िये
22121	हक़ीक़तन
22122	ाता
22123	िस्
22124	▁1440
22125	▁8.)
22126	▁Acquainted
22127	▁Ammonites
22128	▁Arch
22129	▁Barr
22130	▁Border
22131	▁Bri
22132	▁Connector
22133	▁Denmark
22134	▁Development
22135	▁Festus
22136	▁Lest
22137	▁Lin
22138	▁Mesopotamia
22139	▁Needs
22140	▁Nepal
22141	▁Photograph
22142	▁Pick
22143	▁Police
22144	▁Prior
22145	▁RSA
22146	▁Ramah
22147	▁Skip
22148	▁Works
22149	▁adulterers
22150	▁agreeable
22151	▁attendants
22152	▁blade
22153	▁brave
22154	▁catastrophe
22155	▁clicking
22156	▁climbing
22157	▁conceive
22158	▁contention
22159	▁contentious
22160	▁continent
22161	▁cult
22162	▁curiosity
22163	▁curve
22164	▁dispatch
22165	▁displeasure
22166	▁eastward
22167	▁eloquent
22168	▁endanger
22169	▁episode
22170	▁feasts
22171	▁fifteen
22172	▁filthy
22173	▁firmness
22174	▁hospitals
22175	▁kinsman
22176	▁lodged
22177	▁margin
22178	▁mat
22179	▁nail
22180	▁nephew
22181	▁offset
22182	▁oh
22183	▁phones
22184	▁railway
22185	▁raw
22186	▁responsive
22187	▁restaurant
22188	▁retired
22189	▁roommate
22190	▁separating
22191	▁shaking
22192	▁suspended
22193	▁sware
22194	▁techniques
22195	▁tribal
22196	▁unborn
22197	▁unnoticed
22198	▁{@}
22199	▁अराबा
22200	▁आऊँगा
22201	▁आदिवासी
22202	▁आयोजक
22203	▁इति
22204	▁इनकमिंग
22205	▁इशारे
22206	▁एनक्रिप्शन
22207	▁एवज़
22208	▁काटेगा
22209	▁कुलु
22210	▁क्रियाएँ
22211	▁खदेड़
22212	▁खोखले
22213	▁चमकदार
22214	▁जलाकर
22215	▁ठहराएँ
22216	▁ताज
22217	▁नकार
22218	▁निस्
22219	▁नृत्य
22220	▁पकड़ना
22221	▁पहुँचो
22222	▁पूजने
22223	▁प्रोफाइल
22224	▁फारसी
22225	▁फार्मेट
22226	▁बढ़ेगी
22227	▁बदी
22228	▁बोझल
22229	▁भाप
22230	▁माइक
22231	▁मेलबाक्स
22232	▁रसीद
22233	▁रूपये
22234	▁लागत
22235	▁लिखीं
22236	▁लीनियर
22237	▁सपनों
22238	▁सीढ़िय
22239	▁सीधाई
22240	▁सुनाओ
22241	▁सौंपे
22242	▁स्नातक
22243	▁हटने
22244	▁हें
22245	▁होली
22246	8)
22247	Blazing
22248	NY
22249	QS
22250	based
22251	dies
22252	either
22253	ext
22254	high
22255	master
22256	nai
22257	period
22258	soul
22259	standing
22260	ured
22261	wind
22262	ç
22263	अगरचे
22264	अम्बिया
22265	इड
22266	ईमानदारों
22267	उल
22268	करने
22269	काफ़िर
22270	ख़ाक
22271	ख़ौफ
22272	ग़मग़ीन
22273	गान
22274	चूक
22275	दोज़ख़
22276	नैशनल
22277	पाई
22278	पाल
22279	पुर्स
22280	बग़ैर
22281	बारगाह
22282	मुक़र्रिब
22283	मुख़ातिब
22284	यस
22285	याजूज
22286	लिखी
22287	शिया
22288	श्रव्य
22289	सान
22290	स्ती
22291	हलाक
22292	ाईद
22293	ेबीन
22294	ेरा
22295	्टे
22296	्रिक
22297	▁102
22298	▁1928
22299	▁1937
22300	▁1973
22301	▁1976
22302	▁Ant
22303	▁Arthur
22304	▁Atonement
22305	▁Baltic
22306	▁Beer
22307	▁Bu
22308	▁Direct
22309	▁Dollar
22310	▁Dominican
22311	▁Excellent
22312	▁Former
22313	▁Fruit
22314	▁Ilah
22315	▁Joyful
22316	▁Lois
22317	▁Mailing
22318	▁Online
22319	▁Points
22320	▁Retribution
22321	▁Shemaiah
22322	▁Strike
22323	▁approachable
22324	▁authoritative
22325	▁battles
22326	▁bloody
22327	▁blot
22328	▁calculated
22329	▁cancelation
22330	▁cigarette
22331	▁commenting
22332	▁consecutive
22333	▁conspired
22334	▁consumption
22335	▁defiance
22336	▁descendant
22337	▁descending
22338	▁dirty
22339	▁dismissed
22340	▁dividing
22341	▁elect
22342	▁empower
22343	▁equitable
22344	▁estimates
22345	▁exiled
22346	▁expanding
22347	▁gap
22348	▁hairs
22349	▁infections
22350	▁invaluable
22351	▁layers
22352	▁mess
22353	▁mountainous
22354	▁offender
22355	▁overnight
22356	▁possessing
22357	▁ravage
22358	▁remorse
22359	▁rituals
22360	▁soften
22361	▁sounding
22362	▁specialist
22363	▁specifies
22364	▁spoiled
22365	▁stamp
22366	▁terminated
22367	▁textbook
22368	▁tide
22369	▁tiger
22370	▁transition
22371	▁translating
22372	▁transmission
22373	▁travail
22374	▁treacherously
22375	▁varying
22376	▁venture
22377	▁vertically
22378	▁voluntarily
22379	▁vote
22380	▁अज़ीम
22381	▁अहज्याह
22382	▁आज़ा
22383	▁आवाज़ों
22384	▁इद्दा
22385	▁उद्धारकर्त्ता
22386	▁उपफोल्डर
22387	▁उल्टा
22388	▁एख्तेलाफ
22389	▁एला
22390	▁औलादे
22391	▁कारक
22392	▁कुसूरवार
22393	▁ख़बरें
22394	▁ख़ास्तगार
22395	▁ख़िदमत
22396	▁खुराक
22397	▁खुश्क
22398	▁गछ
22399	▁गवर्नर
22400	▁चूस
22401	▁जल्लाद
22402	▁ज़ी
22403	▁टैक्स
22404	▁ट्रा
22405	▁तजाव
22406	▁तारीक
22407	▁तीरों
22408	▁दाहिना
22409	▁दुविधा
22410	▁दौड़ने
22411	▁नफस
22412	▁नफ़ा
22413	▁नमाज
22414	▁नेकों
22415	▁पाक़ीज़
22416	▁प्रेमपूर्ण
22417	▁बका
22418	▁बदगुमान
22419	▁बीबियों
22420	▁बुलाएगा
22421	▁बेख़ौफ
22422	▁भाला
22423	▁मचाते
22424	▁मतवाले
22425	▁मरतब
22426	▁मसलेहत
22427	▁मस्जिदें
22428	▁महानगर
22429	▁माजूज
22430	▁मिटाता
22431	▁मुक़ाबिल
22432	▁मुत्तलिक़
22433	▁मुनाफिक़ीन
22434	▁मुमानि
22435	▁मॆक्सिको
22436	▁यहया
22437	▁रची
22438	▁रफ्ता
22439	▁रेखाचित्र
22440	▁लज्ज़त
22441	▁लूप
22442	▁वाक
22443	▁विधर्म
22444	▁विभाजक
22445	▁व्यू
22446	▁सिफर
22447	▁सृजा
22448	▁सोमवार
22449	▁सोशल
22450	▁स्कोप
22451	▁हुक्मे
22452	23
22453	ULAR
22454	URI
22455	Wait
22456	ball
22457	called
22458	four
22459	hard
22460	mai
22461	mount
22462	ora
22463	regions
22464	suing
22465	wing
22466	आल
22467	क़सम
22468	गाह
22469	जाए
22470	जिसमें
22471	थन
22472	दंड
22473	दाद
22474	द्ध
22475	धाम
22476	पू
22477	फि
22478	बेनियाज़
22479	बॉ
22480	मल
22481	म्बा
22482	राब
22483	रेगुलर
22484	वहीं
22485	व्यक्तियों
22486	सच्चाई
22487	ूँगी
22488	ॉप
22489	ॉव
22490	▁16.)
22491	▁1932
22492	▁1936
22493	▁88
22494	▁Agent
22495	▁Capulet
22496	▁Changed
22497	▁Changing
22498	▁Deleting
22499	▁Dutch
22500	▁Edition
22501	▁Floor
22502	▁Fo
22503	▁Generate
22504	▁Glad
22505	▁Governor
22506	▁Instructor
22507	▁Keyboard
22508	▁Num
22509	▁Plugins
22510	▁Praised
22511	▁Precious
22512	▁Publishing
22513	▁RA
22514	▁Realiz
22515	▁Resist
22516	▁Resolution
22517	▁Signal
22518	▁Spool
22519	▁Square
22520	▁Sri
22521	▁Steve
22522	▁Swift
22523	▁TLS
22524	▁Teen
22525	▁Transfer
22526	▁accounting
22527	▁animosity
22528	▁approves
22529	▁arguing
22530	▁astrology
22531	▁authors
22532	▁collectors
22533	▁communicated
22534	▁cu
22535	▁develops
22536	▁encrypt
22537	▁enthusiastic
22538	▁liberty
22539	▁marketplace
22540	▁merits
22541	▁occurrences
22542	▁organizer
22543	▁postpone
22544	▁proclaimer
22545	▁prophesying
22546	▁quotations
22547	▁reared
22548	▁repeats
22549	▁sailing
22550	▁slot
22551	▁stare
22552	▁supernatural
22553	▁sweep
22554	▁swimming
22555	▁updates
22556	▁yields
22557	▁youthful
22558	▁अधि
22559	▁अनदेखे
22560	▁अमालेक
22561	▁आइलैंड
22562	▁इन्
22563	▁उतरकर
22564	▁ऑर
22565	▁ओझ
22566	▁ओहायो
22567	▁कमज़ोरों
22568	▁किरदार
22569	▁कूड़ा
22570	▁कोहरा
22571	▁क्लब
22572	▁खाओगे
22573	▁खिलाड़ियों
22574	▁खींचता
22575	▁चश्
22576	▁जबूलून
22577	▁जानकार
22578	▁जुल
22579	▁जूलियट
22580	▁तंगदस्त
22581	▁तै
22582	▁दरवाज़ों
22583	▁दर्शाई
22584	▁दिखानेवालों
22585	▁दीवाने
22586	▁दोस्ताना
22587	▁निद्रा
22588	▁पकड़ी
22589	▁फरमान
22590	▁फाड़े
22591	▁फीड
22592	▁बँट
22593	▁बचेंगे
22594	▁बन्दर
22595	▁बुखार
22596	▁बेनाम
22597	▁मजलिस
22598	▁मठ
22599	▁मस्ज़िद
22600	▁माननेवाला
22601	▁मुक़ा
22602	▁मॉर
22603	▁मोआबी
22604	▁रन
22605	▁रिसोर्स
22606	▁शब्दावली
22607	▁षड्यंत्र
22608	▁सतत
22609	▁सत्यवादी
22610	▁सहेली
22611	▁सॉ
22612	▁हस्तलिपि
22613	Cancel
22614	IP
22615	\-
22616	atory
22617	door
22618	evolution
22619	hur
22620	ky
22621	lie
22622	lz
22623	mat
22624	night
22625	opyright
22626	phe
22627	reward
22628	source
22629	tro
22630	इयाँ
22631	क्रा
22632	तरफ
22633	नाक
22634	न्ग
22635	प्रशंसा
22636	बेकार
22637	म्म
22638	रोम
22639	र्रर
22640	लॉ
22641	ल्फ
22642	शु
22643	ाइए
22644	ाधिकार
22645	ैक
22646	ौन
22647	्ध
22648	्यूट
22649	▁(0
22650	▁1979
22651	▁37,
22652	▁Army
22653	▁Attribute
22654	▁Backend
22655	▁Benaiah
22656	▁Bin
22657	▁Case
22658	▁Cur
22659	▁Direction
22660	▁Ed
22661	▁Eliphaz
22662	▁Eternity
22663	▁Expression
22664	▁Hades
22665	▁Harun
22666	▁Marie
22667	▁Option
22668	▁Stress
22669	▁Supported
22670	▁Tertullian
22671	▁Widgets
22672	▁accommodations
22673	▁administered
22674	▁bargain
22675	▁calleth
22676	▁combine
22677	▁complet
22678	▁consulted
22679	▁contemptible
22680	▁coupon
22681	▁decked
22682	▁defied
22683	▁discourses
22684	▁dismayed
22685	▁distances
22686	▁fastened
22687	▁fervent
22688	▁flu
22689	▁forsook
22690	▁hearkened
22691	▁incentive
22692	▁jar
22693	▁ji
22694	▁locust
22695	▁loosed
22696	▁mask
22697	▁maximize
22698	▁mercifully
22699	▁mingled
22700	▁monstrous
22701	▁nurture
22702	▁recitation
22703	▁renew
22704	▁renowned
22705	▁settling
22706	▁spit
22707	▁suite
22708	▁sweat
22709	▁tissue
22710	▁uncovered
22711	▁untruth
22712	▁vindication
22713	▁violation
22714	▁अधर्मियों
22715	▁अलगाव
22716	▁इक
22717	▁उठनेवाल
22718	▁उतरो
22719	▁ओल
22720	▁कमीने
22721	▁कसर
22722	▁किलोग्राम
22723	▁कुप्रुस
22724	▁कैलेण्डर
22725	▁खलिहान
22726	▁गुणी
22727	▁घुड़सवार
22728	▁घुल
22729	▁चेकसम
22730	▁छुपे
22731	▁जोह
22732	▁टोक्यो
22733	▁तकनीकी
22734	▁तजुरबा
22735	▁तड़पा
22736	▁त्योहारों
22737	▁दबी
22738	▁दिक्कत
22739	▁नप्ताली
22740	▁नरसिंगे
22741	▁नाराज़गी
22742	▁निपटाने
22743	▁पकाने
22744	▁पापमय
22745	▁पीछ
22746	▁प्रतिनिधियों
22747	▁फँसे
22748	▁फेरें
22749	▁बजाना
22750	▁बनाऊंगा
22751	▁बहते
22752	▁बहार
22753	▁बुर
22754	▁भूकम्प
22755	▁महसू
22756	▁माया
22757	▁मुक़
22758	▁यहोयाकीम
22759	▁याददाश्
22760	▁रेस
22761	▁विजेता
22762	▁शर
22763	▁शाखाओं
22764	▁शोध
22765	▁सर्वेक्षण
22766	▁साया
22767	▁सींच
22768	▁सोहबत
22769	▁हेर
22770	Appl
22771	CR
22772	LAR
22773	Love
22774	cited
22775	eh
22776	fr
22777	kill
22778	lines
22779	oogle
22780	pious
22781	point
22782	pti
22783	rist
22784	sses
22785	una
22786	ऊपर
22787	क्षमा
22788	डन
22789	धा
22790	न्दी
22791	प्रकाश
22792	फिरे
22793	मुझसे
22794	राई
22795	राह
22796	रेन
22797	विनाश
22798	साल
22799	स्क्रीन
22800	ाइज
22801	ाते
22802	ात्मा
22803	ॊ
22804	५०
22805	▁1967
22806	▁Alt
22807	▁Bcc
22808	▁Bob
22809	▁Computer
22810	▁Courage
22811	▁Delegate
22812	▁Ecuador
22813	▁Effects
22814	▁Fahrenheit
22815	▁Form
22816	▁Gaius
22817	▁Hol
22818	▁Hungary
22819	▁Lost
22820	▁Myanmar
22821	▁Origen
22822	▁Patterson
22823	▁Popup
22824	▁Protestants
22825	▁Question
22826	▁Reason
22827	▁Wow
22828	▁Zambia
22829	▁afore
22830	▁anticipate
22831	▁ascertain
22832	▁beset
22833	▁blaze
22834	▁cakes
22835	▁cancelled
22836	▁checksum
22837	▁chests
22838	▁circulation
22839	▁consciences
22840	▁creators
22841	▁culprits
22842	▁detected
22843	▁employee
22844	▁enlarged
22845	▁exultation
22846	▁hook
22847	▁identification
22848	▁knocking
22849	▁logs
22850	▁matches
22851	▁missiles
22852	▁mu
22853	▁omen
22854	▁peacefully
22855	▁philosophers
22856	▁physicians
22857	▁possibilities
22858	▁preparations
22859	▁psychological
22860	▁relaxed
22861	▁restricts
22862	▁rode
22863	▁ru
22864	▁sever
22865	▁sparrows
22866	▁steep
22867	▁sunlight
22868	▁tactfully
22869	▁tempting
22870	▁treasured
22871	▁worries
22872	▁अजनबियों
22873	▁अन्यायी
22874	▁अपर्याप्त
22875	▁आल
22876	▁इनबाक्स
22877	▁उँगली
22878	▁उड़त
22879	▁उतरता
22880	▁एलार्म
22881	▁कच्चा
22882	▁कमान
22883	▁कहलाया
22884	▁काई
22885	▁काल्पनिक
22886	▁खींचकर
22887	▁खोदकर
22888	▁गर्भाशय
22889	▁चलनेवाला
22890	▁जज
22891	▁झूठों
22892	▁झेलने
22893	▁टहनिय
22894	▁टिकी
22895	▁टिम
22896	▁टीबी
22897	▁डूबा
22898	▁दशमलव
22899	▁नारी
22900	▁नून
22901	▁पेचीदा
22902	▁बकरे
22903	▁बटोरने
22904	▁बढ़ई
22905	▁बहरा
22906	▁बिछ
22907	▁भोगने
22908	▁मुस्कुरा
22909	▁मुहल्ल
22910	▁मौलिक
22911	▁यंग
22912	▁योजनाओं
22913	▁रंगीन
22914	▁विचलित
22915	▁संदिग्ध
22916	▁सहानुभूति
22917	▁सान
22918	▁सेवाएँ
22919	▁सोची
22920	▁हत्यारा
22921	▁६६
22922	46
22923	58
22924	65
22925	Greek
22926	Iqamat
22927	Son
22928	Was
22929	ami
22930	conf
22931	draw
22932	fall
22933	ines
22934	lad
22935	nkÖÖ
22936	oma
22937	proof
22938	punishment
22939	pur
22940	server
22941	shall
22942	sia
22943	unk
22944	खो
22945	घात
22946	धारी
22947	फिरते
22948	महा
22949	शक्
22950	हाल
22951	ाऊंगा
22952	िकल
22953	िटी
22954	्सन
22955	▁02
22956	▁44;
22957	▁Anne
22958	▁Appreciate
22959	▁Behavior
22960	▁Cost
22961	▁Designer
22962	▁Deut
22963	▁Exist
22964	▁Felix
22965	▁Fields
22966	▁Fingerprint
22967	▁Grid
22968	▁Hundreds
22969	▁Hy
22970	▁Independent
22971	▁Ker
22972	▁Late
22973	▁Loyal
22974	▁Meaning
22975	▁Medi
22976	▁Mephibosheth
22977	▁Nethinim
22978	▁Olives
22979	▁PARTI
22980	▁Panos
22981	▁Quebec
22982	▁Scientist
22983	▁Seeking
22984	▁Unity
22985	▁Wherein
22986	▁apology
22987	▁aroused
22988	▁bloodguilt
22989	▁canopy
22990	▁clearer
22991	▁clever
22992	▁coals
22993	▁contemplating
22994	▁corrupters
22995	▁corrupting
22996	▁customers
22997	▁deter
22998	▁diminished
22999	▁disciplined
23000	▁displease
23001	▁distractions
23002	▁endeavored
23003	▁essentially
23004	▁explicit
23005	▁faultless
23006	▁genes
23007	▁heartache
23008	▁hug
23009	▁insane
23010	▁landing
23011	▁linger
23012	▁magnitude
23013	▁mails
23014	▁manifold
23015	▁neglectful
23016	▁pleaseth
23017	▁reassurance
23018	▁reprieved
23019	▁reproached
23020	▁reproduce
23021	▁reproved
23022	▁retaliation
23023	▁safer
23024	▁sal
23025	▁salutation
23026	▁sentences
23027	▁seriousness
23028	▁signing
23029	▁simplify
23030	▁sobering
23031	▁superstitious
23032	▁treatments
23033	▁troop
23034	▁trunks
23035	▁whirlwind
23036	▁yearning
23037	▁अधिकाधिक
23038	▁अन्तर्दृष्टि
23039	▁अपरिभाषित
23040	▁इंटर
23041	▁उगल
23042	▁कं
23043	▁करवायी
23044	▁कर्त्ता
23045	▁क़तार
23046	▁क़दरदानी
23047	▁गन्
23048	▁ग्राम
23049	▁घिनौना
23050	▁जाननेवाले
23051	▁जोड़कर
23052	▁टेलिफोन
23053	▁ठहरेगी
23054	▁डिक
23055	▁तम्
23056	▁तैनात
23057	▁दुबली
23058	▁धारणाएँ
23059	▁निर्बुद्धि
23060	▁निष्प
23061	▁पूल
23062	▁प्याला
23063	▁बाग़ो
23064	▁बिटरेट
23065	▁मनभावने
23066	▁मलावी
23067	▁माली
23068	▁मिलाए
23069	▁मैल
23070	▁रईस
23071	▁रोजी
23072	▁लॆ
23073	▁लोथड़
23074	▁शी
23075	▁शोषण
23076	▁संशोधित
23077	▁सदिश
23078	▁सिंक
23079	▁सुन्दरता
23080	▁सुला
23081	▁हत्यारे
23082	▁हमात
23083	-_
23084	Ctrl
23085	Hear
23086	Hebrew
23087	PART
23088	ROM
23089	SA
23090	Ukrainian
23091	Unsubscribe
23092	another
23093	arious
23094	lem
23095	wrong
23096	ंकाल
23097	कहते
23098	ख़ाना
23099	तत्वदर्शिता
23100	दुआ
23101	द्वैत
23102	धड़
23103	न्डा
23104	पद
23105	फर
23106	फू
23107	बैक
23108	मनुष्यों
23109	युवा
23110	र्प
23111	स्टा
23112	ाद
23113	ॉर
23114	▁12.)
23115	▁13.)
23116	▁160
23117	▁Apart
23118	▁Camp
23119	▁Catalog
23120	▁Different
23121	▁Du
23122	▁Enough
23123	▁Eric
23124	▁Hail
23125	▁Inter
23126	▁Mic
23127	▁Miscellaneous
23128	▁Mrs
23129	▁OUR
23130	▁Obadiah
23131	▁PATH
23132	▁Persians
23133	▁RSVP
23134	▁Sandra
23135	▁Saved
23136	▁Sennacherib
23137	▁Shell
23138	▁Treat
23139	▁Zeus
23140	▁anon
23141	▁appreciatively
23142	▁asset
23143	▁bat
23144	▁begging
23145	▁brink
23146	▁chronicles
23147	▁concepts
23148	▁confederates
23149	▁craft
23150	▁deceiving
23151	▁demonic
23152	▁deserted
23153	▁differs
23154	▁drain
23155	▁employers
23156	▁erred
23157	▁fearlessly
23158	▁fervently
23159	▁findings
23160	▁incomplete
23161	▁journalist
23162	▁knocked
23163	▁manifesting
23164	▁mechanism
23165	▁memorable
23166	▁mi
23167	▁models
23168	▁nerve
23169	▁obscure
23170	▁oversee
23171	▁pale
23172	▁parting
23173	▁quota
23174	▁quotes
23175	▁refreshed
23176	▁rehearse
23177	▁rub
23178	▁shipwreck
23179	▁shook
23180	▁stairs
23181	▁sticks
23182	▁submits
23183	▁suckle
23184	▁temperatures
23185	▁tires
23186	▁tourists
23187	▁trains
23188	▁tube
23189	▁vigorous
23190	▁visibility
23191	▁volunteered
23192	▁अक
23193	▁अकेलापन
23194	▁अग्रसारित
23195	▁अतिक्रमण
23196	▁अनुवादकों
23197	▁आकाशमण्डल
23198	▁आगत
23199	▁आफत
23200	▁इज़हार
23201	▁उमरा
23202	▁उम्मीदवार
23203	▁कल्पनाएं
23204	▁कहलाए
23205	▁क़िस्से
23206	▁कुरि
23207	▁खोजकर्ता
23208	▁खोट
23209	▁गलातिय
23210	▁गिरावट
23211	▁गुणग्राहक
23212	▁चातापी
23213	▁जलकर
23214	▁जलवायु
23215	▁टुकड़ों
23216	▁डो
23217	▁तश्तरी
23218	▁तोड़ते
23219	▁दम्पति
23220	▁द्वारों
23221	▁निःस्वार्थ
23222	▁निष्पक्षता
23223	▁पहनना
23224	▁प्
23225	▁फेंको
23226	▁फॉर
23227	▁बँधे
23228	▁बंधुओ
23229	▁बाँटी
23230	▁बांध
23231	▁बीचों
23232	▁महर
23233	▁मह्र
23234	▁मिस्पा
23235	▁रंगः
23236	▁रचनाओं
23237	▁शक्तिमान
23238	▁सीखो
23239	▁हवस
23240	▁होठों
23241	0.0
23242	77
23243	Close
23244	King
23245	Prostrate
23246	Start
23247	bility
23248	dpi
23249	iko
23250	lier
23251	ml
23252	requiring
23253	rest
23254	thi
23255	कॉ
23256	खुशी
23257	जिन्हें
23258	डिया
23259	ताग़ूत
23260	दन
23261	मतलब
23262	यूसुफ़
23263	शास्त्रीय
23264	सिद्ध
23265	स्पष्ट
23266	हत
23267	ॆक
23268	ेटर
23269	ोना
23270	▁(0)
23271	▁17.)
23272	▁Anton
23273	▁CalDAV
23274	▁Company
23275	▁Critical
23276	▁Delay
23277	▁Divorce
23278	▁Fifth
23279	▁Kim
23280	▁Kohath
23281	▁Meditat
23282	▁Mishnah
23283	▁OS
23284	▁Scripturally
23285	▁TRUE
23286	▁WebDAV
23287	▁Zi
23288	▁academic
23289	▁altitude
23290	▁betrayal
23291	▁builder
23292	▁cloak
23293	▁competitive
23294	▁constancy
23295	▁crowded
23296	▁demonstrating
23297	▁disables
23298	▁disagreements
23299	▁dishonesty
23300	▁downloads
23301	▁erase
23302	▁flexible
23303	▁graciously
23304	▁haughtiness
23305	▁hero
23306	▁honourably
23307	▁hurts
23308	▁imparts
23309	▁impel
23310	▁importer
23311	▁inadequate
23312	▁indulgence
23313	▁injuries
23314	▁ivory
23315	▁mounted
23316	▁narrate
23317	▁obscene
23318	▁persistence
23319	▁portray
23320	▁puzzle
23321	▁quails
23322	▁radiation
23323	▁relent
23324	▁reload
23325	▁scores
23326	▁sheets
23327	▁similitudes
23328	▁sting
23329	▁straightforward
23330	▁strings
23331	▁suspect
23332	▁sustains
23333	▁tense
23334	▁townships
23335	▁travels
23336	▁twin
23337	▁unlock
23338	▁unwanted
23339	▁veils
23340	▁waver
23341	▁witch
23342	▁अभिव्यक्ति
23343	▁अवहेलना
23344	▁एजेंट
23345	▁एब
23346	▁एहूद
23347	▁क्षयर्ष
23348	▁गहन
23349	▁गार्ड
23350	▁गीली
23351	▁चिपक
23352	▁जिगर
23353	▁जोशीला
23354	▁ट्
23355	▁ठहराऊंगा
23356	▁डराया
23357	▁तलवारें
23358	▁धारी
23359	▁पलटेंगे
23360	▁पहुचा
23361	▁पूँजी
23362	▁पेर
23363	▁प्ले
23364	▁बड्डी
23365	▁बनवाना
23366	▁बहिष्कार
23367	▁बित्त
23368	▁बेशकीमती
23369	▁बै
23370	▁भक्ति
23371	▁भूलता
23372	▁भेजूंगा
23373	▁महाद्वीप
23374	▁मास्क
23375	▁मैदानों
23376	▁मॉनीटर
23377	▁यातायात
23378	▁यूल
23379	▁रहन
23380	▁रेगिस्तान
23381	▁रोगों
23382	▁लुट
23383	▁शार्क
23384	▁सत्कर्म
23385	▁साइ
23386	▁सेवर
23387	▁होड़
23388	▁२००
23389	ABILITY
23390	HAN
23391	Seer
23392	always
23393	default
23394	ech
23395	face
23396	hon
23397	ppointment
23398	rg
23399	toolbar
23400	unch
23401	कुल
23402	जिसका
23403	टिंग
23404	डीपीआई
23405	ध्य
23406	नकों
23407	नूह
23408	बॉक्स
23409	मसीही
23410	वास
23411	ाइल
23412	ामा
23413	िय्याह
23414	ुफ़
23415	ॉक्स
23416	्स्
23417	▁(%2)
23418	▁41:
23419	▁74
23420	▁Card
23421	▁Compress
23422	▁Favor
23423	▁Flee
23424	▁Globe
23425	▁Gr
23426	▁Hardly
23427	▁Okja
23428	▁Ph
23429	▁Planning
23430	▁Poor
23431	▁Pr
23432	▁Romeo
23433	▁SS
23434	▁Sharing
23435	▁Underline
23436	▁Unfortunately
23437	▁Values
23438	▁advertise
23439	▁afflicts
23440	▁becometh
23441	▁blaming
23442	▁blanket
23443	▁borrow
23444	▁bud
23445	▁cigarettes
23446	▁classroom
23447	▁conspiracy
23448	▁deck
23449	▁defect
23450	▁designer
23451	▁dissension
23452	▁distinctive
23453	▁earnings
23454	▁eleven
23455	▁escapes
23456	▁exposing
23457	▁fantasies
23458	▁fired
23459	▁fornicators
23460	▁founding
23461	▁frustrating
23462	▁groom
23463	▁headlong
23464	▁horizontally
23465	▁id
23466	▁ills
23467	▁indifference
23468	▁interpreted
23469	▁museum
23470	▁occasional
23471	▁particles
23472	▁pastor
23473	▁pig
23474	▁pilgrims
23475	▁poisonous
23476	▁prestige
23477	▁prophethood
23478	▁remainder
23479	▁repose
23480	▁requesting
23481	▁rice
23482	▁slightly
23483	▁stripes
23484	▁technical
23485	▁tithe
23486	▁unrealistic
23487	▁warrior
23488	▁weekend
23489	▁wheelchair
23490	▁अंतर्ग्रस्त
23491	▁अनर्थकार
23492	▁अपंग
23493	▁अर्पित
23494	▁अलौकिक
23495	▁आकर्षण
23496	▁आज़माए
23497	▁आतंकवादी
23498	▁उतारे
23499	▁ऊंट
23500	▁ऑटो
23501	▁ओढ़ना
23502	▁ओवर
23503	▁कमियों
23504	▁कमेटी
23505	▁कलेजे
23506	▁क़िस्मः
23507	▁खरीदा
23508	▁गाढ़ा
23509	▁ग्रेजुएट
23510	▁घोल
23511	▁चढ़ता
23512	▁जवानो
23513	▁जूझना
23514	▁टीचरों
23515	▁ढ़ा
23516	▁दिखाऊँगा
23517	▁धावा
23518	▁धीमे
23519	▁पदचिह्न
23520	▁परिधान
23521	▁पाँचवी
23522	▁प्रलोभ
23523	▁प्रस्तुति
23524	▁फिद
23525	▁फिसल
23526	▁बन्धुआ
23527	▁बुझ
23528	▁बुलाना
23529	▁ब्र
23530	▁मार्था
23531	▁रीतियों
23532	▁रूक
23533	▁वर्गीकृत
23534	▁साये
23535	▁सुंदरता
23536	▁सूर्योदय
23537	▁सेटिंग्स
23538	▁सेवाओं
23539	▁स्टीव
23540	▁स्पैम
23541	▁हटाएं
23542	▁हडि्डय
23543	38
23544	Format
23545	Junk
23546	LSO
23547	Port
23548	Pro
23549	aught
23550	cle
23551	hath
23552	laudable
23553	race
23554	range
23555	servant
23556	sound
23557	tti
23558	would
23559	अशेरा
23560	कैसे
23561	दाऊद
23562	बिना
23563	लस
23564	ल्क
23565	्टो
23566	▁1934
23567	▁50%
23568	▁Abishai
23569	▁Arab
23570	▁Artaxerxes
23571	▁Artist
23572	▁Attitude
23573	▁Battle
23574	▁Camera
23575	▁Captain
23576	▁Coping
23577	▁Dar
23578	▁Del
23579	▁Dennis
23580	▁Dover
23581	▁Easter
23582	▁Eunice
23583	▁Georgia
23584	▁Guinea
23585	▁Languages
23586	▁Lanka
23587	▁Maintainer
23588	▁Nice
23589	▁Oriental
23590	▁Pattern
23591	▁Pioneer
23592	▁Pop
23593	▁Resize
23594	▁Significant
23595	▁TH
23596	▁WRITE
23597	▁Woman
23598	▁ambitious
23599	▁beareth
23600	▁boring
23601	▁calumny
23602	▁celebrating
23603	▁clergyman
23604	▁collector
23605	▁colorful
23606	▁commendable
23607	▁consumer
23608	▁criticized
23609	▁dentist
23610	▁devouring
23611	▁embraces
23612	▁emigrate
23613	▁exited
23614	▁fables
23615	▁glorifying
23616	▁grades
23617	▁grasped
23618	▁hap
23619	▁interview
23620	▁partnership
23621	▁persists
23622	▁personnel
23623	▁presumptuous
23624	▁provoking
23625	▁rebuilding
23626	▁remarked
23627	▁resize
23628	▁ridiculers
23629	▁sensed
23630	▁slide
23631	▁sober
23632	▁solitary
23633	▁stratagem
23634	▁surah
23635	▁threshing
23636	▁tumor
23637	▁vein
23638	▁warming
23639	▁wire
23640	▁wonderfully
23641	▁{2}
23642	▁अनुग्रहकारी
23643	▁अपनाएँ
23644	▁अव्वल
23645	▁अहेर
23646	▁आहट
23647	▁एव
23648	▁कटु
23649	▁कायापलट
23650	▁किस्मत
23651	▁क्रे
23652	▁गू
23653	▁चरवाही
23654	▁चलाकर
23655	▁चाहनेवाले
23656	▁छूटने
23657	▁जीवों
23658	▁जूम
23659	▁ज्योतिष
23660	▁झु
23661	▁टाला
23662	▁टिप्पणियाँ
23663	▁डाँट
23664	▁डालीं
23665	▁तस्वीरें
23666	▁तहे
23667	▁थॉमस
23668	▁दस्ती
23669	▁दार
23670	▁नाके
23671	▁निर्ग
23672	▁निर्देशों
23673	▁पंजीकृत
23674	▁पंद्रह
23675	▁पायलट
23676	▁पाले
23677	▁प्रस्तुतीकरण
23678	▁प्लस
23679	▁फँदे
23680	▁फन्दा
23681	▁फिलेमोन
23682	▁फूला
23683	▁फ्रैंक
23684	▁बहाव
23685	▁बाँटा
23686	▁बांझ
23687	▁बारीकी
23688	▁बाल्टिक
23689	▁बिज़नेस
23690	▁बिताता
23691	▁बूढ़ों
23692	▁बेइज़्ज़ती
23693	▁मरनेवाले
23694	▁माज़
23695	▁मारेगा
23696	▁मुकद्दमा
23697	▁मेघ
23698	▁मेह
23699	▁यि
23700	▁रुपया
23701	▁विक्टोरिया
23702	▁विस्तारित
23703	▁विस्मित
23704	▁वेल्स
23705	▁सिग्नल
23706	▁सुखा
23707	▁१९१८
23708	GB
23709	John
23710	TC
23711	city
23712	folder
23713	forward
23714	ges
23715	oid
23716	ré
23717	seeming
23718	shed
23719	went
23720	अना
23721	इं
23722	गेट
23723	टेड
23724	नाश
23725	प्रार्थना
23726	फ़रक़
23727	बदले
23728	मज़ा
23729	यूं
23730	लाओ
23731	ाल
23732	ुप
23733	ेंज
23734	▁.--
23735	▁1977
23736	▁2002,
23737	▁Abort
23738	▁Amalekites
23739	▁Around
23740	▁Board
23741	▁Certificates
23742	▁Chris
23743	▁Deleted
23744	▁Domain
23745	▁Easy
23746	▁Edward
23747	▁Examine
23748	▁Leah
23749	▁MANY
23750	▁Medes
23751	▁Mountains
23752	▁PEOPLE
23753	▁PETER
23754	▁Potent
23755	▁Protect
23756	▁Reject
23757	▁Rico
23758	▁Sets
23759	▁Soul
23760	▁Topic
23761	▁Twenty
23762	▁Zerubbabel
23763	▁afflictions
23764	▁artist
23765	▁attaining
23766	▁bases
23767	▁betw
23768	▁boards
23769	▁cake
23770	▁calmly
23771	▁chaos
23772	▁compulsory
23773	▁conveys
23774	▁creep
23775	▁dung
23776	▁eminent
23777	▁enforce
23778	▁extinction
23779	▁failures
23780	▁fortress
23781	▁ghost
23782	▁graphic
23783	▁grudge
23784	▁hygiene
23785	▁illustrious
23786	▁improvements
23787	▁institution
23788	▁internet
23789	▁invocation
23790	▁jet
23791	▁lag
23792	▁lazy
23793	▁motivating
23794	▁muscles
23795	▁nut
23796	▁onlookers
23797	▁persecutors
23798	▁plentiful
23799	▁proceeds
23800	▁provider
23801	▁quoting
23802	▁rectitude
23803	▁repetition
23804	▁restrict
23805	▁seekers
23806	▁sidebar
23807	▁stem
23808	▁storms
23809	▁sway
23810	▁swing
23811	▁uncomfortable
23812	▁viewer
23813	▁wit
23814	▁अदल
23815	▁अनुप्रयोगों
23816	▁अपरिपूर्णता
23817	▁अरामियों
23818	▁अस्त्र
23819	▁आँक
23820	▁उकसा
23821	▁उगाए
23822	▁उत्तेजक
23823	▁उत्पात
23824	▁एक्सटेंशन
23825	▁कनेक्टेड
23826	▁करायी
23827	▁कहेगी
23828	▁काटना
23829	▁क्रमबद्ध
23830	▁खाड़ी
23831	▁खींचें
23832	▁ग्नोम
23833	▁घबराए
23834	▁चलोगे
23835	▁छु
23836	▁जाँचना
23837	▁टकरा
23838	▁डिवाइस
23839	▁तरी
23840	▁त्यागकर
23841	▁नाखुश
23842	▁पढ़ती
23843	▁पदचिन्ह
23844	▁पहियों
23845	▁पुस्तकालय
23846	▁प्रणाम
23847	▁प्रेज़ीडेंट
23848	▁बिन्यामीनियों
23849	▁बेरोज़गारी
23850	▁मल्टी
23851	▁महंगी
23852	▁मायूसी
23853	▁मीठे
23854	▁याजकवर्ग
23855	▁यूनि
23856	▁रोशन
23857	▁लेडी
23858	▁लैटिन
23859	▁विंसेंट
23860	▁शमायाह
23861	▁शिकन
23862	▁शू
23863	▁सॆल
23864	▁हफ़्ते
23865	▁हस्ताक्षरकर्ता
23866	▁हार्ड
23867	**
23868	GRUNTS
23869	ME
23870	NE
23871	cause
23872	consider
23873	greece
23874	hou
23875	image
23876	rk
23877	एफ़
23878	छा
23879	ज़ार
23880	ज्
23881	टै
23882	डि्डयां
23883	दानी
23884	न्द
23885	बीच
23886	मनी
23887	शान
23888	सबके
23889	सहमति
23890	सिर
23891	सिल
23892	सिस
23893	हमसे
23894	ुल्के
23895	▁("%
23896	▁15.)
23897	▁1900
23898	▁1989,
23899	▁2017
23900	▁38,
23901	▁Belshazzar
23902	▁Contains
23903	▁Discipline
23904	▁Documentation
23905	▁Duration
23906	▁Elkanah
23907	▁Ellen
23908	▁Engine
23909	▁Extra
23910	▁Factor
23911	▁Failure
23912	▁Feel
23913	▁Finish
23914	▁Hellfire
23915	▁Ice
23916	▁Issuer
23917	▁MERCHAN
23918	▁Monitor
23919	▁Mozambique
23920	▁NN
23921	▁Outbox
23922	▁Para
23923	▁Potiphar
23924	▁Property
23925	▁ROME
23926	▁Register
23927	▁Same
23928	▁Slave
23929	▁Thursday
23930	▁Torment
23931	▁Vo
23932	▁ally
23933	▁ascension
23934	▁asserted
23935	▁astonishment
23936	▁attainment
23937	▁attentively
23938	▁aunt
23939	▁barriers
23940	▁bubble
23941	▁characterize
23942	▁cherubs
23943	▁complaining
23944	▁comprehension
23945	▁confrontation
23946	▁degradation
23947	▁deviation
23948	▁disagreed
23949	▁disciplining
23950	▁dutiful
23951	▁edict
23952	▁enlightened
23953	▁enrolled
23954	▁explosion
23955	▁filth
23956	▁forbidding
23957	▁gesture
23958	▁gradual
23959	▁informal
23960	▁inordinate
23961	▁insecure
23962	▁intriguing
23963	▁invention
23964	▁java
23965	▁lamentation
23966	▁mines
23967	▁myth
23968	▁nationalism
23969	▁ornament
23970	▁overshadow
23971	▁pastures
23972	▁pp
23973	▁sepulchre
23974	▁shader
23975	▁shortage
23976	▁shorter
23977	▁showy
23978	▁skillfully
23979	▁speechless
23980	▁stab
23981	▁steadily
23982	▁supervision
23983	▁sympathy
23984	▁tillage
23985	▁unsubscribe
23986	▁unwholesome
23987	▁vent
23988	▁vindicate
23989	▁wasting
23990	▁अंतर्
23991	▁अनगिन
23992	▁अब्र
23993	▁अशुठ्ठ
23994	▁आतंकवाद
23995	▁आपरेशन
23996	▁इस्करियोती
23997	▁उपभोग
23998	▁उलझा
23999	▁कक्षों
24000	▁कटे
24001	▁कबूतर
24002	▁कर्त्तव्य
24003	▁क्वालिटी
24004	▁ख़तरों
24005	▁खातों
24006	▁चींटी
24007	▁जिंदगी
24008	▁जीनेवाले
24009	▁झलकती
24010	▁ट्रैफ
24011	▁डॆ
24012	▁तत्वज्ञान
24013	▁तानाशाह
24014	▁थलग
24015	▁थैली
24016	▁दर्शक
24017	▁परस्त्रीगमन
24018	▁पाऊँगा
24019	▁पिसे
24020	▁पुत्री
24021	▁पुस्तचिह्न
24022	▁प्रिस्किल्ला
24023	▁प्लेट
24024	▁फटने
24025	▁फरोख्त
24026	▁फूलता
24027	▁फैशन
24028	▁बढ़ायी
24029	▁बसाए
24030	▁बोए
24031	▁ब्लड
24032	▁भण्डारी
24033	▁मणि
24034	▁माइक्रो
24035	▁माग
24036	▁मुना
24037	▁यूआईडी
24038	▁रेपोसिटरी
24039	▁लेषण
24040	▁लौटता
24041	▁विनाशकार
24042	▁व्यापारियों
24043	▁शेषवर्ग
24044	▁सफाया
24045	▁सिक्के
24046	▁सुझाया
24047	▁हटायें
24048	▁हारे
24049	=\\\\{@}
24050	ARRAN
24051	ATE
24052	AV
24053	Country
24054	Enjoy
24055	ITNESS
24056	Java
24057	LING
24058	LL
24059	MENT
24060	OS
24061	Qur
24062	Saying
24063	TNE
24064	alban
24065	angel
24066	cat
24067	count
24068	formed
24069	gular
24070	lies
24071	nim
24072	rM
24073	rajeshkajha
24074	ras
24075	sacred
24076	shell
24077	ukrain
24078	xt
24079	ē
24080	अक्ष
24081	ईद
24082	क्व
24083	ख़ी
24084	खेल
24085	च्च
24086	ज़ाद
24087	दि
24088	नम्र
24089	प्रवेश
24090	फ़र
24091	मज़ाक
24092	माइल
24093	मैदान
24094	ल्ली
24095	स्का
24096	ुओं
24097	्रॉ
24098	्वा
24099	▁14.)
24100	▁3.)
24101	▁9.)
24102	▁Article
24103	▁Behind
24104	▁Calculate
24105	▁Cameron
24106	▁Codex
24107	▁Congo
24108	▁Design
24109	▁Gestapo
24110	▁Grow
24111	▁Initially
24112	▁Internal
24113	▁Learned
24114	▁Mental
24115	▁OR
24116	▁Obed
24117	▁Offer
24118	▁Perform
24119	▁Peru
24120	▁Private
24121	▁Rate
24122	▁Reference
24123	▁Results
24124	▁Reward
24125	▁Rotation
24126	▁Seir
24127	▁Storm
24128	▁Thess
24129	▁Variable
24130	▁archaeological
24131	▁bowels
24132	▁brown
24133	▁calamitous
24134	▁chaff
24135	▁degrading
24136	▁deluge
24137	▁disturb
24138	▁encyclopedia
24139	▁envoys
24140	▁escaping
24141	▁frank
24142	▁grid
24143	▁humbling
24144	▁humor
24145	▁ignominy
24146	▁immersed
24147	▁initiated
24148	▁leaning
24149	▁logic
24150	▁magnified
24151	▁negligent
24152	▁plowshares
24153	▁proposal
24154	▁redistribute
24155	▁resistant
24156	▁reverential
24157	▁saddened
24158	▁scream
24159	▁spots
24160	▁sums
24161	▁sung
24162	▁swell
24163	▁throng
24164	▁tips
24165	▁tithes
24166	▁tolerant
24167	▁und
24168	▁ungodliness
24169	▁urban
24170	▁ve
24171	▁widen
24172	▁winners
24173	▁withdrawn
24174	▁woods
24175	▁अनपढ़
24176	▁अप्रसन्न
24177	▁इक्
24178	▁इश्माएल
24179	▁उठायी
24180	▁उन्मुख
24181	▁ओले
24182	▁कंट्रास्ट
24183	▁कटा
24184	▁कटी
24185	▁करियर
24186	▁किरण
24187	▁खतनारहित
24188	▁खोए
24189	▁खोद
24190	▁गुज़री
24191	▁गुथ
24192	▁घिन
24193	▁चर्बी
24194	▁चह
24195	▁चिन्ताओं
24196	▁जरिए
24197	▁ज़रूरतमंदों
24198	▁ज़ो
24199	▁टापू
24200	▁टेस्ट
24201	▁डाउनलोड्स
24202	▁डॉक
24203	▁ताजा
24204	▁देवियों
24205	▁नवम्बर
24206	▁निभाता
24207	▁पड़ेंगी
24208	▁पायें
24209	▁पावर
24210	▁पिघले
24211	▁पीओ
24212	▁फॅस
24213	▁बाई
24214	▁बारियों
24215	▁बाली
24216	▁बुलाएँगे
24217	▁बेचार
24218	▁ब्राँच
24219	▁ब्रे
24220	▁भोजनवस्तु
24221	▁मैगज़ीन
24222	▁राक्षस
24223	▁लेक
24224	▁लौकिक
24225	▁लौन्डी
24226	▁वस्तुतः
24227	▁विक्रेता
24228	▁विद्य
24229	▁विमुख
24230	▁विविधता
24231	▁व्याधि
24232	▁शिक्षित
24233	▁शुल्क
24234	▁श्रीमान
24235	▁संतृप्ति
24236	▁सकने
24237	▁सचिव
24238	▁सुननी
24239	▁हटो
24240	▁हरिण
24241	955
24242	AGE
24243	Aad
24244	Book
24245	Fire
24246	First
24247	Leave
24248	Left
24249	MY
24250	Trust
24251	UKE
24252	VE
24253	among
24254	ancy
24255	aragua
24256	aw
24257	came
24258	deeds
24259	itude
24260	lv
24261	pet
24262	pit
24263	qub
24264	rog
24265	sie
24266	spiritual
24267	udi
24268	औरत
24269	कट
24270	गोल
24271	ग्रे
24272	चित्र
24273	डबल्यू
24274	डीज़
24275	तंत्र
24276	देव
24277	नेट
24278	पिछले
24279	फ्र
24280	मिलकर
24281	यहूदियों
24282	युक्
24283	र्ण
24284	सेन
24285	ाइश
24286	ाऊ
24287	िना
24288	ीया
24289	ॉम
24290	्टा
24291	्युर
24292	्श
24293	▁121
24294	▁Ag
24295	▁Anger
24296	▁Backup
24297	▁Beholder
24298	▁Blessing
24299	▁CC
24300	▁CDs
24301	▁DNA
24302	▁Den
24303	▁Dispos
24304	▁Envelope
24305	▁Gain
24306	▁Helen
24307	▁Jason
24308	▁Macedonian
24309	▁Mag
24310	▁Male
24311	▁Notification
24312	▁Pleasure
24313	▁Poverty
24314	▁RFC
24315	▁Relate
24316	▁Safeguard
24317	▁Scientific
24318	▁Sidon
24319	▁Strength
24320	▁Swan
24321	▁Team
24322	▁Therefor
24323	▁Unread
24324	▁abusively
24325	▁activate
24326	▁appeals
24327	▁applause
24328	▁authorization
24329	▁beholders
24330	▁boundary
24331	▁candidates
24332	▁ceiling
24333	▁cheat
24334	▁circumstance
24335	▁clarified
24336	▁col
24337	▁compatible
24338	▁compensate
24339	▁concert
24340	▁concrete
24341	▁confound
24342	▁daemon
24343	▁devot
24344	▁discomfort
24345	▁disfellowshipp
24346	▁dove
24347	▁engraved
24348	▁executive
24349	▁expounded
24350	▁facility
24351	▁forbear
24352	▁frogs
24353	▁fruitless
24354	▁fullness
24355	▁graphical
24356	▁harvesting
24357	▁heavier
24358	▁illusion
24359	▁imitated
24360	▁indifferent
24361	▁induced
24362	▁infectious
24363	▁integer
24364	▁lapse
24365	▁locks
24366	▁migration
24367	▁molecules
24368	▁occurring
24369	▁orientation
24370	▁parsing
24371	▁plunder
24372	▁pump
24373	▁punishing
24374	▁purse
24375	▁racing
24376	▁refugee
24377	▁rude
24378	▁scarce
24379	▁shields
24380	▁slanderer
24381	▁theologian
24382	▁tilth
24383	▁travelling
24384	▁treasuries
24385	▁triumphant
24386	▁unwittingly
24387	▁अर्ध
24388	▁आंकड़े
24389	▁इत्र
24390	▁उबल
24391	▁ऑस्ट्रिया
24392	▁कसूरवार
24393	▁क़सूर
24394	▁काबिलीयतों
24395	▁किशोरावस्था
24396	▁किस्में
24397	▁कैसरिया
24398	▁खलबली
24399	▁गुफ्तगू
24400	▁गोपनीयता
24401	▁घसीटे
24402	▁चालों
24403	▁चिट्ठियाँ
24404	▁चींटियों
24405	▁चुभ
24406	▁छतों
24407	▁छात्र
24408	▁छुड़ाकर
24409	▁जकरयाह
24410	▁जज़्बा
24411	▁ज़ंजीर
24412	▁जीवाणु
24413	▁झिल्ली
24414	▁टाले
24415	▁डोल
24416	▁तित्तर
24417	▁दानियेल
24418	▁दृश्यता
24419	▁नवजात
24420	▁नवीन
24421	▁पच्छिम
24422	▁पडेग़ा
24423	▁परिवारवालों
24424	▁पला
24425	▁पह
24426	▁पहुंचती
24427	▁पिल
24428	▁प्लास्टिक
24429	▁बिल्डिंग
24430	▁बुध्दिमान
24431	▁मंडलियाँ
24432	▁मपीबोशेत
24433	▁मला
24434	▁मीकाएल
24435	▁मुर्दो
24436	▁योराम
24437	▁रस्सल
24438	▁रूकें
24439	▁लगाएँगे
24440	▁वाई
24441	▁वाकया
24442	▁विएतनामी
24443	▁विलोप
24444	▁शिफ्ट
24445	▁शुठ्ठ
24446	▁श्रम
24447	▁संगत
24448	▁संगीतकार
24449	▁संस्थान
24450	▁सता
24451	▁सवारों
24452	▁स्टे
24453	▁हार्मोन
24454	323
24455	Address
24456	CHUCKLES
24457	Does
24458	Musa
24459	Password
24460	Thou
24461	Through
24462	auto
24463	bat
24464	cio
24465	dah
24466	dra
24467	hether
24468	lly
24469	ove
24470	ple
24471	second
24472	ski
24473	town
24474	umb
24475	walk
24476	अनियंत्रित
24477	खकर
24478	खाने
24479	घबराकर
24480	जीएल
24481	दर्शित
24482	धि
24483	निशानी
24484	नीति
24485	पराकाष्ठा
24486	परेशान
24487	फ़ोल्डर
24488	बिन
24489	बूझ
24490	वेयर
24491	शू
24492	हेर
24493	▁1,200
24494	▁2003,
24495	▁Appreciative
24496	▁Bangladesh
24497	▁Beautiful
24498	▁Benin
24499	▁Beyond
24500	▁CAPULET
24501	▁Cursed
24502	▁Epaphras
24503	▁Establish
24504	▁FAMILY
24505	▁Favour
24506	▁Id
24507	▁Inquisition
24508	▁Issachar
24509	▁Lie
24510	▁Ly
24511	▁Material
24512	▁Mizpah
24513	▁PHOTO
24514	▁Tarsus
24515	▁Taught
24516	▁Tur
24517	▁Users
24518	▁Var
24519	▁Yu
24520	▁accumulate
24521	▁acute
24522	▁adorn
24523	▁awakened
24524	▁awhile
24525	▁beam
24526	▁booklets
24527	▁bucket
24528	▁carnal
24529	▁clinic
24530	▁communion
24531	▁complexity
24532	▁contrived
24533	▁crookedness
24534	▁cures
24535	▁deepest
24536	▁del
24537	▁desireth
24538	▁desperately
24539	▁diversity
24540	▁erected
24541	▁exiles
24542	▁folks
24543	▁forgetting
24544	▁formats
24545	▁gall
24546	▁impartiality
24547	▁implie
24548	▁labeled
24549	▁meta
24550	▁partition
24551	▁pilgrim
24552	▁poetry
24553	▁procession
24554	▁puzzled
24555	▁questionable
24556	▁quote
24557	▁scum
24558	▁shackles
24559	▁shave
24560	▁sibling
24561	▁skeptical
24562	▁skirt
24563	▁sometime
24564	▁spelling
24565	▁steer
24566	▁suggesting
24567	▁ta
24568	▁ticket
24569	▁uncles
24570	▁unnatural
24571	▁अनुकूलित
24572	▁अविनाशी
24573	▁असलियत
24574	▁आविष्कार
24575	▁आसन
24576	▁इत्तफाक
24577	▁ओक्जा
24578	▁कादिर
24579	▁किवाड़
24580	▁कुंवारी
24581	▁कुमारी
24582	▁कॉन्
24583	▁क्वा
24584	▁क्षितिज
24585	▁खंडहर
24586	▁ख़र्ची
24587	▁खिलाओ
24588	▁खुशनुमा
24589	▁खोजकर्ताओं
24590	▁गर
24591	▁गुड
24592	▁ग्रूप
24593	▁चमत्कारी
24594	▁चिल्लाया
24595	▁चै
24596	▁छिपाएँ
24597	▁छोड़ेंगे
24598	▁जानबूझ
24599	▁जेठा
24600	▁ठंड़
24601	▁ठहरूंगा
24602	▁डस
24603	▁डिबगिंग
24604	▁ढो
24605	▁तवज्जो
24606	▁दर्शकों
24607	▁दहिन
24608	▁दायरे
24609	▁दिखाऊंगा
24610	▁दोगुना
24611	▁निकटतम
24612	▁निचला
24613	▁नीकुदेमुस
24614	▁नेपाल
24615	▁पत्ता
24616	▁पिएँगे
24617	▁पिन
24618	▁प्रचण्ड
24619	▁प्रायश्चित
24620	▁फायद
24621	▁फॉ
24622	▁बचाते
24623	▁बनवाया
24624	▁बूट
24625	▁बेचा
24626	▁मजाल
24627	▁मद्देनज़र
24628	▁मुक्ति
24629	▁रास
24630	▁रूपरेखा
24631	▁रेंगनेवाले
24632	▁लांच
24633	▁लादे
24634	▁वत
24635	▁वेस्ट
24636	▁सड़कें
24637	▁सिंगापुर
24638	▁सिल
24639	▁सीढ़ियाँ
24640	▁सुधारा
24641	▁सूबेदार
24642	▁सृजन
24643	▁सोर्स
24644	▁हसीन
24645	%%)
24646	2,000
24647	42
24648	8,000
24649	?'"
24650	BIL
24651	Box
24652	Default
24653	Free
24654	ONE
24655	SP
24656	Sign
24657	Tabari
24658	Up
24659	aging
24660	alformed
24661	cts
24662	dead
24663	foo
24664	living
24665	mal
24666	nna
24667	opi
24668	republic
24669	screen
24670	typical
24671	इज्ज़त
24672	केट
24673	गुमराह
24674	जानवर
24675	तई
24676	तमाम
24677	देखें
24678	न्द्र
24679	पकने
24680	फ़ता
24681	बहरहाल
24682	मस
24683	स्टर्न
24684	हज़रत
24685	▁81
24686	▁Ash
24687	▁Attachments
24688	▁Bézier
24689	▁Cape
24690	▁Chile
24691	▁Darwin
24692	▁Decrease
24693	▁Depth
24694	▁Drive
24695	▁Finland
24696	▁Hands
24697	▁Hephaistion
24698	▁Honest
24699	▁KB
24700	▁Lay
24701	▁LongName
24702	▁Mat
24703	▁NNTP
24704	▁Nairobi
24705	▁Pointer
24706	▁Random
24707	▁Recogniz
24708	▁Reveal
24709	▁Sex
24710	▁Spend
24711	▁Tel
24712	▁Thailand
24713	▁Trials
24714	▁Victor
24715	▁WILL
24716	▁WITNESSES
24717	▁Wisely
24718	▁admired
24719	▁announcing
24720	▁apprehend
24721	▁baptize
24722	▁beguile
24723	▁ceremonies
24724	▁cipher
24725	▁club
24726	▁coastal
24727	▁cock
24728	▁colleagues
24729	▁convenience
24730	▁crafty
24731	▁credentials
24732	▁darknesses
24733	▁decorated
24734	▁dengue
24735	▁denounced
24736	▁despondent
24737	▁endeavors
24738	▁equality
24739	▁eunuchs
24740	▁examines
24741	▁fancies
24742	▁flavor
24743	▁fleeting
24744	▁fund
24745	▁gems
24746	▁goblets
24747	▁hallowed
24748	▁hymn
24749	▁indecent
24750	▁induce
24751	▁innocence
24752	▁interior
24753	▁invaded
24754	▁leather
24755	▁maker
24756	▁managing
24757	▁midday
24758	▁murmur
24759	▁od
24760	▁offensive
24761	▁passphrase
24762	▁persevered
24763	▁policeman
24764	▁pollen
24765	▁powerless
24766	▁professionals
24767	▁prospered
24768	▁rash
24769	▁readiness
24770	▁sample
24771	▁satans
24772	▁scoffed
24773	▁seeketh
24774	▁slightest
24775	▁suspected
24776	▁swelling
24777	▁twofold
24778	▁unawares
24779	▁undone
24780	▁uprooted
24781	▁volcano
24782	▁अंकों
24783	▁अंशदान
24784	▁अवरोध
24785	▁आश्रय
24786	▁इस्माईल
24787	▁उमंग
24788	▁एलीआजर
24789	▁काग़ज़
24790	▁खगोल
24791	▁खटखटा
24792	▁खूबी
24793	▁ख्वाहिशे
24794	▁ख्वाहिशें
24795	▁गेट
24796	▁जेहोवा
24797	▁ढीला
24798	▁तिनक
24799	▁देव
24800	▁देही
24801	▁दौड़कर
24802	▁दौड़ात
24803	▁द्रव्य
24804	▁निपटना
24805	▁निर्बलता
24806	▁निशाने
24807	▁परिचर्चा
24808	▁पारित
24809	▁पूंछ
24810	▁प्रेमियों
24811	▁फंदा
24812	▁फटक
24813	▁फ्राँसीसी
24814	▁बख्त
24815	▁बरब
24816	▁बहादुर
24817	▁बाँधने
24818	▁बाज
24819	▁बाले
24820	▁बुद्धिमत्ता
24821	▁बैय
24822	▁बोध
24823	▁ब्लू
24824	▁मँगवा
24825	▁मजबूरी
24826	▁माउन्ट
24827	▁मारिया
24828	▁मुल
24829	▁यथा
24830	▁रिआयत
24831	▁रिश्तेदार
24832	▁लगाती
24833	▁लटकाया
24834	▁लुप्त
24835	▁वर्गों
24836	▁विदेशियों
24837	▁शकुन
24838	▁शाबाशी
24839	▁समायोजन
24840	▁सलत
24841	▁साबुन
24842	▁सिन
24843	▁सुसज्जित
24844	▁सेंटीमीटर
24845	▁सेहतमंद
24846	▁हरग़िज
24847	▁हूर
24848	3,000
24849	720
24850	Masjid
24851	TOR
24852	bri
24853	ched
24854	kept
24855	live
24856	normal
24857	say
24858	sight
24859	upon
24860	xpand
24861	अरब
24862	आना
24863	एच
24864	एहद
24865	एहराम
24866	क़ातिल
24867	काफ़िरों
24868	ख्वाहमा
24869	गण
24870	ग्य
24871	ज़र्रा
24872	ज्यादा
24873	डॉ
24874	दरमेयान
24875	दिगार
24876	नेक
24877	नेफ़ाक़
24878	फसानी
24879	फ़क़त
24880	फ़रिश्तों
24881	मख़सूस
24882	मुक़द्दस
24883	मुफ़ीद
24884	मुहाजिरीन
24885	मोमिन
24886	मौजिज़े
24887	यकसाँ
24888	यक़ीन
24889	य्यु
24890	रहमत
24891	र्र
24892	लंब
24893	लिल्लाह
24894	सच्चा
24895	सहीफ़े
24896	्जे
24897	्ष
24898	४०
24899	▁"%1."
24900	▁Angola
24901	▁Bethany
24902	▁Blast
24903	▁Busy
24904	▁Component
24905	▁Danger
24906	▁Draft
24907	▁Eccl
24908	▁Fac
24909	▁Gaza
24910	▁Hamath
24911	▁Hans
24912	▁Identifier
24913	▁Indentation
24914	▁Interest
24915	▁Kal
24916	▁Lloyd
24917	▁Mer
24918	▁Missionary
24919	▁Named
24920	▁NdeR
24921	▁Needed
24922	▁Practical
24923	▁Riches
24924	▁Scrolls
24925	▁Spiritually
24926	▁Stories
24927	▁Successful
24928	▁THERE
24929	▁Tamar
24930	▁Term
24931	▁Train
24932	▁Trouble
24933	▁Vital
24934	▁Won
24935	▁Worthy
24936	▁[5
24937	▁asylum
24938	▁bowls
24939	▁boyfriend
24940	▁cap
24941	▁chances
24942	▁comparisons
24943	▁compete
24944	▁consort
24945	▁cooked
24946	▁defended
24947	▁delayed
24948	▁delegated
24949	▁disowned
24950	▁dissolved
24951	▁disturbance
24952	▁downhearted
24953	▁elementary
24954	▁escort
24955	▁expulsion
24956	▁facets
24957	▁failings
24958	▁fearless
24959	▁felicitous
24960	▁flourished
24961	▁forecast
24962	▁glances
24963	▁graph
24964	▁handiwork
24965	▁holidays
24966	▁incidents
24967	▁joke
24968	▁keepeth
24969	▁lungs
24970	▁mechanical
24971	▁multiplying
24972	▁muscle
24973	▁painted
24974	▁pledged
24975	▁preoccupied
24976	▁prophetically
24977	▁puberty
24978	▁purge
24979	▁regulate
24980	▁rolling
24981	▁rot
24982	▁setup
24983	▁sinfulness
24984	▁ski
24985	▁stormy
24986	▁superhuman
24987	▁termed
24988	▁theology
24989	▁threatens
24990	▁timeout
24991	▁trodden
24992	▁twent
24993	▁utterances
24994	▁vigorously
24995	▁warr
24996	▁अपनायी
24997	▁अलैकुम
24998	▁अल्हमदो
24999	▁आज़माया
25000	▁आबरू
25001	▁आमद
25002	▁आयतो
25003	▁इकाइयों
25004	▁इन्शा
25005	▁इरशाद
25006	▁उमूर
25007	▁एकाग्र
25008	▁एख़ति
25009	▁कफरनहूम
25010	▁कफ्फ़ार
25011	▁कम्पाइल
25012	▁करतब
25013	▁कलमा
25014	▁कहलाएगा
25015	▁कारस्तान
25016	▁कुन्जिय
25017	▁कुसूर
25018	▁कूश
25019	▁कृपादृष्टि
25020	▁खरीदी
25021	▁ख़ानदान
25022	▁गढ़ी
25023	▁ग़ुरु
25024	▁गिनना
25025	▁गिर्दा
25026	▁गुप्तांग
25027	▁चक्की
25028	▁चचा
25029	▁चढ
25030	▁छड़
25031	▁जनती
25032	▁ज़ुलेख़ा
25033	▁जाऎंगे
25034	▁जिन्स
25035	▁टिप्पणीः
25036	▁डाँवाडोल
25037	▁डायरेक्टरी
25038	▁ड्र
25039	▁तक़र्र
25040	▁तक़सीम
25041	▁तबलीग़
25042	▁तारिक़
25043	▁तुक
25044	▁तौहीद
25045	▁दबाया
25046	▁दुम्ब
25047	▁दोहराया
25048	▁नतीज
25049	▁नमी
25050	▁नाश्
25051	▁नेकियों
25052	▁नेट
25053	▁पक्षों
25054	▁पटक
25055	▁परम्परा
25056	▁पवन
25057	▁पहुँचेगें
25058	▁पाएँगें
25059	▁पात्रों
25060	▁पानेवाला
25061	▁पाबंद
25062	▁पेशानी
25063	▁पॉलिसी
25064	▁प्रशासन
25065	▁फेंकने
25066	▁बजान
25067	▁बदकिरदार
25068	▁बधाई
25069	▁बातिन
25070	▁बॉब
25071	▁भोले
25072	▁मग़रिब
25073	▁मचाओ
25074	▁मसनद
25075	▁मिशाल
25076	▁मुआवेज़ा
25077	▁मुसाफिर
25078	▁मूलतः
25079	▁मेहमानी
25080	▁मैडम
25081	▁यांत्रिकी
25082	▁यिज्रैल
25083	▁रब्बियों
25084	▁लगाएं
25085	▁लव
25086	▁लह
25087	▁लुभाया
25088	▁लॉगआउट
25089	▁लौन्डियों
25090	▁वैर
25091	▁शूरी
25092	▁संक्रमित
25093	▁संबद्ध
25094	▁सदमे
25095	▁सब्ज़ियाँ
25096	▁सलवा
25097	▁सामरियों
25098	▁सीरिया
25099	▁सूक्ष्मदर्शी
25100	▁सृजित
25101	▁सौर
25102	▁हमवार
25103	▁हालते
25104	▁हुजर
25105	▁हैबत
25106	256
25107	81
25108	89
25109	BIN
25110	Change
25111	Children
25112	JIS
25113	Say
25114	Server
25115	Since
25116	Tab
25117	cer
25118	ftn
25119	hungary
25120	ility
25121	lands
25122	mine
25123	pass
25124	ree
25125	turn
25126	vcf
25127	yan
25128	कब
25129	किया
25130	खाना
25131	डु
25132	नियम
25133	पत
25134	पहाड़
25135	बन्धु
25136	भूत
25137	भेद
25138	व्यभिचार
25139	शुद्ध
25140	सच्ची
25141	स्को
25142	ान्त
25143	ावनी
25144	ौफनाक
25145	▁(0.
25146	▁1961
25147	▁Added
25148	▁BCC
25149	▁Cherisher
25150	▁Encrypted
25151	▁Gathering
25152	▁Glade
25153	▁Hilkiah
25154	▁Instant
25155	▁Invite
25156	▁Leaving
25157	▁Legal
25158	▁Major
25159	▁Medium
25160	▁Pilgrimage
25161	▁Possibly
25162	▁Priority
25163	▁Rest
25164	▁Rise
25165	▁Shortcut
25166	▁Showers
25167	▁Slide
25168	▁Spacing
25169	▁Statistics
25170	▁Thirty
25171	▁Trans
25172	▁Tro
25173	▁Updating
25174	▁Vulgate
25175	▁Wicked
25176	▁[30
25177	▁abstaining
25178	▁achievements
25179	▁acquaintances
25180	▁alpha
25181	▁babes
25182	▁behaviour
25183	▁bitch
25184	▁blasphemed
25185	▁breastplate
25186	▁canvas
25187	▁carpets
25188	▁cleanliness
25189	▁contracted
25190	▁couch
25191	▁coverings
25192	▁crashed
25193	▁creator
25194	▁critics
25195	▁desk
25196	▁diligence
25197	▁discoveries
25198	▁draft
25199	▁dropping
25200	▁duplicate
25201	▁engineer
25202	▁extremity
25203	▁fairness
25204	▁foreheads
25205	▁grim
25206	▁henceforth
25207	▁impugned
25208	▁incomparable
25209	▁inspection
25210	▁instructs
25211	▁interaction
25212	▁justification
25213	▁kick
25214	▁lifting
25215	▁mightiness
25216	▁millennium
25217	▁navigator
25218	▁odds
25219	▁outstrip
25220	▁ownselves
25221	▁plucked
25222	▁proportioned
25223	▁resumed
25224	▁scarcely
25225	▁seizing
25226	▁soothsayer
25227	▁steeped
25228	▁stopping
25229	▁succoured
25230	▁superstitions
25231	▁tattoo
25232	▁theologians
25233	▁toiling
25234	▁tortured
25235	▁trailer
25236	▁twinkl
25237	▁unemployed
25238	▁upload
25239	▁vicinity
25240	▁weekday
25241	▁workmates
25242	▁अक्लमंद
25243	▁अधिसूचित
25244	▁अन्दाजे
25245	▁अफज़ाई
25246	▁आनुवंशिक
25247	▁इतराने
25248	▁उल्का
25249	▁कुकी
25250	▁कुन्द
25251	▁कृपाशील
25252	▁कैमरून
25253	▁कैल
25254	▁कॉन्करर
25255	▁क्रेडिट
25256	▁खर्रे
25257	▁खामियों
25258	▁खारी
25259	▁गदल्याह
25260	▁छानबीन
25261	▁छोडें
25262	▁जड़ें
25263	▁जश्
25264	▁ज़ुबान
25265	▁ज्वाला
25266	▁झाँककर
25267	▁टेबल
25268	▁ढाले
25269	▁त्यागा
25270	▁दस्तावेज़ों
25271	▁दांव
25272	▁नक्शेकदम
25273	▁नज़ारे
25274	▁निन्दित
25275	▁पछताए
25276	▁पलटें
25277	▁पुर्तगाली
25278	▁फँसने
25279	▁फुरसत
25280	▁बत
25281	▁बलशाली
25282	▁बिर
25283	▁भगा
25284	▁मँडरा
25285	▁मजबूरन
25286	▁मीकायाह
25287	▁मुद्रक
25288	▁रजिस्टर
25289	▁लड़केबाले
25290	▁लड़ता
25291	▁लीटर
25292	▁लेटे
25293	▁विगत
25294	▁सधा
25295	▁सनी
25296	▁सुहावना
25297	▁स्टीफन
25298	▁हटाए
25299	▁हरकार
25300	▁हल्के
25301	▁हिंदू
25302	▁हितैष
25303	▁हूरें
25304	▁होमवर्क
25305	♪
25306	0"
25307	1"
25308	39
25309	44
25310	86
25311	Men
25312	elete
25313	fellow
25314	gz
25315	jen
25316	ossess
25317	posing
25318	ssion
25319	tag
25320	अति
25321	अधर्म
25322	इस्राएल
25323	औलाद
25324	कार्ड
25325	खाओ
25326	खी
25327	ग़ुलाम
25328	गृह
25329	चंगा
25330	डू
25331	डेल
25332	पादन
25333	ब्
25334	भय
25335	विक्रय
25336	सक्रिय
25337	सफ़
25338	ायाह
25339	ारून
25340	िस्तान
25341	ीयत
25342	ुए
25343	ोग
25344	३०
25345	▁140
25346	▁1969
25347	▁2.)
25348	▁42:
25349	▁Bains
25350	▁Barry
25351	▁Brings
25352	▁Buddhist
25353	▁Cc
25354	▁Cultivate
25355	▁Educational
25356	▁Extension
25357	▁Franklin
25358	▁Gallery
25359	▁Gedaliah
25360	▁Genuine
25361	▁Keys
25362	▁Las
25363	▁Management
25364	▁Margaret
25365	▁Margin
25366	▁Matthias
25367	▁Protection
25368	▁Ran
25369	▁Rob
25370	▁Russians
25371	▁Saint
25372	▁Services
25373	▁Stock
25374	▁Stu
25375	▁Town
25376	▁Tre
25377	▁Wednesday
25378	▁abase
25379	▁abounding
25380	▁absolve
25381	▁acquaintance
25382	▁animated
25383	▁ascribing
25384	▁assets
25385	▁avatar
25386	▁balloon
25387	▁boot
25388	▁calculation
25389	▁communicating
25390	▁complaints
25391	▁constraint
25392	▁criteria
25393	▁discs
25394	▁disregarded
25395	▁distri
25396	▁domination
25397	▁embarrassment
25398	▁endorse
25399	▁enslavement
25400	▁ensnared
25401	▁exchanged
25402	▁fanatic
25403	▁fetching
25404	▁grieves
25405	▁implicit
25406	▁instructing
25407	▁interrupted
25408	▁isolate
25409	▁joints
25410	▁koji
25411	▁menstruation
25412	▁murderous
25413	▁pierce
25414	▁poles
25415	▁potent
25416	▁pulling
25417	▁radiant
25418	▁reinforced
25419	▁representation
25420	▁robbery
25421	▁savior
25422	▁searches
25423	▁spam
25424	▁speakers
25425	▁succeeding
25426	▁sufficeth
25427	▁thankless
25428	▁unfold
25429	▁yielded
25430	▁अगु
25431	▁अन्द्रियास
25432	▁अम्नोन
25433	▁अॅ
25434	▁आइसक्रीम
25435	▁आदेशों
25436	▁इक्कीस
25437	▁उठेगी
25438	▁एतराज़
25439	▁एलडीएपी
25440	▁ओबद्याह
25441	▁ओसारे
25442	▁कड़वी
25443	▁कीड़ों
25444	▁कुप्प
25445	▁क्लार्क
25446	▁खल
25447	▁खामियाँ
25448	▁खिलाया
25449	▁गंदा
25450	▁गाऊंगा
25451	▁गिलगाल
25452	▁ग्राहकों
25453	▁चखाए
25454	▁चाहूँगा
25455	▁छुड़ाना
25456	▁जमाने
25457	▁जीविका
25458	▁झूठला
25459	▁झेलन
25460	▁टलता
25461	▁दाऊदपुर
25462	▁दिलाए
25463	▁धाक
25464	▁धारणाओं
25465	▁नरसिंगा
25466	▁नापसंद
25467	▁निकम्मी
25468	▁निरुत्साहित
25469	▁पादरीवर्ग
25470	▁पुकारना
25471	▁प्रकटन
25472	▁बालबच्चों
25473	▁बोलेंगे
25474	▁भरमा
25475	▁भाए
25476	▁मलेशिया
25477	▁मशीनों
25478	▁माइनस
25479	▁मेहराब
25480	▁यावृत्ति
25481	▁रसोई
25482	▁लुस्त्रा
25483	▁व्यापारिक
25484	▁शिष्टाचार
25485	▁शौक़
25486	▁संबंधन
25487	▁सताता
25488	▁ससुर
25489	▁साद
25490	▁सिक्का
25491	▁सुगंध
25492	▁सुधारना
25493	▁सुनीं
25494	▁सुराग
25495	▁सोए
25496	▁हड़प
25497	▁हौद
25498	-2022-
25499	7,000
25500	ARD
25501	Burn
25502	Faith
25503	ICU
25504	Muttaqun
25505	OST
25506	POSE
25507	SAW
25508	Such
25509	System
25510	aiah
25511	dos
25512	eva
25513	fine
25514	hoo
25515	mbox
25516	ography
25517	pure
25518	string
25519	ts
25520	tte
25521	ula
25522	verse
25523	watchtower
25524	zh
25525	æ
25526	ş
25527	ंह
25528	आज्ञाकारियों
25529	क़्क़त
25530	क्रोध
25531	गुण
25532	जाओ
25533	जाल
25534	टिन
25535	दस
25536	पान
25537	फ़िरऔन
25538	फुटनोट
25539	बलि
25540	बील
25541	बैअत
25542	बोन
25543	मुक्ति
25544	लीफ़ा
25545	वात
25546	सुसमाचार
25547	हारे
25548	ृंगार
25549	्रिया
25550	▁#2
25551	▁1513
25552	▁1964
25553	▁6.)
25554	▁Aid
25555	▁Amélie
25556	▁Benefits
25557	▁Bond
25558	▁Drawing
25559	▁Eliezer
25560	▁Entry
25561	▁Gradually
25562	▁HELP
25563	▁Hagar
25564	▁Importer
25565	▁Linda
25566	▁Lout
25567	▁Mako
25568	▁Mission
25569	▁Mumbai
25570	▁Nimrod
25571	▁PLAYING
25572	▁Planet
25573	▁Praises
25574	▁Severe
25575	▁Sham
25576	▁Smart
25577	▁Sustainer
25578	▁Symbols
25579	▁Tarshish
25580	▁Um
25581	▁Victory
25582	▁YEAR
25583	▁admiration
25584	▁agencies
25585	▁agricultural
25586	▁arts
25587	▁blameworthy
25588	▁blocked
25589	▁bloom
25590	▁bows
25591	▁caption
25592	▁champion
25593	▁conception
25594	▁contemporary
25595	▁cookies
25596	▁cooperating
25597	▁crow
25598	▁dated
25599	▁drowning
25600	▁dual
25601	▁economy
25602	▁elephants
25603	▁embark
25604	▁ephod
25605	▁establishes
25606	▁eventual
25607	▁exempt
25608	▁frames
25609	▁fullest
25610	▁gases
25611	▁gear
25612	▁gentlemen
25613	▁gestures
25614	▁hum
25615	▁hypocrite
25616	▁illiterate
25617	▁immersion
25618	▁industrial
25619	▁inwardly
25620	▁juice
25621	▁landed
25622	▁losses
25623	▁loudly
25624	▁lucky
25625	▁markets
25626	▁mediator
25627	▁metaphor
25628	▁modestly
25629	▁objectives
25630	▁optimistic
25631	▁outline
25632	▁partakers
25633	▁perplexed
25634	▁prick
25635	▁promotion
25636	▁recipe
25637	▁responses
25638	▁retained
25639	▁sack
25640	▁scaling
25641	▁snakes
25642	▁stash
25643	▁steadfastness
25644	▁straitens
25645	▁trait
25646	▁triangle
25647	▁uncover
25648	▁undertake
25649	▁uniform
25650	▁unitedly
25651	▁visitation
25652	▁westward
25653	▁अंदाज़े
25654	▁अनुसंधान
25655	▁अबीशै
25656	▁आर्क
25657	▁ईज़ा
25658	▁ऊंच
25659	▁एलीपज
25660	▁कुँवारे
25661	▁कैंप
25662	▁कैलेन्डर
25663	▁कॉफ़ी
25664	▁क्रियाओं
25665	▁ख़रीदने
25666	▁गारे
25667	▁चालाकी
25668	▁चिल्लाहट
25669	▁जिल
25670	▁झाग
25671	▁झाड़ियों
25672	▁झुठलाएँ
25673	▁ठ
25674	▁डालियां
25675	▁तंदुरुस्त
25676	▁तालाबंद
25677	▁त्यागी
25678	▁त्रिज्या
25679	▁दादाजी
25680	▁धोखाधड़ी
25681	▁नागवार
25682	▁नीतिकथा
25683	▁पदों
25684	▁पराक्रमी
25685	▁पहरू
25686	▁पीआर
25687	▁पैच
25688	▁प्रशंसित
25689	▁फ़ॉन्ट्स
25690	▁फिरेगा
25691	▁फैलाव
25692	▁बाब
25693	▁बुढ़
25694	▁बेहतरी
25695	▁बॉडी
25696	▁भगाने
25697	▁भुगतना
25698	▁मध्यस्थ
25699	▁मशविर
25700	▁मशाल
25701	▁माँओं
25702	▁माइ
25703	▁मुसाफ़िर
25704	▁मुहाजिर
25705	▁मैच
25706	▁मौक़
25707	▁राहुल
25708	▁रिपोर्टें
25709	▁लम्बा
25710	▁विं
25711	▁विधियां
25712	▁शान्तिमय
25713	▁संपन्न
25714	▁समृद्धि
25715	▁सर्जन
25716	▁साउथ
25717	▁सूत
25718	▁स्वयंसेवकों
25719	▁हिरण
25720	▁हीरो
25721	▁हौ
25722	▁५१
25723	Enc
25724	Everything
25725	Face
25726	Filter
25727	GL
25728	KE
25729	RANT
25730	SIGHS
25731	TT
25732	action
25733	automake
25734	begin
25735	cell
25736	domini
25737	fast
25738	gni
25739	lent
25740	loth
25741	ney
25742	ngo
25743	parent
25744	pect
25745	size
25746	ule
25747	utter
25748	इतने
25749	टों
25750	नबर्ग
25751	पुरूष
25752	पोषण
25753	प्रो
25754	फ़्ल
25755	बत
25756	ब्रा
25757	रहमान
25758	र्ज़
25759	लोड
25760	सह
25761	स्थाई
25762	हिर
25763	ाकार
25764	ाहट
25765	ुत
25766	ेबल
25767	ोरा
25768	्जी
25769	्वी
25770	▁Abiathar
25771	▁Absolutely
25772	▁Abu
25773	▁Activity
25774	▁Ahithophel
25775	▁Alice
25776	▁Arrow
25777	▁Barbara
25778	▁Bat
25779	▁Bruce
25780	▁Cities
25781	▁Coast
25782	▁Disk
25783	▁Dock
25784	▁Epaphroditus
25785	▁Gather
25786	▁Gives
25787	▁Gl
25788	▁Informed
25789	▁Joppa
25790	▁Older
25791	▁PU
25792	▁Push
25793	▁Py
25794	▁Restart
25795	▁Rules
25796	▁Slow
25797	▁Solid
25798	▁Submit
25799	▁Syntax
25800	▁Tony
25801	▁Whoa
25802	▁Wonderful
25803	▁bedroom
25804	▁bodied
25805	▁brick
25806	▁bruised
25807	▁bullet
25808	▁businesses
25809	▁ce
25810	▁cheap
25811	▁chemicals
25812	▁chicken
25813	▁congregational
25814	▁corporation
25815	▁counterfeit
25816	▁devious
25817	▁electric
25818	▁ephah
25819	▁exalting
25820	▁expire
25821	▁extensively
25822	▁faction
25823	▁fantasy
25824	▁fortresses
25825	▁graduating
25826	▁graven
25827	▁hanged
25828	▁instructors
25829	▁lieth
25830	▁magical
25831	▁meters
25832	▁minimal
25833	▁nder
25834	▁newer
25835	▁orchard
25836	▁organizing
25837	▁partially
25838	▁peril
25839	▁pills
25840	▁prefix
25841	▁prices
25842	▁processes
25843	▁processing
25844	▁recordings
25845	▁retriev
25846	▁rods
25847	▁scar
25848	▁scorching
25849	▁sentiment
25850	▁severity
25851	▁significantly
25852	▁simplicity
25853	▁supper
25854	▁twist
25855	▁uncommon
25856	▁utensils
25857	▁अंतर्दृष्टि
25858	▁अत्याध
25859	▁अधूरा
25860	▁अवस्थिति
25861	▁अविश्वास
25862	▁अश्लीलता
25863	▁उलझे
25864	▁एक्सप
25865	▁एनवायरनमेंट
25866	▁एपोद
25867	▁ओहदा
25868	▁औधे
25869	▁कंठ
25870	▁कंपनियों
25871	▁कंपाइल
25872	▁कहलाने
25873	▁क्रांति
25874	▁ख़जान
25875	▁चंदा
25876	▁चेतना
25877	▁छिपाया
25878	▁जनन
25879	▁टटोल
25880	▁डलवा
25881	▁डेमन
25882	▁डेल
25883	▁तथापि
25884	▁तरक्क
25885	▁ताश
25886	▁त्यागें
25887	▁दरिद्रों
25888	▁दर्जन
25889	▁दामाद
25890	▁नात्ज़
25891	▁पारिश्र
25892	▁पूर्णत
25893	▁प्रत्य
25894	▁फ्रे
25895	▁बंदर
25896	▁बदन
25897	▁बदलती
25898	▁बैटरी
25899	▁भर्त्सना
25900	▁भलाइय
25901	▁मचाने
25902	▁मिद्यानियों
25903	▁मुहि
25904	▁यिज्रेल
25905	▁युवकों
25906	▁रज़ाम
25907	▁लदे
25908	▁लाभकारी
25909	▁लेटेक्स
25910	▁लौदीकिया
25911	▁वसंत
25912	▁वेदियों
25913	▁सँभाला
25914	▁सज
25915	▁सजाया
25916	▁सड़े
25917	▁सदूकियों
25918	▁सरीखे
25919	▁सुअर
25920	▁स्वान
25921	&
25922	Aaron
25923	Although
25924	Font
25925	HTML
25926	KO
25927	LET
25928	Last
25929	Level
25930	NVOL
25931	RINTH
25932	TAN
25933	Window
25934	citing
25935	dium
25936	eep
25937	email
25938	map
25939	mental
25940	png
25941	shot
25942	swe
25943	ude
25944	used
25945	wl
25946	woman
25947	zar
25948	आपके
25949	उत्तर
25950	तल
25951	परलोक
25952	मुझ
25953	रिन
25954	र्थक
25955	लियों
25956	वुड
25957	साइ
25958	सीधे
25959	सोद्देश्य
25960	स्त्री
25961	स्र
25962	ांक
25963	ाओ
25964	ियल
25965	ुब्बा
25966	्की
25967	▁1/4
25968	▁30;
25969	▁AC
25970	▁Abijah
25971	▁Absolute
25972	▁Amon
25973	▁Below
25974	▁Bor
25975	▁Burt
25976	▁CAR
25977	▁Char
25978	▁Communication
25979	▁Cop
25980	▁Cr
25981	▁Endure
25982	▁Everybody
25983	▁Exactly
25984	▁FUCKING
25985	▁Finished
25986	▁Flip
25987	▁Florida
25988	▁Fullscreen
25989	▁Gary
25990	▁Han
25991	▁Hot
25992	▁Humble
25993	▁ISDN
25994	▁Inside
25995	▁Jane
25996	▁MUSIC
25997	▁Madrid
25998	▁Mecca
25999	▁Meetings
26000	▁Midianites
26001	▁Mozilla
26002	▁PA
26003	▁Persecution
26004	▁Recite
26005	▁Rosa
26006	▁Thumbnail
26007	▁Uganda
26008	▁accumulated
26009	▁adoration
26010	▁alliance
26011	▁aptly
26012	▁baggage
26013	▁balls
26014	▁bombs
26015	▁businessman
26016	▁caste
26017	▁chased
26018	▁childbearing
26019	▁coconut
26020	▁collecting
26021	▁commonplace
26022	▁conversing
26023	▁converts
26024	▁deviated
26025	▁educate
26026	▁emptied
26027	▁entreated
26028	▁entrenched
26029	▁exerted
26030	▁extol
26031	▁farming
26032	▁froward
26033	▁frowned
26034	▁hostname
26035	▁interchange
26036	▁knowledgeable
26037	▁loop
26038	▁melted
26039	▁minority
26040	▁mysterious
26041	▁myths
26042	▁omens
26043	▁opt
26044	▁pardons
26045	▁partly
26046	▁pleading
26047	▁predecessors
26048	▁proximity
26049	▁pruning
26050	▁rational
26051	▁rays
26052	▁remark
26053	▁reproving
26054	▁retrieved
26055	▁scandal
26056	▁scratch
26057	▁screens
26058	▁sharpen
26059	▁spi
26060	▁successive
26061	▁tactful
26062	▁tin
26063	▁treasury
26064	▁triggered
26065	▁tro
26066	▁trustee
26067	▁typically
26068	▁unintentional
26069	▁uppermost
26070	▁vigor
26071	▁weariness
26072	▁worrying
26073	▁{0}.
26074	▁अवकाश
26075	▁आवेग
26076	▁इंडिया
26077	▁ईमानवालो
26078	▁उत्ताराधिकारी
26079	▁उपकरणों
26080	▁उपाधि
26081	▁उर
26082	▁ओढ़ने
26083	▁करतीं
26084	▁कार्यान्वयन
26085	▁कुकीज़
26086	▁कुरिंथ
26087	▁कोष्ठ
26088	▁खराबा
26089	▁खोजे
26090	▁गदह
26091	▁गायें
26092	▁गोष्ठी
26093	▁चरम
26094	▁चिमट
26095	▁चोटियों
26096	▁जताया
26097	▁झगड़ो
26098	▁डाकुओं
26099	▁डेंगू
26100	▁दबोरा
26101	▁दाग़
26102	▁दीवारें
26103	▁दोहराना
26104	▁धर्मगुरुओं
26105	▁धर्मशास्त्र
26106	▁धु
26107	▁नली
26108	▁निभाना
26109	▁निर्
26110	▁पलटे
26111	▁पाठक
26112	▁प्रस्थान
26113	▁फ़ा
26114	▁फेंकना
26115	▁बकरा
26116	▁बचत
26117	▁बनवा
26118	▁बर्स्ट
26119	▁बारियां
26120	▁बीजशब्द
26121	▁बीना
26122	▁बुढाप
26123	▁भूस
26124	▁मदयनवाल
26125	▁मनघड़
26126	▁मैदा
26127	▁मॉस्को
26128	▁युगों
26129	▁राइट
26130	▁रियो
26131	▁लड़ेंगे
26132	▁लातिन
26133	▁लोडिंग
26134	▁वस
26135	▁वह्य
26136	▁वेबकैम
26137	▁वेरिएबल
26138	▁व्यव
26139	▁शीघ्रता
26140	▁सँवार
26141	▁संचय
26142	▁सन्तति
26143	▁समाया
26144	▁सरहद
26145	▁सहम
26146	▁सुस्त
26147	▁सोतों
26148	▁स्पैमएस
26149	▁स्रष्टा
26150	▁हस्तचालित
26151	980
26152	Always
26153	BD
26154	BS
26155	Certainly
26156	Database
26157	Neither
26158	Picture
26159	Ye
26160	amaica
26161	ast
26162	aya
26163	boy
26164	buk
26165	bur
26166	complete
26167	fish
26168	hab
26169	indeed
26170	need
26171	pm
26172	rab
26173	stan
26174	अधिक
26175	इल
26176	उलटे
26177	एआर
26178	केलिए
26179	चढ़
26180	जितने
26181	टाइन
26182	ड़ियां
26183	तैयार
26184	थि
26185	नया
26186	नीच
26187	पड़
26188	पहुंचने
26189	लॆन
26190	शर
26191	सदा
26192	हां
26193	िचली
26194	ीआ
26195	ुश
26196	ूंगी
26197	्पा
26198	१०
26199	▁2"
26200	▁Affect
26201	▁Analys
26202	▁Baasha
26203	▁Caribbean
26204	▁Copies
26205	▁Costa
26206	▁Damn
26207	▁Discernment
26208	▁Expected
26209	▁Hearts
26210	▁Hill
26211	▁Historian
26212	▁Horn
26213	▁Juan
26214	▁Masa
26215	▁Method
26216	▁Michal
26217	▁Nero
26218	▁Notes
26219	▁Obs
26220	▁Organizer
26221	▁Pride
26222	▁QS
26223	▁SE
26224	▁Safe
26225	▁Salam
26226	▁Shift
26227	▁TM
26228	▁Ted
26229	▁Tor
26230	▁Voice
26231	▁Widget
26232	▁Yellow
26233	▁abandoning
26234	▁annihilate
26235	▁anticipated
26236	▁apostol
26237	▁astonishing
26238	▁atoms
26239	▁beans
26240	▁bio
26241	▁brace
26242	▁breeze
26243	▁butter
26244	▁cleft
26245	▁constituted
26246	▁covenanted
26247	▁deceiver
26248	▁def
26249	▁disrespectful
26250	▁distinctly
26251	▁dye
26252	▁embracing
26253	▁envelop
26254	▁enveloped
26255	▁equation
26256	▁faculty
26257	▁fowls
26258	▁futility
26259	▁glow
26260	▁guaranteed
26261	▁harassment
26262	▁hierarchy
26263	▁householders
26264	▁insults
26265	▁integral
26266	▁interviews
26267	▁kneel
26268	▁lap
26269	▁martyrs
26270	▁mistreated
26271	▁owed
26272	▁paltr
26273	▁passport
26274	▁patriarchs
26275	▁persuasion
26276	▁progressing
26277	▁pushing
26278	▁readable
26279	▁readjust
26280	▁realistically
26281	▁recognizes
26282	▁recounted
26283	▁replacement
26284	▁residue
26285	▁reunited
26286	▁revolve
26287	▁robbing
26288	▁sensible
26289	▁sheltered
26290	▁spokesman
26291	▁summe
26292	▁suppressed
26293	▁swerve
26294	▁themes
26295	▁truthfully
26296	▁unfortunate
26297	▁violat
26298	▁wailing
26299	▁willful
26300	▁wiser
26301	▁अंकुर
26302	▁अपेक्षित
26303	▁आस्था
26304	▁उँगलियाँ
26305	▁उसमे
26306	▁कंट
26307	▁किशोरों
26308	▁केंद्रीय
26309	▁छांटें
26310	▁जोख़िम
26311	▁टीले
26312	▁ढूँढते
26313	▁तत्परता
26314	▁तरंग
26315	▁तराजू
26316	▁तौलकर
26317	▁दबाए
26318	▁दमकत
26319	▁दिखानेवाला
26320	▁दुकानों
26321	▁देवदारू
26322	▁धीरजवन्त
26323	▁नतीन
26324	▁निभाया
26325	▁नुक्स
26326	▁न्यायदण्ड
26327	▁पत्तियाँ
26328	▁परखे
26329	▁पुत्रियों
26330	▁पेंट
26331	▁प्रर्दश
26332	▁प्रिया
26333	▁फ़र्श
26334	▁फ़ील्ड
26335	▁फ़ोकस
26336	▁बच्चो
26337	▁बजट
26338	▁बर्नर
26339	▁बायें
26340	▁बिखेर
26341	▁बिठाने
26342	▁बेन्हदद
26343	▁भट्ठे
26344	▁मारपीट
26345	▁मुकद्दमे
26346	▁यहो
26347	▁रिक
26348	▁रोबोट
26349	▁लफ्ज़
26350	▁लातीनी
26351	▁विज्ञापनों
26352	▁विशेषाधिकारों
26353	▁वॉशिंगटन
26354	▁सताने
26355	▁सभो
26356	▁सरसरी
26357	▁सीन॰
26358	▁सौंपने
26359	▁सौप
26360	▁स्वयंसेवक
26361	▁हित्ती
26362	▁हूंगा
26363	▁५४
26364	▁७२
26365	Bcc
26366	Import
26367	Insert
26368	Me
26369	OUS
26370	Quran
26371	Teacher
26372	\.
26373	clement
26374	compelling
26375	dist
26376	eta
26377	folders
26378	inner
26379	jinns
26380	join
26381	lation
26382	lio
26383	spirit
26384	tina
26385	try
26386	vy
26387	wan
26388	xz
26389	ओर
26390	क़रीब
26391	चीज़
26392	छोड़
26393	टोन
26394	तलब
26395	तालियाँ
26396	त्ति
26397	धार्मिकता
26398	न्ज़
26399	पाठ
26400	यूनानी
26401	रोग
26402	लूका
26403	लूम
26404	शाला
26405	संगीत
26406	ाहते
26407	ैक्स
26408	▁07)
26409	▁128
26410	▁1917
26411	▁1927
26412	▁2:2).
26413	▁Amnon
26414	▁Assign
26415	▁Auliya
26416	▁Bicky
26417	▁Brown
26418	▁Catholicism
26419	▁Composer
26420	▁Correct
26421	▁Dialog
26422	▁Drink
26423	▁Eisa
26424	▁Francis
26425	▁Friendship
26426	▁Generation
26427	▁Ger
26428	▁Godship
26429	▁HIS
26430	▁Hananiah
26431	▁Indians
26432	▁Isra
26433	▁KMail
26434	▁Laodicea
26435	▁Marium
26436	▁Morning
26437	▁Muttaqun
26438	▁Nature
26439	▁Og
26440	▁Onesimus
26441	▁PDF
26442	▁Panel
26443	▁Periods
26444	▁Possess
26445	▁QUESTIONS
26446	▁Rahul
26447	▁Sexual
26448	▁Sh
26449	▁Sources
26450	▁Stack
26451	▁Telephone
26452	▁Touch
26453	▁Tuesday
26454	▁Tux
26455	▁Unnamed
26456	▁adequately
26457	▁adhering
26458	▁amazement
26459	▁artificial
26460	▁astounded
26461	▁autocompletion
26462	▁calves
26463	▁cheating
26464	▁codex
26465	▁colony
26466	▁consecrated
26467	▁constrained
26468	▁dedicat
26469	▁detriment
26470	▁digital
26471	▁doctrinal
26472	▁doves
26473	▁dragging
26474	▁effectiveness
26475	▁enlarge
26476	▁envelope
26477	▁excused
26478	▁extremes
26479	▁fist
26480	▁fitted
26481	▁flashes
26482	▁framework
26483	▁freedoms
26484	▁gender
26485	▁girlfriend
26486	▁ham
26487	▁initiate
26488	▁intact
26489	▁interrupt
26490	▁liberation
26491	▁likelihood
26492	▁lovable
26493	▁maid
26494	▁mist
26495	▁pestilences
26496	▁phenomenon
26497	▁prepares
26498	▁profoundly
26499	▁prosecutor
26500	▁recorder
26501	▁restarted
26502	▁rightfully
26503	▁sanction
26504	▁satellite
26505	▁scalding
26506	▁separator
26507	▁sorted
26508	▁squared
26509	▁stabbed
26510	▁struggles
26511	▁throats
26512	▁undefiled
26513	▁unfaithfulness
26514	▁unlimited
26515	▁verdict
26516	▁waist
26517	▁अंगूठी
26518	▁अखबारों
26519	▁अगुआई
26520	▁असामान्य
26521	▁आज़
26522	▁ऊरिरयाह
26523	▁एनक्रिप्ट
26524	▁एलिजाबेथ
26525	▁एल्काना
26526	▁कमांडर
26527	▁काबिलीयतें
26528	▁कुतिया
26529	▁खिड़कियों
26530	▁खूबियाँ
26531	▁खोई
26532	▁खोजनेवालों
26533	▁गड्ढे
26534	▁गयुस
26535	▁गामा
26536	▁गुफ़ा
26537	▁चमकती
26538	▁चाकू
26539	▁चौखट
26540	▁जड़ों
26541	▁जताने
26542	▁जाय
26543	▁जूत
26544	▁ज्योतिषी
26545	▁झुकते
26546	▁टीका
26547	▁डरकर
26548	▁डालनेवाले
26549	▁तपात
26550	▁तरू
26551	▁त्रुटियाँ
26552	▁थ्रेड
26553	▁दरवाजा
26554	▁दस्तख
26555	▁दृढ़संकल्प
26556	▁नम्रतापूर्वक
26557	▁नासरी
26558	▁नुकसानदेह
26559	▁नृजातीय
26560	▁पवित्रस्थान
26561	▁पाइंट
26562	▁पात
26563	▁पुनर्भंडारण
26564	▁पोतों
26565	▁फाइलनाम
26566	▁फाइलें
26567	▁फिंगरप्रिंट
26568	▁फेन
26569	▁बनूँ
26570	▁बसेंगे
26571	▁बाज़ू
26572	▁बाय
26573	▁बोलकर
26574	▁भाषी
26575	▁भूलो
26576	▁भौग
26577	▁मक़सद
26578	▁मनाएंगे
26579	▁मुर्गी
26580	▁मॆ
26581	▁मॆरी
26582	▁मेयर
26583	▁यहोराम
26584	▁रखनेवालो
26585	▁रस्सियों
26586	▁राजकुमारी
26587	▁राजद्रोह
26588	▁लड़ियाँ
26589	▁ललक
26590	▁लोइस
26591	▁लौटें
26592	▁विलुप्त
26593	▁सटीक
26594	▁सुनिश्
26595	▁सृजी
26596	▁स्नेही
26597	▁हादसा
26598	▁१९४५
26599	▁५२
26600	,500
26601	2.
26602	66
26603	Auto
26604	Blue
26605	Check
26606	Clear
26607	Ha
26608	Like
26609	PG
26610	ServerAdmin
26611	ServerName
26612	Thank
26613	athite
26614	base
26615	certain
26616	cular
26617	driver
26618	during
26619	everlasting
26620	firm
26621	follow
26622	grow
26623	hara
26624	headed
26625	ili
26626	ille
26627	lab
26628	lav
26629	left
26630	ode
26631	tch
26632	wall
26633	west
26634	कराह
26635	गमन
26636	गुआ
26637	घा
26638	चीनी
26639	ज़िर
26640	ठी
26641	डोर
26642	ढाल
26643	णी
26644	धिक
26645	प्रेरित
26646	फ़ीफ़
26647	बोर्ड
26648	रफत
26649	लिस
26650	वाई
26651	वाय
26652	सतानेवालों
26653	सुख
26654	सूरज
26655	हाम
26656	हूँ
26657	हेम
26658	ांत
26659	ाण
26660	ुबली
26661	ुमार
26662	्शन
26663	⇩
26664	▁123
26665	▁1972
26666	▁Allows
26667	▁Anglo
26668	▁Append
26669	▁Bain
26670	▁Ban
26671	▁Been
26672	▁Bugzilla
26673	▁Cal
26674	▁Curve
26675	▁Describ
26676	▁Disabled
26677	▁Emily
26678	▁Fish
26679	▁Fixed
26680	▁Fulfill
26681	▁Gray
26682	▁Hat
26683	▁Jay
26684	▁Manoah
26685	▁NE
26686	▁Override
26687	▁Party
26688	▁Physical
26689	▁Rabbi
26690	▁Radio
26691	▁Rama
26692	▁Recipient
26693	▁Repentance
26694	▁STARTTLS
26695	▁Salvador
26696	▁ShortName
26697	▁Sihon
26698	▁Sleep
26699	▁Smooth
26700	▁Trustee
26701	▁Ultimately
26702	▁Wives
26703	▁acquit
26704	▁africa
26705	▁ailing
26706	▁archaeologists
26707	▁aspire
26708	▁authentic
26709	▁awkward
26710	▁blaspheme
26711	▁cardinal
26712	▁catching
26713	▁cherishe
26714	▁cleaned
26715	▁clinging
26716	▁composition
26717	▁condone
26718	▁console
26719	▁consulting
26720	▁cop
26721	▁courtship
26722	▁creeping
26723	▁dirt
26724	▁eagerness
26725	▁eagles
26726	▁enhanced
26727	▁expands
26728	▁facilitate
26729	▁figured
26730	▁flew
26731	▁fondness
26732	▁frankly
26733	▁furnish
26734	▁furniture
26735	▁graduate
26736	▁harvested
26737	▁heifer
26738	▁hurting
26739	▁landscape
26740	▁lote
26741	▁marries
26742	▁motionless
26743	▁networking
26744	▁oak
26745	▁optimism
26746	▁pleasurable
26747	▁quench
26748	▁quiver
26749	▁rec
26750	▁relinquish
26751	▁resent
26752	▁riddle
26753	▁schism
26754	▁sha
26755	▁smiled
26756	▁solemnly
26757	▁supplement
26758	▁thriving
26759	▁thwart
26760	▁uncontrolled
26761	▁underestimate
26762	▁undertaking
26763	▁unthinkable
26764	▁vanities
26765	▁woeful
26766	▁workday
26767	▁wrestling
26768	▁yard
26769	▁अकारण
26770	▁अग्र
26771	▁अपनाकर
26772	▁आश्चर्यकर्म
26773	▁इस्साकार
26774	▁ईकाई
26775	▁उबरन
26776	▁कंसोल
26777	▁कमज़ोरियाँ
26778	▁कुंजिय
26779	▁खच्चर
26780	▁खाएगी
26781	▁गंध
26782	▁गड़
26783	▁गिरेंगे
26784	▁ग्रीस
26785	▁ग्लोब
26786	▁चर्म
26787	▁चिड़िय
26788	▁छुड़ाएगा
26789	▁ज्ञानेन्द्रिय
26790	▁झोपड़िय
26791	▁ट्रिगर
26792	▁ट्रैश
26793	▁ढाला
26794	▁ताकते
26795	▁तोड़ता
26796	▁दबाकर
26797	▁देखनेवाले
26798	▁धरता
26799	▁निकालिए
26800	▁न्यायसंगत
26801	▁पनीर
26802	▁परिवर्तनीय
26803	▁पानेवालों
26804	▁पीड़ाओं
26805	▁प्रेत
26806	▁प्रोटीन
26807	▁फूलते
26808	▁फोकस
26809	▁बदबू
26810	▁बाँटना
26811	▁बिल्ली
26812	▁बैतलहम
26813	▁भ्रमण
26814	▁मिलाना
26815	▁मिलावट
26816	▁मोआबियों
26817	▁मोम
26818	▁योद्धाओं
26819	▁राहें
26820	▁रोल
26821	▁लगाऊंगा
26822	▁लिपि
26823	▁लिब
26824	▁लुभाए
26825	▁लेंगी
26826	▁वंशजों
26827	▁शेयर
26828	▁सप्ताहांत
26829	▁सेईर
26830	▁हं
26831	▁हक्क
26832	▁हटे
26833	▁१९३५
26834	Act
26835	BRA
26836	CN
26837	GRUNTING
26838	Hold
26839	IB
26840	Israel
26841	VER
26842	XDG
26843	col
26844	eek
26845	eight
26846	eval
26847	ichi
26848	itch
26849	mbo
26850	nal
26851	note
26852	opportune
26853	tai
26854	trust
26855	ural
26856	ype
26857	ऊँचे
26858	एन्साइक्लोपीडिया
26859	खैर
26860	गि
26861	गुए
26862	ग्न
26863	ग्ला
26864	ज़ामिन
26865	जै
26866	तुझे
26867	थोड़ा
26868	माइ
26869	मिनट
26870	येगा
26871	लड़ाई
26872	लाफ
26873	वारिस
26874	शांति
26875	शियन
26876	ाँग
26877	ाइन
26878	ाप
26879	िठाई
26880	िस्ता
26881	▁3,500
26882	▁Adonijah
26883	▁Ahead
26884	▁Algorithm
26885	▁Alignment
26886	▁Allen
26887	▁Boolean
26888	▁Causes
26889	▁Confidence
26890	▁Cultivat
26891	▁Dedication
26892	▁Driver
26893	▁Exemplar
26894	▁Experts
26895	▁Girl
26896	▁Grateful
26897	▁Growing
26898	▁Hawaii
26899	▁Identity
26900	▁Ji
26901	▁Jotham
26902	▁Judaea
26903	▁Kel
26904	▁NAT
26905	▁Negative
26906	▁Nick
26907	▁OH
26908	▁Positive
26909	▁Putting
26910	▁Ruin
26911	▁Scotland
26912	▁Sean
26913	▁Shepherds
26914	▁Snippets
26915	▁Stone
26916	▁Thine
26917	▁Untitled
26918	▁VCD
26919	▁Wali
26920	▁Zul
26921	▁abasement
26922	▁accommodate
26923	▁adulterer
26924	▁anticipation
26925	▁arc
26926	▁ascent
26927	▁assumption
26928	▁bidden
26929	▁bodily
26930	▁brochures
26931	▁butterfly
26932	▁cargo
26933	▁cdrecord
26934	▁commentator
26935	▁concealing
26936	▁confusing
26937	▁continuously
26938	▁convicted
26939	▁crave
26940	▁derision
26941	▁dioxide
26942	▁drinkers
26943	▁drunkards
26944	▁eateth
26945	▁embarked
26946	▁errand
26947	▁erupted
26948	▁essay
26949	▁fasted
26950	▁flaws
26951	▁forgetful
26952	▁fornicator
26953	▁fractions
26954	▁garbage
26955	▁genocide
26956	▁gi
26957	▁incessantly
26958	▁incidence
26959	▁incorruptible
26960	▁indications
26961	▁intendeth
26962	▁knot
26963	▁lent
26964	▁lepers
26965	▁logging
26966	▁maiden
26967	▁merry
26968	▁mismatch
26969	▁mosquito
26970	▁mourned
26971	▁novel
26972	▁permissive
26973	▁popularity
26974	▁porters
26975	▁proportions
26976	▁psychologist
26977	▁recognised
26978	▁regretted
26979	▁relentless
26980	▁replacing
26981	▁reviewed
26982	▁rocky
26983	▁scattering
26984	▁sealing
26985	▁sheath
26986	▁sneak
26987	▁solidly
26988	▁soothing
26989	▁stationed
26990	▁superficial
26991	▁teams
26992	▁thigh
26993	▁thoughtful
26994	▁trauma
26995	▁undefined
26996	▁undertone
26997	▁unloving
26998	▁urgently
26999	▁warring
27000	▁weaning
27001	▁whispering
27002	▁wield
27003	▁अतरफलक
27004	▁अपंगता
27005	▁अमेरिकन
27006	▁आनी
27007	▁उठ्ठार
27008	▁क़ु
27009	▁कुटुम्ब
27010	▁गतिशील
27011	▁गली
27012	▁चंद्रमा
27013	▁चिल्लाते
27014	▁चो
27015	▁चौरस
27016	▁जव
27017	▁टीएआर
27018	▁टीप
27019	▁टोपी
27020	▁टोह
27021	▁ट्रेलर
27022	▁ठानी
27023	▁डिजाइन
27024	▁डिजिटल
27025	▁तामार
27026	▁तीव्रता
27027	▁थूक
27028	▁दफ्तरों
27029	▁दाव
27030	▁नंगे
27031	▁नामकरण
27032	▁नियति
27033	▁नेविगेशन
27034	▁पंछी
27035	▁पढ़ाने
27036	▁पहिये
27037	▁पाँचवीं
27038	▁पासपोर्ट
27039	▁पुन्त
27040	▁प्रतिशोध
27041	▁फ़ारस
27042	▁फेलिक्स
27043	▁बकरियाँ
27044	▁बक्क
27045	▁बढ़ाइए
27046	▁बाइंडिंग
27047	▁बालात
27048	▁बेला
27049	▁ब्रूस
27050	▁माँगनेवाल
27051	▁मिजाज़
27052	▁रखवाले
27053	▁रखूँगा
27054	▁रज
27055	▁रत्ती
27056	▁रम
27057	▁रोटियां
27058	▁लड़क
27059	▁विचारधारा
27060	▁शनि
27061	▁शरीरों
27062	▁शर्मनाक
27063	▁शीत
27064	▁संकुचित
27065	▁सज्जनों
27066	▁सुखदायक
27067	▁स्वर्ण
27068	▁हरकतों
27069	▁हाव
27070	▁हेलो
27071	▁१५०
27072	▁१९८८
27073	++/
27074	Diff
27075	NC
27076	Rather
27077	Subject
27078	bert
27079	custom
27080	dest
27081	ecord
27082	elo
27083	faith
27084	hear
27085	ih
27086	including
27087	izz
27088	maildir
27089	never
27090	ptic
27091	sheba
27092	spread
27093	uded
27094	zen
27095	Â
27096	ंघ
27097	कला
27098	केवल
27099	कॉन
27100	गया
27101	ग़ार
27102	ग्री
27103	जंग
27104	ज्र
27105	डरो
27106	तृप्ति
27107	नरक
27108	नॆ
27109	पक्ष
27110	पूछ
27111	प्
27112	भार
27113	मणि
27114	मदीद
27115	माज़
27116	शै
27117	सास
27118	सिंग
27119	सौ
27120	स्तर
27121	हाज़
27122	ाएंगे
27123	ॅट
27124	ॉल्ट
27125	्रोन
27126	▁136
27127	▁200%
27128	▁Amid
27129	▁Animation
27130	▁Augustine
27131	▁Bit
27132	▁Carry
27133	▁Cheese
27134	▁Congratulations
27135	▁Constant
27136	▁Distance
27137	▁Eusebius
27138	▁FILE
27139	▁Foreign
27140	▁Forwarded
27141	▁Groups
27142	▁Hint
27143	▁Impossible
27144	▁Inform
27145	▁Invisible
27146	▁Janeiro
27147	▁Merari
27148	▁Mexican
27149	▁Milk
27150	▁Mobile
27151	▁NP
27152	▁Nam
27153	▁Ner
27154	▁Ninevites
27155	▁Origin
27156	▁Oxford
27157	▁Patience
27158	▁Plant
27159	▁Raghu
27160	▁Scheme
27161	▁Swedish
27162	▁TRY
27163	▁Taiwan
27164	▁Tasmania
27165	▁Texas
27166	▁Zealous
27167	▁Zero
27168	▁alleged
27169	▁anonymous
27170	▁arrayed
27171	▁atrocities
27172	▁bunch
27173	▁cautions
27174	▁centurion
27175	▁concubines
27176	▁confuse
27177	▁consciousness
27178	▁curses
27179	▁damsel
27180	▁diagram
27181	▁diverted
27182	▁dowry
27183	▁emerged
27184	▁engrossed
27185	▁fence
27186	▁forcefully
27187	▁hammer
27188	▁harshly
27189	▁hepatitis
27190	▁html
27191	▁indignant
27192	▁indulged
27193	▁inherent
27194	▁intensify
27195	▁intimidated
27196	▁ja
27197	▁knee
27198	▁labors
27199	▁mantle
27200	▁melody
27201	▁moisture
27202	▁monarch
27203	▁mound
27204	▁numbering
27205	▁orange
27206	▁outrageous
27207	▁overjoyed
27208	▁photographs
27209	▁picking
27210	▁prejudices
27211	▁pronunciation
27212	▁prostitutes
27213	▁radical
27214	▁regained
27215	▁reigning
27216	▁reservation
27217	▁resolute
27218	▁safeguarded
27219	▁semen
27220	▁shops
27221	▁simultaneously
27222	▁spectacle
27223	▁speedily
27224	▁steam
27225	▁stewards
27226	▁tends
27227	▁tick
27228	▁tragedies
27229	▁turbulent
27230	▁unfamiliar
27231	▁unleashed
27232	▁vaccine
27233	▁vindicated
27234	▁volcani
27235	▁voyage
27236	▁watcher
27237	▁zones
27238	▁अना
27239	▁अनिष्ट
27240	▁अनुलग्नक
27241	▁अभिलेखागार
27242	▁अल्बेनिया
27243	▁आटा
27244	▁आलोचक
27245	▁आसार
27246	▁ईशतन्त्र
27247	▁उंगलियों
27248	▁उज़्
27249	▁उज्जवल
27250	▁ऑल्ट
27251	▁कज़ा
27252	▁कथाओं
27253	▁करूँगी
27254	▁कलम
27255	▁क़ीमती
27256	▁काँटे
27257	▁कोठरियां
27258	▁क्रिस्ट
27259	▁खरब
27260	▁खारा
27261	▁खु
27262	▁चूम
27263	▁छाए
27264	▁जलता
27265	▁ज़हरील
27266	▁ज़िले
27267	▁टाँगों
27268	▁टुकड
27269	▁ढालकर
27270	▁तथ्यों
27271	▁तन्
27272	▁तामील
27273	▁त्रिकोण
27274	▁दीर्घ
27275	▁दुर्भाग्यशाली
27276	▁दुष्टात्माएँ
27277	▁दुसर
27278	▁दूल्हा
27279	▁दृष्टांतों
27280	▁निरस्त
27281	▁निर्गमक
27282	▁निहार
27283	▁नॉन
27284	▁परिपूर्णता
27285	▁पिस
27286	▁पुरनिये
27287	▁पुष्ट
27288	▁पूँछ
27289	▁पौराणिक
27290	▁फिनलैंड
27291	▁फीट
27292	▁फेस्तुस
27293	▁फैलती
27294	▁फ्र
27295	▁बजायी
27296	▁बडे
27297	▁बरतनों
27298	▁बरफबारी
27299	▁बरसाई
27300	▁बरसाएगा
27301	▁बहुल
27302	▁बालको
27303	▁भड़के
27304	▁मिमी
27305	▁रहीम
27306	▁रोकती
27307	▁शूलेम्मिन
27308	▁समझाकर
27309	▁सम्भ
27310	▁सर्जरी
27311	▁सल
27312	▁सादे
27313	▁साध
27314	▁सृष्ट
27315	▁स्वास्थ्यकर
27316	▁हिट
27317	▁हेनरी
27318	▁हेल
27319	INE
27320	ION
27321	ML
27322	Stay
27323	UP
27324	WHO
27325	active
27326	anna
27327	argen
27328	bring
27329	find
27330	fit
27331	folk
27332	ija
27333	lect
27334	look
27335	lung
27336	nce
27337	piece
27338	rar
27339	religious
27340	rium
27341	ste
27342	vious
27343	yard
27344	ë
27345	ँट
27346	ंगटे
27347	उठ
27348	उदा
27349	ऊँची
27350	कह
27351	गुरु
27352	ग्राम
27353	चकित
27354	चाँद
27355	जला
27356	ज़बरदस्ती
27357	ज्ञ
27358	ठंडक
27359	ढ़े
27360	ताओं
27361	तुस
27362	दूध
27363	दों
27364	नोम
27365	फ्यू
27366	बनाया
27367	बॆ
27368	बेर
27369	यु
27370	राजकीय
27371	रूम
27372	लगभग
27373	लेन
27374	व्यवस्था
27375	शाली
27376	संख्या
27377	साथियों
27378	हलाल
27379	िरयाह
27380	ीले
27381	ूक
27382	्ना
27383	▁01
27384	▁21.)
27385	▁BENVOLIO
27386	▁Bro
27387	▁Burundi
27388	▁CPU
27389	▁Cameroon
27390	▁Cares
27391	▁Chapter
27392	▁Connected
27393	▁Country
27394	▁Dawud
27395	▁Depend
27396	▁Depression
27397	▁Dun
27398	▁Elam
27399	▁Feelings
27400	▁Fund
27401	▁Gutenberg
27402	▁Inca
27403	▁Jones
27404	▁Josh
27405	▁Kan
27406	▁Listening
27407	▁Memos
27408	▁Mirror
27409	▁Myself
27410	▁Neighbor
27411	▁Op
27412	▁PUBLISHERS
27413	▁Pardoning
27414	▁Relationship
27415	▁Release
27416	▁Reports
27417	▁Safety
27418	▁Salt
27419	▁Site
27420	▁Tahiti
27421	▁Wars
27422	▁Worth
27423	▁[4
27424	▁abstract
27425	▁abuses
27426	▁alphabet
27427	▁arranging
27428	▁bathe
27429	▁bitrate
27430	▁bottles
27431	▁branded
27432	▁carrion
27433	▁cherubims
27434	▁circles
27435	▁collective
27436	▁comm
27437	▁constellation
27438	▁dolphin
27439	▁dump
27440	▁dwelleth
27441	▁edges
27442	▁erroneous
27443	▁evildoer
27444	▁ewe
27445	▁fabric
27446	▁fascinate
27447	▁favoritism
27448	▁girdle
27449	▁graciousness
27450	▁greediness
27451	▁implications
27452	▁injure
27453	▁irritating
27454	▁legend
27455	▁limb
27456	▁meditated
27457	▁molding
27458	▁murders
27459	▁observant
27460	▁obstruct
27461	▁operates
27462	▁papers
27463	▁persistently
27464	▁pierced
27465	▁polytheist
27466	▁pomp
27467	▁posting
27468	▁precision
27469	▁predetermined
27470	▁propound
27471	▁respective
27472	▁restriction
27473	▁rider
27474	▁routes
27475	▁savings
27476	▁serpents
27477	▁snippets
27478	▁sophisticated
27479	▁substantial
27480	▁succumbed
27481	▁traumatic
27482	▁valueless
27483	▁viewpoints
27484	▁vividly
27485	▁weights
27486	▁willfully
27487	▁yearly
27488	▁अतिथ
27489	▁अदना
27490	▁अपारदर्शिता
27491	▁अही
27492	▁आमोन
27493	▁उत्पीड़ित
27494	▁एलाम
27495	▁ऑल
27496	▁कड़वा
27497	▁कराएँ
27498	▁कुँवारियाँ
27499	▁कृषि
27500	▁क्विक
27501	▁खिलाएँ
27502	▁खूबियों
27503	▁खोजा
27504	▁खोना
27505	▁गढ़े
27506	▁गवाँ
27507	▁गिड़गिड़ाते
27508	▁गुमनाम
27509	▁गोपित
27510	▁घुसकर
27511	▁चितौन
27512	▁चुनिए
27513	▁छलक
27514	▁छुरी
27515	▁टोन
27516	▁डराएं
27517	▁ढूँढने
27518	▁तक़लीफ
27519	▁तमिल
27520	▁तिक
27521	▁दमिश्
27522	▁दहलीज
27523	▁दिखलाया
27524	▁दिलाएगा
27525	▁दुशवार
27526	▁धड़कन
27527	▁नाउम्मीद
27528	▁पंच
27529	▁परिमाण
27530	▁पलंग
27531	▁पलटन
27532	▁पहुँचें
27533	▁पागलपन
27534	▁पिंडली
27535	▁फ़िल्म
27536	▁फ़ोल्डर्स
27537	▁फिरके
27538	▁फेंके
27539	▁बनवाई
27540	▁बरसाए
27541	▁बर्फ़
27542	▁बेलशस्सर
27543	▁भणडार
27544	▁भांज
27545	▁भूखों
27546	▁मनाओ
27547	▁मसा
27548	▁मार्शल
27549	▁मुर्ग
27550	▁मोहतरम
27551	▁यान
27552	▁योताम
27553	▁रोटिय
27554	▁लकड़
27555	▁लिआ
27556	▁वर्णनः
27557	▁वाए
27558	▁वाक्
27559	▁वित्तीय
27560	▁वॆ
27561	▁शिक्षिका
27562	▁सन्हेरीब
27563	▁समझायी
27564	▁समेटें
27565	▁सर्दियों
27566	▁सर्वनाश
27567	▁सीखकर
27568	▁सुलगा
27569	▁स्टार्ट
27570	▁हटते
27571	▁हस्तलिपियाँ
27572	▁हाथियों
27573	▁हारी
27574	25%
27575	50,000
27576	AH
27577	Both
27578	Mark
27579	Pray
27580	Watch
27581	believe
27582	enezuela
27583	gone
27584	itz
27585	terrible
27586	uce
27587	uth
27588	अत्युत्तम
27589	उद्धार
27590	कमी
27591	कसरत
27592	ख़ासकर
27593	टेशन
27594	ट्ठा
27595	ट्रो
27596	ड़ियों
27597	पता
27598	फ़ाइल
27599	फुस
27600	फोटो
27601	मछली
27602	रियल
27603	लियत
27604	वर्ष
27605	शाही
27606	सफर
27607	समुद्र
27608	ाओं
27609	िच
27610	ीद
27611	ीर्ण
27612	ैया
27613	्नी
27614	्सी
27615	▁'%1'
27616	▁11.)
27617	▁1923
27618	▁30,000
27619	▁44,
27620	▁450
27621	▁93
27622	▁Attend
27623	▁Bold
27624	▁Calendars
27625	▁Clark
27626	▁Columns
27627	▁Deaf
27628	▁Deliverance
27629	▁Doubtless
27630	▁Fair
27631	▁GUI
27632	▁Gate
27633	▁Geographic
27634	▁Hallowe
27635	▁Identify
27636	▁Ish
27637	▁Jaracz
27638	▁Jeshua
27639	▁Kate
27640	▁Madagascar
27641	▁Myth
27642	▁Namibia
27643	▁Newsweek
27644	▁Paragraph
27645	▁Pressure
27646	▁Remaining
27647	▁Reverse
27648	▁Risk
27649	▁Roger
27650	▁Saleh
27651	▁Secretary
27652	▁Selector
27653	▁Sib
27654	▁Sim
27655	▁Smoking
27656	▁Stadium
27657	▁Stat
27658	▁Understand
27659	▁Wealth
27660	▁abominable
27661	▁accounted
27662	▁apparel
27663	▁baskets
27664	▁brag
27665	▁bringer
27666	▁bringest
27667	▁campaigns
27668	▁chieftains
27669	▁climbed
27670	▁compromising
27671	▁constellations
27672	▁courtyards
27673	▁crocodile
27674	▁dam
27675	▁debates
27676	▁dilemma
27677	▁divisive
27678	▁documentation
27679	▁domestics
27680	▁endureth
27681	▁faculties
27682	▁famines
27683	▁farthe
27684	▁fatherly
27685	▁feat
27686	▁finances
27687	▁generator
27688	▁glitter
27689	▁gushing
27690	▁illuminating
27691	▁implement
27692	▁indecencies
27693	▁intensified
27694	▁kinsfolk
27695	▁leveled
27696	▁liberated
27697	▁luxuriant
27698	▁lyrics
27699	▁micro
27700	▁mute
27701	▁ordering
27702	▁override
27703	▁overturn
27704	▁passive
27705	▁persevering
27706	▁phonograph
27707	▁pioneered
27708	▁presentations
27709	▁prevails
27710	▁purifying
27711	▁reinstated
27712	▁rejecters
27713	▁reset
27714	▁ringing
27715	▁rip
27716	▁savour
27717	▁scenario
27718	▁shines
27719	▁shone
27720	▁spiritistic
27721	▁squeeze
27722	▁stingy
27723	▁sw
27724	▁traps
27725	▁vault
27726	▁visualize
27727	▁whip
27728	▁wizard
27729	▁अपहरण
27730	▁अबाद
27731	▁आंगनों
27732	▁आन्ध
27733	▁आभूषण
27734	▁ईट
27735	▁एक्सेस
27736	▁एलान
27737	▁एलेन
27738	▁एह
27739	▁कचरे
27740	▁कम्बख्त
27741	▁कालिक
27742	▁कॉर
27743	▁क्लासिक
27744	▁खाएं
27745	▁खाक
27746	▁खुदकुशी
27747	▁खोखल
27748	▁घटाएँ
27749	▁घावों
27750	▁चपेट
27751	▁छुटप
27752	▁जज़बात
27753	▁जना
27754	▁जितन
27755	▁जुलता
27756	▁झंड
27757	▁झुलसा
27758	▁झोक
27759	▁टलने
27760	▁डरें
27761	▁थीम
27762	▁दग़ाबाज़
27763	▁दरियादिल
27764	▁दवाएँ
27765	▁दस्ता
27766	▁दा
27767	▁दिलेर
27768	▁निगर
27769	▁नियंत्रक
27770	▁निर्दय
27771	▁नोड्स
27772	▁पंहुच
27773	▁पराग
27774	▁पवित्राता
27775	▁पिघला
27776	▁पीली
27777	▁पीले
27778	▁पैकेट
27779	▁प्लग
27780	▁फिल्में
27781	▁बनीं
27782	▁बांग
27783	▁बिग
27784	▁बिरीया
27785	▁बुध
27786	▁बूटियों
27787	▁बेध
27788	▁मिटने
27789	▁मिद्दी
27790	▁मिश्रित
27791	▁मिसर
27792	▁रोता
27793	▁रोती
27794	▁लटकाए
27795	▁लड़कर
27796	▁लाकीश
27797	▁लेफ्टिनेंट
27798	▁वेदना
27799	▁वैधता
27800	▁संभालने
27801	▁समूहीकृत
27802	▁सलाहें
27803	▁सांत्वनादायक
27804	▁सुसमाचारक
27805	▁४९
27806	▁५६
27807	Block
27808	DATE
27809	Exeunt
27810	Haram
27811	NESS
27812	Turn
27813	URE
27814	aker
27815	clear
27816	cloud
27817	eat
27818	gal
27819	ij
27820	lO
27821	linux
27822	mite
27823	mmc
27824	non
27825	ough
27826	ound
27827	portion
27828	ref
27829	revealed
27830	rio
27831	solid
27832	tah
27833	unta
27834	đ
27835	अतः
27836	आने
27837	इब्रानियों
27838	करके
27839	खरी
27840	गिर्द
27841	ज़ीर
27842	जितनी
27843	टिक
27844	तूल
27845	दहा
27846	दायी
27847	दौलत
27848	नज़र
27849	नसीब
27850	पत्थर
27851	पीढ़ी
27852	पुकार
27853	बूझकर
27854	ब्यू
27855	मूठ
27856	रेब
27857	लियन
27858	ल्यूशन
27859	समझाने
27860	सस
27861	सै
27862	हक़ीक़ी
27863	ाउज़
27864	ाग
27865	ावस्था
27866	ेनी
27867	ेन्स
27868	ॉर्ड
27869	ोह
27870	ौल
27871	▁"{1}."
27872	▁150%
27873	▁1870
27874	▁2:2)
27875	▁300%
27876	▁ARTICLE
27877	▁Addresses
27878	▁Appropriately
27879	▁Arguments
27880	▁Attack
27881	▁Bel
27882	▁Calvin
27883	▁Classic
27884	▁Cookie
27885	▁DOES
27886	▁Eglon
27887	▁Expunging
27888	▁Glorify
27889	▁Harold
27890	▁Heshbon
27891	▁Hungarian
27892	▁Iron
27893	▁Joan
27894	▁Lee
27895	▁Luc
27896	▁Ministeri
27897	▁Nine
27898	▁OpenPGP
27899	▁Petersburg
27900	▁Plato
27901	▁ROM
27902	▁Tamil
27903	▁Venezuela
27904	▁Warnings
27905	▁Wash
27906	▁achieving
27907	▁agreements
27908	▁aimed
27909	▁apologized
27910	▁attendees
27911	▁avenger
27912	▁banner
27913	▁besought
27914	▁bike
27915	▁binary
27916	▁blend
27917	▁breeding
27918	▁cavalry
27919	▁checks
27920	▁constitution
27921	▁contended
27922	▁countryside
27923	▁cruelly
27924	▁defending
27925	▁dowries
27926	▁eighteen
27927	▁election
27928	▁embarrassing
27929	▁empathetic
27930	▁engagement
27931	▁erode
27932	▁eunuch
27933	▁exploited
27934	▁explore
27935	▁expunge
27936	▁faci
27937	▁finance
27938	▁foolishly
27939	▁forgo
27940	▁hordes
27941	▁hues
27942	▁identifier
27943	▁inspect
27944	▁learner
27945	▁lens
27946	▁leopard
27947	▁lip
27948	▁lively
27949	▁maildir
27950	▁millenniums
27951	▁misconduct
27952	▁mistreatment
27953	▁monument
27954	▁narrative
27955	▁neat
27956	▁notorious
27957	▁observations
27958	▁overlaid
27959	▁parenting
27960	▁parks
27961	▁pension
27962	▁planting
27963	▁postponed
27964	▁prevention
27965	▁primitive
27966	▁prop
27967	▁proven
27968	▁purposeful
27969	▁pursues
27970	▁qiblah
27971	▁quantities
27972	▁quitting
27973	▁repairs
27974	▁sakes
27975	▁scare
27976	▁seasoned
27977	▁shallow
27978	▁sighted
27979	▁slices
27980	▁softened
27981	▁solving
27982	▁sparks
27983	▁sprinkled
27984	▁staring
27985	▁staves
27986	▁storehouses
27987	▁strenuous
27988	▁substances
27989	▁swerved
27990	▁timid
27991	▁torrents
27992	▁totter
27993	▁transmit
27994	▁trends
27995	▁undesirable
27996	▁uneven
27997	▁villagers
27998	▁virtues
27999	▁wronging
28000	▁zooming
28001	▁अँग्रेज़
28002	▁अधीर
28003	▁अम्ल
28004	▁इकलौत
28005	▁इद
28006	▁इलेक्ट्रॉनिक
28007	▁उजाला
28008	▁उतरना
28009	▁उबाऊ
28010	▁उबाल
28011	▁ऊँच
28012	▁एटलस
28013	▁ऑर्
28014	▁ओहदे
28015	▁कपिल
28016	▁किराया
28017	▁कीलों
28018	▁कुढ़न
28019	▁कृतघ्नता
28020	▁गोला
28021	▁ग्रुप
28022	▁चंचल
28023	▁चापलूसी
28024	▁चुस्त
28025	▁छुट्टिय
28026	▁जग
28027	▁जनी
28028	▁जैसों
28029	▁झाड़ी
28030	▁टक्कर
28031	▁टाक
28032	▁टिंडेल
28033	▁डाउन
28034	▁डेटाबेस
28035	▁डैन
28036	▁डोम
28037	▁तख़
28038	▁तन्हा
28039	▁तपस्वी
28040	▁ताली
28041	▁ताले
28042	▁थोड
28043	▁थोपा
28044	▁नर्सों
28045	▁पकड़ेंगे
28046	▁पड़ताल
28047	▁पपी
28048	▁पश्चाताप
28049	▁पहिना
28050	▁पुरोहित
28051	▁प्रवाल
28052	▁प्रे
28053	▁प्ल
28054	▁फुसला
28055	▁बनानेवालों
28056	▁बन्ध
28057	▁बागडोर
28058	▁बाघ
28059	▁बाड़ी
28060	▁बितायी
28061	▁बुलवाकर
28062	▁बेगार
28063	▁बॉन्ड
28064	▁ब्राउजिंग
28065	▁ब्राउन
28066	▁भूलेगा
28067	▁मधुमक्खी
28068	▁मसोर
28069	▁मिटे
28070	▁रुकना
28071	▁लड़ों
28072	▁लेखिका
28073	▁वसी
28074	▁विगोप
28075	▁शर्मिंदगी
28076	▁शल्लूम
28077	▁शेड्
28078	▁संकोच
28079	▁सुई
28080	▁सुधारक
28081	▁सूई
28082	▁सेप्टुआजेंट
28083	▁स्याही
28084	1,000
28085	Bar
28086	COOPER
28087	IF
28088	Replace
28089	Spot
28090	UTl
28091	abil
28092	dhat
28093	empty
28094	eous
28095	falleth
28096	fill
28097	haritable
28098	hub
28099	lei
28100	network
28101	phone
28102	prayer
28103	quit
28104	rath
28105	scribe
28106	solve
28107	title
28108	treat
28109	ú
28110	ंपते
28111	आपकी
28112	ऊॅगा
28113	औरतों
28114	कृपा
28115	खड़े
28116	गरज़
28117	घुरघुराना
28118	च्चा
28119	जमा
28120	जहां
28121	डीएम
28122	ताज़ा
28123	तुर
28124	तूफ़ान
28125	देर
28126	परती
28127	पात्र
28128	प्रति
28129	बाग़
28130	बाब
28131	बुतों
28132	भागी
28133	भिड़े
28134	भूसा
28135	मरे
28136	लेम
28137	विज्ञान
28138	शख्स
28139	शब्द
28140	समझो
28141	ाती
28142	ाभूत
28143	ायक
28144	ैं
28145	ोत्तरी
28146	्फ़
28147	८०
28148	↓
28149	▁%1%2
28150	▁(19
28151	▁1914?
28152	▁256
28153	▁Alaska
28154	▁Axis
28155	▁Bethelites
28156	▁Brethren
28157	▁Colombia
28158	▁Conscience
28159	▁DON
28160	▁Def
28161	▁Demo
28162	▁Eva
28163	▁Front
28164	▁Hab
28165	▁Instance
28166	▁Isma
28167	▁Italic
28168	▁JSON
28169	▁Kai
28170	▁MERCUTIO
28171	▁Micaiah
28172	▁Mist
28173	▁Nazarenes
28174	▁Neh
28175	▁Pal
28176	▁Palm
28177	▁Preach
28178	▁Redo
28179	▁Reformation
28180	▁Refuge
28181	▁Repel
28182	▁Serpent
28183	▁TCP
28184	▁Tags
28185	▁Thankfully
28186	▁Vine
28187	▁Yugoslavia
28188	▁adversely
28189	▁appearances
28190	▁autumn
28191	▁beams
28192	▁bishops
28193	▁boarded
28194	▁boarding
28195	▁borrowed
28196	▁bridges
28197	▁builded
28198	▁bump
28199	▁candle
28200	▁carrier
28201	▁caves
28202	▁cedars
28203	▁codes
28204	▁comely
28205	▁comprehensive
28206	▁confine
28207	▁consistency
28208	▁covetous
28209	▁crumble
28210	▁customer
28211	▁delegation
28212	▁desirous
28213	▁directors
28214	▁disabilities
28215	▁dose
28216	▁doubting
28217	▁dra
28218	▁emigrants
28219	▁engender
28220	▁eradicate
28221	▁ethical
28222	▁expedition
28223	▁exploitation
28224	▁farms
28225	▁flooded
28226	▁foam
28227	▁fork
28228	▁fortunate
28229	▁grabbed
28230	▁guarantees
28231	▁guessing
28232	▁habitat
28233	▁hatch
28234	▁idiot
28235	▁importing
28236	▁impure
28237	▁incapable
28238	▁increment
28239	▁instructive
28240	▁intentionally
28241	▁jungle
28242	▁leak
28243	▁listing
28244	▁lowered
28245	▁luxurious
28246	▁malice
28247	▁meaningless
28248	▁milestone
28249	▁pap
28250	▁participated
28251	▁pending
28252	▁pens
28253	▁persuasive
28254	▁pile
28255	▁populated
28256	▁proverbs
28257	▁prowess
28258	▁reforms
28259	▁reigns
28260	▁renamed
28261	▁reporter
28262	▁revile
28263	▁runner
28264	▁sank
28265	▁separately
28266	▁sew
28267	▁sooth
28268	▁sorrows
28269	▁sows
28270	▁speeches
28271	▁stalk
28272	▁stirs
28273	▁subsequently
28274	▁sundown
28275	▁synchronize
28276	▁toxic
28277	▁ugly
28278	▁weddings
28279	▁winepress
28280	▁अंग्रेजी
28281	▁अंतरफलक
28282	▁अंत्य
28283	▁अटकलें
28284	▁अन्धियारा
28285	▁अमाल
28286	▁आंकड़ों
28287	▁आइस
28288	▁आज़माइए
28289	▁आदिवासियों
28290	▁इंड
28291	▁इंदु
28292	▁इयरबुक
28293	▁उत्साहित
28294	▁उदासीनता
28295	▁एब्यातार
28296	▁एलर्जी
28297	▁कराएँगे
28298	▁कहलात
28299	▁खेला
28300	▁गधों
28301	▁गमलीएल
28302	▁गिनी
28303	▁गॅव
28304	▁गोलियों
28305	▁ग्रीन
28306	▁घमण्डी
28307	▁चचेर
28308	▁चरा
28309	▁चालाक
28310	▁चुप्पी
28311	▁छांट
28312	▁छी
28313	▁छूना
28314	▁जर्नल
28315	▁ज़ाम्बिया
28316	▁जांचे
28317	▁जिज्ञासा
28318	▁जीती
28319	▁जीवता
28320	▁जूडिथ
28321	▁जेसन
28322	▁जोएल
28323	▁ज्वर
28324	▁झुठलाता
28325	▁टट्ट
28326	▁डेनमार्क
28327	▁ड्रॉप
28328	▁ढकोसले
28329	▁ढालने
28330	▁तटस्थता
28331	▁तारागण
28332	▁दर्जों
28333	▁दासियों
28334	▁दीर्घवृत्त
28335	▁दुश्वार
28336	▁दूसरो
28337	▁धत्
28338	▁धुँधला
28339	▁नहाने
28340	▁पथः
28341	▁पदवी
28342	▁परमपवित्रा
28343	▁पलटने
28344	▁पहिराव
28345	▁पहुंचाता
28346	▁पूर्वबतलाया
28347	▁पेंटिंग
28348	▁प्रतापी
28349	▁प्रॉ
28350	▁फ़त
28351	▁फ्रै
28352	▁बख्शेगा
28353	▁बन्धक
28354	▁बन्धनों
28355	▁बर्
28356	▁बाशिन्द
28357	▁बिन्यामीनी
28358	▁बिला
28359	▁बुलवाया
28360	▁बूढे
28361	▁बोलबाला
28362	▁ब्रश
28363	▁भुजाएँ
28364	▁भेष
28365	▁मंगलवार
28366	▁मम
28367	▁मरो
28368	▁मसलहत
28369	▁मानचित्र
28370	▁मापदंड
28371	▁मेढ़ा
28372	▁मेमो
28373	▁यक़
28374	▁योग्यताओं
28375	▁राउंड
28376	▁रिपोर्टों
28377	▁रुवाण्डा
28378	▁रोज़गार
28379	▁शम
28380	▁शरणार्थियों
28381	▁श्रंखला
28382	▁सँभाले
28383	▁सक
28384	▁सत्कार
28385	▁समझवालों
28386	▁समझौते
28387	▁सर्वाधिक
28388	▁सिखानेवाले
28389	▁सिपर
28390	▁सीटी
28391	▁सुगम
28392	▁सुस्ती
28393	▁सॅ
28394	▁सेंटर
28395	▁सौभाग्यशाली
28396	▁स्टाइल
28397	▁स्पर्श
28398	▁स्पष्टीकरण
28399	▁हमबिस्तर
28400	▁हरम
28401	▁हुल्लड़
28402	▁हौसले
28403	▁१९३९
28404	▁६१
28405	%02
28406	America
28407	DN
28408	Deprecated
28409	Kill
28410	Line
28411	Style
28412	TED
28413	_%
28414	ano
28415	cult
28416	distribute
28417	earth
28418	effect
28419	enthusiastically
28420	exe
28421	gad
28422	gates
28423	group
28424	leg
28425	maker
28426	mation
28427	places
28428	py
28429	rack
28430	reference
28431	related
28432	roving
28433	system
28434	wear
28435	wide
28436	works
28437	अज्र
28438	अता
28439	अन्
28440	अमल
28441	आयशा
28442	इद्द
28443	इल्म
28444	इल्लीयीन
28445	उतर
28446	उफ़तादा
28447	करना
28448	क़सदन
28449	क़ीर
28450	काट
28451	कानूनी
28452	कोहे
28453	कोहेतूर
28454	ख़ब
28455	खेती
28456	ग़रज
28457	ग़ू
28458	गिरदा
28459	च्चू
28460	जहन्नुमी
28461	ज़बाह
28462	ज़रिया
28463	ज़ात
28464	ज़ोन
28465	ज्ञा
28466	ज्योति
28467	डिंग
28468	ड्रे
28469	तग़
28470	तबलीग
28471	दस्त
28472	दायीं
28473	दैन
28474	द्दत
28475	द्दे
28476	द्रो
28477	नसारा
28478	नुस
28479	पोर
28480	फ़तेह
28481	फीक़
28482	बक्स
28483	बाज़ी
28484	बाहम
28485	बुर्राक़
28486	ब्बिर
28487	मक्के
28488	मख़लूक़ात
28489	मानव
28490	मुख
28491	मुराद
28492	मुसलमानो
28493	मुसाफ़त
28494	रफ़ीक़
28495	रें
28496	र्य
28497	लाल
28498	लोम
28499	लौन्डिय
28500	वादियों
28501	शरीक
28502	सकीन
28503	सदक़
28504	सन्देह
28505	सबका
28506	सालेह
28507	सिं
28508	सिज्जीन
28509	सुनो
28510	सुलेमान
28511	स्रा
28512	हसना
28513	हांफते
28514	़बत
28515	ाएब
28516	ाबिक़
28517	ुक
28518	ुज़ू
28519	ुबहा
28520	ूउ
28521	ूज़
28522	ेंसी
28523	ैस
28524	ोमय
28525	▁(7)
28526	▁06)
28527	▁1929
28528	▁Apostles
28529	▁Aristarchus
28530	▁Armenian
28531	▁Badr
28532	▁Brightness
28533	▁CAPU
28534	▁CHRIST
28535	▁Cale
28536	▁Challenges
28537	▁Cher
28538	▁Chunghae
28539	▁Cold
28540	▁Decrypt
28541	▁Discard
28542	▁Economic
28543	▁Estienne
28544	▁Falsehood
28545	▁Families
28546	▁Fasiq
28547	▁GET
28548	▁GR
28549	▁Harvest
28550	▁Henschel
28551	▁Hittite
28552	▁Huwa
28553	▁JUST
28554	▁Lachish
28555	▁Meet
28556	▁Meshach
28557	▁Mill
28558	▁Musician
28559	▁Navajo
28560	▁Participant
28561	▁Prove
28562	▁Pull
28563	▁Ramoth
28564	▁Sara
28565	▁Serial
28566	▁Shadrach
28567	▁Sharon
28568	▁Shrink
28569	▁Shuaib
28570	▁Standing
28571	▁Stra
28572	▁Strive
28573	▁THINK
28574	▁Teachers
28575	▁Units
28576	▁Wales
28577	▁Website
28578	▁Wizard
28579	▁adherence
28580	▁alleviate
28581	▁annoyed
28582	▁atlas
28583	▁blissful
28584	▁blotte
28585	▁boost
28586	▁brighten
28587	▁brightly
28588	▁chasing
28589	▁choke
28590	▁chooser
28591	▁collar
28592	▁confinement
28593	▁corulers
28594	▁curb
28595	▁daybreak
28596	▁declining
28597	▁defence
28598	▁degraded
28599	▁der
28600	▁deride
28601	▁disappointments
28602	▁disbelieveth
28603	▁discarded
28604	▁discouraging
28605	▁diseased
28606	▁disliked
28607	▁dispensation
28608	▁endear
28609	▁expended
28610	▁fishes
28611	▁flagrant
28612	▁gloomy
28613	▁grounded
28614	▁heaped
28615	▁highlighting
28616	▁ilah
28617	▁intensive
28618	▁intrigued
28619	▁jewels
28620	▁kcm
28621	▁lab
28622	▁launchable
28623	▁legions
28624	▁luminous
28625	▁mayor
28626	▁mirage
28627	▁murmured
28628	▁neighborly
28629	▁nourish
28630	▁offence
28631	▁oracle
28632	▁owes
28633	▁pal
28634	▁peculiar
28635	▁plates
28636	▁pondered
28637	▁prediction
28638	▁prescribe
28639	▁publicity
28640	▁recurrence
28641	▁resurrecting
28642	▁risky
28643	▁ruthless
28644	▁sayest
28645	▁sec
28646	▁sermon
28647	▁skip
28648	▁slipped
28649	▁slower
28650	▁softly
28651	▁stark
28652	▁strangled
28653	▁surpassing
28654	▁sweeping
28655	▁telescope
28656	▁tickets
28657	▁torch
28658	▁traveller
28659	▁tuberculosis
28660	▁tune
28661	▁tutor
28662	▁unending
28663	▁unread
28664	▁vices
28665	▁whi
28666	▁worm
28667	▁wreck
28668	▁zakah
28669	▁अक्रिय
28670	▁अनाम
28671	▁असहाब
28672	▁आखरी
28673	▁आठवीं
28674	▁आलिम
28675	▁इन्तिज़ा
28676	▁इलीशिबा
28677	▁उजागर
28678	▁उलेमा
28679	▁एख्तेलाफ़
28680	▁एतक़ा
28681	▁एतराफ
28682	▁एशियाई
28683	▁एहक़ाम
28684	▁ऐल
28685	▁ऑंखे
28686	▁कबाज़ी
28687	▁कमरों
28688	▁करुगाँ
28689	▁कर्ज
28690	▁क़ब्ज़ा
28691	▁क़याम
28692	▁क़यास
28693	▁क़रम
28694	▁क़सद
28695	▁कारागार
28696	▁खंडन
28697	▁ख़ल
28698	▁ख़़ुश
28699	▁ख़ालिक
28700	▁गढ़ा
28701	▁गिड़गिड़ाए
28702	▁गिरना
28703	▁गोश्
28704	▁छत्ते
28705	▁छपा
28706	▁ज़र्र
28707	▁ज़िन्द
28708	▁ज्योतिषियों
28709	▁झुलस
28710	▁टुडे
28711	▁टोकन
28712	▁डरावना
28713	▁डालोगे
28714	▁डिस्कनेक्टेड
28715	▁डोरे
28716	▁ढलान
28717	▁ढोल
28718	▁तख़्त
28719	▁तख्तियों
28720	▁तख्फ़ीफ
28721	▁तड़पत
28722	▁तरफ़दार
28723	▁तरसते
28724	▁तलछट
28725	▁ताँब
28726	▁तारिकिय
28727	▁तारीक़
28728	▁तुफ़
28729	▁त्योर
28730	▁त्रिभुज
28731	▁त्वरित
28732	▁दबदबा
28733	▁दरोग़ा
28734	▁देगे
28735	▁नज़्र
28736	▁नवयुवक
28737	▁नहला
28738	▁नाइट
28739	▁नाहक
28740	▁निखारता
28741	▁नियाज़
28742	▁निरी
28743	▁नुत्फ
28744	▁पनप
28745	▁परदाज़िय
28746	▁परमशॆवर
28747	▁पहरूए
28748	▁पाकीज़
28749	▁पार्टियों
28750	▁पिलाएँ
28751	▁पुर्स
28752	▁पूछेगें
28753	▁पूज
28754	▁पूर्वानुमान
28755	▁पैचेस
28756	▁पैरव
28757	▁पौधा
28758	▁प्रबोधन
28759	▁प्रियो
28760	▁फराख़
28761	▁फलाह
28762	▁फ़रमाए
28763	▁फ़रमाय
28764	▁फायज़
28765	▁बरकतें
28766	▁बशर
28767	▁बहकर
28768	▁बहाई
28769	▁बहाकर
28770	▁बुन
28771	▁बेइं
28772	▁बेइन्साफ
28773	▁बेसाख्ता
28774	▁बैठोगे
28775	▁बॉधा
28776	▁बोगोफिल्टर
28777	▁भड़काया
28778	▁भतीजों
28779	▁भिड़
28780	▁मदहोश
28781	▁मदीना
28782	▁मद्दगार
28783	▁मर्दो
28784	▁महापाप
28785	▁मांगे
28786	▁माज़अल्लाह
28787	▁मादनियों
28788	▁मिद्यान
28789	▁मुज़ाएक
28790	▁मुनत
28791	▁मुर्झा
28792	▁मुवाफ़िक़
28793	▁मुहाल
28794	▁मेंढक
28795	▁मोतियों
28796	▁मौजिज
28797	▁याईर
28798	▁रणनीति
28799	▁रातें
28800	▁रिप
28801	▁रोमानियाई
28802	▁लड
28803	▁लड़ेगा
28804	▁लाएगें
28805	▁लालसाओं
28806	▁लूटने
28807	▁लेगे
28808	▁वसवस
28809	▁वाके
28810	▁वाय
28811	▁विद्वेष
28812	▁विनत
28813	▁वेतन
28814	▁शफ्फ
28815	▁शादाब
28816	▁शुम्ब
28817	▁संख्याओं
28818	▁समझाए
28819	▁सर्वप्रथम
28820	▁सलाहियत
28821	▁सहीफ़ों
28822	▁सहे
28823	▁सिफत
28824	▁स्कैनिंग
28825	▁स्क्रिप्चर्स
28826	▁स्माइली
28827	▁हाईलाइट
28828	▁हैंडल
28829	▁२०००
28830	00%
28831	245
28832	73
28833	Enable
28834	Great
28835	Ju
28836	KR
28837	Messengers
28838	Obey
28839	PAL
28840	address
28841	agon
28842	allow
28843	continue
28844	death
28845	dig
28846	eyed
28847	hypocrites
28848	imo
28849	int
28850	isofs
28851	iti
28852	may
28853	nc
28854	oni
28855	rebellious
28856	rev
28857	thirds
28858	uni
28859	ón
28860	ंदर
28861	आरडबल्यू
28862	एना
28863	क़ी
28864	चो
28865	ज़िबाह
28866	टक
28867	डिक
28868	देखने
28869	नाफ़रमानी
28870	निदा
28871	नुमा
28872	नेकी
28873	प्ले
28874	फोर्ड
28875	बारी
28876	मुक़ाबले
28877	यशायाह
28878	रहे
28879	लेस
28880	सिव
28881	हक
28882	हवाएँ
28883	िओ
28884	१५
28885	१८
28886	३७
28887	६०७
28888	७०
28889	▁18.)
28890	▁1926
28891	▁20,000
28892	▁23.)
28893	▁Anchor
28894	▁Aramaic
28895	▁Bedouins
28896	▁Begin
28897	▁Booths
28898	▁Bow
28899	▁Boy
28900	▁Capable
28901	▁Circuit
28902	▁Collapse
28903	▁Columbus
28904	▁Depart
28905	▁Drug
28906	▁Duplicate
28907	▁Gethsemane
28908	▁Grandpa
28909	▁Hatred
28910	▁ISAIAH
28911	▁Iran
28912	▁Joram
28913	▁Mad
28914	▁Maildir
28915	▁Marble
28916	▁Messaging
28917	▁Milton
28918	▁Notify
28919	▁Opposition
28920	▁Pad
28921	▁Plasma
28922	▁Polyglot
28923	▁Potter
28924	▁Recognize
28925	▁Reduce
28926	▁Rid
28927	▁Roll
28928	▁Shout
28929	▁Snippet
28930	▁TEACHINGS
28931	▁Tetragrammaton
28932	▁Timeout
28933	▁Treasure
28934	▁Vic
28935	▁Virginia
28936	▁aboard
28937	▁adoption
28938	▁adulterous
28939	▁aloof
28940	▁angered
28941	▁arbitrary
28942	▁attracts
28943	▁awarded
28944	▁balances
28945	▁bastard
28946	▁benevolent
28947	▁blackened
28948	▁bolt
28949	▁carcase
28950	▁careless
28951	▁chew
28952	▁cite
28953	▁committees
28954	▁compliment
28955	▁curfew
28956	▁debased
28957	▁diagnosis
28958	▁dragons
28959	▁endangered
28960	▁estimation
28961	▁extensions
28962	▁flare
28963	▁fringe
28964	▁functionality
28965	▁graze
28966	▁groves
28967	▁hesitation
28968	▁hew
28969	▁highways
28970	▁homage
28971	▁increaseth
28972	▁interpreter
28973	▁jaws
28974	▁loosen
28975	▁manhood
28976	▁maximized
28977	▁mixing
28978	▁molecule
28979	▁monk
28980	▁nonsense
28981	▁northward
28982	▁null
28983	▁obsessed
28984	▁officially
28985	▁ointment
28986	▁papyrus
28987	▁patrons
28988	▁paw
28989	▁pine
28990	▁pots
28991	▁practicer
28992	▁preserves
28993	▁receiveth
28994	▁relented
28995	▁reversed
28996	▁roam
28997	▁shekel
28998	▁silently
28999	▁sixteen
29000	▁slack
29001	▁smokers
29002	▁sockets
29003	▁spec
29004	▁startling
29005	▁subsistence
29006	▁tank
29007	▁taunt
29008	▁theories
29009	▁tossed
29010	▁traced
29011	▁transported
29012	▁unreachable
29013	▁unsaved
29014	▁unset
29015	▁vanquished
29016	▁wearied
29017	▁whispers
29018	▁yo
29019	▁अजीबो
29020	▁अटारी
29021	▁अनावश्
29022	▁अप्रसन्
29023	▁अविश्वसनीय
29024	▁आं
29025	▁आईसीक्यू
29026	▁आपूर्ति
29027	▁इब्लीस
29028	▁उजड़े
29029	▁उण्डेल
29030	▁उत्पादक
29031	▁उभारती
29032	▁ऊब
29033	▁ओढ़
29034	▁करवाए
29035	▁क़ब्ज़
29036	▁कुश्
29037	▁कोलेस्ट्रॉल
29038	▁क्यूबा
29039	▁क्रय
29040	▁क्वे
29041	▁क्षमताओं
29042	▁ग़ुलामी
29043	▁गाड़ियाँ
29044	▁गिराया
29045	▁घसीट
29046	▁चलूंगा
29047	▁चिट्ठाकार
29048	▁चिट्ठियों
29049	▁छलन
29050	▁जंजीर
29051	▁जीन्स
29052	▁जीवनकाल
29053	▁जॉनी
29054	▁झूम
29055	▁टॉ
29056	▁ढालना
29057	▁तबके
29058	▁दयावन्त
29059	▁धंधा
29060	▁धमाके
29061	▁निकलेगी
29062	▁निर्धारण
29063	▁निर्वासित
29064	▁न्यायपूर्ण
29065	▁पंजे
29066	▁पढ़नेवाले
29067	▁पर्स
29068	▁पालना
29069	▁पिलवा
29070	▁पीड़ितों
29071	▁पेरू
29072	▁पोर्टः
29073	▁प्रेशर
29074	▁फाड़कर
29075	▁बरकतों
29076	▁बाड़े
29077	▁बाध
29078	▁बेघर
29079	▁बॉल
29080	▁भरमार
29081	▁भालू
29082	▁भावनात्मक
29083	▁मनभाऊ
29084	▁मनोवैज्ञानिक
29085	▁मांगता
29086	▁मार्
29087	▁मिच
29088	▁मॉड
29089	▁योहानान
29090	▁रचनाकार
29091	▁रहस्यों
29092	▁राज्यपाल
29093	▁रुककर
29094	▁रेलवे
29095	▁रोटियाँ
29096	▁लाऊंगा
29097	▁वर्क
29098	▁वली
29099	▁शक्तिवाला
29100	▁शिफ़ा
29101	▁श्रीलंका
29102	▁संख्याएँ
29103	▁सफ़ल
29104	▁साकार
29105	▁सीदोन
29106	▁सीहोन
29107	▁सेंसर
29108	▁सौदागर
29109	▁सौदे
29110	▁हरामख़ोर
29111	▁हाजिरा
29112	▁हिलने
29113	▁हुक
29114	▁१९५०
29115	512
29116	FILE
29117	ISH
29118	Jibrael
29119	LAUGHS
29120	Over
29121	Part
29122	Powerful
29123	SMS
29124	TIC
29125	Yet
29126	amin
29127	atchtower
29128	axis
29129	check
29130	crea
29131	ella
29132	europ
29133	example
29134	fear
29135	flesh
29136	ika
29137	mode
29138	nine
29139	ovi
29140	pac
29141	perfect
29142	rated
29143	rica
29144	ritain
29145	ser
29146	uma
29147	women
29148	ł
29149	अगले
29150	ऑफ़िस
29151	ख्
29152	गिरवी
29153	गुल
29154	ङ
29155	जगह
29156	ज़ालिम
29157	जाना
29158	जिनमें
29159	डीआई
29160	तालीस
29161	नगर
29162	नट
29163	पापा
29164	प्रकार
29165	प्रचार
29166	प्रेषक
29167	बेस
29168	युक्त
29169	यूहन्
29170	राज़दार
29171	रेत
29172	रोश
29173	वेन
29174	व्यर्थ
29175	ारा
29176	ालियों
29177	िरासत
29178	िशन
29179	ीसवीं
29180	ूद
29181	ूयाह
29182	ॅन
29183	्दगी
29184	१४
29185	▁#%
29186	▁(\\
29187	▁14)
29188	▁240
29189	▁58.
29190	▁Amalek
29191	▁Appreciation
29192	▁Artemis
29193	▁Bogofilter
29194	▁Born
29195	▁Cache
29196	▁Calamity
29197	▁Conduct
29198	▁Course
29199	▁Erik
29200	▁Fail
29201	▁Flo
29202	▁Generous
29203	▁Getty
29204	▁Goals
29205	▁Gro
29206	▁Haven
29207	▁Hur
29208	▁Invitation
29209	▁KOffice
29210	▁Kadesh
29211	▁Kexi
29212	▁Keywords
29213	▁LaTeX
29214	▁Makefile
29215	▁Means
29216	▁Melchizedek
29217	▁Musée
29218	▁Omnipotent
29219	▁Organizational
29220	▁PRINCIPLE
29221	▁Philo
29222	▁Playing
29223	▁RIGHT
29224	▁Redeemer
29225	▁Rejoicing
29226	▁Shadow
29227	▁Siberia
29228	▁Student
29229	▁Subtle
29230	▁Synchronize
29231	▁Transform
29232	▁Turning
29233	▁Uploading
29234	▁VoIP
29235	▁Witnessing
29236	▁abounds
29237	▁addicted
29238	▁afflicting
29239	▁airplane
29240	▁annihilation
29241	▁arch
29242	▁assertion
29243	▁autocomplete
29244	▁badger
29245	▁beaches
29246	▁beholding
29247	▁beneficiary
29248	▁besiege
29249	▁bewildered
29250	▁bolster
29251	▁carve
29252	▁choked
29253	▁coal
29254	▁coasts
29255	▁cushions
29256	▁daunting
29257	▁denote
29258	▁deteriorate
29259	▁disappoint
29260	▁discreetly
29261	▁disdainful
29262	▁dollar
29263	▁equate
29264	▁ewes
29265	▁exalts
29266	▁fabricating
29267	▁flirting
29268	▁forego
29269	▁fowl
29270	▁fragrance
29271	▁genealogy
29272	▁geometry
29273	▁groweth
29274	▁harass
29275	▁homecoming
29276	▁hue
29277	▁identical
29278	▁indigenous
29279	▁industrious
29280	▁intervened
29281	▁invokes
29282	▁jesting
29283	▁lethal
29284	▁mag
29285	▁mandatory
29286	▁marker
29287	▁materialized
29288	▁measurement
29289	▁membership
29290	▁merges
29291	▁mischievous
29292	▁moderation
29293	▁molest
29294	▁navigation
29295	▁nourished
29296	▁numb
29297	▁nuts
29298	▁opponent
29299	▁outrage
29300	▁patches
29301	▁penitently
29302	▁polygon
29303	▁precede
29304	▁punch
29305	▁purgatory
29306	▁ranged
29307	▁relapse
29308	▁reputable
29309	▁routed
29310	▁sailors
29311	▁savage
29312	▁shark
29313	▁sided
29314	▁slanderers
29315	▁slides
29316	▁slope
29317	▁specialized
29318	▁swoon
29319	▁tiding
29320	▁tolerated
29321	▁tourist
29322	▁tyrannical
29323	▁underscore
29324	▁unify
29325	▁uttering
29326	▁uttermost
29327	▁vague
29328	▁woes
29329	▁अचयनित
29330	▁अवयवों
29331	▁अहीतोपेल
29332	▁आऊं
29333	▁आठवाँ
29334	▁आबंटित
29335	▁आयेगा
29336	▁आर्गुमेंट
29337	▁उकसाए
29338	▁उकसाते
29339	▁उगत
29340	▁उतरती
29341	▁उम्मी
29342	▁उम्मीदों
29343	▁एग्लोन
29344	▁एचटीटीपी
29345	▁एस्
29346	▁कंधों
29347	▁कड़ियों
29348	▁कमाना
29349	▁काँच
29350	▁कार्टून
29351	▁कॅ
29352	▁कैप्स
29353	▁कॉमिक
29354	▁क्ला
29355	▁खंभे
29356	▁खनखना
29357	▁ख़ाला
29358	▁खिलाए
29359	▁खुशबू
29360	▁गायन
29361	▁गिरेगा
29362	▁गीतसूची
29363	▁गुज़ारे
29364	▁गुरुत्वाकर्षण
29365	▁ग्नू
29366	▁ग्लोबल
29367	▁चंग
29368	▁चहेत
29369	▁चुकाया
29370	▁चुकेगा
29371	▁चौंका
29372	▁छठी
29373	▁छूते
29374	▁जंतुओं
29375	▁जमी
29376	▁जर्सी
29377	▁जलाते
29378	▁ज़बाने
29379	▁ज़बूर
29380	▁जागृत
29381	▁जिलाए
29382	▁ज्यामिति
29383	▁टीलों
29384	▁टूटेगा
29385	▁टूलबा
29386	▁डेटिंग
29387	▁ढँक
29388	▁ढालें
29389	▁दफ़
29390	▁दबाने
29391	▁दसवीं
29392	▁दस्तक
29393	▁दिखलाते
29394	▁दृष्टिगोचर
29395	▁दोषबलि
29396	▁नक्षत्र
29397	▁निम्रोद
29398	▁निरादर
29399	▁निर्जन
29400	▁नै
29401	▁नौकरियों
29402	▁पकड़ेगा
29403	▁पड़ाव
29404	▁पहनावा
29405	▁पाठ्य
29406	▁पॆ
29407	▁पेरिस
29408	▁प्रजाति
29409	▁प्रधानमंत्री
29410	▁फटे
29411	▁फ़सादी
29412	▁फिज़ूल
29413	▁फिलीपींस
29414	▁फुत
29415	▁बरामद
29416	▁बॉट
29417	▁भ्रूण
29418	▁मक्खियों
29419	▁मरोड़
29420	▁मिश्
29421	▁रूबेनियों
29422	▁रूहों
29423	▁रेसिपि
29424	▁रैप
29425	▁रौब
29426	▁लद
29427	▁लपेटा
29428	▁वरीयताएं
29429	▁वास्ता
29430	▁विक
29431	▁विक्टर
29432	▁विरूप
29433	▁विशेषताओं
29434	▁वैटिकन
29435	▁श्रृंगार
29436	▁संपुष्टि
29437	▁सताती
29438	▁सन्तोष
29439	▁सम्बोध
29440	▁सिंटेक्स
29441	▁सींगों
29442	▁सुधारें
29443	▁सॉफ़्टवेयर
29444	▁सोम
29445	▁स्मिथ
29446	▁स्लाइडर
29447	▁हठीले
29448	▁हारिए
29449	▁हैरतअंगेज़
29450	▁११९
29451	8-
29452	ACTS
29453	Divine
29454	Down
29455	GROANS
29456	Lam
29457	NIC
29458	PI
29459	PM
29460	PO
29461	Perhaps
29462	Sp
29463	amba
29464	around
29465	clean
29466	deep
29467	ington
29468	lovers
29469	orea
29470	south
29471	spring
29472	tia
29473	uh
29474	uid
29475	अम
29476	उनपर
29477	ओह
29478	कते
29479	कलीसिया
29480	क्षेप
29481	खंड
29482	ग़ल
29483	चखो
29484	चुप
29485	ज़मी
29486	ज़ाया
29487	ज्जा
29488	ज्य
29489	डौल
29490	तर्क
29491	दिली
29492	ध्यान
29493	न्डर
29494	पेल
29495	म्भ
29496	याचना
29497	रेस
29498	लिस्ट
29499	वृति
29500	शोन
29501	हित
29502	होगा
29503	ांट
29504	ेब
29505	्ये
29506	▁1910
29507	▁192
29508	▁7)
29509	▁76
29510	▁AP
29511	▁Accurate
29512	▁Angel
29513	▁Aren
29514	▁Associate
29515	▁Bra
29516	▁Caring
29517	▁Clipboard
29518	▁Closing
29519	▁College
29520	▁Decide
29521	▁Declare
29522	▁Desert
29523	▁Dia
29524	▁Envoys
29525	▁Galatia
29526	▁Georgian
29527	▁Hypocrites
29528	▁Iconium
29529	▁Illustration
29530	▁Individuals
29531	▁Ismail
29532	▁Magdalene
29533	▁Mont
29534	▁Mothers
29535	▁Nephilim
29536	▁OUT
29537	▁Priya
29538	▁Pursue
29539	▁Radius
29540	▁Sacrifice
29541	▁Shiva
29542	▁Surah
29543	▁Tabor
29544	▁Transparency
29545	▁TrueType
29546	▁Verify
29547	▁Wide
29548	▁Wil
29549	▁Zerah
29550	▁accusing
29551	▁adolescence
29552	▁adviser
29553	▁allocation
29554	▁aroma
29555	▁astounding
29556	▁atone
29557	▁aye
29558	▁bark
29559	▁bas
29560	▁beautified
29561	▁beep
29562	▁birthdays
29563	▁blasphemers
29564	▁bricks
29565	▁bundle
29566	▁chastised
29567	▁cherub
29568	▁circuits
29569	▁clip
29570	▁commentary
29571	▁conclusive
29572	▁contamination
29573	▁contending
29574	▁defenses
29575	▁delude
29576	▁dieth
29577	▁digging
29578	▁dining
29579	▁eclipse
29580	▁equitably
29581	▁excavat
29582	▁extracted
29583	▁fertility
29584	▁findeth
29585	▁firewood
29586	▁fulfilment
29587	▁greenhouse
29588	▁haunt
29589	▁headache
29590	▁imperial
29591	▁implementation
29592	▁implored
29593	▁impulses
29594	▁insulting
29595	▁jack
29596	▁jumped
29597	▁jw
29598	▁kidding
29599	▁knit
29600	▁lev
29601	▁marble
29602	▁medi
29603	▁mire
29604	▁monetary
29605	▁neighbours
29606	▁noisy
29607	▁northwest
29608	▁nostrils
29609	▁odor
29610	▁optional
29611	▁pants
29612	▁phrases
29613	▁poets
29614	▁polite
29615	▁populations
29616	▁princess
29617	▁pronouncement
29618	▁prophetess
29619	▁propitiator
29620	▁quickeneth
29621	▁ranging
29622	▁registration
29623	▁releases
29624	▁releasing
29625	▁sandals
29626	▁scent
29627	▁simplified
29628	▁speculation
29629	▁spotted
29630	▁stack
29631	▁stain
29632	▁subscription
29633	▁superlative
29634	▁tech
29635	▁thyroid
29636	▁unsuccessful
29637	▁utility
29638	▁अछूत
29639	▁अपनाओ
29640	▁अर्थदंड
29641	▁आतिश
29642	▁आनन्दपूर्ण
29643	▁आनन्दमय
29644	▁आभास
29645	▁इंगित
29646	▁इनकोड
29647	▁उँडेल
29648	▁उच्चतर
29649	▁एकाध
29650	▁कसदी
29651	▁क़ब्जे
29652	▁कार्यकर्ता
29653	▁क्रमविकास
29654	▁खोलो
29655	▁ग्वा
29656	▁घटाए
29657	▁चमकते
29658	▁चलत
29659	▁चिली
29660	▁छूआ
29661	▁छोट
29662	▁छोड
29663	▁ज़ुलक़रनैन
29664	▁ज्यामिती
29665	▁टूल
29666	▁ठग
29667	▁डरावे
29668	▁डार्विन
29669	▁डू
29670	▁डेवढ़ी
29671	▁ढूँढ़कर
29672	▁ढूँढ़ता
29673	▁तजुर्बा
29674	▁तात्कालिक
29675	▁तु्म्ह
29676	▁तैयारियाँ
29677	▁दायर
29678	▁दायरा
29679	▁नाविक
29680	▁नाह
29681	▁निर्वासन
29682	▁निस्सदेह
29683	▁नीरो
29684	▁पड़ीं
29685	▁पत्ऩिय
29686	▁पनपने
29687	▁पारदर्शिता
29688	▁पियक्कड़पन
29689	▁प्रतिरक्षा
29690	▁प्लगइन्स
29691	▁प्लेग
29692	▁फीस
29693	▁बग़ीचे
29694	▁बदलेगा
29695	▁बरसे
29696	▁बाइबलें
29697	▁बाईस
29698	▁बाक
29699	▁बेचना
29700	▁बेदाग
29701	▁बेबसी
29702	▁बैठती
29703	▁बॉबी
29704	▁बोअज
29705	▁बोलनेवाला
29706	▁भरमानेवाल
29707	▁भून
29708	▁भेंटों
29709	▁मगिद्दो
29710	▁मजा
29711	▁मण्डल
29712	▁महारत
29713	▁माका
29714	▁मारनेवाले
29715	▁मुस्कान
29716	▁यात्राओं
29717	▁रेस्तराँ
29718	▁रोया
29719	▁लकवा
29720	▁लाइट
29721	▁लोथें
29722	▁वर्षीया
29723	▁विलंब
29724	▁वीसीडी
29725	▁वैभव
29726	▁शहादत
29727	▁शौचालय
29728	▁संसाधनों
29729	▁संस्थापन
29730	▁सलामी
29731	▁सांस्कृतिक
29732	▁सुविधाओं
29733	▁सूज़न
29734	▁३००
29735	.0
29736	94
29737	GA
29738	IGHT
29739	Nor
29740	PA
29741	PT
29742	Rahman
29743	TE
29744	appointed
29745	boat
29746	etic
29747	gun
29748	heart
29749	hit
29750	imi
29751	itive
29752	liters
29753	mond
29754	nica
29755	ounce
29756	palm
29757	plain
29758	position
29759	really
29760	tandard
29761	wealth
29762	št
29763	̊
29764	अगल
29765	उपयोक्ता
29766	कर्मपत्र
29767	काउ
29768	कीश
29769	क्रेट
29770	चुने
29771	जांच
29772	ड़ियाँ
29773	दाई
29774	नास
29775	परम
29776	पुर
29777	पूरे
29778	फिरकर
29779	फिरत
29780	मूलन
29781	रब
29782	रास्ते
29783	रुद्ध
29784	लीस
29785	ल्गोरिथ
29786	वह्य
29787	शल
29788	समाविष्ट
29789	सर्व
29790	हँसी
29791	ीनो
29792	ूएल
29793	्यूम
29794	्हा
29795	▁144
29796	▁19.)
29797	▁2.5
29798	▁Albanian
29799	▁Balak
29800	▁Becom
29801	▁COOPER
29802	▁Cam
29803	▁Carl
29804	▁Cognizant
29805	▁Committees
29806	▁Conversation
29807	▁Corky
29808	▁Degrees
29809	▁Ephesian
29810	▁Exit
29811	▁Galilean
29812	▁Gradient
29813	▁Hadad
29814	▁Hiram
29815	▁Influence
29816	▁Irish
29817	▁Jabesh
29818	▁Magazine
29819	▁Malta
29820	▁Michel
29821	▁Mid
29822	▁Mm
29823	▁Nickname
29824	▁PROVERBS
29825	▁Pain
29826	▁Pasteur
29827	▁Playlist
29828	▁Preserve
29829	▁Principles
29830	▁Qui
29831	▁Rais
29832	▁Response
29833	▁Rica
29834	▁Scope
29835	▁Shallum
29836	▁Sheep
29837	▁Specifie
29838	▁Stash
29839	▁Studying
29840	▁Survey
29841	▁Tet
29842	▁Thought
29843	▁Vegas
29844	▁WOMAN
29845	▁Waldenses
29846	▁Williams
29847	▁Yahya
29848	▁Yourselves
29849	▁Zaqqum
29850	▁Zeruiah
29851	▁Zod
29852	▁aggressor
29853	▁ancestor
29854	▁animations
29855	▁arraigned
29856	▁beguiled
29857	▁burthen
29858	▁charset
29859	▁civilians
29860	▁collaborat
29861	▁collectively
29862	▁considerably
29863	▁contented
29864	▁deferred
29865	▁detection
29866	▁disheartened
29867	▁drone
29868	▁engineering
29869	▁exceeds
29870	▁excluded
29871	▁folds
29872	▁fourteen
29873	▁frozen
29874	▁grazing
29875	▁hardest
29876	▁headlines
29877	▁healings
29878	▁hind
29879	▁hunter
29880	▁informally
29881	▁interference
29882	▁intimately
29883	▁introducing
29884	▁kilometers
29885	▁lessen
29886	▁lucr
29887	▁mightily
29888	▁morn
29889	▁mules
29890	▁nodes
29891	▁orchestra
29892	▁persecutor
29893	▁pillow
29894	▁pirate
29895	▁plenteous
29896	▁portrays
29897	▁predators
29898	▁predestination
29899	▁procure
29900	▁profaned
29901	▁provocation
29902	▁reasonings
29903	▁retract
29904	▁revised
29905	▁sensor
29906	▁sings
29907	▁statute
29908	▁stimulating
29909	▁streak
29910	▁suits
29911	▁supplying
29912	▁susceptible
29913	▁technique
29914	▁terribly
29915	▁unresponsive
29916	▁untrue
29917	▁whispered
29918	▁widowed
29919	▁windstorm
29920	▁yore
29921	▁št
29922	▁अज्जा
29923	▁अज्ञानी
29924	▁अनुग्राह
29925	▁अबिरयाह
29926	▁अमान
29927	▁आतंक
29928	▁इपफ्रास
29929	▁इराक
29930	▁ईद
29931	▁ईन्
29932	▁उठें
29933	▁उत्तरजीवी
29934	▁उथल
29935	▁ऊँघ
29936	▁ऊरिय्याह
29937	▁एंकर
29938	▁एकड़
29939	▁एक्रोन
29940	▁एन्टी
29941	▁ऑरिजन
29942	▁कटि
29943	▁कब्रिस्तान
29944	▁कमियाँ
29945	▁कर्नेल
29946	▁क़ाफ़िल
29947	▁कूपन
29948	▁कैट
29949	▁कैलिफोर्निया
29950	▁कोनों
29951	▁क्रा
29952	▁क्रेते
29953	▁खिसकाया
29954	▁खेले
29955	▁गाढ़े
29956	▁गायक
29957	▁गिराए
29958	▁गिलास
29959	▁गुर्दे
29960	▁गूँज
29961	▁ग्लास
29962	▁ग्लेड
29963	▁घटीं
29964	▁चंगुल
29965	▁चढ़ाता
29966	▁चिपका
29967	▁ची
29968	▁चुंगी
29969	▁छप
29970	▁छुड़ाता
29971	▁छुपाना
29972	▁ज़ह
29973	▁जांचा
29974	▁जाहिर
29975	▁जुड
29976	▁झटका
29977	▁झुंझला
29978	▁टाप
29979	▁टोटे
29980	▁ट्रांसफर
29981	▁डंक
29982	▁डायल
29983	▁तॊ
29984	▁दाई
29985	▁दुंब
29986	▁धक्के
29987	▁धर्मज्ञाता
29988	▁धूपदान
29989	▁नहरों
29990	▁नाज़
29991	▁निक
29992	▁पत्तों
29993	▁पन्ने
29994	▁परमपवित्र
29995	▁पहुँचेंगे
29996	▁पाठ्यक्रम
29997	▁पिरोता
29998	▁पुनरूत्थान
29999	▁पुरातन
30000	▁पूर्वक
30001	▁पैड
30002	▁प्रसारित
30003	▁फँसाने
30004	▁फंदों
30005	▁फूलने
30006	▁बकरों
30007	▁बद्दू
30008	▁बाक्स
30009	▁बीजों
30010	▁बेरोज़गार
30011	▁बेवफाई
30012	▁ब्री
30013	▁भागीदार
30014	▁भेड़िए
30015	▁मनहूस
30016	▁मरथा
30017	▁मांगने
30018	▁माताओं
30019	▁मिलो
30020	▁मीकल
30021	▁मैरी
30022	▁यथार्थता
30023	▁रईसों
30024	▁रुकने
30025	▁लंगड़े
30026	▁लुई
30027	▁लूटा
30028	▁विस्मयकारी
30029	▁शराबी
30030	▁शिष्टता
30031	▁संक्रामक
30032	▁संयमी
30033	▁सगे
30034	▁सड़ने
30035	▁सत्यवान
30036	▁सालगिरह
30037	▁सुलझाया
30038	▁स्टीवन
30039	▁१९६०
30040	!--
30041	,900
30042	20,000
30043	:\\
30044	Amen
30045	Audio
30046	Bay
30047	Big
30048	Cedar
30049	ENCE
30050	Prince
30051	RP
30052	STE
30053	Vertical
30054	^
30055	ality
30056	armeni
30057	child
30058	claim
30059	criminals
30060	cry
30061	esh
30062	eu
30063	father
30064	flee
30065	hole
30066	jar
30067	kel
30068	lp
30069	means
30070	mini
30071	monger
30072	nca
30073	nei
30074	oi
30075	pray
30076	pri
30077	rash
30078	rock
30079	sburg
30080	train
30081	until
30082	whom
30083	क़िल
30084	खुश
30085	ख्यात
30086	गम
30087	जोश
30088	ठों
30089	तरतीब
30090	थोड़े
30091	दिस
30092	दीवार
30093	बेक
30094	ब्रो
30095	माता
30096	मिला
30097	यास
30098	र्थ
30099	विवाह
30100	सन्त
30101	सीधी
30102	ह्रास
30103	िमा
30104	▁%1$
30105	▁%2$
30106	▁%4
30107	▁/%
30108	▁320
30109	▁Anyway
30110	▁Aristotle
30111	▁Balanced
30112	▁Beloved
30113	▁Berkeley
30114	▁Bou
30115	▁Cuba
30116	▁Dream
30117	▁Dust
30118	▁Effective
30119	▁Ekron
30120	▁Entertainment
30121	▁Freezing
30122	▁Functions
30123	▁GConf
30124	▁Hazael
30125	▁Heritage
30126	▁LA
30127	▁Lex
30128	▁Meta
30129	▁Moabites
30130	▁Optional
30131	▁Pedro
30132	▁Philadelphia
30133	▁Prejudice
30134	▁Qa
30135	▁RAM
30136	▁Range
30137	▁Rod
30138	▁Romania
30139	▁Round
30140	▁SCOTT
30141	▁Soft
30142	▁Southern
30143	▁Spread
30144	▁TREVOR
30145	▁Transport
30146	▁Upper
30147	▁Walker
30148	▁adherents
30149	▁adulteress
30150	▁adventure
30151	▁agonizing
30152	▁allocate
30153	▁appreciating
30154	▁atheism
30155	▁attire
30156	▁barr
30157	▁bathroom
30158	▁belittle
30159	▁candlestick
30160	▁capabilities
30161	▁composing
30162	▁conflicting
30163	▁cycles
30164	▁daylight
30165	▁daytime
30166	▁decrypt
30167	▁deserts
30168	▁diameter
30169	▁dip
30170	▁dishonour
30171	▁downpour
30172	▁drowsiness
30173	▁embryo
30174	▁endu
30175	▁enumerate
30176	▁expiate
30177	▁exposition
30178	▁finishing
30179	▁fleet
30180	▁foresee
30181	▁fragile
30182	▁gird
30183	▁harassed
30184	▁hitting
30185	▁homeless
30186	▁hoof
30187	▁hurrying
30188	▁inventor
30189	▁kernel
30190	▁knower
30191	▁landmarks
30192	▁lawyers
30193	▁loom
30194	▁mainstream
30195	▁merge
30196	▁mono
30197	▁notices
30198	▁oppressor
30199	▁organ
30200	▁ozone
30201	▁pained
30202	▁paramount
30203	▁payments
30204	▁pill
30205	▁por
30206	▁possessor
30207	▁premarital
30208	▁profited
30209	▁protein
30210	▁rainstorm
30211	▁ray
30212	▁recruit
30213	▁redirect
30214	▁ripped
30215	▁shoe
30216	▁southwest
30217	▁sowed
30218	▁stag
30219	▁starvation
30220	▁stunning
30221	▁syntax
30222	▁theological
30223	▁thereat
30224	▁thereunto
30225	▁tiles
30226	▁trek
30227	▁umbrella
30228	▁underwent
30229	▁unselfishly
30230	▁valor
30231	▁varieties
30232	▁visionary
30233	▁wins
30234	▁woke
30235	▁xml
30236	▁अन्धेरा
30237	▁अब्द
30238	▁अवलोकन
30239	▁अस्र
30240	▁आलोक
30241	▁आसिया
30242	▁ईस्टर
30243	▁उंगली
30244	▁उगाया
30245	▁उछाल
30246	▁उनेसिमुस
30247	▁उपशीर्षक
30248	▁एंड
30249	▁एकांत
30250	▁एलि
30251	▁ऐलन
30252	▁कबीले
30253	▁कब्जे
30254	▁कहलाते
30255	▁क़िले
30256	▁काटो
30257	▁कारखाने
30258	▁कार्डिनल
30259	▁किरदारों
30260	▁कुर
30261	▁केबल
30262	▁कैथी
30263	▁खता
30264	▁खोदा
30265	▁गद्दार
30266	▁गरमी
30267	▁गर्भावस्था
30268	▁गुरुवार
30269	▁ग्रहों
30270	▁घटता
30271	▁घाटन
30272	▁चांद
30273	▁चान्द
30274	▁जज़्बात
30275	▁जानोगे
30276	▁जिसमे
30277	▁जै
30278	▁जौ
30279	▁टिड्डियाँ
30280	▁टु
30281	▁टुकड़ी
30282	▁टेम्पलेट
30283	▁टोनी
30284	▁ठहरकर
30285	▁डरती
30286	▁डरावन
30287	▁ड्रा
30288	▁ढूंढ़ो
30289	▁तुरहियां
30290	▁दृश्यमान
30291	▁नज़ा
30292	▁नाटकीय
30293	▁नाती
30294	▁नापकर
30295	▁नावों
30296	▁निष्पादन
30297	▁न्यूट्रॉन
30298	▁न्यौते
30299	▁पनामा
30300	▁परिश्रमी
30301	▁पांचवें
30302	▁पूर्णस्क्रीन
30303	▁पेंसिल
30304	▁प्रत्याशित
30305	▁प्रस्तावना
30306	▁प्लाट
30307	▁फलने
30308	▁फ़ासला
30309	▁फौजी
30310	▁फ्लू
30311	▁बजाकर
30312	▁बड़
30313	▁बनाएंगे
30314	▁बसते
30315	▁बाबुलियों
30316	▁बैत
30317	▁ब्रॉउज
30318	▁भाईचारा
30319	▁मंद
30320	▁मरहम
30321	▁महाराजाधिराज
30322	▁मांगो
30323	▁मारेंगे
30324	▁मुआयना
30325	▁मुकदमे
30326	▁मृदुल
30327	▁मैनुअल
30328	▁यिर्म
30329	▁रैम
30330	▁लँगड़े
30331	▁लगाएगा
30332	▁लट्ठ
30333	▁लिखनेवाले
30334	▁लूसी
30335	▁लेटते
30336	▁वास्त
30337	▁शर्तों
30338	▁शूरियों
30339	▁श्रीमती
30340	▁संगम
30341	▁सफ़ा
30342	▁समलैंगिक
30343	▁समलैंगिकता
30344	▁सरलता
30345	▁साम
30346	▁सूप
30347	▁सौभाग्य
30348	▁हौज़
30349	.245
30350	AU
30351	BSD
30352	Engine
30353	Except
30354	Fullscreen
30355	Holy
30356	JP
30357	Jinn
30358	Run
30359	Speak
30360	TO
30361	Toolbar
30362	choo
30363	copy
30364	cript
30365	deal
30366	ema
30367	ential
30368	fulness
30369	gio
30370	godly
30371	hav
30372	location
30373	mere
30374	moth
30375	mt
30376	ngle
30377	nit
30378	nu
30379	offer
30380	olating
30381	ready
30382	reate
30383	seek
30384	stick
30385	taking
30386	visible
30387	आखिरी
30388	इया
30389	एमएल
30390	एस्ता
30391	क्षेत्र
30392	ख़ान
30393	जल्दी
30394	जारी
30395	जेस्ट
30396	झूठे
30397	टाल
30398	ट्रे
30399	तरस
30400	त्यन्त
30401	थो
30402	न्डी
30403	फ्ट
30404	फ्त
30405	बूत
30406	मथ
30407	मित्र
30408	म्हारे
30409	रोमियों
30410	लाइट
30411	वती
30412	वश
30413	हीनता
30414	्लाह
30415	१६
30416	▁"%2"
30417	▁..."
30418	▁108
30419	▁13)
30420	▁4)
30421	▁666
30422	▁Admonition
30423	▁Adversary
30424	▁Ahijah
30425	▁Ahikam
30426	▁Ashdod
30427	▁Assignment
30428	▁Backing
30429	▁Bah
30430	▁Bull
30431	▁Climax
30432	▁Commission
30433	▁Corruption
30434	▁Declaration
30435	▁Dragon
30436	▁Expositor
30437	▁Farm
30438	▁Fift
30439	▁Greed
30440	▁Gun
30441	▁HEBREW
30442	▁Hushai
30443	▁IMAGINE
30444	▁Interrupt
30445	▁Johanan
30446	▁KNOW
30447	▁LOG
30448	▁Lisa
30449	▁Luqman
30450	▁MATT
30451	▁Miller
30452	▁Mum
30453	▁NTLM
30454	▁Native
30455	▁Nebula
30456	▁Olive
30457	▁Paint
30458	▁Photos
30459	▁Pla
30460	▁Price
30461	▁Provision
30462	▁Ransom
30463	▁Sample
30464	▁Solution
30465	▁Testing
30466	▁WEEKS
30467	▁Warner
30468	▁Worse
30469	▁advocates
30470	▁ailments
30471	▁ambassadors
30472	▁annoy
30473	▁assail
30474	▁attacking
30475	▁attorney
30476	▁binds
30477	▁bridle
30478	▁chant
30479	▁cistern
30480	▁clients
30481	▁clue
30482	▁comic
30483	▁compeers
30484	▁concubine
30485	▁consummate
30486	▁crowned
30487	▁cue
30488	▁decayed
30489	▁deteriorated
30490	▁diarrhea
30491	▁discipleship
30492	▁editions
30493	▁electrical
30494	▁emit
30495	▁extinct
30496	▁falter
30497	▁fats
30498	▁feminine
30499	▁flooding
30500	▁foliage
30501	▁fuller
30502	▁giants
30503	▁gleaning
30504	▁grammar
30505	▁headline
30506	▁hearted
30507	▁impaired
30508	▁imparted
30509	▁infirmities
30510	▁injection
30511	▁insolently
30512	▁institute
30513	▁jailer
30514	▁lampstand
30515	▁letup
30516	▁lineage
30517	▁ljudi
30518	▁machinations
30519	▁maidservant
30520	▁makers
30521	▁marveled
30522	▁matrix
30523	▁networks
30524	▁nnn
30525	▁nominal
30526	▁nourishing
30527	▁operated
30528	▁operator
30529	▁overweight
30530	▁passenger
30531	▁permitting
30532	▁pixbuf
30533	▁poem
30534	▁posted
30535	▁premature
30536	▁printery
30537	▁probability
30538	▁recourse
30539	▁renounced
30540	▁rewritable
30541	▁saturated
30542	▁scrap
30543	▁sequel
30544	▁shrine
30545	▁skinned
30546	▁slanderous
30547	▁smiling
30548	▁spearhead
30549	▁stakes
30550	▁stoop
30551	▁strained
30552	▁sufferers
30553	▁sunk
30554	▁welcoming
30555	▁wishful
30556	▁wrangle
30557	▁अंगारे
30558	▁अंजु
30559	▁अखाड़
30560	▁अपनानेवाले
30561	▁अफ़सर
30562	▁अभाग
30563	▁आउटबॉक्स
30564	▁आशावादी
30565	▁आहा
30566	▁इज
30567	▁इज़ाज
30568	▁इथियोपिया
30569	▁इपफ्रुदीतुस
30570	▁इफ्
30571	▁इलिया
30572	▁उच्चतम
30573	▁उतारू
30574	▁एंडर
30575	▁एडस्
30576	▁ऑफ़िस
30577	▁ओएस
30578	▁कराओ
30579	▁कांटे
30580	▁काठी
30581	▁किस्सों
30582	▁कीड़ा
30583	▁कुकर्मियों
30584	▁क्वेरी
30585	▁खुलने
30586	▁गर्जन
30587	▁गाकर
30588	▁गादियों
30589	▁गोलियाँ
30590	▁गौरैय
30591	▁घोंट
30592	▁चढ़ना
30593	▁चाकर
30594	▁चात्ताप
30595	▁चिल्लाती
30596	▁चॉ
30597	▁जगाने
30598	▁जहाजों
30599	▁झुकना
30600	▁टिप्पणियों
30601	▁ड्रैग
30602	▁तकरार
30603	▁तमीज़
30604	▁तिरछे
30605	▁दफनाय
30606	▁दबाये
30607	▁दर्शनों
30608	▁दुलहन
30609	▁देंगें
30610	▁धकेल
30611	▁नाख़ुश
30612	▁नीचें
30613	▁नू
30614	▁परलोक
30615	▁पापपूर्ण
30616	▁पुनर्जन्म
30617	▁पुलिसवाले
30618	▁पूर
30619	▁प्रवीण
30620	▁प्रेतात्मवाद
30621	▁फेसबुक
30622	▁फ्रॉ
30623	▁बनवाए
30624	▁बनानी
30625	▁बाँटे
30626	▁बुज़दिल
30627	▁बेइंसाफी
30628	▁बोना
30629	▁बोलिविया
30630	▁भूलने
30631	▁मजे
30632	▁महँगा
30633	▁मुहावर
30634	▁मूँदकर
30635	▁मूर्त्ति
30636	▁मेन
30637	▁मौसी
30638	▁येशू
30639	▁रुका
30640	▁रॆ
30641	▁लड़ाइयाँ
30642	▁लताड़
30643	▁लार
30644	▁लैस
30645	▁विलापगीत
30646	▁वृत्ति
30647	▁वैल
30648	▁वॉल्यूम
30649	▁व्याकरण
30650	▁सन्त
30651	▁समूहन
30652	▁सम्भालेगा
30653	▁सहनी
30654	▁साँपों
30655	▁साम्यवाद
30656	▁सिकोड़ें
30657	▁सुन्
30658	▁सेवन
30659	▁हब
30660	▁हार्डवेयर
30661	▁हिजकियाह
30662	4)
30663	5)
30664	ACK
30665	ANG
30666	EU
30667	More
30668	Post
30669	Pref
30670	Serve
30671	Swiss
30672	Value
30673	Warn
30674	\\[\\
30675	bach
30676	best
30677	biblical
30678	call
30679	cla
30680	ddle
30681	ecurity
30682	eff
30683	elect
30684	emocratic
30685	fruit
30686	ith
30687	kit
30688	kra
30689	marks
30690	merica
30691	round
30692	same
30693	unbelievers
30694	yourselves
30695	आदमियों
30696	इक
30697	क़ब्र
30698	ख़तर
30699	ख्त
30700	गूनी
30701	जाने
30702	झड़
30703	तिथि
30704	त्यागी
30705	त्री
30706	धु
30707	धोखा
30708	न्तु
30709	पाया
30710	बातों
30711	बादल
30712	बि
30713	बुद
30714	मंत्र
30715	मार्क
30716	मीटर
30717	मुक्
30718	रिका
30719	रोकार
30720	र्डस्
30721	सब्त
30722	सिद
30723	सिफ़
30724	स्ते
30725	हरूम
30726	हारा
30727	ादि
30728	िट्
30729	ॆन्स
30730	ोक्
30731	्रम
30732	▁2.0
30733	▁43,
30734	▁Amazing
30735	▁Arctic
30736	▁Babel
30737	▁Bol
30738	▁Brad
30739	▁Braille
30740	▁Contain
30741	▁Devices
30742	▁Distress
30743	▁Drafts
30744	▁Draws
30745	▁Efforts
30746	▁Evangel
30747	▁Flash
30748	▁Hay
30749	▁Hermon
30750	▁Highest
30751	▁KWord
30752	▁Ky
30753	▁Lift
30754	▁Matter
30755	▁Mt
30756	▁Organized
30757	▁PHONE
30758	▁PRE
30759	▁Pel
30760	▁Permanently
30761	▁Pornography
30762	▁Pour
30763	▁Recipients
30764	▁Result
30765	▁Roma
30766	▁Shulammite
30767	▁Sig
30768	▁Surface
30769	▁Tan
30770	▁Vala
30771	▁Yesterday
30772	▁adjusting
30773	▁alight
30774	▁applet
30775	▁ardent
30776	▁artistic
30777	▁atheist
30778	▁barn
30779	▁beatings
30780	▁bridal
30781	▁camest
30782	▁chatter
30783	▁chieftain
30784	▁cites
30785	▁cleaving
30786	▁compile
30787	▁conscientiously
30788	▁courteous
30789	▁cracks
30790	▁createth
30791	▁curtains
30792	▁debilitating
30793	▁debtors
30794	▁despairing
30795	▁elevate
30796	▁engulfed
30797	▁exec
30798	▁expectancy
30799	▁footstool
30800	▁forefather
30801	▁foretelling
30802	▁fu
30803	▁gem
30804	▁girded
30805	▁glean
30806	▁grinding
30807	▁halls
30808	▁headstrong
30809	▁hover
30810	▁implant
30811	▁inability
30812	▁indispensable
30813	▁intoxication
30814	▁irritated
30815	▁journals
30816	▁lash
30817	▁manufacturer
30818	▁marine
30819	▁martyr
30820	▁mistress
30821	▁nought
30822	▁opera
30823	▁overseas
30824	▁pencil
30825	▁perceiving
30826	▁planes
30827	▁precinct
30828	▁preside
30829	▁racism
30830	▁reeds
30831	▁refute
30832	▁repudiate
30833	▁repurchase
30834	▁retreating
30835	▁schoolteacher
30836	▁sling
30837	▁socket
30838	▁someday
30839	▁strains
30840	▁strays
30841	▁sufficiently
30842	▁supervisor
30843	▁surname
30844	▁tablet
30845	▁thirteen
30846	▁toys
30847	▁trample
30848	▁trampled
30849	▁tumult
30850	▁url
30851	▁wares
30852	▁wink
30853	▁worthily
30854	▁अंगोला
30855	▁अग्रसारण
30856	▁अनियत
30857	▁अन्यजातीय
30858	▁असमान
30859	▁आँकड़
30860	▁आसरा
30861	▁उक्
30862	▁उज़
30863	▁उन्नति
30864	▁एडवर्ड
30865	▁ओग
30866	▁कद
30867	▁कमाए
30868	▁करेगे
30869	▁कसकर
30870	▁कसमें
30871	▁काटेंगे
30872	▁कुलीन
30873	▁कैरल
30874	▁कोयले
30875	▁क्रियाशील
30876	▁खेलें
30877	▁गहिरा
30878	▁ग़ुस्स
30879	▁गाता
30880	▁गोबर
30881	▁घूमती
30882	▁घोषकों
30883	▁चिंटू
30884	▁चीरत
30885	▁चोंच
30886	▁छिनाल
30887	▁जताना
30888	▁टेलर
30889	▁ठुकराना
30890	▁डेक
30891	▁डेली
30892	▁डेल्टा
30893	▁तफर
30894	▁तम्बु
30895	▁तरल
30896	▁तहार
30897	▁त्यागने
30898	▁दिलवा
30899	▁दूल्हे
30900	▁दौलतमंद
30901	▁धधकत
30902	▁धर्माधिकरण
30903	▁नारंगी
30904	▁नारियल
30905	▁निदेशक
30906	▁निरीक्षक
30907	▁निस्पंद
30908	▁पछताएँगे
30909	▁पढ़ेंगे
30910	▁परिवारवाले
30911	▁परिसर
30912	▁पहिलौठा
30913	▁पहिलौठों
30914	▁प्रतिमा
30915	▁फील्ड
30916	▁बढ़ानेवाले
30917	▁बनिस्बत
30918	▁बान्धूंगा
30919	▁बायो
30920	▁बार्बर
30921	▁बिगड़े
30922	▁बिताएँ
30923	▁बुधवार
30924	▁बैंड
30925	▁भड़की
30926	▁मढ़ा
30927	▁मद्द
30928	▁मर्म
30929	▁माय
30930	▁मिज़ाज
30931	▁मिटाएगा
30932	▁मिथ्यापवाद
30933	▁मुहब्बत
30934	▁मेक्रो
30935	▁यज्ञ
30936	▁यश
30937	▁राजमार्ग
30938	▁रामोत
30939	▁रुकिए
30940	▁रुतबा
30941	▁रेव
30942	▁लक
30943	▁लिवर
30944	▁लीक
30945	▁लूई
30946	▁लैंग
30947	▁वर्य
30948	▁वाटिका
30949	▁विरल
30950	▁वीरता
30951	▁शॉट
30952	▁संबोध
30953	▁संविधान
30954	▁सदृश्
30955	▁सप्लाई
30956	▁समाए
30957	▁साओ
30958	▁सातवाँ
30959	▁सूरिया
30960	▁स्राप
30961	▁हटी
30962	▁०
30963	▁१९७०
30964	384
30965	74
30966	91
30967	Accept
30968	Back
30969	Bow
30970	Di
30971	IVE
30972	Jeeves
30973	Socket
30974	THER
30975	While
30976	[\\
30977	adventure
30978	bag
30979	bear
30980	chil
30981	current
30982	himself
30983	ich
30984	iff
30985	lest
30986	media
30987	minutes
30988	ndura
30989	ontrary
30990	rought
30991	toward
30992	uru
30993	viv
30994	ंसे
30995	आराम
30996	ईमानदार
30997	ऐं
30998	कराहना
30999	करे
31000	काय
31001	खच
31002	ख़े
31003	ग़रीब
31004	चन
31005	टें
31006	ट्रा
31007	डीवीडी
31008	ताछ
31009	तूफान
31010	नयू
31011	निर्धारित
31012	नॉ
31013	पडे
31014	बादलों
31015	यहूदा
31016	रियाँ
31017	लिंड
31018	वीर
31019	शिक्षा
31020	शीघ्र
31021	सुनने
31022	सुलह
31023	स्ट्रा
31024	स्ट्री
31025	स्पेक्ट
31026	हरेक
31027	हायपर
31028	ूफ
31029	ॉन्ग
31030	ोज़
31031	१३
31032	९३०
31033	▁."
31034	▁0.0
31035	▁113
31036	▁24.)
31037	▁410
31038	▁Arabia
31039	▁Basically
31040	▁Bell
31041	▁Bestower
31042	▁Birth
31043	▁Bosnia
31044	▁Buy
31045	▁Called
31046	▁Camel
31047	▁Churches
31048	▁Croatian
31049	▁DIS
31050	▁Danish
31051	▁Dorcas
31052	▁Dorothy
31053	▁Ethiopians
31054	▁Gha
31055	▁GnuPG
31056	▁Grayscale
31057	▁Gwen
31058	▁Higher
31059	▁Horeb
31060	▁Increasing
31061	▁Issue
31062	▁Jessica
31063	▁Jinns
31064	▁Kit
31065	▁Lion
31066	▁Lived
31067	▁Loaded
31068	▁Mai
31069	▁Maimonides
31070	▁Math
31071	▁Meshullam
31072	▁Netscape
31073	▁Patrick
31074	▁Pil
31075	▁Pixel
31076	▁Previously
31077	▁Privacy
31078	▁Promises
31079	▁ROMAN
31080	▁Ralph
31081	▁Redirect
31082	▁Romanian
31083	▁SA
31084	▁SVCD
31085	▁Samiri
31086	▁Samood
31087	▁Sensitive
31088	▁TIME
31089	▁Thu
31090	▁Transparent
31091	▁Wave
31092	▁Wrap
31093	▁XMP
31094	▁Xi
31095	▁abated
31096	▁altering
31097	▁alternatives
31098	▁annoyance
31099	▁archangel
31100	▁asshole
31101	▁battlefield
31102	▁betrayers
31103	▁blanking
31104	▁bloodless
31105	▁brutality
31106	▁cement
31107	▁chip
31108	▁closeness
31109	▁clues
31110	▁comforters
31111	▁commut
31112	▁compartment
31113	▁complications
31114	▁compromised
31115	▁confessing
31116	▁crag
31117	▁editorial
31118	▁elicit
31119	▁eruption
31120	▁exaltation
31121	▁flattering
31122	▁flawless
31123	▁fortitude
31124	▁gentleness
31125	▁godless
31126	▁goest
31127	▁harming
31128	▁hearer
31129	▁hesitant
31130	▁homosexuals
31131	▁hostage
31132	▁impurity
31133	▁independently
31134	▁initialize
31135	▁instinct
31136	▁invasion
31137	▁inventions
31138	▁invest
31139	▁kak
31140	▁league
31141	▁lengthen
31142	▁lengthy
31143	▁listeth
31144	▁matched
31145	▁mosquitoes
31146	▁overpower
31147	▁parallels
31148	▁phi
31149	▁plasma
31150	▁pledges
31151	▁politically
31152	▁precaution
31153	▁presses
31154	▁prestig
31155	▁pronouncements
31156	▁protocols
31157	▁ranking
31158	▁rap
31159	▁rat
31160	▁refine
31161	▁relaxation
31162	▁reverent
31163	▁rides
31164	▁roused
31165	▁shoots
31166	▁slippery
31167	▁smoothly
31168	▁stint
31169	▁straightway
31170	▁sublime
31171	▁ti
31172	▁travellers
31173	▁unleash
31174	▁untouched
31175	▁variant
31176	▁veiled
31177	▁vers
31178	▁wasteful
31179	▁weird
31180	▁worthlessness
31181	▁अंधी
31182	▁अंधेर
31183	▁अक़सर
31184	▁अचम्भे
31185	▁अदृश्य
31186	▁अध्यापक
31187	▁अन्तःकरण
31188	▁अभिनय
31189	▁अर्थव्यवस्था
31190	▁आएंगी
31191	▁आमे
31192	▁इको
31193	▁उगता
31194	▁उपक्रम
31195	▁एटीक
31196	▁कब्रें
31197	▁कराती
31198	▁कहेंगी
31199	▁कहोगे
31200	▁क़ायद
31201	▁किले
31202	▁खण्डहर
31203	▁ख़रीदार
31204	▁खिड़कियाँ
31205	▁खेलगंमत
31206	▁गाभ
31207	▁गुजर
31208	▁गॉड
31209	▁घिस
31210	▁चखने
31211	▁चराने
31212	▁चाट
31213	▁चिंगारी
31214	▁चुंबन
31215	▁चूहे
31216	▁चेर
31217	▁छत्र
31218	▁छूटे
31219	▁छोड़ूंगा
31220	▁ज़ीलैंड
31221	▁जेरह
31222	▁झांक
31223	▁टेड
31224	▁ट्यूमर
31225	▁डच
31226	▁ताँबा
31227	▁तालाब
31228	▁तालियाँ
31229	▁दाएं
31230	▁नायब
31231	▁नार
31232	▁नेत्र
31233	▁पकी
31234	▁पड
31235	▁पत्रा
31236	▁पर्व्व
31237	▁पसीना
31238	▁पहलौठ
31239	▁पहुँचाएँ
31240	▁पहुँचानेवाली
31241	▁पाउंड
31242	▁पाठशाला
31243	▁पूर्वबता
31244	▁पेपर
31245	▁पैठ
31246	▁पैरा
31247	▁पोतीपर
31248	▁प्रहार
31249	▁प्राथमिकताएँ
31250	▁प्रॆस
31251	▁प्लान
31252	▁फ़ु
31253	▁फिसला
31254	▁फ्रेड
31255	▁बंजर
31256	▁बगीचा
31257	▁बताये
31258	▁बर्दाश्त
31259	▁बेनिन
31260	▁बैट
31261	▁ब्राउज़िंग
31262	▁ब्रिटॆन
31263	▁मतधारक
31264	▁मद्य
31265	▁मधुमक्खियों
31266	▁मिटायें
31267	▁मुक़द्दम
31268	▁मुनाफा
31269	▁मोड़ें
31270	▁यहोआहाज
31271	▁रखीं
31272	▁रेंडर
31273	▁रोकेगा
31274	▁लोट
31275	▁वर्गीकरण
31276	▁वर्णमाला
31277	▁वांछ
31278	▁वान
31279	▁विपत्तिया
31280	▁विरा
31281	▁विस्थापित
31282	▁व्हील
31283	▁शादियाँ
31284	▁शिरो
31285	▁शिष्ट
31286	▁शेखी
31287	▁सदूकी
31288	▁समझाओ
31289	▁सहकर्मियों
31290	▁सुनाएं
31291	▁स्म
31292	▁हटाओ
31293	▁हाउ
31294	▁हिलाकर
31295	▁हिलाया
31296	▁१९४०
31297	▁५३
31298	.....
31299	Cast
31300	Debug
31301	END
31302	Field
31303	Reload
31304	Result
31305	Seek
31306	Yeah
31307	aking
31308	atha
31309	bak
31310	band
31311	bank
31312	began
31313	discover
31314	eng
31315	equal
31316	helper
31317	ito
31318	lash
31319	laughter
31320	mad
31321	mba
31322	owed
31323	pil
31324	san
31325	step
31326	torment
31327	weak
31328	western
31329	à
31330	ʼ
31331	ंतमें
31332	अयाल
31333	आनन्द
31334	कितना
31335	ख्र
31336	ग़ा
31337	ग्रा
31338	घंटे
31339	घटाकर
31340	ज़िश
31341	ज़ोर
31342	टीएस
31343	ठा
31344	डबल्यूएम
31345	ताल
31346	दॉ
31347	द्द
31348	निंग
31349	निष्ठ
31350	न्य
31351	पक्के
31352	पुलिस
31353	प्रधान
31354	बारा
31355	बीन
31356	म्स
31357	र्सिंग
31358	लाख
31359	लिए
31360	ल्या
31361	वरी
31362	विच
31363	सॆ
31364	स्तान
31365	ॆंट
31366	ैंग
31367	ौस
31368	▁08
31369	▁138
31370	▁350
31371	▁401
31372	▁740
31373	▁AM
31374	▁Anon
31375	▁Appointments
31376	▁Appreciating
31377	▁Bac
31378	▁Bearing
31379	▁CMYK
31380	▁Condition
31381	▁Congress
31382	▁Cope
31383	▁Criterion
31384	▁Curse
31385	▁DAY
31386	▁Dev
31387	▁Disconnected
31388	▁Doctors
31389	▁EPH
31390	▁Edge
31391	▁Ender
31392	▁Estonia
31393	▁FL
31394	▁Fain
31395	▁Favorite
31396	▁Ferdinand
31397	▁Flame
31398	▁Flight
31399	▁Fr
31400	▁Franc
31401	▁Fur
31402	▁GCompris
31403	▁Gehazi
31404	▁Generally
31405	▁Gtk
31406	▁Guatemala
31407	▁Harley
31408	▁Harvard
31409	▁Hmm
31410	▁Howbeit
31411	▁Hus
31412	▁Iraq
31413	▁KING
31414	▁Kish
31415	▁Lev
31416	▁Linux
31417	▁Loss
31418	▁Maaseiah
31419	▁Magic
31420	▁Milan
31421	▁Minutes
31422	▁Moabite
31423	▁Naught
31424	▁Nazirite
31425	▁Nebat
31426	▁Nepomuk
31427	▁Nu
31428	▁Occasionally
31429	▁PR
31430	▁Perish
31431	▁Slovenia
31432	▁Stars
31433	▁Suffer
31434	▁THEY
31435	▁Tender
31436	▁Tip
31437	▁Wake
31438	▁[50
31439	▁absorbing
31440	▁advisable
31441	▁album
31442	▁anchors
31443	▁appease
31444	▁assess
31445	▁assessment
31446	▁bay
31447	▁behaving
31448	▁bored
31449	▁bothered
31450	▁brains
31451	▁catalog
31452	▁cherubim
31453	▁classical
31454	▁commotion
31455	▁comparatively
31456	▁complied
31457	▁comprehends
31458	▁conic
31459	▁coordinates
31460	▁deepened
31461	▁deer
31462	▁departs
31463	▁deviating
31464	▁din
31465	▁discharged
31466	▁disillusioned
31467	▁drastic
31468	▁ego
31469	▁emitted
31470	▁encoder
31471	▁engines
31472	▁exclusion
31473	▁explosive
31474	▁exultant
31475	▁fibers
31476	▁flourishing
31477	▁forcibly
31478	▁forcing
31479	▁forsak
31480	▁founder
31481	▁fourteenth
31482	▁galaxies
31483	▁godliness
31484	▁gourd
31485	▁grape
31486	▁hindrance
31487	▁hip
31488	▁hoarded
31489	▁inauguration
31490	▁indulg
31491	▁infirm
31492	▁ingredient
31493	▁injunction
31494	▁intake
31495	▁interact
31496	▁joking
31497	▁legislation
31498	▁mechanisms
31499	▁meteor
31500	▁mol
31501	▁nutrition
31502	▁outlines
31503	▁outsider
31504	▁passeth
31505	▁peacemakers
31506	▁pigs
31507	▁pitfalls
31508	▁policemen
31509	▁prescription
31510	▁producer
31511	▁pur
31512	▁regretful
31513	▁restrictive
31514	▁rugged
31515	▁ruinous
31516	▁seizes
31517	▁sells
31518	▁serenity
31519	▁sinless
31520	▁slopes
31521	▁southward
31522	▁sovereign
31523	▁splash
31524	▁sq
31525	▁starving
31526	▁stdout
31527	▁steadfastly
31528	▁striven
31529	▁stunned
31530	▁syndrome
31531	▁tanks
31532	▁tap
31533	▁taunting
31534	▁thirsting
31535	▁transcend
31536	▁transit
31537	▁unlettered
31538	▁venerate
31539	▁virginity
31540	▁vomit
31541	▁waged
31542	▁warden
31543	▁wo
31544	▁workman
31545	▁{}
31546	▁अंजीरों
31547	▁अक़्सर
31548	▁अटक
31549	▁अट्ठा
31550	▁अध्यक्षता
31551	▁अपारदर्शी
31552	▁अफ़
31553	▁अय्यू
31554	▁अर्तक्षत्र
31555	▁आर्थर
31556	▁आली
31557	▁आशय
31558	▁उकसाने
31559	▁उत्तरदायी
31560	▁उपसर्ग
31561	▁एकीकृत
31562	▁एनक्रिप्टेड
31563	▁एमी
31564	▁ऐश्
31565	▁ओहद
31566	▁कराहत
31567	▁करुँगा
31568	▁कार्ट्रि
31569	▁कालीन
31570	▁कुँजी
31571	▁क्विब
31572	▁खचा
31573	▁खरीदना
31574	▁खर्रों
31575	▁खाइए
31576	▁गवार
31577	▁गिरफ्तारी
31578	▁गुलाबी
31579	▁चकमक
31580	▁चलायें
31581	▁छूछ
31582	▁छोड़िए
31583	▁जबड़े
31584	▁जलाना
31585	▁जांघ
31586	▁ज्यादातर
31587	▁झूल
31588	▁टालने
31589	▁टैंक
31590	▁टॉप
31591	▁त्रिएक
31592	▁दमक
31593	▁दिखेगा
31594	▁दोषसुधार
31595	▁धधकते
31596	▁धरकर
31597	▁निन्द
31598	▁निराशाजनक
31599	▁नोट्स
31600	▁पतंगे
31601	▁प्याज़
31602	▁प्रवीणता
31603	▁फूँकी
31604	▁फैलाना
31605	▁फ्रांसिस
31606	▁बचाती
31607	▁बचेगी
31608	▁बन्धा
31609	▁बहलाव
31610	▁बाँटें
31611	▁बाधाएँ
31612	▁बिठाना
31613	▁बुद्धिहीन
31614	▁बेफिक्र
31615	▁ब्रि
31616	▁भँवर
31617	▁भट्ट
31618	▁भुखमरी
31619	▁मज़बूर
31620	▁मवेशी
31621	▁मापने
31622	▁मिन
31623	▁मिल्क
31624	▁मेलर
31625	▁मैत्री
31626	▁यूएस
31627	▁रश्
31628	▁राजदूत
31629	▁रीत
31630	▁रेन
31631	▁रोकथाम
31632	▁रोमांच
31633	▁रोमानी
31634	▁लगना
31635	▁लोकतंत्र
31636	▁वनपशु
31637	▁विंडोज
31638	▁विटामिन
31639	▁विध्वंस
31640	▁व्योपारी
31641	▁शर्मीले
31642	▁शांतिपूर्ण
31643	▁श्रे
31644	▁श्रोतागण
31645	▁सभापति
31646	▁सर्दी
31647	▁सलीम
31648	▁साइप्रस
31649	▁सिखलाए
31650	▁सुथरे
31651	▁सेंध
31652	▁स्केल्स
31653	▁हक्का
31654	▁हड़ताल
31655	▁हड्डिया
31656	▁हमदर्द
31657	▁१९८०
31658	▁१९८५
31659	▁७५
31660	❍
31661	60,000
31662	69
31663	84
31664	;&
31665	ANCE
31666	Conf
31667	DEC
31668	Disable
31669	Draw
31670	Iblis
31671	News
31672	Nothing
31673	Questions
31674	Seeing
31675	Stream
31676	TW
31677	Title
31678	Truth
31679	XMP
31680	astic
31681	created
31682	diff
31683	ears
31684	extract
31685	fate
31686	handed
31687	hem
31688	hours
31689	instead
31690	lene
31691	mission
31692	returning
31693	spoken
31694	sson
31695	taste
31696	whole
31697	wild
31698	ंसाइट
31699	अन्यजातियों
31700	असीम
31701	आज़र
31702	आदेश
31703	आफ़त
31704	उट
31705	ऑल
31706	ख़राब
31707	गुस्ताखी
31708	चलने
31709	ज़िया
31710	टाइप
31711	टाउन
31712	ड्रि
31713	थर
31714	धर्मियों
31715	नीतिवचन
31716	प्रतिष्ठित
31717	फ्रे
31718	बीज
31719	मात्र
31720	मास
31721	मूर्ख
31722	रिंग
31723	रिन्द
31724	ल्लू
31725	वन्द
31726	वस्तु
31727	वानी
31728	व्यू
31729	शाके
31730	सीह
31731	हाज़िर
31732	ाक्षर
31733	ीरों
31734	ौन्द
31735	्यार
31736	▁"1"
31737	▁200,000
31738	▁66:
31739	▁Animals
31740	▁Arc
31741	▁Athaliah
31742	▁AtkHyper
31743	▁Bernard
31744	▁Bur
31745	▁Bye
31746	▁Christine
31747	▁Crystal
31748	▁Cyril
31749	▁DOTS
31750	▁Dhu
31751	▁Dhul
31752	▁Discover
31753	▁Eject
31754	▁Extracting
31755	▁Feeling
31756	▁Fre
31757	▁Goal
31758	▁Gregory
31759	▁Hag
31760	▁Harry
31761	▁Hindus
31762	▁Honour
31763	▁Indonesia
31764	▁Jenny
31765	▁Kevin
31766	▁Kolab
31767	▁Kon
31768	▁Louvre
31769	▁Loved
31770	▁Miguel
31771	▁Mushrikun
31772	▁Nahum
31773	▁Oct
31774	▁Ontario
31775	▁Opacity
31776	▁OpenGL
31777	▁Pierre
31778	▁Pri
31779	▁Promote
31780	▁Proof
31781	▁Qt
31782	▁Qualities
31783	▁Quite
31784	▁Ros
31785	▁SAY
31786	▁Scene
31787	▁Sky
31788	▁Snake
31789	▁Specific
31790	▁Stan
31791	▁Started
31792	▁Steven
31793	▁Sunnah
31794	▁Taken
31795	▁Tubba
31796	▁Undefined
31797	▁Upgrade
31798	▁Workday
31799	▁Yah
31800	▁Zarephath
31801	▁administrative
31802	▁admission
31803	▁allege
31804	▁archer
31805	▁astronomer
31806	▁bedouins
31807	▁boasted
31808	▁bombard
31809	▁bribes
31810	▁childbirth
31811	▁civilian
31812	▁compassed
31813	▁coordinator
31814	▁correcting
31815	▁decoration
31816	▁demonstrations
31817	▁disadvantaged
31818	▁downcast
31819	▁dragnet
31820	▁elegant
31821	▁eliminat
31822	▁ellipse
31823	▁emerges
31824	▁entangle
31825	▁exclude
31826	▁exhibition
31827	▁exhorting
31828	▁france
31829	▁fright
31830	▁garrison
31831	▁grudgingly
31832	▁gulf
31833	▁heinous
31834	▁illumination
31835	▁imaginary
31836	▁implore
31837	▁instilled
31838	▁intoxicated
31839	▁irritation
31840	▁jurisdiction
31841	▁kicked
31842	▁lavish
31843	▁liking
31844	▁limitless
31845	▁math
31846	▁mini
31847	▁moths
31848	▁mysteries
31849	▁nkÖÖ
31850	▁objection
31851	▁opposer
31852	▁ounce
31853	▁pelt
31854	▁perchance
31855	▁plaque
31856	▁policies
31857	▁poorly
31858	▁prejudiced
31859	▁reckoner
31860	▁remaineth
31861	▁reservoir
31862	▁runners
31863	▁sadly
31864	▁sap
31865	▁screw
31866	▁securely
31867	▁seventeen
31868	▁sharers
31869	▁similarities
31870	▁spark
31871	▁speck
31872	▁sprang
31873	▁staggering
31874	▁statue
31875	▁staunch
31876	▁sterling
31877	▁sternly
31878	▁sticky
31879	▁stocks
31880	▁surpasses
31881	▁terrain
31882	▁thoughtless
31883	▁trueness
31884	▁twilight
31885	▁unfaith
31886	▁unforgettable
31887	▁unknowingly
31888	▁victories
31889	▁woven
31890	▁yonder
31891	▁अंकल
31892	▁अड़ा
31893	▁अनसेट
31894	▁अनुक्रमणिका
31895	▁अन्धों
31896	▁असीमित
31897	▁अहमद
31898	▁आईं
31899	▁आकांक्षा
31900	▁उंगलिया
31901	▁उपग्रह
31902	▁एंटोन
31903	▁ओक
31904	▁कलह
31905	▁कार्यरत
31906	▁क्रिस्चियन
31907	▁क्रॉस
31908	▁क्ले
31909	▁खटखटाया
31910	▁खराबी
31911	▁खींचना
31912	▁खीज
31913	▁खुच
31914	▁खोयी
31915	▁गृहस्थी
31916	▁गैरी
31917	▁घूँट
31918	▁घोंसला
31919	▁चलानेवाले
31920	▁चूमा
31921	▁छूकर
31922	▁जबरदस्ती
31923	▁ज़ोन
31924	▁जादुई
31925	▁जूतों
31926	▁जोसफ
31927	▁टलेगा
31928	▁टाई
31929	▁ठहराती
31930	▁ढाँप
31931	▁ढांचा
31932	▁तद
31933	▁तारामंडल
31934	▁तिल
31935	▁तेईस
31936	▁तोड़ों
31937	▁तौ
31938	▁दख़ल
31939	▁दणड
31940	▁दमन
31941	▁दानि
31942	▁नारा
31943	▁नॆ
31944	▁पछताया
31945	▁पसे
31946	▁पहनकर
31947	▁पहरे
31948	▁पीटते
31949	▁पुथल
31950	▁पुनर्भंडार
31951	▁पूछोगे
31952	▁पोत
31953	▁पोलिश
31954	▁पोस्टर
31955	▁प्रवक्
31956	▁फ़ौज
31957	▁फिराया
31958	▁बढ़ाएँगे
31959	▁बढ़ानेवाला
31960	▁बताएँगे
31961	▁बालाक
31962	▁बाहु
31963	▁बिछाए
31964	▁बेरुखी
31965	▁बैठेगा
31966	▁बोह
31967	▁ब्राज़िल
31968	▁भु
31969	▁भुजबल
31970	▁मछलियां
31971	▁मजेदार
31972	▁मल्लाह
31973	▁मापक
31974	▁मारें
31975	▁मीकाईल
31976	▁मुजरिमों
31977	▁मेडिकल
31978	▁रिक्तिकरण
31979	▁रोज
31980	▁लटकत
31981	▁लूकारिस
31982	▁वाहन
31983	▁विनाशक
31984	▁व्याख्यान
31985	▁व्यावसायिक
31986	▁श्रेष्ठगीत
31987	▁संरक्षित
31988	▁सत्ताधिकार
31989	▁समुंदर
31990	▁सातवां
31991	▁सामग्रियों
31992	▁साम्बा
31993	▁सिरिल
31994	▁स्कोर
31995	▁हेशबोन
31996	▁होल्ड
31997	▁१९९९
31998	CONF
31999	Fir
32000	Flag
32001	IES
32002	Isaac
32003	LT
32004	NO
32005	SQL
32006	appear
32007	bearing
32008	block
32009	committed
32010	concerning
32011	corporate
32012	craft
32013	evolutionary
32014	gul
32015	happy
32016	harm
32017	iety
32018	isdom
32019	kle
32020	lessly
32021	level
32022	lla
32023	meter
32024	must
32025	orda
32026	ountain
32027	rranjan
32028	saints
32029	scal
32030	sect
32031	seeking
32032	though
32033	tock
32034	uzz
32035	video
32036	vik
32037	wash
32038	अक्ल
32039	इंजन
32040	इंडियाना
32041	इनके
32042	क़ैद
32043	किसने
32044	ख़ाने
32045	ग्रह
32046	घाड़
32047	छुपा
32048	जानवरों
32049	जेंट
32050	टेल
32051	टोक
32052	डोल
32053	थप्
32054	दरिया
32055	नीचे
32056	पृष्ठ
32057	प्रवर्तन
32058	बचाने
32059	बहन
32060	बूर
32061	भविष्य
32062	मीन
32063	मेव
32064	म्हें
32065	यापन
32066	यूनुस
32067	यॉन
32068	राग
32069	राफ़
32070	राष्ट्र
32071	रेटर
32072	लिय
32073	लें
32074	ल्प
32075	वर्ग
32076	विस्तार
32077	शक
32078	संत
32079	समझदार
32080	सावधान
32081	सिफ
32082	स्टी
32083	स्वच्छ
32084	हशत
32085	हुद
32086	ायों
32087	िएट
32088	िफ्ट
32089	ुज़
32090	ेसिन
32091	ोनिया
32092	ोव
32093	८४
32094	▁"0"
32095	▁107
32096	▁1916
32097	▁1996)
32098	▁ADHD
32099	▁Abiding
32100	▁Alcohol
32101	▁Amazon
32102	▁Augustus
32103	▁Azar
32104	▁Bella
32105	▁Buddhism
32106	▁CALL
32107	▁CHRISTIAN
32108	▁CL
32109	▁Caller
32110	▁Cloudy
32111	▁Connecting
32112	▁Dear
32113	▁Deer
32114	▁Downloads
32115	▁Drizzle
32116	▁Ebed
32117	▁Effort
32118	▁Elderly
32119	▁Emma
32120	▁Encourage
32121	▁GA
32122	▁Gibeonites
32123	▁Gone
32124	▁Gravity
32125	▁Haiti
32126	▁Hazor
32127	▁Incomplete
32128	▁Inspired
32129	▁JUL
32130	▁Juliet
32131	▁Lasting
32132	▁Lutheran
32133	▁Mate
32134	▁Muse
32135	▁Net
32136	▁Norwegian
32137	▁OVER
32138	▁Qaf
32139	▁Reg
32140	▁Regularly
32141	▁Relief
32142	▁SASL
32143	▁Section
32144	▁Stark
32145	▁TTY
32146	▁Tho
32147	▁UTC
32148	▁Vika
32149	▁Wilt
32150	▁YOUNG
32151	▁Zimbabwe
32152	▁abusing
32153	▁ads
32154	▁advisers
32155	▁affirmed
32156	▁ailment
32157	▁arena
32158	▁artists
32159	▁atheists
32160	▁avid
32161	▁axes
32162	▁banish
32163	▁barrel
32164	▁behove
32165	▁biologist
32166	▁bloggers
32167	▁bullocks
32168	▁caret
32169	▁carving
32170	▁chained
32171	▁charities
32172	▁chill
32173	▁cluster
32174	▁comfortably
32175	▁commandeth
32176	▁contentiousness
32177	▁dared
32178	▁devoutly
32179	▁digits
32180	▁diploma
32181	▁disloyalty
32182	▁distrust
32183	▁dots
32184	▁downward
32185	▁drizzle
32186	▁engulf
32187	▁exulting
32188	▁fairy
32189	▁fighters
32190	▁filenames
32191	▁fir
32192	▁fluent
32193	▁grind
32194	▁harps
32195	▁hesitated
32196	▁hopefully
32197	▁hut
32198	▁impulse
32199	▁inclining
32200	▁infirmity
32201	▁iz
32202	▁ke
32203	▁lakes
32204	▁listbox
32205	▁logically
32206	▁longest
32207	▁masterpiece
32208	▁meddle
32209	▁mistreat
32210	▁misunderstood
32211	▁momentary
32212	▁mounting
32213	▁myriads
32214	▁narratives
32215	▁navigate
32216	▁organisms
32217	▁origins
32218	▁owing
32219	▁periodic
32220	▁phenomena
32221	▁purification
32222	▁rang
32223	▁raped
32224	▁reaping
32225	▁reduction
32226	▁resentful
32227	▁resides
32228	▁revere
32229	▁reviling
32230	▁romance
32231	▁rotate
32232	▁shaved
32233	▁skull
32234	▁smites
32235	▁smo
32236	▁solitude
32237	▁spiral
32238	▁storehouse
32239	▁surveillance
32240	▁sympathize
32241	▁taxi
32242	▁timeline
32243	▁towering
32244	▁transparency
32245	▁twins
32246	▁unchaste
32247	▁unfruitful
32248	▁unhealthy
32249	▁unholy
32250	▁usurp
32251	▁variation
32252	▁vernacular
32253	▁winner
32254	▁अधूरी
32255	▁अनहोन
32256	▁अनाकोन्डा
32257	▁अनुकरणीय
32258	▁अस्थि
32259	▁अहीकाम
32260	▁आराधना
32261	▁इक्का
32262	▁इशा
32263	▁उजाड़ने
32264	▁उत्तेजना
32265	▁उबर
32266	▁एलीएजेर
32267	▁करवट
32268	▁कर्नल
32269	▁कर्मेल
32270	▁कलर
32271	▁कल्पनाओं
32272	▁कसी
32273	▁कस्बे
32274	▁केसीएम
32275	▁कैनवास
32276	▁खंभा
32277	▁ख़रीदा
32278	▁ख़ासी
32279	▁खौफ़
32280	▁गिनता
32281	▁गैल
32282	▁गोफ
32283	▁घुड़क
32284	▁चीत्कार
32285	▁चुराते
32286	▁छिपाता
32287	▁झिलम
32288	▁टिड्डी
32289	▁डिस्कनेक्ट
32290	▁डैश
32291	▁ढूंढा
32292	▁ताप
32293	▁दफन
32294	▁दवाई
32295	▁दस्तावेज़ीकरण
32296	▁दीदी
32297	▁दूरवर्ती
32298	▁देखूँ
32299	▁धंधे
32300	▁धान
32301	▁धूपकाल
32302	▁नशा
32303	▁नहू
32304	▁निगरानों
32305	▁निर्दयता
32306	▁नुक्
32307	▁नॉर्वे
32308	▁न्यायप्रिय
32309	▁पतले
32310	▁पत्तियों
32311	▁पहनाया
32312	▁पाऊँगी
32313	▁पालते
32314	▁पूछकर
32315	▁प्रशिक्षक
32316	▁फन
32317	▁फर्न
32318	▁फोर्ट
32319	▁बंदूकें
32320	▁बखान
32321	▁बचिए
32322	▁बछड़ों
32323	▁बजाया
32324	▁बढ़ेंगे
32325	▁बली
32326	▁बहाली
32327	▁बाड़ा
32328	▁बिगड़त
32329	▁बेबुनियाद
32330	▁बेर्शेबा
32331	▁बौद्धिक
32332	▁भेजती
32333	▁मग
32334	▁मरण
32335	▁मशग़
32336	▁मुआवज़ा
32337	▁मुच
32338	▁मैट
32339	▁मैथ्यू
32340	▁रेकॉर्ड
32341	▁रॉब
32342	▁रोस्टर
32343	▁लता
32344	▁लहज
32345	▁लापता
32346	▁लुइस
32347	▁लोम
32348	▁विकासकर्ता
32349	▁विराम
32350	▁विश्लेष
32351	▁वैयक्
32352	▁वॉर
32353	▁शान्तिपूर्ण
32354	▁श्रवण
32355	▁संग्राम
32356	▁संयोजन
32357	▁समयावधि
32358	▁समुद्रों
32359	▁सर्च
32360	▁सीडर
32361	▁सीसा
32362	▁सुनाऊँ
32363	▁सुनाएँ
32364	▁स्क्
32365	▁स्क्र
32366	▁हजाएल
32367	▁हदद
32368	-8859-8
32369	1961
32370	43
32371	900
32372	Beloved
32373	Blank
32374	Chi
32375	Clean
32376	Delegate
32377	France
32378	HEX
32379	India
32380	Indiana
32381	Install
32382	Jerusalem
32383	MacRoman
32384	Mon
32385	Music
32386	Normal
32387	Page
32388	Restore
32389	Shu
32390	Spec
32391	Though
32392	Trash
32393	accept
32394	acquainted
32395	already
32396	brothers
32397	chen
32398	cipher
32399	defined
32400	dvanc
32401	elle
32402	elli
32403	error
32404	fact
32405	ffe
32406	filled
32407	fix
32408	foot
32409	getting
32410	guided
32411	hau
32412	hra
32413	joy
32414	lack
32415	migrating
32416	nski
32417	oice
32418	pleasing
32419	rgg
32420	righteousness
32421	rule
32422	secret
32423	serve
32424	talk
32425	utheast
32426	yah
32427	zel
32428	zone
32429	}-${
32430	ंचा
32431	आपने
32432	उधर
32433	ऍ
32434	एड
32435	क़ाम
32436	ख़ुशनुमा
32437	खायीं
32438	गैर
32439	घ्न
32440	चतुर
32441	चाह
32442	डियो
32443	डेट
32444	णा
32445	तन
32446	तीसवां
32447	त्रो
32448	दरलैंड्
32449	दर्शन
32450	नाई
32451	नियन
32452	न्दर
32453	पत्नी
32454	पथ
32455	पहल
32456	प्रेषित
32457	बहरापन
32458	भक्
32459	मंडल
32460	माएं
32461	र्निहित
32462	लाठी
32463	वींस
32464	वैध
32465	सरकार
32466	साबित
32467	हिल
32468	हूद
32469	ॆक्ट
32470	ेजेर
32471	ेय
32472	▁000
32473	▁1968
32474	▁1997)
32475	▁537
32476	▁550
32477	▁Achish
32478	▁Alright
32479	▁Amy
32480	▁André
32481	▁Anonymous
32482	▁Appointed
32483	▁Bai
32484	▁Belong
32485	▁Bountiful
32486	▁Brit
32487	▁CR
32488	▁Canceled
32489	▁Cancer
32490	▁Castle
32491	▁Cer
32492	▁Colour
32493	▁Conditions
32494	▁Counter
32495	▁Dina
32496	▁Diotrephes
32497	▁Eboshi
32498	▁Esc
32499	▁Expires
32500	▁Ezek
32501	▁Fan
32502	▁Fighting
32503	▁Flu
32504	▁Forty
32505	▁Fragment
32506	▁GiB
32507	▁Glass
32508	▁HA
32509	▁Highlighting
32510	▁Holocaust
32511	▁Household
32512	▁Improve
32513	▁Isabel
32514	▁Janet
32515	▁Johnny
32516	▁Luck
32517	▁Marian
32518	▁Maz
32519	▁Mini
32520	▁Munificent
32521	▁Mur
32522	▁NUMBER
32523	▁Nah
32524	▁Noise
32525	▁Norway
32526	▁Observatory
32527	▁Omri
32528	▁Particular
32529	▁Pha
32530	▁Prefer
32531	▁Presentation
32532	▁Relative
32533	▁Responsible
32534	▁Sarai
32535	▁Sharmila
32536	▁Templates
32537	▁Tuwa
32538	▁Ukrainian
32539	▁WAY
32540	▁WORK
32541	▁Yank
32542	▁[%
32543	▁acceptably
32544	▁accumulat
32545	▁advantageous
32546	▁aggravate
32547	▁assaulted
32548	▁athletes
32549	▁basin
32550	▁betwixt
32551	▁brighter
32552	▁cage
32553	▁cameras
32554	▁caps
32555	▁castles
32556	▁cats
32557	▁comforter
32558	▁concentrated
32559	▁condemning
32560	▁conductor
32561	▁cooperative
32562	▁coverage
32563	▁coworker
32564	▁decisively
32565	▁despising
32566	▁destroyer
32567	▁dialect
32568	▁directive
32569	▁documented
32570	▁elevation
32571	▁emptiness
32572	▁encodings
32573	▁engineers
32574	▁enlarges
32575	▁enrage
32576	▁excellency
32577	▁exemplified
32578	▁eyewitness
32579	▁fairseeming
32580	▁faulty
32581	▁fearsome
32582	▁fossil
32583	▁functioning
32584	▁gallons
32585	▁geographic
32586	▁glide
32587	▁grasping
32588	▁hay
32589	▁hazardous
32590	▁hedge
32591	▁hive
32592	▁hormone
32593	▁hospitably
32594	▁hyper
32595	▁implicitly
32596	▁imposing
32597	▁impugn
32598	▁ingredients
32599	▁inquiry
32600	▁invading
32601	▁jacket
32602	▁jeopardize
32603	▁lectures
32604	▁liable
32605	▁libburn
32606	▁lottery
32607	▁lung
32608	▁marrow
32609	▁nineteen
32610	▁northeast
32611	▁offenses
32612	▁onions
32613	▁penal
32614	▁penitence
32615	▁plowing
32616	▁plumb
32617	▁poetic
32618	▁pollute
32619	▁poly
32620	▁pornographic
32621	▁predicament
32622	▁prematurely
32623	▁quenched
32624	▁rebelling
32625	▁rend
32626	▁retire
32627	▁roster
32628	▁schemed
32629	▁scornful
32630	▁sens
32631	▁sexes
32632	▁shears
32633	▁similarity
32634	▁slice
32635	▁slit
32636	▁spacing
32637	▁sphere
32638	▁splitting
32639	▁sponsor
32640	▁sponsored
32641	▁strait
32642	▁summoner
32643	▁supremacy
32644	▁tangible
32645	▁tended
32646	▁troublesome
32647	▁troubling
32648	▁twig
32649	▁tyrants
32650	▁unblemished
32651	▁underscores
32652	▁undisturbed
32653	▁unmindful
32654	▁vegetable
32655	▁versed
32656	▁wedded
32657	▁whe
32658	▁witches
32659	▁worms
32660	▁writ
32661	▁अचेत
32662	▁अजी
32663	▁अत
32664	▁अदोनिरयाह
32665	▁अध
32666	▁अध्यवसाय
32667	▁अनुमोदित
32668	▁अनुवर्त
32669	▁अपाहिज
32670	▁अफसरों
32671	▁अबेदनगो
32672	▁अम्मोन
32673	▁अरतिमिस
32674	▁असहनशीलता
32675	▁आंशिक
32676	▁आकाशगंगा
32677	▁आवंट
32678	▁इंग
32679	▁उज्जा
32680	▁उड़ाऊ
32681	▁उतरवा
32682	▁एथेन्स
32683	▁एनकोडिंग्स
32684	▁एन्ड
32685	▁ओवरराइड
32686	▁कड़वे
32687	▁कड़ाई
32688	▁कलेजा
32689	▁कहनेवाले
32690	▁कहॉ
32691	▁काँटों
32692	▁कामिल
32693	▁कामुक
32694	▁कैदखान
32695	▁क्रिस्टल
32696	▁खूंटी
32697	▁खोएगा
32698	▁खोखला
32699	▁ख्वान
32700	▁गुटों
32701	▁गेह
32702	▁गोदाम
32703	▁गोल्ड
32704	▁घटने
32705	▁घनत्व
32706	▁चढ़ावा
32707	▁चतुर्भुज
32708	▁चहरे
32709	▁छठव
32710	▁छपे
32711	▁छुपाने
32712	▁जनाब
32713	▁जर
32714	▁जलाल
32715	▁ज़ज़
32716	▁ज़ब्त
32717	▁ज़ू
32718	▁जानेगा
32719	▁जीएल
32720	▁जेट
32721	▁जॉर्जिया
32722	▁ज्वार
32723	▁टांग
32724	▁टूक
32725	▁ट्यूब
32726	▁ठहरती
32727	▁ठहरायी
32728	▁डालूँ
32729	▁डिक्लेरेशन
32730	▁डिब्बा
32731	▁डेस्क
32732	▁ढ़ील
32733	▁तख्ते
32734	▁त्यागना
32735	▁त्रि
32736	▁दानियों
32737	▁दाल
32738	▁दिखावे
32739	▁दिखे
32740	▁दुल्हिन
32741	▁दुष्कर्म
32742	▁दूँगी
32743	▁नतन
32744	▁नन्ही
32745	▁नाइरोबी
32746	▁नाट्
32747	▁नीली
32748	▁नीहारिका
32749	▁नोक
32750	▁पग
32751	▁पर्ची
32752	▁पलड़
32753	▁पवित्रशास्त्र
32754	▁पाद
32755	▁पुतली
32756	▁पुनरावर्त
32757	▁पेजर
32758	▁प्रत्यय
32759	▁प्रबन्धों
32760	▁प्रभात
32761	▁प्रसार
32762	▁फफूँदी
32763	▁फरमात
32764	▁फाईल
32765	▁फ्लश
32766	▁बँटाने
32767	▁बंधे
32768	▁बचाएँगे
32769	▁बदमाश
32770	▁बिगाड़ते
32771	▁बिसात
32772	▁बिस्तरों
32773	▁भक्तिहीन
32774	▁भूरे
32775	▁मनायी
32776	▁मरनेवालों
32777	▁मरोगे
32778	▁महत्त
32779	▁महलों
32780	▁मामा
32781	▁मारके
32782	▁मुता
32783	▁मुम
32784	▁मृदु
32785	▁मोहक
32786	▁राजकुमारों
32787	▁रासायनिक
32788	▁रूग
32789	▁रोए
32790	▁रोड
32791	▁वाहक
32792	▁विकिरण
32793	▁वेदियां
32794	▁शर्मिला
32795	▁शूशन
32796	▁शोले
32797	▁संगमरमर
32798	▁संरूप
32799	▁सकूं
32800	▁सकेत
32801	▁सती
32802	▁समानताएँ
32803	▁समापन
32804	▁सम्म
32805	▁सरगर्म
32806	▁सर्वसत्ताधारी
32807	▁सहस्राब्दि
32808	▁सिमट
32809	▁सीपीयू
32810	▁सीरियल
32811	▁सुव्यवस्थित
32812	▁सूजन
32813	▁सैंड
32814	▁सैल
32815	▁स्ट्रक्चर
32816	▁स्वामित्व
32817	▁हर्ज
32818	▁हीरा
32819	▁हुद
32820	▁५००
32821	199
32822	480
32823	88
32824	Bible
32825	DU
32826	Dur
32827	End
32828	Fie
32829	GEO
32830	HEL
32831	ILL
32832	Important
32833	KS
32834	Makkah
32835	Profession
32836	RDF
32837	Screen
32838	Two
32839	account
32840	better
32841	bus
32842	cel
32843	dvi
32844	fermented
32845	gconf
32846	ggle
32847	icons
32848	idirectional
32849	ister
32850	move
32851	onfigure
32852	play
32853	public
32854	quest
32855	rak
32856	servator
32857	special
32858	support
32859	uckle
32860	umerous
32861	uv
32862	xxx
32863	zilla
32864	É
32865	ंम
32866	अंत
32867	अपमान
32868	आज़ार
32869	इफ
32870	उँ
32871	उलट
32872	कास्ट
32873	किन
32874	कूट
32875	क्रिया
32876	ख़रीद
32877	खुले
32878	गस
32879	ग़ुज़ार
32880	छिपे
32881	ज़मा
32882	जागते
32883	ण्ट
32884	ताज़
32885	दाँ
32886	दुख
32887	नीन
32888	नोबल
32889	प्ल
32890	फता
32891	फाल
32892	फ्री
32893	बाय
32894	बीएस
32895	बोदे
32896	मेहरबानी
32897	यूशा
32898	लगी
32899	लिमा
32900	वधिक
32901	वला
32902	वाक़ई
32903	वाजिब
32904	विषय
32905	सकता
32906	सवार
32907	सूद
32908	हालत
32909	ांग
32910	ाइमी
32911	िंगटन
32912	ूग
32913	ॉड
32914	ोसा
32915	्फ़ी
32916	▁(16
32917	▁00)
32918	▁15,000
32919	▁1998)
32920	▁41,
32921	▁Achan
32922	▁Anxiety
32923	▁Apocalypse
32924	▁Asking
32925	▁Boss
32926	▁CHILDREN
32927	▁CRL
32928	▁Cana
32929	▁Carlos
32930	▁Cho
32931	▁Chu
32932	▁Core
32933	▁DID
32934	▁Dawn
32935	▁Designed
32936	▁Devotion
32937	▁Disaster
32938	▁Disciples
32939	▁Edomites
32940	▁Elah
32941	▁Equal
32942	▁Extreme
32943	▁Federal
32944	▁Fortunately
32945	▁GTKmm
32946	▁Generator
32947	▁Graph
32948	▁Handle
32949	▁Hurry
32950	▁Incorrect
32951	▁Johnson
32952	▁Julia
32953	▁Kobe
32954	▁Lars
32955	▁Leo
32956	▁Loop
32957	▁Madi
32958	▁Mario
32959	▁Marry
32960	▁Mask
32961	▁Methods
32962	▁Missionaries
32963	▁Mmm
32964	▁Nathanael
32965	▁Nurse
32966	▁Olympic
32967	▁Pot
32968	▁Pursuing
32969	▁Rac
32970	▁Raj
32971	▁Render
32972	▁Saba
32973	▁Shim
32974	▁Ship
32975	▁Startup
32976	▁Swap
32977	▁Terah
32978	▁Threads
32979	▁Thyatira
32980	▁Tidings
32981	▁Trevor
32982	▁Vendor
32983	▁Warrior
32984	▁actuat
32985	▁agitated
32986	▁anaconda
32987	▁assumptions
32988	▁athletic
32989	▁bathing
32990	▁bloodstream
32991	▁borrower
32992	▁breakup
32993	▁brew
32994	▁brokenhearted
32995	▁carpet
32996	▁chats
32997	▁chorus
32998	▁classic
32999	▁classified
33000	▁cleric
33001	▁coincidence
33002	▁collections
33003	▁compulsive
33004	▁confesses
33005	▁conjectures
33006	▁contentions
33007	▁conveying
33008	▁cubic
33009	▁cursing
33010	▁debris
33011	▁deci
33012	▁deepens
33013	▁defame
33014	▁degrade
33015	▁denunciation
33016	▁designate
33017	▁detain
33018	▁detrimental
33019	▁dietary
33020	▁distinguishing
33021	▁disunity
33022	▁dogmatic
33023	▁elevator
33024	▁encompassing
33025	▁exaggerated
33026	▁exams
33027	▁exceptions
33028	▁exterminate
33029	▁fenced
33030	▁fingerprint
33031	▁flaw
33032	▁forfeit
33033	▁frequency
33034	▁gangs
33035	▁germs
33036	▁gram
33037	▁gratification
33038	▁grey
33039	▁hain
33040	▁harshness
33041	▁healthier
33042	▁hi
33043	▁hillside
33044	▁hooks
33045	▁horrors
33046	▁impostors
33047	▁inattentive
33048	▁informative
33049	▁ingathering
33050	▁instrumental
33051	▁insulted
33052	▁intervals
33053	▁kidney
33054	▁kine
33055	▁lending
33056	▁looketh
33057	▁manifestations
33058	▁memorize
33059	▁metadata
33060	▁musicians
33061	▁myrrh
33062	▁nutritious
33063	▁outsiders
33064	▁overeating
33065	▁owl
33066	▁pad
33067	▁pervasive
33068	▁phases
33069	▁pond
33070	▁pus
33071	▁quarreling
33072	▁rancour
33073	▁realised
33074	▁repenting
33075	▁resign
33076	▁riders
33077	▁rig
33078	▁sector
33079	▁shameless
33080	▁sickle
33081	▁sift
33082	▁signifies
33083	▁slider
33084	▁sorrowful
33085	▁sorting
33086	▁squares
33087	▁stall
33088	▁stamped
33089	▁stems
33090	▁strongholds
33091	▁summit
33092	▁supervise
33093	▁throngs
33094	▁torches
33095	▁trespassed
33096	▁twelfth
33097	▁unbelievable
33098	▁unchecked
33099	▁vapor
33100	▁variously
33101	▁viruses
33102	▁warmed
33103	▁wr
33104	▁writeable
33105	▁ype
33106	▁zebra
33107	▁अड़चन
33108	▁अधीनस्थ
33109	▁अनुशास
33110	▁अर्ल
33111	▁अशदोद
33112	▁आटे
33113	▁आर्ट
33114	▁आलू
33115	▁उठाओगे
33116	▁उद्यान
33117	▁ऊँटों
33118	▁ऊतक
33119	▁एंटिटी
33120	▁एपीफ
33121	▁एलीआब
33122	▁काग़ज
33123	▁काटी
33124	▁कुचले
33125	▁कुर्ते
33126	▁कुल्हाड़ी
33127	▁कैप
33128	▁कैरेक्टर
33129	▁कौर
33130	▁कौवे
33131	▁क्षे
33132	▁खींचो
33133	▁गुठल
33134	▁गुस्सैल
33135	▁गूंगे
33136	▁गोर
33137	▁घुटन
33138	▁चिट्ठा
33139	▁चितता
33140	▁चिल्लाना
33141	▁चीत
33142	▁छितरा
33143	▁छुड़ानेवाले
33144	▁जयकार
33145	▁जरा
33146	▁ज़ोरावर
33147	▁जिन्हे
33148	▁जुलना
33149	▁जूरी
33150	▁जॆरोम
33151	▁जेलों
33152	▁जेवर
33153	▁झपकन
33154	▁टहनी
33155	▁ट्रॉ
33156	▁ठहरानेवाल
33157	▁डरेगा
33158	▁ढाँचे
33159	▁ढूंढ़े
33160	▁ताक़
33161	▁दबोचा
33162	▁दिल्ली
33163	▁दीर्ध
33164	▁दुराचारी
33165	▁दोज़ख
33166	▁दोबार
33167	▁दोहराते
33168	▁धोइए
33169	▁धौंस
33170	▁नजर
33171	▁नोर
33172	▁पकाना
33173	▁पतियो
33174	▁परिवर्धन
33175	▁पलटेगा
33176	▁पसीने
33177	▁पहुचाए
33178	▁पिलानेवाल
33179	▁पुकारोगे
33180	▁पौल
33181	▁प्रदीप
33182	▁प्रोफ़ॆसर
33183	▁फ़र
33184	▁फ़रीसियों
33185	▁फांसी
33186	▁फीचर
33187	▁बन्धी
33188	▁बसाने
33189	▁बागी
33190	▁बुकलेट
33191	▁बेटो
33192	▁बेड़े
33193	▁बेदखल
33194	▁बोरे
33195	▁मत्त
33196	▁मदों
33197	▁मरोड़कर
33198	▁माला
33199	▁मीन
33200	▁मेढ़ों
33201	▁मेशक
33202	▁मोटाई
33203	▁मौस
33204	▁यूर
33205	▁रगड़
33206	▁रिंग
33207	▁रुप
33208	▁रोगाणु
33209	▁लोप
33210	▁लौटोगे
33211	▁वहशी
33212	▁वाइन
33213	▁वानर
33214	▁विख्यात
33215	▁शद्रक
33216	▁सकेंगें
33217	▁सत्हृदय
33218	▁सहमे
33219	▁सिकुड़
33220	▁सुखविलास
33221	▁सुलझाना
33222	▁सुहावनी
33223	▁सूझती
33224	▁स्टेपल
33225	▁हत्यारों
33226	▁हन
33227	▁हस्तियों
33228	1)
33229	539
33230	79
33231	AB
33232	CID
33233	Deliver
33234	Home
33235	Reset
33236	SCII
33237	Street
33238	Whenever
33239	Without
33240	anada
33241	bounteous
33242	control
33243	dad
33244	eca
33245	fight
33246	former
33247	hell
33248	hite
33249	ike
33250	isi
33251	lead
33252	ligible
33253	lining
33254	lite
33255	mala
33256	meat
33257	mia
33258	nego
33259	nothing
33260	ody
33261	olic
33262	onite
33263	pagans
33264	past
33265	picture
33266	prove
33267	six
33268	stor
33269	storm
33270	term
33271	uf
33272	utt
33273	vocation
33274	width
33275	â
33276	अज़ीज़
33277	अज्ञात
33278	अफ़
33279	आलम
33280	उपद्रव
33281	ऊन
33282	कपट
33283	कोन
33284	क्क़त
33285	क्के
33286	क्लि
33287	गहरी
33288	गुप्त
33289	चारो
33290	ज़िना
33291	ज़िन्दगी
33292	जुस्त
33293	डायरेक्शनल
33294	डियों
33295	डुबकी
33296	ड्रो
33297	तबाही
33298	दुनियावी
33299	निहायत
33300	नूर
33301	नै
33302	न्तरिक
33303	न्त्र
33304	न्याह
33305	पढ़िए
33306	पाँसे
33307	पेश
33308	फ़ॉर्म
33309	बंदूक
33310	बहका
33311	बिट
33312	भिन्न
33313	भेड़
33314	याक़ूब
33315	रदानी
33316	राट
33317	रिक़
33318	रोमांचित
33319	रौनक़
33320	र्दे
33321	लोगो
33322	वासना
33323	विरोधी
33324	विस
33325	वेज
33326	वैसा
33327	शिंग
33328	शेख़ी
33329	समझने
33330	स्क्रिप्ट
33331	स्पर
33332	हुकूमत
33333	ह्
33334	़वा
33335	ाँएगे
33336	ालय
33337	िवा
33338	ुलियन
33339	ैबिय
33340	्रिप्शन
33341	१७
33342	▁%1%
33343	▁04
33344	▁135
33345	▁20.)
33346	▁APOP
33347	▁Abednego
33348	▁Adrian
33349	▁Alphabet
33350	▁Amasa
33351	▁Arabian
33352	▁Authorities
33353	▁Beauty
33354	▁Bibliot
33355	▁Boo
33356	▁Calcutta
33357	▁Calling
33358	▁Cartr
33359	▁Chamber
33360	▁Characters
33361	▁County
33362	▁DATE
33363	▁DI
33364	▁Desire
33365	▁Destroy
33366	▁Dick
33367	▁Dinah
33368	▁Fact
33369	▁Falls
33370	▁Fat
33371	▁GAL
33372	▁Gn
33373	▁Goodness
33374	▁Gulf
33375	▁Happen
33376	▁Included
33377	▁Injustice
33378	▁Interval
33379	▁JW
33380	▁Jehoahaz
33381	▁Jennifer
33382	▁Julian
33383	▁LOVE
33384	▁Labels
33385	▁Macmillan
33386	▁Mara
33387	▁Meditate
33388	▁NEW
33389	▁Nazarene
33390	▁Nik
33391	▁Opera
33392	▁Orient
33393	▁Rabshakeh
33394	▁Roy
33395	▁Saver
33396	▁Separator
33397	▁Sounds
33398	▁Static
33399	▁Stocks
33400	▁TODAY
33401	▁Teachings
33402	▁Threat
33403	▁Tru
33404	▁Variables
33405	▁Vers
33406	▁Wayne
33407	▁Widow
33408	▁Wiggin
33409	▁Zakah
33410	▁Ziba
33411	▁[10
33412	▁accountability
33413	▁acres
33414	▁adj
33415	▁annuity
33416	▁arisen
33417	▁associators
33418	▁auditorium
33419	▁avenged
33420	▁barracks
33421	▁blatant
33422	▁boasts
33423	▁bountifully
33424	▁bronze
33425	▁castle
33426	▁catastrophic
33427	▁cdrdao
33428	▁chickens
33429	▁circulate
33430	▁clash
33431	▁codec
33432	▁compute
33433	▁containers
33434	▁currency
33435	▁debauchery
33436	▁decimal
33437	▁despoil
33438	▁detained
33439	▁differentiate
33440	▁diminishing
33441	▁displaced
33442	▁doubters
33443	▁dower
33444	▁dregs
33445	▁drunkard
33446	▁dynasty
33447	▁eased
33448	▁egotism
33449	▁elected
33450	▁embellished
33451	▁emerging
33452	▁friction
33453	▁goddamn
33454	▁grander
33455	▁grove
33456	▁headedness
33457	▁hemoglobin
33458	▁housetop
33459	▁ignite
33460	▁immunity
33461	▁impute
33462	▁inactivity
33463	▁industrialize
33464	▁ingrained
33465	▁iniquitous
33466	▁inquiring
33467	▁insidious
33468	▁intimidate
33469	▁invade
33470	▁judgmental
33471	▁jury
33472	▁lewd
33473	▁lurch
33474	▁luxuries
33475	▁md
33476	▁meager
33477	▁molecul
33478	▁multiplie
33479	▁murderers
33480	▁nutrients
33481	▁occupancy
33482	▁offences
33483	▁onslaught
33484	▁organism
33485	▁outpouring
33486	▁overthrew
33487	▁parched
33488	▁perpetrated
33489	▁pixmap
33490	▁pleas
33491	▁plough
33492	▁png
33493	▁powerfully
33494	▁pretext
33495	▁principally
33496	▁propose
33497	▁quarrelsome
33498	▁ration
33499	▁reactor
33500	▁recital
33501	▁reef
33502	▁reincarnation
33503	▁reviled
33504	▁revoked
33505	▁scalp
33506	▁secured
33507	▁sermons
33508	▁severed
33509	▁stalks
33510	▁stove
33511	▁straighten
33512	▁sunder
33513	▁surplus
33514	▁survivor
33515	▁switched
33516	▁temp
33517	▁titled
33518	▁trench
33519	▁typed
33520	▁unruly
33521	▁vouchsafe
33522	▁waging
33523	▁weakening
33524	▁wildlife
33525	▁wishing
33526	▁अज़ा
33527	▁अटलांटिक
33528	▁अधम
33529	▁अध्या
33530	▁अनन्य
33531	▁अफसान
33532	▁अभिदान
33533	▁अभिशाप
33534	▁अला
33535	▁असमर्थता
33536	▁अस्थिर
33537	▁अह
33538	▁अहिरयाह
33539	▁आरोह
33540	▁आरोहण
33541	▁आवाज़े
33542	▁आशाओं
33543	▁इतिहासकारों
33544	▁इलाक़
33545	▁इलाह
33546	▁इशारों
33547	▁उभारते
33548	▁उभारेगा
33549	▁एंबेडेड
33550	▁एचआईवी
33551	▁एलियास
33552	▁ऐलिस
33553	▁ओढ़ा
33554	▁क़स्
33555	▁कायर
33556	▁कैम
33557	▁क्लैर
33558	▁खनिज
33559	▁ख़ासा
33560	▁गधा
33561	▁गुणन
33562	▁गुब्बारे
33563	▁ग्रेजुएशन
33564	▁घनिष्ट
33565	▁घुटा
33566	▁चलाती
33567	▁चिढ़ा
33568	▁चित्रण
33569	▁चिर
33570	▁चुकाएगा
33571	▁छल्ले
33572	▁छांटा
33573	▁छूए
33574	▁छूता
33575	▁जाली
33576	▁जीवतों
33577	▁जुला
33578	▁टायबाल्ट
33579	▁ठुकराकर
33580	▁डालूं
33581	▁डॉट
33582	▁ढकने
33583	▁ढूढ़
33584	▁तम
33585	▁ताबे
33586	▁दानव
33587	▁धावक
33588	▁नफीस
33589	▁निःसन्देह
33590	▁निकालोगे
33591	▁नीम
33592	▁न्यूज़वीक
33593	▁पक्षपाती
33594	▁पड़ेगें
33595	▁पढ़नेवालों
33596	▁पदक्रम
33597	▁पुजारी
33598	▁पूजत
33599	▁पूर्वकाल
33600	▁पैटरसन
33601	▁पैनल
33602	▁प्रजनन
33603	▁प्रदर्शनी
33604	▁प्रदाय
33605	▁प्रयोगशाला
33606	▁प्रवाह
33607	▁फरात
33608	▁फुटबॉल
33609	▁फेके
33610	▁फेफड़
33611	▁फ्लैट
33612	▁फ्लोट
33613	▁बचोगे
33614	▁बरग
33615	▁बर्दाश्
33616	▁बहकाकर
33617	▁बहिनों
33618	▁बानी
33619	▁बान्धो
33620	▁बावला
33621	▁बेसहार
33622	▁बेहूद
33623	▁भुन
33624	▁भूली
33625	▁भेजिए
33626	▁मची
33627	▁मजम
33628	▁मनमान
33629	▁मशुल्लाम
33630	▁मिरैन्डो
33631	▁मुड़ा
33632	▁मूँग
33633	▁मोहताजी
33634	▁मौ
33635	▁याफा
33636	▁यूनिट
33637	▁यूनीके
33638	▁राजदण्ड
33639	▁राहगीर
33640	▁रेग्युलर
33641	▁रेटिंग
33642	▁लगानेवाला
33643	▁लाये
33644	▁वरशासन
33645	▁वितर्क
33646	▁वू
33647	▁शबे
33648	▁शूनेम
33649	▁सँवर
33650	▁संपीड़ित
33651	▁सकेगें
33652	▁सड़ी
33653	▁सनसनीखेज
33654	▁सहूलियत
33655	▁साक्षात्
33656	▁सिक
33657	▁स्पेनी
33658	▁हठधर्मी
33659	▁हाज
33660	▁हाजिर
33661	▁हादस
33662	▁हार्ट
33663	▁हेपेटाइटिस
33664	▁होशियारी
33665	/2
33666	Automatic
33667	Document
33668	Due
33669	Fast
33670	GROANING
33671	Ho
33672	Know
33673	NET
33674	Priority
33675	Recent
33676	Russian
33677	Saul
33678	Seize
33679	anyone
33680	attach
33681	bai
33682	berry
33683	bot
33684	breaking
33685	build
33686	charge
33687	dale
33688	dialog
33689	enables
33690	entry
33691	feel
33692	front
33693	fused
33694	gilead
33695	habit
33696	isa
33697	lain
33698	matter
33699	ome
33700	ourtesy
33701	pal
33702	roy
33703	safe
33704	scape
33705	sibly
33706	single
33707	thinking
33708	tify
33709	tonia
33710	tune
33711	ussia
33712	vian
33713	voking
33714	watch
33715	whose
33716	wicked
33717	written
33718	ín
33719	ñ
33720	अज़
33721	अमदन
33722	अम्र
33723	अरा
33724	अलबत्ता
33725	असना
33726	आईडी
33727	आजिज़
33728	आणविक
33729	इन्तज़ाम
33730	इन्तेज़ाम
33731	इन्साफ
33732	इबरत
33733	इरा
33734	इसराफ़ील
33735	उत्तम
33736	एतदाल
33737	ऑं
33738	कलमा
33739	क़दार
33740	क़ब्रों
33741	क़िया
33742	काबू
33743	किताबे
33744	क्षणिक
33745	ख़लासी
33746	ख़ाब
33747	ख़ालिस
33748	ख़िज्र
33749	ख़ुदावन्दा
33750	ख़ून
33751	ख्याल
33752	ख्याली
33753	ख्वाम
33754	ग़रक
33755	ग़ीब
33756	ग़ुज़र
33757	ग़ौर
33758	घृणित
33759	चिका
33760	ज़माने
33761	ज़हूर
33762	ज़ैन
33763	जिहालत
33764	टकरा
33765	टेक्सट
33766	तबाह
33767	तमन्नाओं
33768	ताबेए
33769	तेहान
33770	तौहीद
33771	दल
33772	दिल्लगी
33773	दुरूद
33774	दुशमन
33775	देखे
33776	दौलतमन्द
33777	नाबूद
33778	निफ़ाक
33779	नीज़
33780	परिधि
33781	प्ला
33782	फतेह
33783	फ़रीक़
33784	बदन
33785	बदहवास
33786	बद्दु
33787	बन्दी
33788	बर्न
33789	बहिश्त
33790	बारगाहे
33791	बारे
33792	बेक़रार
33793	बेताम्मुल
33794	बेसाख्ता
33795	भली
33796	मण्डल
33797	मामले
33798	मेहरबान
33799	मोस
33800	यरूशलेम
33801	यादगारें
33802	याफ्त
33803	रद्द
33804	रियो
33805	रोज़े
33806	र्वे
33807	लाज़िम
33808	लिक
33809	लिक़
33810	लिये
33811	लुत्फ
33812	लॉग
33813	वग़ैरह
33814	वर्तमान
33815	वाक़िफ
33816	वीरान
33817	शरारत
33818	शियल
33819	सज़ावार
33820	सरकश
33821	सरतापा
33822	सायल
33823	हफ़सा
33824	हाउस
33825	हिस्सा
33826	हुक्मे
33827	़रार
33828	़सरत
33829	़ाफ़
33830	ाफिरों
33831	िड़ी
33832	िन्स
33833	िलक़ीस
33834	ुज़ूल
33835	ुशखबरी
33836	ॅसा
33837	ॊं
33838	ोहड़
33839	्तियार
33840	्तेहा
33841	्नो
33842	्योन
33843	्लि
33844	८७
33845	९००
33846	▁1024
33847	▁143
33848	▁Achaia
33849	▁Alert
33850	▁Angeles
33851	▁Antiquities
33852	▁Attendees
33853	▁Band
33854	▁Birds
33855	▁Bless
33856	▁Blind
33857	▁Broken
33858	▁CHAR
33859	▁Cambodia
33860	▁Claudius
33861	▁Clockwise
33862	▁Comma
33863	▁Completion
33864	▁Compression
33865	▁Cook
33866	▁Courageous
33867	▁Determined
33868	▁Editing
33869	▁Eliab
33870	▁Estimated
33871	▁Exaltation
33872	▁Foto
33873	▁Hal
33874	▁Haze
33875	▁Hinnom
33876	▁Individual
33877	▁Jun
33878	▁Kaf
33879	▁Kir
33880	▁Kiriath
33881	▁Lucaris
33882	▁Mama
33883	▁Mystery
33884	▁Nadab
33885	▁Navigation
33886	▁PIN
33887	▁PNG
33888	▁Parse
33889	▁Phillips
33890	▁Pipe
33891	▁Product
33892	▁Ramadan
33893	▁Ray
33894	▁Reconnect
33895	▁Recurrence
33896	▁Requital
33897	▁Resume
33898	▁Shan
33899	▁Shar
33900	▁Speech
33901	▁Staple
33902	▁Station
33903	▁Subscriptions
33904	▁Suicide
33905	▁Tanzania
33906	▁Terror
33907	▁Thames
33908	▁Timezone
33909	▁Tunisia
33910	▁Whither
33911	▁Zacchaeus
33912	▁accusers
33913	▁adore
33914	▁almsgiving
33915	▁asteroid
33916	▁bethink
33917	▁biology
33918	▁casualties
33919	▁chronology
33920	▁circulated
33921	▁collars
33922	▁colt
33923	▁consolingly
33924	▁contradictions
33925	▁controller
33926	▁cops
33927	▁customize
33928	▁defects
33929	▁defenseless
33930	▁defiant
33931	▁delimiter
33932	▁demeaning
33933	▁dependable
33934	▁dependence
33935	▁dictated
33936	▁distinctions
33937	▁doubtful
33938	▁downfall
33939	▁educators
33940	▁encroach
33941	▁enlighten
33942	▁entertaining
33943	▁evaluation
33944	▁fabrication
33945	▁fairer
33946	▁filesystem
33947	▁flatter
33948	▁folded
33949	▁foment
33950	▁fooled
33951	▁fotostock
33952	▁grandsons
33953	▁harness
33954	▁haul
33955	▁humanitarian
33956	▁impresse
33957	▁inborn
33958	▁infamous
33959	▁interrogation
33960	▁judgeth
33961	▁kbit
33962	▁lain
33963	▁levelled
33964	▁limbs
33965	▁literary
33966	▁martial
33967	▁miserly
33968	▁modifications
33969	▁mortality
33970	▁mutation
33971	▁needless
33972	▁negatively
33973	▁obesity
33974	▁overreact
33975	▁peaceably
33976	▁pie
33977	▁piles
33978	▁pod
33979	▁pointer
33980	▁pole
33981	▁pulse
33982	▁rabbi
33983	▁raced
33984	▁remission
33985	▁repairing
33986	▁saver
33987	▁seminar
33988	▁sensation
33989	▁settlers
33990	▁slideshow
33991	▁spontaneous
33992	▁spoon
33993	▁sprouts
33994	▁sunny
33995	▁supplicated
33996	▁tactic
33997	▁tailor
33998	▁tamper
33999	▁tighten
34000	▁toggle
34001	▁unchristian
34002	▁unconcerned
34003	▁unified
34004	▁unpunished
34005	▁validity
34006	▁vex
34007	▁wrapping
34008	▁अंडों
34009	▁अनातोत
34010	▁अनादि
34011	▁अन्दाज
34012	▁अफ़स
34013	▁असंयमी
34014	▁आएँगें
34015	▁आदिल
34016	▁आशनाई
34017	▁इच्छानुसार
34018	▁इत्तेला
34019	▁इफ्फ़त
34020	▁इमदाद
34021	▁ईमानदारो
34022	▁उजाल
34023	▁उतारना
34024	▁उतावला
34025	▁उनवान
34026	▁उनही
34027	▁उलाहन
34028	▁ऎस्
34029	▁एक्ज
34030	▁एख़ते
34031	▁एदोमी
34032	▁एहलो
34033	▁ऑर्ग
34034	▁ओढ़े
34035	▁कंधा
34036	▁कतर
34037	▁कमांड्स
34038	▁करवाता
34039	▁कर्क
34040	▁क़तआ
34041	▁क़दरदान
34042	▁क़न्दील
34043	▁क़राबत
34044	▁क़हा
34045	▁काँटा
34046	▁कारसतानिय
34047	▁केरिता
34048	▁कौंध
34049	▁क्रिकेट
34050	▁खड़खड़ानेवाली
34051	▁खरन्जे
34052	▁ख़न्दक़
34053	▁ख़ब
34054	▁ख़लीफ
34055	▁ख़ाकसार
34056	▁ख़ेम
34057	▁ख़ैरख्वाह
34058	▁खालीपन
34059	▁गम्भीरता
34060	▁गरेब
34061	▁ग़नी
34062	▁ग़िलाफ
34063	▁गुणानुवाद
34064	▁गेहजी
34065	▁गोरी
34066	▁घुमाया
34067	▁चराते
34068	▁चशम
34069	▁चाबी
34070	▁चिटि्ठयां
34071	▁चीटी
34072	▁छुहार
34073	▁छोड़ेगें
34074	▁ज़ाए
34075	▁ज़ुलेख
34076	▁जाँएगे
34077	▁जारज़
34078	▁झुठलानेवालो
34079	▁टाइम्स्
34080	▁ट्रैक्स
34081	▁डरेंगे
34082	▁डिंग
34083	▁डिफ़
34084	▁डेरों
34085	▁ढूंढो
34086	▁ढॉक
34087	▁तदबीरे
34088	▁तस्मानिया
34089	▁तहरीर
34090	▁ताअ
34091	▁ताल्लुक़ात
34092	▁तुलू
34093	▁तौफ़ीक़
34094	▁तौफीक
34095	▁थकते
34096	▁थरथराते
34097	▁थैला
34098	▁दर्पण
34099	▁दलीले
34100	▁दश
34101	▁दीया
34102	▁दुकानदार
34103	▁दोहरायी
34104	▁नक़्शे
34105	▁नायाब
34106	▁निगेह
34107	▁निदा
34108	▁पथरा
34109	▁पद्धति
34110	▁परदाज़िया
34111	▁परस्ति
34112	▁परिपक्व
34113	▁पाँवों
34114	▁पाऊं
34115	▁पाली
34116	▁पिन्डल
34117	▁पियेंगे
34118	▁पुनर्प्राप्ति
34119	▁पॉलिश
34120	▁फतह
34121	▁फराग़
34122	▁फरीक
34123	▁फले
34124	▁फ़रमाई
34125	▁फ़ैक्स
34126	▁फिदय
34127	▁फिरौत
34128	▁फुज़ूल
34129	▁फेंट
34130	▁बँधायी
34131	▁बख़ील
34132	▁बख्यि
34133	▁बटा
34134	▁बदलेंगे
34135	▁बरती
34136	▁बारूद
34137	▁बीब
34138	▁बुर्द
34139	▁बॅध
34140	▁बैतुल
34141	▁बोदा
34142	▁बोर्डिंग
34143	▁ब्रू
34144	▁भड़काने
34145	▁भतीजे
34146	▁भूक
34147	▁भौतिकवादी
34148	▁मआ
34149	▁मक्
34150	▁मचाया
34151	▁मज़कूर
34152	▁मण्डलिय
34153	▁मशक्क
34154	▁मशरिक
34155	▁मसलहतों
34156	▁माअज़
34157	▁मादरज़
34158	▁मामू
34159	▁मारती
34160	▁मासेयाह
34161	▁मिटाई
34162	▁मिटिया
34163	▁मियाँ
34164	▁मिल्कियत
34165	▁मिस्
34166	▁मुक़र्र
34167	▁मुख़तलिफ
34168	▁मुतशाबेह
34169	▁मुत्त
34170	▁मुफ
34171	▁मुबादा
34172	▁मुरादे
34173	▁मुवाफिक
34174	▁मूत्र
34175	▁मेख़े
34176	▁मेडागास्कर
34177	▁मेव
34178	▁मैदे
34179	▁मॉगा
34180	▁मॉडम
34181	▁यकसॉ
34182	▁रद्दो
34183	▁रन्ज
34184	▁रिकॉर्डिंग
34185	▁रुकावटें
34186	▁लहज़े
34187	▁लाइनों
34188	▁लास
34189	▁लिल
34190	▁लुक़
34191	▁लुदिया
34192	▁लोथड़ा
34193	▁वन्द
34194	▁वरत्व
34195	▁वसनीयता
34196	▁वाद्य
34197	▁वॉकर
34198	▁शादियों
34199	▁शिगाफ
34200	▁शेषजन
34201	▁संस
34202	▁सत्याना
34203	▁सपाट
34204	▁सप्ताहों
34205	▁सस्ते
34206	▁सहो
34207	▁साएबान
34208	▁साग़र
34209	▁सिकंदरिया
34210	▁सिरा
34211	▁सुतून
34212	▁सॉफ्ट
34213	▁स्क्रिप्चर्स्
34214	▁स्टा
34215	▁हमउम्र
34216	▁हमराह
34217	▁हरियाली
34218	▁हस्त
34219	▁हिज़किय्याह
34220	▁हुयीं
34221	▁हॅका
34222	▁९७
34223	AMELIA
34224	Cc
34225	Color
34226	Compassionate
34227	Dialog
34228	Die
34229	ERN
34230	EVER
34231	El
34232	FUL
34233	GUN
34234	Kifl
34235	OWA
34236	Produce
34237	QN
34238	TEXT
34239	WM
34240	button
34241	camer
34242	cca
34243	class
34244	detect
34245	enne
34246	ermany
34247	ester
34248	eyes
34249	fresh
34250	garden
34251	gave
34252	iserable
34253	learn
34254	lzma
34255	male
34256	mouth
34257	owner
34258	parse
34259	previous
34260	stein
34261	table
34262	tender
34263	truly
34264	ttering
34265	uate
34266	uq
34267	worth
34268	yr
34269	ía
34270	μ
34271	ंगों
34272	आदर
34273	आला
34274	ऑन
34275	क़िस
34276	कालीन
34277	किताबों
34278	कुशल
34279	ग़नीमत
34280	ग़ैब
34281	चुर्ण
34282	ज़ूलख़र्ची
34283	ज़ैद
34284	जेल
34285	टेज़
34286	ठिकाना
34287	त्ता
34288	त्वशाली
34289	दक्षिण
34290	दर्शी
34291	नम्रता
34292	पशु
34293	पुछ
34294	पेक्षित
34295	फाटक
34296	फॉर्म
34297	बढ़कर
34298	बस्ती
34299	बिया
34300	बेहतर
34301	ब्रे
34302	मिर
34303	मुखी
34304	मुटाव
34305	म्बो
34306	रहा
34307	रै
34308	लपट
34309	लिखित
34310	लिट
34311	लिप्स
34312	लेव
34313	शिला
34314	संख्य
34315	समूह
34316	सिफ़ारिश
34317	सुन्दर
34318	सुलैमान
34319	हमपर
34320	हुदहुद
34321	़ता
34322	ाएँ
34323	ायिक
34324	ायी
34325	ीकन
34326	ॆन्ट
34327	्वार
34328	▁25.)
34329	▁ANSWER
34330	▁Alexandra
34331	▁Approach
34332	▁Athenians
34333	▁Bani
34334	▁Blame
34335	▁Bobbie
34336	▁Brook
34337	▁COME
34338	▁Collegia
34339	▁Compact
34340	▁Config
34341	▁Customize
34342	▁DEC
34343	▁Delhi
34344	▁Diamond
34345	▁Diet
34346	▁Difficult
34347	▁Discuss
34348	▁Distribution
34349	▁EL
34350	▁Eliashib
34351	▁Essential
34352	▁Evan
34353	▁Features
34354	▁Filtering
34355	▁Float
34356	▁Fold
34357	▁GOOD
34358	▁Gir
34359	▁Harm
34360	▁Holiness
34361	▁Huh
34362	▁Imran
34363	▁Inder
34364	▁Jamaica
34365	▁Jebusites
34366	▁Kor
34367	▁Lamech
34368	▁Lawrence
34369	▁Liberia
34370	▁Lim
34371	▁Modesty
34372	▁Montague
34373	▁Nan
34374	▁Newton
34375	▁Obedient
34376	▁Patron
34377	▁Peer
34378	▁Policy
34379	▁PostScript
34380	▁Processing
34381	▁REPORT
34382	▁Rating
34383	▁Rewards
34384	▁Roller
34385	▁Ronnie
34386	▁Ross
34387	▁Samba
34388	▁Santiago
34389	▁Sipa
34390	▁Suit
34391	▁Supporter
34392	▁Suspend
34393	▁Sustenance
34394	▁Tech
34395	▁Terri
34396	▁Tobiah
34397	▁Transformation
34398	▁Waldo
34399	▁Warm
34400	▁Willing
34401	▁Winter
34402	▁Wonderstone
34403	▁Zoo
34404	▁abort
34405	▁adapted
34406	▁affectionate
34407	▁alias
34408	▁applicable
34409	▁appointing
34410	▁arteries
34411	▁ascetic
34412	▁avenues
34413	▁banana
34414	▁bash
34415	▁basins
34416	▁befitting
34417	▁betake
34418	▁beverage
34419	▁blunt
34420	▁bouts
34421	▁buses
34422	▁byte
34423	▁censure
34424	▁centimeter
34425	▁citizenship
34426	▁colonies
34427	▁conspicuous
34428	▁conventioners
34429	▁copyists
34430	▁countrymen
34431	▁defective
34432	▁deputy
34433	▁despicable
34434	▁developer
34435	▁dial
34436	▁dictator
34437	▁discriminate
34438	▁dispense
34439	▁drafts
34440	▁duke
34441	▁durable
34442	▁earthen
34443	▁ecstasy
34444	▁endearing
34445	▁envi
34446	▁envision
34447	▁evoke
34448	▁expenditure
34449	▁explicitly
34450	▁fain
34451	▁falleth
34452	▁foregleam
34453	▁foreknowledge
34454	▁forging
34455	▁forthwith
34456	▁frankincense
34457	▁furnishings
34458	▁gratefully
34459	▁hardware
34460	▁harmonious
34461	▁illuminate
34462	▁immature
34463	▁impediment
34464	▁insecurity
34465	▁insulin
34466	▁jars
34467	▁landmark
34468	▁laundry
34469	▁manger
34470	▁needlessly
34471	▁nightfall
34472	▁nuns
34473	▁overpowered
34474	▁parade
34475	▁parasites
34476	▁passionate
34477	▁permeate
34478	▁pilots
34479	▁pitcher
34480	▁presumptuously
34481	▁proselyte
34482	▁pu
34483	▁rating
34484	▁recommendation
34485	▁recommendations
34486	▁resolving
34487	▁ripen
34488	▁saint
34489	▁satisfies
34490	▁shorten
34491	▁sicknesses
34492	▁sm
34493	▁spans
34494	▁speculate
34495	▁spray
34496	▁sprinkle
34497	▁stained
34498	▁stool
34499	▁subvert
34500	▁suitcase
34501	▁surpass
34502	▁surpassed
34503	▁tempest
34504	▁terrifying
34505	▁timetable
34506	▁trucks
34507	▁um
34508	▁uneasy
34509	▁unfit
34510	▁unhappiness
34511	▁unnamed
34512	▁uproot
34513	▁upstairs
34514	▁valour
34515	▁variations
34516	▁varies
34517	▁visibly
34518	▁wanton
34519	▁wick
34520	▁wreak
34521	▁अंग्रेज़
34522	▁अड्डा
34523	▁अतल्याह
34524	▁अतुल्यकालि
34525	▁अपनाता
34526	▁अर्घ
34527	▁अविश्वासियों
34528	▁आइकन
34529	▁आज़र
34530	▁आयाम
34531	▁इंटरनैशनल
34532	▁इलया
34533	▁उठाएंगे
34534	▁उठान
34535	▁उन्नीस
34536	▁उम्म
34537	▁ऑब्स
34538	▁औंध
34539	▁औषध
34540	▁कष्टों
34541	▁कहनेवाला
34542	▁क़िताब
34543	▁कार्यस्थल
34544	▁कुरआ
34545	▁कैमरे
34546	▁खजूरें
34547	▁खड़खड़ाने
34548	▁गतसमन
34549	▁गन्धक
34550	▁गर्द
34551	▁गलियार
34552	▁गेंदों
34553	▁घसीटकर
34554	▁चख़
34555	▁चख़ा
34556	▁चमकी
34557	▁चर्मपत्र
34558	▁चितौनियाँ
34559	▁छिपते
34560	▁छुट्टियाँ
34561	▁जरूब्बाबेल
34562	▁जाँचता
34563	▁जूली
34564	▁टिकने
34565	▁टिकाऊ
34566	▁टिकाए
34567	▁डराएगा
34568	▁डिब्बे
34569	▁ढूँढ़िए
34570	▁तापो
34571	▁थायरॉइड
34572	▁दिखाओं
34573	▁दिखाओगे
34574	▁दिखानेवाली
34575	▁दुर्घटनाएँ
34576	▁दोरकास
34577	▁धमकाने
34578	▁धर्मसभा
34579	▁नतें
34580	▁नालों
34581	▁नियोज
34582	▁निेसन्
34583	▁पचा
34584	▁पटल
34585	▁पर्यटक
34586	▁पर्ल
34587	▁पली
34588	▁पहिनने
34589	▁पारम्परिक
34590	▁पिक्समेप
34591	▁पूछती
34592	▁पैंट
34593	▁पैग़म्बरो
34594	▁फास्ट
34595	▁फुलके
34596	▁फेकत
34597	▁फेरता
34598	▁फैलनेवाली
34599	▁बंध
34600	▁बचायी
34601	▁बछिया
34602	▁बढ़ाऊंगा
34603	▁बनवाकर
34604	▁बलसान
34605	▁बुर्जों
34606	▁बेचते
34607	▁बेड़िय
34608	▁भरकम
34609	▁भिन्नता
34610	▁भुना
34611	▁भूसी
34612	▁मंदिरों
34613	▁मकसदों
34614	▁मगदलीनी
34615	▁मजीद
34616	▁मरारी
34617	▁मिटाय
34618	▁मिलिए
34619	▁मिशना
34620	▁मिस्टर
34621	▁मूँगफली
34622	▁मूलतत्त्ववाद
34623	▁मैक्सिको
34624	▁मोज़ेइक
34625	▁म्यू
34626	▁रक्तप
34627	▁रट
34628	▁रल
34629	▁राजवंश
34630	▁रिवर
34631	▁रुझान
34632	▁रूज़
34633	▁रॉय
34634	▁रोओ
34635	▁लिन
34636	▁लौटेंगे
34637	▁विचित्र
34638	▁विद्युत
34639	▁विन्सेंट
34640	▁विलग
34641	▁वुड
34642	▁वॉन
34643	▁शंका
34644	▁शुभकामना
34645	▁शौच
34646	▁संपीडन
34647	▁संस्थापना
34648	▁संहार
34649	▁समितियों
34650	▁सहचर
34651	▁साझेदार
34652	▁सामथ
34653	▁सिद्दीक़
34654	▁सिस
34655	▁सोया
34656	▁स्वत
34657	▁हव्य
34658	▁हायपर
34659	▁हासोर
34660	▁हिन्दुस्तान
34661	▁हैरतअँगेज़
34662	▁हैरल्ड
34663	1,600
34664	862
34665	Begone
34666	Directory
34667	EXT
34668	Embark
34669	Embracing
34670	Islam
34671	Istanbul
34672	Job
34673	MEN
34674	Office
34675	Paul
34676	Properties
34677	URA
34678	Undo
34679	accurate
34680	anje
34681	apping
34682	brother
34683	cia
34684	dbus
34685	dwell
34686	google
34687	hang
34688	horn
34689	ivo
34690	lev
34691	loving
34692	luke
34693	mind
34694	money
34695	odim
34696	pascals
34697	protect
34698	psy
34699	rank
34700	return
34701	rose
34702	setting
34703	style
34704	suit
34705	tius
34706	token
34707	uti
34708	vice
34709	warn
34710	wisdom
34711	Á
34712	ğ
34713	ν
34714	ंका
34715	अविश्
34716	असत्य
34717	इबलीस
34718	ईमानवालों
34719	उनज़ुरना
34720	कृति
34721	कॉस
34722	कोस
34723	खरे
34724	गणितीय
34725	ग्लो
34726	जवान
34727	जुलत
34728	टर्स
34729	ठ्ठ
34730	तमाशा
34731	दया
34732	दाह
34733	द्दा
34734	पड़ोस
34735	पभोग
34736	पारिश्रामिक
34737	पूर्ति
34738	प्रवृत्त
34739	प्राचीन
34740	फिरता
34741	फूलो
34742	फेरकर
34743	बानी
34744	बेटी
34745	मं
34746	मर्दों
34747	मुस्लिम
34748	मेन्ट
34749	रयाह
34750	लियां
34751	लॆंड
34752	लोस
34753	लौंस
34754	वानगी
34755	शराब
34756	शोक
34757	सर्वशक्
34758	सहनीय
34759	साध्य
34760	सोने
34761	हास
34762	ोर्स
34763	्लाव
34764	१२
34765	२५
34766	▁1.0
34767	▁Adapt
34768	▁Adolf
34769	▁Alfred
34770	▁Anthony
34771	▁Basis
34772	▁Bickersteth
34773	▁Bobby
34774	▁Ces
34775	▁Cleveland
34776	▁Clip
34777	▁Codec
34778	▁Commander
34779	▁Compile
34780	▁Decisions
34781	▁Deem
34782	▁Defend
34783	▁Detail
34784	▁Doth
34785	▁Elephant
34786	▁Escape
34787	▁Evelyn
34788	▁Everywhere
34789	▁Extended
34790	▁Faces
34791	▁Geba
34792	▁Greet
34793	▁Hindi
34794	▁Jackson
34795	▁Jinn
34796	▁Known
34797	▁Krita
34798	▁LIKE
34799	▁Liaison
34800	▁Lisbon
34801	▁Mahr
34802	▁Malaysian
34803	▁Massachusetts
34804	▁Mirando
34805	▁Motivated
34806	▁Nearby
34807	▁Ny
34808	▁Observing
34809	▁Orientation
34810	▁PARENTS
34811	▁Pack
34812	▁Panama
34813	▁Peninnah
34814	▁Plot
34815	▁Plus
34816	▁Preparation
34817	▁Protecting
34818	▁Raise
34819	▁References
34820	▁Reich
34821	▁Ryan
34822	▁SAS
34823	▁SHE
34824	▁Sapphira
34825	▁Senegal
34826	▁Shushan
34827	▁Silence
34828	▁Silver
34829	▁Sorbonne
34830	▁Sorting
34831	▁Theological
34832	▁Theophilus
34833	▁Trial
34834	▁Tychicus
34835	▁Unlimited
34836	▁Wallkill
34837	▁Walshy
34838	▁[20
34839	▁accent
34840	▁aims
34841	▁alliances
34842	▁allotted
34843	▁autosave
34844	▁availability
34845	▁bake
34846	▁bequeath
34847	▁blogs
34848	▁blunder
34849	▁blur
34850	▁bosoms
34851	▁broaden
34852	▁bullets
34853	▁bully
34854	▁cater
34855	▁chocolate
34856	▁cleaner
34857	▁cohabit
34858	▁colporteurs
34859	▁compress
34860	▁conceited
34861	▁conducive
34862	▁confiscated
34863	▁contradiction
34864	▁correspondence
34865	▁corruptly
34866	▁debtor
34867	▁defiling
34868	▁dictates
34869	▁dogma
34870	▁duck
34871	▁economically
34872	▁efface
34873	▁ek
34874	▁emoticon
34875	▁espresso
34876	▁feasting
34877	▁forfeited
34878	▁garb
34879	▁gay
34880	▁glorification
34881	▁honeycomb
34882	▁howl
34883	▁hurdle
34884	▁impoverished
34885	▁imprison
34886	▁incompatible
34887	▁interactive
34888	▁jo
34889	▁koje
34890	▁laborers
34891	▁lace
34892	▁locking
34893	▁marching
34894	▁memorized
34895	▁meter
34896	▁milliseconds
34897	▁mosaic
34898	▁ob
34899	▁oust
34900	▁overburn
34901	▁participant
34902	▁philosophical
34903	▁plantation
34904	▁pleads
34905	▁pleasantness
34906	▁predestined
34907	▁rafter
34908	▁rainbow
34909	▁raz
34910	▁razor
34911	▁regional
34912	▁reprimand
34913	▁reversal
34914	▁rite
34915	▁rubies
34916	▁scholarship
34917	▁sewing
34918	▁shatter
34919	▁sitteth
34920	▁smoker
34921	▁sniff
34922	▁snuff
34923	▁soothe
34924	▁spawn
34925	▁splendour
34926	▁squad
34927	▁stabilize
34928	▁stamps
34929	▁subtract
34930	▁swayed
34931	▁swells
34932	▁symbolizing
34933	▁tainted
34934	▁testament
34935	▁tr
34936	▁trembled
34937	▁tricks
34938	▁tyranny
34939	▁undermined
34940	▁unintentionally
34941	▁unrest
34942	▁unsure
34943	▁vehemently
34944	▁verbally
34945	▁viper
34946	▁weaned
34947	▁withdrawal
34948	▁अंधेरी
34949	▁अच्छ
34950	▁अजम
34951	▁अनुकूलन
34952	▁अस्पतालों
34953	▁अस्पष्ट
34954	▁आचार
34955	▁आपातकाल
34956	▁आरपार
34957	▁आरोग्य
34958	▁आर्मेनियाई
34959	▁इंदर
34960	▁इकुनियुम
34961	▁इक्वेडोर
34962	▁ईस्ट
34963	▁उकसाएगा
34964	▁उगते
34965	▁उत्
34966	▁उपाधिय
34967	▁उषाकाल
34968	▁ऊरी
34969	▁ऎल
34970	▁एमोरी
34971	▁एलीआज़र
34972	▁ओला
34973	▁ओल्ड
34974	▁कट्टरपंथी
34975	▁कठ
34976	▁कन्धा
34977	▁कपटाचार
34978	▁करवाते
34979	▁कसूर
34980	▁कुर्सियां
34981	▁कृतध्न
34982	▁कृत्रिम
34983	▁केन्द्रीय
34984	▁केरल
34985	▁केवर्ड
34986	▁कैटालॉग
34987	▁कौड़
34988	▁क्यूं
34989	▁क्रो
34990	▁ख़जाना
34991	▁ख़बरे
34992	▁खानेवालों
34993	▁खेतियाँ
34994	▁गफ़लत
34995	▁गलतिया
34996	▁गिरोंह
34997	▁गीदड़
34998	▁गेश
34999	▁घना
35000	▁घूमना
35001	▁घोंसले
35002	▁चखाते
35003	▁चढ़ाओ
35004	▁चिन्त
35005	▁छँट
35006	▁छुडा
35007	▁जड़े
35008	▁ज़ंग
35009	▁ज़ुलक
35010	▁जिप
35011	▁जैन
35012	▁जैविक
35013	▁जोन्स
35014	▁झपकना
35015	▁टर्टुलियन
35016	▁डाइ
35017	▁ड्राफ्ट
35018	▁तत्त्वज्ञानी
35019	▁तनहा
35020	▁तश
35021	▁दंगा
35022	▁दंत
35023	▁दयनीय
35024	▁देखेगी
35025	▁दौड़ो
35026	▁धुँधल
35027	▁नन्हा
35028	▁नम्बर
35029	▁नाखून
35030	▁नाचत
35031	▁नादाब
35032	▁निष्कास
35033	▁नुक़
35034	▁पटरी
35035	▁पताका
35036	▁पारसिंग
35037	▁पीएंगे
35038	▁पेट्रोल
35039	▁पोषित
35040	▁प्रथाओं
35041	▁प्रशंसक
35042	▁प्रेमिका
35043	▁फरमाइश
35044	▁फलो
35045	▁फिराओ
35046	▁फीडर
35047	▁फूंका
35048	▁फूफिय
35049	▁बकबक
35050	▁बतला
35051	▁बनाम
35052	▁बनैल
35053	▁बर्फबारी
35054	▁बूझते
35055	▁बेतशेमेश
35056	▁बैक्टीरिया
35057	▁मंगनी
35058	▁मनाए
35059	▁मरीब
35060	▁माँओ
35061	▁मिल्टन
35062	▁मीजा
35063	▁मुँडवा
35064	▁मुस्करा
35065	▁मूलपाठ
35066	▁मृतक
35067	▁मैथिय
35068	▁म्यानमार
35069	▁याहू
35070	▁रॉयल
35071	▁लंगड़ा
35072	▁लाएं
35073	▁लाएगी
35074	▁लिफ्ट
35075	▁वस्तू
35076	▁विजेट्स
35077	▁विट्
35078	▁व्योपार
35079	▁शरणागत
35080	▁शिमा
35081	▁शीओल
35082	▁संग्रहालय
35083	▁संज्ञा
35084	▁संपन्
35085	▁संभोग
35086	▁संवार
35087	▁सप
35088	▁साज
35089	▁सारंगी
35090	▁सारिणी
35091	▁सारै
35092	▁सिंथ
35093	▁सुनाएगा
35094	▁सुन्न
35095	▁सुपरमैन
35096	▁सुविधाएँ
35097	▁सूखकर
35098	▁सॉल
35099	▁सौगंध
35100	▁६४
35101	180
35102	63
35103	BLE
35104	Cause
35105	Classification
35106	Custom
35107	Data
35108	Desktop
35109	Exit
35110	GPL
35111	INA
35112	Imran
35113	Messages
35114	Mushrikun
35115	OK
35116	PUT
35117	Publish
35118	Settings
35119	Signs
35120	Sometimes
35121	TIS
35122	above
35123	adan
35124	ape
35125	autodetect
35126	avan
35127	belong
35128	binding
35129	bow
35130	cent
35131	conduct
35132	course
35133	devils
35134	estim
35135	flux
35136	hope
35137	icrosoft
35138	inch
35139	lapping
35140	mates
35141	mercifully
35142	minating
35143	mmed
35144	nja
35145	nl
35146	often
35147	onne
35148	rchbishop
35149	rise
35150	terior
35151	thorn
35152	walking
35153	within
35154	yana
35155	अब्र
35156	आबिद
35157	इर
35158	ईसाई
35159	उप
35160	कती
35161	करते
35162	काफ़
35163	कुट
35164	क्यूब
35165	क्रो
35166	क्षमता
35167	खें
35168	गीत
35169	गीरी
35170	गैब
35171	गोन
35172	चरण
35173	चित
35174	चेहरा
35175	छुटकारा
35176	जिसको
35177	जोड़े
35178	डीबग
35179	ढ़ा
35180	तांत्रिक
35181	थनों
35182	दित
35183	देखा
35184	द्दी
35185	नहस
35186	नामी
35187	नाव
35188	निशानियाँ
35189	नुसार
35190	नौ
35191	नौका
35192	पहाड़ों
35193	पहुँच
35194	पुत्र
35195	फलक
35196	फिन
35197	फोड़
35198	फ्रा
35199	बाकू
35200	बाग़ो
35201	बेटे
35202	भंग
35203	मदार
35204	मस्जिदे
35205	महिला
35206	मुस
35207	मेहमान
35208	रस्स
35209	र्स्
35210	ल्ब
35211	विष्य
35212	सलों
35213	सेकेंड
35214	स्टन
35215	स्वाभाविक
35216	हर्ष
35217	हेडे
35218	होवा
35219	िवेश
35220	ुज
35221	ुण
35222	ॉर्ट
35223	ोड़
35224	०९
35225	२६
35226	⁄
35227	▁$2
35228	▁(10
35229	▁(20
35230	▁....
35231	▁87
35232	▁Anathoth
35233	▁Armenia
35234	▁Ashitaka
35235	▁Beroea
35236	▁Bettmann
35237	▁Bil
35238	▁Blow
35239	▁Bright
35240	▁Broad
35241	▁Brush
35242	▁Cardinal
35243	▁Carolina
35244	▁Challa
35245	▁Choosing
35246	▁Christopher
35247	▁Cilicia
35248	▁Clock
35249	▁Conflicts
35250	▁Dj
35251	▁Door
35252	▁ELIZABETH
35253	▁Embedded
35254	▁Fiji
35255	▁Forbidden
35256	▁Formatting
35257	▁Forms
35258	▁Fully
35259	▁Gershon
35260	▁Graduat
35261	▁Grievous
35262	▁HANK
35263	▁Haroon
35264	▁Harp
35265	▁Hash
35266	▁Hazar
35267	▁Holiday
35268	▁Hum
35269	▁IMAGE
35270	▁Installation
35271	▁Ironically
35272	▁Irresistible
35273	▁Ittai
35274	▁Jairus
35275	▁Jihad
35276	▁Johannes
35277	▁Jok
35278	▁Jose
35279	▁Kra
35280	▁Lack
35281	▁Lil
35282	▁Lithuania
35283	▁MEMORI
35284	▁Macro
35285	▁Marked
35286	▁Masoretes
35287	▁Misc
35288	▁Muhsinun
35289	▁Nativity
35290	▁Nicaragua
35291	▁Niles
35292	▁Outside
35293	▁Parts
35294	▁Patient
35295	▁Pierce
35296	▁Rab
35297	▁Race
35298	▁Realm
35299	▁Replac
35300	▁Revealed
35301	▁Saviour
35302	▁Schroeder
35303	▁Shortcuts
35304	▁Sports
35305	▁Stern
35306	▁Storage
35307	▁Talking
35308	▁Threshold
35309	▁Translate
35310	▁Troas
35311	▁Vietnam
35312	▁Weight
35313	▁Yunus
35314	▁Zakariya
35315	▁Zimri
35316	▁[6
35317	▁abolished
35318	▁admonishing
35319	▁athlete
35320	▁bail
35321	▁betel
35322	▁brazen
35323	▁burner
35324	▁callous
35325	▁candidate
35326	▁centre
35327	▁clinical
35328	▁columnist
35329	▁consigned
35330	▁coolness
35331	▁cornerstone
35332	▁coworkers
35333	▁crosses
35334	▁dart
35335	▁definitions
35336	▁density
35337	▁deported
35338	▁devastation
35339	▁discontent
35340	▁dispel
35341	▁drifted
35342	▁drill
35343	▁elections
35344	▁emphasizing
35345	▁encircled
35346	▁enclosed
35347	▁enroll
35348	▁ensued
35349	▁experiments
35350	▁factories
35351	▁fastest
35352	▁federal
35353	▁filtered
35354	▁finishes
35355	▁football
35356	▁forceful
35357	▁formatting
35358	▁grasshopper
35359	▁hajj
35360	▁hangs
35361	▁headaches
35362	▁heartening
35363	▁husk
35364	▁idolatress
35365	▁imperative
35366	▁inconvenience
35367	▁inexpensive
35368	▁labored
35369	▁languish
35370	▁lately
35371	▁lighted
35372	▁limiting
35373	▁lingering
35374	▁linguistic
35375	▁loathsome
35376	▁lowland
35377	▁malnutrition
35378	▁marvellous
35379	▁mechanic
35380	▁menstru
35381	▁mingle
35382	▁morbid
35383	▁motorcycle
35384	▁nap
35385	▁noun
35386	▁obscured
35387	▁oct
35388	▁orchid
35389	▁outdoors
35390	▁outwardly
35391	▁panels
35392	▁patrol
35393	▁paved
35394	▁plaster
35395	▁pointless
35396	▁poised
35397	▁praisers
35398	▁presume
35399	▁pretended
35400	▁printers
35401	▁pronouncing
35402	▁propagat
35403	▁proteins
35404	▁pun
35405	▁quart
35406	▁rainfall
35407	▁rally
35408	▁rectangle
35409	▁recur
35410	▁refrained
35411	▁rehears
35412	▁rejoin
35413	▁relie
35414	▁reprieve
35415	▁roughly
35416	▁rounded
35417	▁salary
35418	▁salty
35419	▁sarcastic
35420	▁schoolwork
35421	▁scripts
35422	▁setbacks
35423	▁slacken
35424	▁slandering
35425	▁straits
35426	▁stump
35427	▁sufficiency
35428	▁suited
35429	▁summons
35430	▁surveyed
35431	▁sv
35432	▁taunted
35433	▁technological
35434	▁thoughtlessly
35435	▁thumb
35436	▁thumbnail
35437	▁trillion
35438	▁unnecessarily
35439	▁unpopular
35440	▁unsuitable
35441	▁unwavering
35442	▁variables
35443	▁vexation
35444	▁visa
35445	▁vocal
35446	▁अँधर
35447	▁अदम
35448	▁अपर
35449	▁अफ़्रीक
35450	▁अभिभूत
35451	▁अभिवृत्ति
35452	▁अलीफ़
35453	▁असंगत
35454	▁असा
35455	▁आन्
35456	▁आयें
35457	▁आरमागेडोन
35458	▁आल्
35459	▁आवारा
35460	▁उज्जिरयाह
35461	▁उठीं
35462	▁उपनगर
35463	▁उभरने
35464	▁एक्जीक्यूटेबल
35465	▁एयर
35466	▁एसवीसीडी
35467	▁ऑपरेट
35468	▁कहेंगा
35469	▁क़ैदखान
35470	▁क्योकि
35471	▁क्वॉ
35472	▁खामोशी
35473	▁घाटियों
35474	▁चक
35475	▁चबा
35476	▁चारो
35477	▁चाहोगे
35478	▁चिट्ठे
35479	▁चुकता
35480	▁चेतते
35481	▁चेतें
35482	▁ज़ीउस
35483	▁जीवाणुओं
35484	▁जुलूस
35485	▁जॆन
35486	▁झटके
35487	▁झांझ
35488	▁झुकें
35489	▁झूले
35490	▁टमाटर
35491	▁टेक्स
35492	▁टेक्स्ट
35493	▁ट्रांसपोर्ट
35494	▁ठुकराते
35495	▁ठोड़िय
35496	▁डायग्राम
35497	▁डेमो
35498	▁डैशर
35499	▁ड्यू
35500	▁ढूढूँ
35501	▁तख़्तों
35502	▁तर्शीश
35503	▁ताबोर
35504	▁त्रासदी
35505	▁दहल
35506	▁दीप
35507	▁दुक्का
35508	▁दुर्गुण
35509	▁देय
35510	▁दौड़ना
35511	▁द्रव
35512	▁धड़क
35513	▁धन्यवादपूर्ण
35514	▁नकद
35515	▁नदियां
35516	▁नरकाग्नि
35517	▁नाकाबिल
35518	▁निकोलस
35519	▁निष्कपटता
35520	▁नॉट
35521	▁पंजा
35522	▁पन्ना
35523	▁परखो
35524	▁पारी
35525	▁पिटाई
35526	▁पुनःभेंट
35527	▁पुनःस्थापना
35528	▁पुरज़ो
35529	▁पुरातत्वविज्ञान
35530	▁पॆन्सिलवेनिया
35531	▁पें
35532	▁पॉली
35533	▁प्रगतिशील
35534	▁प्रस्तावित
35535	▁प्रोग्राम्स
35536	▁प्लेटो
35537	▁फैलायी
35538	▁फोल्ड
35539	▁बंदिश
35540	▁बकवाद
35541	▁बटोरता
35542	▁बडा
35543	▁बत्ती
35544	▁बद्
35545	▁बद्दु
35546	▁बहलाने
35547	▁बाँटकर
35548	▁बिली
35549	▁बीनने
35550	▁बुद
35551	▁बुल
35552	▁बेकसूर
35553	▁बैन
35554	▁बोट
35555	▁भड़कने
35556	▁मन्नतें
35557	▁मसाले
35558	▁मसूर
35559	▁मिठास
35560	▁मिद्यानी
35561	▁मॆडि
35562	▁यह्या
35563	▁रक़म
35564	▁रगड़े
35565	▁राजनेता
35566	▁रॉस
35567	▁र्स
35568	▁लंब
35569	▁लाएंगे
35570	▁लिपिबद्ध
35571	▁लुभावन
35572	▁लेखकः
35573	▁लेनेवालो
35574	▁वजन
35575	▁वाइ
35576	▁वासस्थान
35577	▁विवेकपूर्ण
35578	▁व्यक्तित्व
35579	▁व्यभिचारियों
35580	▁शरीफ़
35581	▁शहरी
35582	▁शिवा
35583	▁शोधन
35584	▁सकीन
35585	▁सक्रियता
35586	▁सदक़ो
35587	▁सांता
35588	▁सिक्कों
35589	▁सिनेमा
35590	▁सिरदर्द
35591	▁सीबा
35592	▁सुखो
35593	▁सोसन
35594	▁स्पीकर
35595	▁स्वामियों
35596	▁हत्त
35597	▁हमलावर
35598	▁हस्तांतर
35599	▁४००
35600	ANS
35601	Account
35602	Any
35603	CRL
35604	Create
35605	Cyrillic
35606	Death
35607	Destination
35608	February
35609	GG
35610	LF
35611	Lau
35612	OX
35613	Options
35614	Porto
35615	SEAN
35616	Sir
35617	Tasks
35618	Tools
35619	True
35620	UIN
35621	Unless
35622	Yield
35623	acc
35624	ahedron
35625	aj
35626	compatible
35627	emacs
35628	fusion
35629	hri
35630	lagged
35631	later
35632	lust
35633	nut
35634	ographic
35635	pin
35636	ppines
35637	pple
35638	pted
35639	rone
35640	rousing
35641	seem
35642	session
35643	sexual
35644	shua
35645	sidu
35646	stay
35647	stop
35648	strict
35649	tellers
35650	uction
35651	waiting
35652	ंचल
35653	ंदे
35654	अवैध
35655	आश
35656	इंग
35657	इधर
35658	इब्रानी
35659	उम्र
35660	क्ट
35661	गुस्
35662	घटना
35663	झू
35664	डटा
35665	तारों
35666	दरवाजा
35667	धनुष
35668	धिकृत
35669	धीरज
35670	धेड़
35671	नोर
35672	न्स्
35673	न्हों
35674	पाद
35675	प्रिंस
35676	बोल
35677	मबर्ग
35678	यर्स
35679	योगिक
35680	रैश
35681	रोध
35682	रोस
35683	र्स्ट
35684	लेक्स
35685	लेखन
35686	ल्याह
35687	वर्तन
35688	शिप
35689	शीर्षक
35690	स्टिक
35691	स्ट्रो
35692	ानुसार
35693	िग्
35694	िन्दा
35695	ीअस
35696	ॆक्स
35697	ोल्ड
35698	▁1.5
35699	▁Abra
35700	▁Accepted
35701	▁Alternative
35702	▁Anniversary
35703	▁Annotation
35704	▁BI
35705	▁Barzillai
35706	▁Benjamite
35707	▁Bildad
35708	▁Classify
35709	▁Compassion
35710	▁Conquer
35711	▁Converse
35712	▁Darkness
35713	▁Demetrius
35714	▁Dir
35715	▁Doris
35716	▁Epicurean
35717	▁Favorites
35718	▁Feeder
35719	▁Female
35720	▁Gene
35721	▁HERE
35722	▁Held
35723	▁Hivite
35724	▁Honesty
35725	▁Hutu
35726	▁Ivan
35727	▁Jehonadab
35728	▁Jonadab
35729	▁João
35730	▁Luis
35731	▁Market
35732	▁Masoret
35733	▁Micro
35734	▁Nicole
35735	▁Notifications
35736	▁Offset
35737	▁Outgoing
35738	▁Pagans
35739	▁Parallel
35740	▁Pioneers
35741	▁Preferred
35742	▁Prime
35743	▁Prize
35744	▁Prophetic
35745	▁Provid
35746	▁Pul
35747	▁Quot
35748	▁Quota
35749	▁Rashi
35750	▁Receipt
35751	▁Recover
35752	▁Remind
35753	▁Rescue
35754	▁SP
35755	▁STUDIES
35756	▁Sec
35757	▁Shade
35758	▁Sidebar
35759	▁Sincere
35760	▁Sip
35761	▁Sita
35762	▁Sparrow
35763	▁Storing
35764	▁Strip
35765	▁Surprise
35766	▁Tablets
35767	▁Tahitian
35768	▁Theodore
35769	▁Tile
35770	▁Tracking
35771	▁Trade
35772	▁Tutsi
35773	▁Twelve
35774	▁Umm
35775	▁Updated
35776	▁Upload
35777	▁Vengeance
35778	▁Vision
35779	▁Webster
35780	▁Wildlife
35781	▁Wilson
35782	▁Wine
35783	▁Writer
35784	▁Zone
35785	▁abolish
35786	▁accuser
35787	▁advent
35788	▁alluring
35789	▁ankles
35790	▁apartments
35791	▁artery
35792	▁ashore
35793	▁aspirations
35794	▁blasphemies
35795	▁bleak
35796	▁boiled
35797	▁bondservant
35798	▁borrowing
35799	▁celibacy
35800	▁chasten
35801	▁clarification
35802	▁commemoration
35803	▁commence
35804	▁constrain
35805	▁countdown
35806	▁covereth
35807	▁credited
35808	▁crieth
35809	▁culminat
35810	▁decorous
35811	▁decreases
35812	▁departing
35813	▁devotees
35814	▁ding
35815	▁disadvantage
35816	▁disgust
35817	▁distraught
35818	▁dive
35819	▁duplicates
35820	▁dusty
35821	▁ecclesiastic
35822	▁educat
35823	▁efficiency
35824	▁employs
35825	▁energetic
35826	▁enzyme
35827	▁errs
35828	▁evade
35829	▁evildoing
35830	▁evolved
35831	▁fetched
35832	▁fireworks
35833	▁flogged
35834	▁gaps
35835	▁gifted
35836	▁havoc
35837	▁heave
35838	▁hood
35839	▁hormones
35840	▁immigrant
35841	▁intestines
35842	▁inventing
35843	▁invested
35844	▁irregular
35845	▁jewel
35846	▁knots
35847	▁koj
35848	▁lashes
35849	▁laziness
35850	▁lender
35851	▁loyalties
35852	▁magnifie
35853	▁mall
35854	▁manipulate
35855	▁mete
35856	▁misrepresent
35857	▁musician
35858	▁naming
35859	▁nationalities
35860	▁pact
35861	▁paintings
35862	▁pardoning
35863	▁perpetrat
35864	▁piss
35865	▁planks
35866	▁portable
35867	▁prominently
35868	▁puff
35869	▁puppy
35870	▁quarrelling
35871	▁recovering
35872	▁refinements
35873	▁refraining
35874	▁regulated
35875	▁repelled
35876	▁revenue
35877	▁ribs
35878	▁richer
35879	▁saddlebag
35880	▁samples
35881	▁sandwich
35882	▁sensual
35883	▁shaft
35884	▁shortened
35885	▁shyness
35886	▁slogan
35887	▁snatche
35888	▁solace
35889	▁southeast
35890	▁spheres
35891	▁stepping
35892	▁stifle
35893	▁stipulated
35894	▁stork
35895	▁surmise
35896	▁tempestuous
35897	▁tightly
35898	▁tilt
35899	▁tiring
35900	▁titlebar
35901	▁trellises
35902	▁tsunami
35903	▁unbreakable
35904	▁uncircumcision
35905	▁undershepherds
35906	▁unfinished
35907	▁unfulfilled
35908	▁unusually
35909	▁unveiled
35910	▁upcoming
35911	▁veneration
35912	▁warmer
35913	▁waterless
35914	▁wh
35915	▁whistling
35916	▁wrestle
35917	▁youngster
35918	▁अंजूटा
35919	▁अतिकल्पना
35920	▁अनभिज्ञ
35921	▁अनौपचारिक
35922	▁अमूल्य
35923	▁असंतुष्ट
35924	▁आशियाना
35925	▁उठाएं
35926	▁उद्यम
35927	▁उधेड़
35928	▁एमडी
35929	▁एमिली
35930	▁कंकरी
35931	▁करूणामय
35932	▁करोगी
35933	▁कर्ज़दार
35934	▁काल्स
35935	▁कुंजीपटल
35936	▁कुड़कुड़ाए
35937	▁केरन
35938	▁कोस्टा
35939	▁क्रास
35940	▁क्रि
35941	▁खरीदते
35942	▁खानों
35943	▁खामोश
35944	▁खींचते
35945	▁खुदगर्ज़
35946	▁गद
35947	▁गदहों
35948	▁गिरती
35949	▁गूटेनबर्ग
35950	▁ग्रामी
35951	▁चाची
35952	▁चालबाज़ी
35953	▁चाहूँ
35954	▁जब्दी
35955	▁ज़्ह
35956	▁जाँचा
35957	▁जाँचे
35958	▁जागती
35959	▁जीयूआई
35960	▁जेठ
35961	▁जोसीफस
35962	▁झरोख
35963	▁टाइमआउट
35964	▁टाइमर
35965	▁ढूँढो
35966	▁ढूंढ़ता
35967	▁तदोष
35968	▁तहखान
35969	▁ताक़तवर
35970	▁दत्तक
35971	▁दबाऐ
35972	▁दीना
35973	▁दुर्लभ
35974	▁दोतरफ़
35975	▁दौ
35976	▁धाड़
35977	▁नाचने
35978	▁नाश्ता
35979	▁निकलीं
35980	▁निबंध
35981	▁नेटस्केप
35982	▁नोच
35983	▁पकड़ते
35984	▁पढ़ाया
35985	▁पतंग
35986	▁पताः
35987	▁परतों
35988	▁परदाफाश
35989	▁पहचानी
35990	▁पहुंचाई
35991	▁पांडा
35992	▁पाइन
35993	▁पायेंगे
35994	▁पायेगा
35995	▁पुनरावृति
35996	▁प्रतीक्षारत
35997	▁प्राय
35998	▁फकीर
35999	▁फटकारा
36000	▁फिलिपाईन्स
36001	▁फूफ
36002	▁फेरेगा
36003	▁बढ़ें
36004	▁बेड़ियाँ
36005	▁भरेगा
36006	▁भाती
36007	▁भेड़शाला
36008	▁भेड़ी
36009	▁भैया
36010	▁मक्खन
36011	▁मस्त
36012	▁मिटता
36013	▁मिसाइल
36014	▁मुकदमा
36015	▁मुर्दार
36016	▁मैकमिलन
36017	▁मॉन
36018	▁रचे
36019	▁रिलीज
36020	▁रिवाज
36021	▁रुचिकर
36022	▁रौंदा
36023	▁लड़खड़ा
36024	▁लड़ें
36025	▁लोकेल
36026	▁वेगास
36027	▁वॉल्डेनसस
36028	▁व्यर्थता
36029	▁शक्ल
36030	▁शस्त्रों
36031	▁शास्त्रपद
36032	▁शिर
36033	▁शीबा
36034	▁संचित
36035	▁संजो
36036	▁समानांतर
36037	▁सान्त्वना
36038	▁सिखाकर
36039	▁सिविल
36040	▁सीए
36041	▁सीता
36042	▁सुलगत
36043	▁सृजनात्मक
36044	▁स्केलिंग
36045	▁स्पैन
36046	▁स्लाइडशो
36047	▁हाइलाइट
36048	▁हारो
36049	▁हूशै
36050	▁हेड
36051	▁१९४३
36052	▁१९८३
36053	▁१९८६
36054	%3
36055	Acquainted
36056	Anyone
36057	CRLF
36058	Files
36059	Full
36060	Header
36061	Label
36062	Madinah
36063	March
36064	Project
36065	Rejoice
36066	Repent
36067	THY
36068	Task
36069	Thread
36070	Until
36071	Web
36072	Zoom
36073	acent
36074	anga
36075	bird
36076	birds
36077	blood
36078	continued
36079	corporated
36080	cvs
36081	deed
36082	estival
36083	everything
36084	gather
36085	gnan
36086	guard
36087	hmm
36088	intercept
36089	knowledge
36090	lute
36091	meaning
36092	mply
36093	northeastern
36094	pdf
36095	presumptuousness
36096	raf
36097	recall
36098	rope
36099	saw
36100	skin
36101	sync
36102	tention
36103	thought
36104	uli
36105	ustria
36106	vertical
36107	why
36108	young
36109	ँधे
36110	ंदा
36111	इन्हें
36112	उदाहरण
36113	कृष्ट
36114	कोमल
36115	कोह
36116	क्लिक
36117	गाई
36118	चेष्टा
36119	चौदहवें
36120	ज़ख़
36121	जिएगा
36122	जिनका
36123	टैब
36124	ठिकाने
36125	डगिन
36126	डैड
36127	तियां
36128	दयालु
36129	दीने
36130	देना
36131	दोष
36132	धारा
36133	नूस
36134	पंक्ति
36135	पनाह
36136	पाठकों
36137	पीठ
36138	पुराने
36139	बहुतों
36140	ब्रै
36141	भाष
36142	योग
36143	रदार
36144	रीति
36145	र्त्ति
36146	लड़क
36147	लिसी
36148	वर्ट
36149	वस्त
36150	विकास
36151	विद
36152	शिख
36153	संलग्न
36154	सत्ता
36155	समाचार
36156	स्कीन
36157	स्यो
36158	हैम
36159	ेशनल
36160	ैब
36161	ैला
36162	्यान
36163	्लिन
36164	५६
36165	६०
36166	▁"#
36167	▁007
36168	▁1.)
36169	▁1800
36170	▁300,000
36171	▁ATTENDANCE
36172	▁Ahimelech
36173	▁Allan
36174	▁Anglican
36175	▁Animal
36176	▁Announce
36177	▁Antônio
36178	▁Appoint
36179	▁Arnon
36180	▁Beroeans
36181	▁Bethink
36182	▁Cairo
36183	▁Capital
36184	▁Cards
36185	▁Careful
36186	▁Chernobyl
36187	▁Countenance
36188	▁DR
36189	▁DV
36190	▁Defense
36191	▁Delegated
36192	▁Dwell
36193	▁Eg
36194	▁Encode
36195	▁Examining
36196	▁Expectation
36197	▁FALSE
36198	▁Fatal
36199	▁Filled
36200	▁Fittingly
36201	▁Forest
36202	▁Frankly
36203	▁Gambling
36204	▁Gentle
36205	▁Geo
36206	▁Gnome
36207	▁Greenland
36208	▁HIM
36209	▁Hanif
36210	▁Haroun
36211	▁Hearken
36212	▁Herbert
36213	▁Hinduism
36214	▁Immaculate
36215	▁Indent
36216	▁Irene
36217	▁Jebusite
36218	▁Jor
36219	▁Kathy
36220	▁Kay
36221	▁Klein
36222	▁MORE
36223	▁Mamie
36224	▁Marion
36225	▁Married
36226	▁Mere
36227	▁Mildness
36228	▁Mile
36229	▁Modem
36230	▁Outstanding
36231	▁Overseers
36232	▁Parmenion
36233	▁Pearl
36234	▁Perizzite
36235	▁Perl
36236	▁Pixmap
36237	▁Praying
36238	▁Pym
36239	▁Qarun
36240	▁Region
36241	▁Resolve
36242	▁Rub
36243	▁Sabaeans
36244	▁Seraiah
36245	▁Sick
36246	▁Sickness
36247	▁Slideshow
36248	▁Solar
36249	▁Stannis
36250	▁TEACH
36251	▁Thankful
36252	▁Tirzah
36253	▁Togo
36254	▁VIEWPOINT
36255	▁Virgin
36256	▁Virtue
36257	▁Weekly
36258	▁XX
36259	▁Yaqub
36260	▁Zeitung
36261	▁[8
36262	▁ablaze
36263	▁advertisements
36264	▁aloft
36265	▁basement
36266	▁beliers
36267	▁bigotry
36268	▁bloodguilty
36269	▁booth
36270	▁cancellation
36271	▁cents
36272	▁char
36273	▁checker
36274	▁chicks
36275	▁churchgoers
36276	▁clarity
36277	▁colleague
36278	▁conjunction
36279	▁cooled
36280	▁cotton
36281	▁debated
36282	▁defrauded
36283	▁demise
36284	▁denominations
36285	▁denominator
36286	▁designation
36287	▁deteriorating
36288	▁dissatisfied
36289	▁dissent
36290	▁diver
36291	▁drifting
36292	▁drums
36293	▁eavesdrop
36294	▁enquire
36295	▁enriches
36296	▁entangled
36297	▁ethics
36298	▁evince
36299	▁extinguished
36300	▁extortion
36301	▁eyed
36302	▁fainted
36303	▁fierceness
36304	▁flirt
36305	▁flowed
36306	▁fo
36307	▁foresaw
36308	▁forewarned
36309	▁fueled
36310	▁gazing
36311	▁geographical
36312	▁gland
36313	▁gooddoers
36314	▁hello
36315	▁herbal
36316	▁hereditary
36317	▁heroes
36318	▁hitherto
36319	▁hunted
36320	▁inanimate
36321	▁incurable
36322	▁ineffective
36323	▁insisting
36324	▁installing
36325	▁invariably
36326	▁jaw
36327	▁kneeling
36328	▁literacy
36329	▁locale
36330	▁lone
36331	▁lookout
36332	▁loser
36333	▁lukewarm
36334	▁lurk
36335	▁magnetic
36336	▁medications
36337	▁mule
36338	▁nurtured
36339	▁outweigh
36340	▁piano
36341	▁pottery
36342	▁proxies
36343	▁purposely
36344	▁rack
36345	▁rail
36346	▁railroad
36347	▁reconsider
36348	▁reptile
36349	▁respectively
36350	▁restaurants
36351	▁revel
36352	▁rifle
36353	▁saturation
36354	▁semi
36355	▁signify
36356	▁smuggle
36357	▁stubbornly
36358	▁subtitle
36359	▁swallowing
36360	▁symbolizes
36361	▁tact
36362	▁tan
36363	▁threefold
36364	▁tithing
36365	▁transactions
36366	▁trickery
36367	▁typing
36368	▁unforgivable
36369	▁uninhabited
36370	▁unquestionabl
36371	▁unsafe
36372	▁vexed
36373	▁vigilance
36374	▁vowel
36375	▁whistle
36376	▁workmate
36377	▁worthier
36378	▁wreath
36379	▁yards
36380	▁yearned
36381	▁zip
36382	▁अक्षरशः
36383	▁अजन्म
36384	▁अन्तहीन
36385	▁अफवाह
36386	▁अभिमुखन
36387	▁अविश्वासी
36388	▁असाध्य
36389	▁आठवां
36390	▁आरामदेह
36391	▁इंजीनियर
36392	▁इंजेक्शन
36393	▁इंडेक्स
36394	▁ईशतंत्र
36395	▁उक्रेनियाई
36396	▁उल्लू
36397	▁एक्चें
36398	▁एटीएन
36399	▁एन्युटी
36400	▁ऑब्जैक्ट
36401	▁कठिनाइयाँ
36402	▁कड़ियां
36403	▁कराह
36404	▁क़ब्रिस्तान
36405	▁क़रीबी
36406	▁कागज़ात
36407	▁कुँवारियों
36408	▁कृत
36409	▁कैल्विन
36410	▁कोटि
36411	▁कोलम्बिया
36412	▁क्यूटी
36413	▁क्वि
36414	▁खट्ट
36415	▁खड्ड
36416	▁खाद
36417	▁गज
36418	▁गड्ड
36419	▁घेराबंदी
36420	▁चखेंगे
36421	▁चमकने
36422	▁चावल
36423	▁चुंबक
36424	▁जक्कई
36425	▁जिलाकर
36426	▁ज्या
36427	▁झंडा
36428	▁झेलना
36429	▁टेककर
36430	▁टॉक
36431	▁टॉवर
36432	▁डाइऑक्साइड
36433	▁डिग
36434	▁डौल
36435	▁तांत
36436	▁तुखिकुस
36437	▁थोमा
36438	▁दास्तान
36439	▁दुगुनी
36440	▁द्रव्यमान
36441	▁द्वि
36442	▁धनात्मक
36443	▁धमकियाँ
36444	▁धोखेबाज़ी
36445	▁धोया
36446	▁नाइल्स
36447	▁नेपोमक
36448	▁नॉर्थ
36449	▁पं
36450	▁पंक्तिबद्धता
36451	▁पन्थ
36452	▁पन्द्रह
36453	▁परदेश
36454	▁परिच्छेद
36455	▁पहचानें
36456	▁पहुंचाएगा
36457	▁पीजीपी
36458	▁पुष्टिकरण
36459	▁पुस्तिकाएँ
36460	▁पेटू
36461	▁पेशाब
36462	▁पैट
36463	▁प्रस्तुतिकरण
36464	▁फंक्शन्स
36465	▁फ्लैश
36466	▁बँटाया
36467	▁बंधुए
36468	▁बत्तीस
36469	▁बन्धुए
36470	▁बर्छ
36471	▁बाँधकर
36472	▁बांटें
36473	▁बाथरूम
36474	▁बान
36475	▁बीम
36476	▁बोनेवाले
36477	▁ब्रेल
36478	▁भरेंगे
36479	▁भागता
36480	▁भूलते
36481	▁मछुवाई
36482	▁मलबे
36483	▁मशीनें
36484	▁महारानी
36485	▁मांगी
36486	▁मार्कर
36487	▁मालकिन
36488	▁मिठाई
36489	▁मीडियम
36490	▁मॉन्ट
36491	▁मोर्च
36492	▁राशी
36493	▁रोलर
36494	▁लागों
36495	▁लिटा
36496	▁लिनक्स
36497	▁लुटेरों
36498	▁लोबान
36499	▁विवादों
36500	▁विशालकाय
36501	▁वैन
36502	▁व्याध
36503	▁संभाव्य
36504	▁सनक
36505	▁समझोगे
36506	▁समूहबद्ध
36507	▁सहभागिता
36508	▁साहित्यों
36509	▁सिंच
36510	▁सिकन्दर
36511	▁सीखीं
36512	▁सुनाम
36513	▁सेंसिटिव
36514	▁सेनापतियों
36515	▁स्टाइलशीट
36516	▁स्टार्क
36517	▁स्टेन
36518	▁स्पॉट
36519	▁स्वदेश
36520	▁हिंसात्मक
36521	▁हिचकिचाते
36522	▁हिलाने
36523	▁हुनरमंद
36524	▁१२०
36525	2880
36526	54
36527	Answer
36528	BCC
36529	CA
36530	Editor
36531	Green
36532	HDL
36533	Himself
36534	Prefecture
36535	STD
36536	Settle
36537	TIRE
36538	Test
36539	aeus
36540	aiti
36541	atch
36542	believing
36543	case
36544	desc
36545	fending
36546	game
36547	hl
36548	ije
36549	latter
36550	marriage
36551	mig
36552	moving
36553	mpress
36554	oku
36555	order
36556	proper
36557	reach
36558	reaching
36559	roll
36560	tele
36561	therein
36562	throw
36563	tribe
36564	turned
36565	uku
36566	ware
36567	worthy
36568	अस
36569	आक
36570	आपका
36571	आपराधिक
36572	ईम
36573	कें
36574	क्षण
36575	गवार
36576	गुर
36577	जादू
36578	जीव
36579	ज्जु
36580	तह
36581	दुरुस्त
36582	नीकोड
36583	पकड़
36584	पीछा
36585	प्रारंभ
36586	प्रेषितों
36587	फ़ाल
36588	फ्ला
36589	बताओ
36590	बालक
36591	बोरो
36592	मादियों
36593	माह
36594	मूट
36595	याकूब
36596	योंकि
36597	रर्य
36598	रूसी
36599	लेपर
36600	ल्डर
36601	वक्
36602	वाहे
36603	संगत
36604	सनातन
36605	सहन
36606	सेनाओं
36607	स्वर्गदूत
36608	हत्तर
36609	िष्ठा
36610	ॅर
36611	ेशिया
36612	ोनिक
36613	३२
36614	६७
36615	▁(%1
36616	▁(15
36617	▁1913
36618	▁270
36619	▁AFTER
36620	▁Alarms
36621	▁Altitude
36622	▁Archaeology
36623	▁Av
36624	▁Await
36625	▁Babylonia
36626	▁Babylonish
36627	▁Believing
36628	▁Bert
36629	▁Brasília
36630	▁COUNTRY
36631	▁Catherine
36632	▁Cephas
36633	▁Circumstances
36634	▁Citizen
36635	▁Climate
36636	▁Collect
36637	▁Comm
36638	▁Companion
36639	▁Constitution
36640	▁Context
36641	▁Continuing
36642	▁Crusades
36643	▁Cush
36644	▁Deliverer
36645	▁Dja
36646	▁Dump
36647	▁ED
36648	▁Ear
36649	▁Epi
36650	▁Figure
36651	▁Footer
36652	▁Fun
36653	▁Galileo
36654	▁Geometric
36655	▁Grave
36656	▁Guess
36657	▁Gujarati
36658	▁Guys
36659	▁HISTORY
36660	▁Hap
36661	▁Hollow
36662	▁Hurricane
36663	▁INS
36664	▁Idris
36665	▁Journey
36666	▁Ladies
36667	▁Lyme
36668	▁Matters
36669	▁Measure
36670	▁Nethaniah
36671	▁Notwithstanding
36672	▁Outline
36673	▁PC
36674	▁Peso
36675	▁Pointing
36676	▁Portrait
36677	▁Primarily
36678	▁RINGING
36679	▁Ronald
36680	▁SQL
36681	▁Sacrifices
36682	▁Sat
36683	▁Schedule
36684	▁Shunem
36685	▁Stick
36686	▁Sublime
36687	▁TX
36688	▁Tears
36689	▁Technical
36690	▁Tongue
36691	▁Treasures
36692	▁Treatment
36693	▁URLs
36694	▁Ugarit
36695	▁Unmatched
36696	▁VIII
36697	▁Voluntar
36698	▁WORLDWIDE
36699	▁Walter
36700	▁Whence
36701	▁Zeal
36702	▁[100
36703	▁abnormal
36704	▁accomplishes
36705	▁acquaint
36706	▁addictive
36707	▁alerted
36708	▁antibiotics
36709	▁antichrist
36710	▁armour
36711	▁balancing
36712	▁bald
36713	▁bananas
36714	▁bells
36715	▁bicycles
36716	▁blogger
36717	▁boils
36718	▁bribery
36719	▁browse
36720	▁cable
36721	▁catches
36722	▁chemistry
36723	▁chokes
36724	▁coach
36725	▁coincide
36726	▁congregate
36727	▁corruptible
36728	▁cousins
36729	▁crocodiles
36730	▁cultivation
36731	▁cymbals
36732	▁dances
36733	▁denounce
36734	▁deterioration
36735	▁deterrent
36736	▁dictate
36737	▁digged
36738	▁donate
36739	▁drum
36740	▁dweller
36741	▁eleventh
36742	▁enchantment
36743	▁entail
36744	▁entreaty
36745	▁excell
36746	▁excite
36747	▁faileth
36748	▁fiber
36749	▁fidelity
36750	▁filthiness
36751	▁fittingly
36752	▁flattery
36753	▁fling
36754	▁flush
36755	▁forerunner
36756	▁fret
36757	▁glasses
36758	▁grocer
36759	▁gtk
36760	▁happiest
36761	▁hydrogen
36762	▁icy
36763	▁imparting
36764	▁impede
36765	▁inaugurated
36766	▁intending
36767	▁irritate
36768	▁jeopardy
36769	▁luggage
36770	▁mainland
36771	▁mammals
36772	▁mathematics
36773	▁millstone
36774	▁mockers
36775	▁momentum
36776	▁monastery
36777	▁morsel
36778	▁mortgage
36779	▁muddy
36780	▁nationalistic
36781	▁negotiate
36782	▁nests
36783	▁nicely
36784	▁nun
36785	▁oblation
36786	▁overview
36787	▁paradisaic
36788	▁parcel
36789	▁paste
36790	▁pasturage
36791	▁pathways
36792	▁penny
36793	▁perilous
36794	▁pigeons
36795	▁piled
36796	▁pipes
36797	▁plural
36798	▁polar
36799	▁portrait
36800	▁practised
36801	▁raghu
36802	▁rainy
36803	▁recurrences
36804	▁recurs
36805	▁remedies
36806	▁residing
36807	▁rhythm
36808	▁rubber
36809	▁scepter
36810	▁seller
36811	▁shells
36812	▁simplest
36813	▁static
36814	▁sufferer
36815	▁sunshine
36816	▁swollen
36817	▁terminate
36818	▁testifying
36819	▁tours
36820	▁unanswered
36821	▁undertaken
36822	▁unsearchable
36823	▁vail
36824	▁vestige
36825	▁viceroy
36826	▁viewers
36827	▁vo
36828	▁watchmen
36829	▁watery
36830	▁websites
36831	▁अंतः
36832	▁अंधियार
36833	▁अतल
36834	▁अदला
36835	▁अनुरेख
36836	▁अपशकुन
36837	▁अपेक्षाकृत
36838	▁अर्द्ध
36839	▁अलंगों
36840	▁अल्फ़ा
36841	▁अॅन्ड
36842	▁आज़माएँ
36843	▁आत्यंतिक
36844	▁आर्गुमेंट्स
36845	▁इंधन
36846	▁इब्राहिम
36847	▁उठनेवाले
36848	▁एदोमियों
36849	▁एन्कोड
36850	▁एप्रैमियों
36851	▁एसक्यूएल
36852	▁ओबेदेदोम
36853	▁औचित्य
36854	▁कंटेनर
36855	▁कटील
36856	▁कबूतरी
36857	▁किरणें
36858	▁कुक
36859	▁कुम
36860	▁केडीई४
36861	▁कॉम्बो
36862	▁क्रिएशन
36863	▁क्रिप्टो
36864	▁ख़रीदारी
36865	▁खिलाई
36866	▁गढ़कर
36867	▁गांठ
36868	▁गिनने
36869	▁गुच्छ
36870	▁गूंगा
36871	▁गौरैया
36872	▁ग्रै
36873	▁ग्रैजुएट
36874	▁ग्लॉस
36875	▁घटाता
36876	▁चन्द्र
36877	▁चमड़ा
36878	▁चित्रकार
36879	▁चुड़ैल
36880	▁छठे
36881	▁छात्रों
36882	▁छोडूंगा
36883	▁जगहें
36884	▁जटिलता
36885	▁जुर्रत
36886	▁झाँस
36887	▁टेलीफोन
36888	▁टैक्सी
36889	▁डालनेवाली
36890	▁ड्यूक
36891	▁ड्राइंग
36892	▁तंगहाली
36893	▁तालमुद
36894	▁त्यागूंगा
36895	▁थाइलैंड
36896	▁धूसर
36897	▁नास
36898	▁निधि
36899	▁निपटाया
36900	▁निरुत्साह
36901	▁निर्दयी
36902	▁न्यूम
36903	▁न्यूयॉर्क
36904	▁पट्टिका
36905	▁पन्न
36906	▁पर्दाफाश
36907	▁पिजिन
36908	▁पिलाता
36909	▁पीओगे
36910	▁प्याद
36911	▁प्रतिज्ञाएँ
36912	▁प्रतीयमानतः
36913	▁प्रत्याशाएँ
36914	▁प्रबंधों
36915	▁फलदायक
36916	▁फ़र्ज़
36917	▁फ़ासि
36918	▁फाँसी
36919	▁फाड़ा
36920	▁फेंकें
36921	▁फौर
36922	▁बफ़र
36923	▁बरतना
36924	▁बर्तनों
36925	▁बहुविध
36926	▁बांग्लादेश
36927	▁बाजे
36928	▁बिगड़ा
36929	▁बुजुर्ग
36930	▁बैरभाव
36931	▁बौखला
36932	▁भल
36933	▁भानेवाले
36934	▁भूलकर
36935	▁भैरवा
36936	▁मण्डप
36937	▁मलिनता
36938	▁मांद
36939	▁माकीर
36940	▁मामी
36941	▁मिलेनियम
36942	▁मुक़दमा
36943	▁मुस्त
36944	▁मैक
36945	▁मैग्न
36946	▁यबूसी
36947	▁याजकपद
36948	▁रखूं
36949	▁रबर
36950	▁राज्यगृहों
36951	▁रेकाब
36952	▁रेश
36953	▁लहलहा
36954	▁लिखेंगे
36955	▁लौटती
36956	▁वाइट
36957	▁वॆब
36958	▁व्यथा
36959	▁शर्ट
36960	▁शुष्क
36961	▁समयोचित
36962	▁सयाने
36963	▁साँचे
36964	▁साशा
36965	▁सिंक्रोनाइज़
36966	▁सीडीडीबी
36967	▁सीसी
36968	▁सुगन्धित
36969	▁सुनूंगा
36970	▁सुप्रभात
36971	▁सूझी
36972	▁सूपर
36973	▁सौंदर्य
36974	▁स्टेटस
36975	▁स्लॉट
36976	▁हवास
36977	▁हिप्प
36978	▁हिलाई
36979	▁हॉट
36980	520
36981	82
36982	92
36983	Consider
36984	DAY
36985	GASPS
36986	Ibrahim
36987	KDE
36988	LUE
36989	NS
36990	Nicosia
36991	OD
36992	Qarnayn
36993	Qurtubi
36994	Sinai
36995	String
36996	URL
36997	Umrah
36998	Unread
36999	Whose
37000	akh
37001	biah
37002	chel
37003	chief
37004	comfort
37005	cover
37006	done
37007	elves
37008	fell
37009	filter
37010	forth
37011	illo
37012	indent
37013	jabber
37014	lang
37015	mag
37016	obe
37017	ocket
37018	phil
37019	population
37020	pound
37021	repeated
37022	thai
37023	think
37024	truth
37025	ught
37026	version
37027	ה
37028	ँस
37029	अज्ज
37030	ऊस
37031	कर्ताओं
37032	क़र्ज़दार
37033	चट
37034	चिन्ह
37035	ज़न
37036	ज़ूर
37037	तयशुदा
37038	तिक
37039	दृष्ट
37040	धीरे
37041	नवे
37042	निकोसिया
37043	ऩ
37044	पतियों
37045	प्रत्येक
37046	प्रसिद्ध
37047	फीरा
37048	बाइस
37049	बिरंग
37050	बिरंगे
37051	बेटा
37052	बॉल
37053	भाल
37054	मट
37055	मैप
37056	मॉन
37057	मॉस
37058	यम
37059	रोधी
37060	लास
37061	लोडेड
37062	वर्ण
37063	विज्ञानी
37064	शत्रु
37065	शादी
37066	शुआ
37067	संभव
37068	सहायक
37069	साम
37070	सीडी
37071	सूचित
37072	स्थिति
37073	ापन
37074	िनो
37075	ुदा
37076	ैश
37077	ोज
37078	ौत
37079	्रान
37080	्ला
37081	९०
37082	▁'/'
37083	▁("2
37084	▁1999)
37085	▁Abiram
37086	▁Adult
37087	▁Adventist
37088	▁Akilan
37089	▁Apollo
37090	▁Arizona
37091	▁Ball
37092	▁Beach
37093	▁Brief
37094	▁Brotherhood
37095	▁Buffer
37096	▁COLOR
37097	▁Came
37098	▁Chicago
37099	▁Claire
37100	▁Conference
37101	▁Coop
37102	▁Couple
37103	▁Crisis
37104	▁Cultural
37105	▁Dealing
37106	▁Delta
37107	▁Dim
37108	▁Echo
37109	▁Engag
37110	▁Executable
37111	▁Execution
37112	▁Exists
37113	▁Exposure
37114	▁Fifty
37115	▁Flagged
37116	▁Flavi
37117	▁Flock
37118	▁Fourth
37119	▁Generating
37120	▁Gifts
37121	▁Gloria
37122	▁Ground
37123	▁Growth
37124	▁Healing
37125	▁Honey
37126	▁IRC
37127	▁Instruction
37128	▁Inverse
37129	▁Jabin
37130	▁Jimmy
37131	▁Jung
37132	▁KSpread
37133	▁Keilah
37134	▁Kishon
37135	▁Konsole
37136	▁Lamentations
37137	▁Letters
37138	▁Louise
37139	▁Machir
37140	▁Magdalena
37141	▁Mailyn
37142	▁Malaysia
37143	▁Manuel
37144	▁Marilyn
37145	▁María
37146	▁Maxim
37147	▁Maya
37148	▁NOW
37149	▁Occ
37150	▁Operations
37151	▁PLAIN
37152	▁Palette
37153	▁Papua
37154	▁Pit
37155	▁Planne
37156	▁Poly
37157	▁Profiles
37158	▁Quraish
37159	▁Relenting
37160	▁Rendering
37161	▁Replies
37162	▁Rimmon
37163	▁Rip
37164	▁Ron
37165	▁SKY
37166	▁Sardis
37167	▁Separate
37168	▁Serbian
37169	▁Sher
37170	▁Sicily
37171	▁Sight
37172	▁Singh
37173	▁Sl
37174	▁Springs
37175	▁Successfully
37176	▁Sweet
37177	▁TIMO
37178	▁Tatian
37179	▁Telegraph
37180	▁Tiberius
37181	▁Treasurer
37182	▁Twice
37183	▁Valuable
37184	▁Vera
37185	▁WONDERED
37186	▁WOULD
37187	▁Watcher
37188	▁Wolf
37189	▁Wycliffe
37190	▁Zaire
37191	▁Zip
37192	▁[40
37193	▁abhorrence
37194	▁agreeing
37195	▁alarming
37196	▁allay
37197	▁annulled
37198	▁antiquity
37199	▁apologizing
37200	▁apprehension
37201	▁arches
37202	▁bade
37203	▁bankruptcy
37204	▁barter
37205	▁belligerent
37206	▁bench
37207	▁biting
37208	▁blight
37209	▁boolean
37210	▁boughs
37211	▁burglar
37212	▁butterflies
37213	▁buyer
37214	▁calories
37215	▁cartoon
37216	▁cliff
37217	▁concealment
37218	▁continents
37219	▁contradictory
37220	▁costume
37221	▁cough
37222	▁coward
37223	▁craftsmen
37224	▁cubs
37225	▁cuneiform
37226	▁damned
37227	▁darken
37228	▁demolished
37229	▁deprivation
37230	▁dignitaries
37231	▁disapprove
37232	▁divulge
37233	▁dungeon
37234	▁ecological
37235	▁entails
37236	▁evermore
37237	▁excellencies
37238	▁exulted
37239	▁fans
37240	▁fax
37241	▁feud
37242	▁flawed
37243	▁flexibility
37244	▁flute
37245	▁frivolous
37246	▁gamblers
37247	▁gardener
37248	▁heretics
37249	▁hissing
37250	▁hopeful
37251	▁indebted
37252	▁innumerable
37253	▁insensitive
37254	▁interrogated
37255	▁intimidating
37256	▁intricate
37257	▁jokes
37258	▁lice
37259	▁lick
37260	▁lilies
37261	▁locality
37262	▁maledictions
37263	▁marshal
37264	▁martyrdom
37265	▁mimic
37266	▁miniature
37267	▁misplaced
37268	▁mum
37269	▁niche
37270	▁nightmares
37271	▁omit
37272	▁overlooking
37273	▁ownership
37274	▁palatable
37275	▁partisan
37276	▁passersby
37277	▁peaks
37278	▁pepper
37279	▁pink
37280	▁plunging
37281	▁poorest
37282	▁probe
37283	▁psychology
37284	▁recede
37285	▁relay
37286	▁reproaches
37287	▁resembl
37288	▁richest
37289	▁rocked
37290	▁scanning
37291	▁seashore
37292	▁secrecy
37293	▁setteth
37294	▁shiver
37295	▁simpler
37296	▁singular
37297	▁sleepless
37298	▁smiting
37299	▁socially
37300	▁soup
37301	▁speakest
37302	▁stimulated
37303	▁subside
37304	▁surgical
37305	▁synchroni
37306	▁systematic
37307	▁tasty
37308	▁textures
37309	▁tornado
37310	▁towel
37311	▁triple
37312	▁twisting
37313	▁unbalanced
37314	▁unparalleled
37315	▁unravel
37316	▁unshakable
37317	▁unstable
37318	▁vandalism
37319	▁vanquish
37320	▁verge
37321	▁wagons
37322	▁waking
37323	▁watchers
37324	▁webcam
37325	▁widower
37326	▁अँध
37327	▁अंतर्निर्मित
37328	▁अग
37329	▁अधिपतियों
37330	▁अनुगाम
37331	▁अन्धी
37332	▁अपार्टमेंट
37333	▁अलास्का
37334	▁आकान
37335	▁आफतों
37336	▁आराधनालयों
37337	▁आवेदन
37338	▁इकरा
37339	▁इन्टर
37340	▁उँडेली
37341	▁उत्तरदायित्व
37342	▁उत्तराधिकार
37343	▁उपनिवेश
37344	▁ऊँचाइयों
37345	▁एकजुट
37346	▁एक्शन
37347	▁एन्ट
37348	▁ऑर्डर
37349	▁कणों
37350	▁कनेक्टर
37351	▁कम्बोडिया
37352	▁कहलाना
37353	▁कांग
37354	▁कार्ट्रिज
37355	▁कीजिये
37356	▁कृपाल
37357	▁कॉक
37358	▁कॉन्फ़िग
37359	▁क्रमिक
37360	▁खराबे
37361	▁खिलौने
37362	▁खींचे
37363	▁गुजार
37364	▁गूँगा
37365	▁गोत्रवाले
37366	▁चुनो
37367	▁चुराई
37368	▁चूना
37369	▁छुड़ाई
37370	▁जबाव
37371	▁ज़ेब
37372	▁जाऊँगी
37373	▁जागी
37374	▁जायेगे
37375	▁जीतते
37376	▁जुआरी
37377	▁जूँ
37378	▁ज्योंह
37379	▁झपकी
37380	▁टीकाकार
37381	▁टुकड़िय
37382	▁टैग्स
37383	▁ठाक
37384	▁ठाठ
37385	▁ठोंक
37386	▁डंड
37387	▁डफ
37388	▁डाक्टर
37389	▁डेनियल
37390	▁डेब
37391	▁डॉमिनिकन
37392	▁ढकी
37393	▁तप्त
37394	▁तबदीली
37395	▁तरसुस
37396	▁तेमान
37397	▁तौलने
37398	▁दंगे
37399	▁दर्शानेवाल
37400	▁दहक
37401	▁दावेदार
37402	▁देतीं
37403	▁धमका
37404	▁धाराओं
37405	▁धुआँ
37406	▁धैर्यपूर्वक
37407	▁नतन्याह
37408	▁नाज़ीर
37409	▁नावहो
37410	▁निन्दक
37411	▁निभात
37412	▁निषेधित
37413	▁नेविगेटर
37414	▁पकड
37415	▁पकड़ें
37416	▁परपोता
37417	▁पाच
37418	▁पिक
37419	▁पियानो
37420	▁पुनरारंभ
37421	▁पोषक
37422	▁प्रतिच्छेद
37423	▁प्रतिबंधित
37424	▁प्राणदण्ड
37425	▁प्रेरि
37426	▁फटते
37427	▁फ़िल्टर्स
37428	▁फ़ॉन्टः
37429	▁फादर
37430	▁फोर
37431	▁फ्लोर
37432	▁बँटवारा
37433	▁बंधा
37434	▁बदसूरत
37435	▁बहर
37436	▁बांजवृक्ष
37437	▁बाशा
37438	▁बुलाहट
37439	▁बूंद
37440	▁भावुक
37441	▁भौं
37442	▁मनभावन
37443	▁महिने
37444	▁माननेवाली
37445	▁मिनट्स
37446	▁मुर्
37447	▁मुलायम
37448	▁मूड
37449	▁मेजर
37450	▁मेहमाननवाज़ी
37451	▁याबेश
37452	▁रयवस्था
37453	▁राग
37454	▁रिकार्डिंग
37455	▁रोच
37456	▁लघुछवि
37457	▁लर
37458	▁लैट
37459	▁लॉयड
37460	▁लौटेगा
37461	▁वाइरस
37462	▁विकासवादी
37463	▁विस्फोटक
37464	▁शर्तें
37465	▁शिफ
37466	▁शूट
37467	▁शोधकर्ता
37468	▁श्रेणियाँ
37469	▁संग्रहीत
37470	▁संवेदना
37471	▁सकनेवाल
37472	▁सकूंगा
37473	▁सघन
37474	▁सटीकता
37475	▁सतानेवाले
37476	▁सत्रह
37477	▁सन्देशवाहक
37478	▁समंदर
37479	▁समलिंगी
37480	▁सिधा
37481	▁सिम
37482	▁सुनाऊं
37483	▁सूझा
37484	▁सेल्टिक
37485	▁सैली
37486	▁स्टू
37487	▁स्टॉक्
37488	▁स्वैच्छिक
37489	▁हंसते
37490	▁हत्थे
37491	▁हदो
37492	▁हित्त
37493	▁हिमायत
37494	▁हेर्मोन
37495	▁होस्टनाम
37496	▁१४५
37497	▁१९८७
37498	❏
37499	Abbrev
37500	Arrange
37501	Brothers
37502	Classic
37503	Command
37504	EUC
37505	Expel
37506	Game
37507	Gen
37508	HILE
37509	Hallelujah
37510	LOW
37511	Load
37512	Match
37513	October
37514	PE
37515	QUE
37516	Qu
37517	Quick
37518	SCREAMING
37519	Sent
37520	Spend
37521	Uncomm
37522	Ya
37523	azz
37524	became
37525	boli
37526	borne
37527	bread
37528	connect
37529	deutsche
37530	epartments
37531	erial
37532	felt
37533	flies
37534	hate
37535	hir
37536	hul
37537	ition
37538	logic
37539	mpile
37540	nje
37541	offspring
37542	pain
37543	pair
37544	prisoners
37545	revelation
37546	rine
37547	said
37548	sort
37549	stigated
37550	uay
37551	umber
37552	washed
37553	weight
37554	wishers
37555	xtrapolate
37556	°
37557	अपात्र
37558	आखिर
37559	इता
37560	उत्पत्ति
37561	कारियों
37562	गाड़ी
37563	गुरू
37564	चर्च
37565	चुग
37566	छल
37567	छोटा
37568	ज़ो
37569	ज़्
37570	जागरण
37571	जानता
37572	टिस
37573	डायर
37574	डीबी
37575	थै
37576	देखते
37577	धोखे
37578	निर्देश
37579	नींद
37580	न्ड्
37581	पंचांग
37582	पार्थीव
37583	प्यूर्टो
37584	प्रकाशितवाक्य
37585	मुद
37586	राना
37587	रापा
37588	रार
37589	रेखा
37590	रेड
37591	रोने
37592	र्ध्वाधर
37593	वाणी
37594	व्यापी
37595	सुखी
37596	स्टाइन
37597	स्वतंत्र
37598	हुए
37599	ास्त
37600	िरा
37601	ॉय
37602	ोत्तर
37603	्मोन
37604	१९४१
37605	२००
37606	७००
37607	८८
37608	▁00:
37609	▁1,600
37610	▁25%
37611	▁27.)
37612	▁500,000
37613	▁Actual
37614	▁Advance
37615	▁Andreas
37616	▁Berk
37617	▁Bezalel
37618	▁Bhairava
37619	▁Bla
37620	▁Breast
37621	▁Calculator
37622	▁Clovis
37623	▁Collegiants
37624	▁Comenius
37625	▁Communism
37626	▁Compared
37627	▁Corbis
37628	▁Corrupt
37629	▁Cubic
37630	▁Deselect
37631	▁Difference
37632	▁Disorder
37633	▁Dog
37634	▁Eagle
37635	▁Earnest
37636	▁Elsewhere
37637	▁Encouragement
37638	▁Enlarge
37639	▁Fern
37640	▁Fitzpatrick
37641	▁Flesh
37642	▁Florence
37643	▁Franck
37644	▁Gamma
37645	▁Gas
37646	▁Gil
37647	▁HER
37648	▁Hanan
37649	▁Hanson
37650	▁Hezron
37651	▁Hyper
37652	▁IR
37653	▁Inevitable
37654	▁Inheritance
37655	▁Inspiration
37656	▁Jeff
37657	▁Jehoiachin
37658	▁Kirjath
37659	▁LOOK
37660	▁Lansing
37661	▁MIN
37662	▁MS
37663	▁Makarios
37664	▁Malcolm
37665	▁Marco
37666	▁Martyr
37667	▁Mitch
37668	▁Mold
37669	▁Nahor
37670	▁Nar
37671	▁Node
37672	▁Overview
37673	▁Pardon
37674	▁Pompeii
37675	▁Popular
37676	▁Pretty
37677	▁Prevent
37678	▁Proceed
37679	▁Queensland
37680	▁REVELATION
37681	▁Rat
37682	▁Resources
37683	▁SMS
37684	▁Sense
37685	▁Shay
37686	▁Sierra
37687	▁Smyrna
37688	▁Stanley
37689	▁Steps
37690	▁Superstition
37691	▁Tir
37692	▁Tradition
37693	▁Trap
37694	▁USE
37695	▁WORLD
37696	▁Wipe
37697	▁Woo
37698	▁Workers
37699	▁abruptly
37700	▁agitation
37701	▁airline
37702	▁analyzing
37703	▁anniversaries
37704	▁annotation
37705	▁architect
37706	▁bargaining
37707	▁batch
37708	▁blackness
37709	▁bog
37710	▁breaches
37711	▁broader
37712	▁caprices
37713	▁cautioned
37714	▁charming
37715	▁classmate
37716	▁comb
37717	▁compassionately
37718	▁compatibility
37719	▁conceit
37720	▁concession
37721	▁contemplated
37722	▁controversial
37723	▁correspondent
37724	▁crashing
37725	▁credential
37726	▁crier
37727	▁crumbling
37728	▁dampen
37729	▁decreased
37730	▁delegating
37731	▁deliverer
37732	▁delivereth
37733	▁dental
37734	▁depraved
37735	▁dimensions
37736	▁dishonored
37737	▁dismay
37738	▁ditch
37739	▁dowers
37740	▁elated
37741	▁ensnare
37742	▁enthronement
37743	▁envoy
37744	▁exiting
37745	▁explode
37746	▁extortioners
37747	▁finale
37748	▁fixes
37749	▁folding
37750	▁fondly
37751	▁galaxy
37752	▁gale
37753	▁garlic
37754	▁gateway
37755	▁glaucoma
37756	▁glowing
37757	▁gnat
37758	▁greedily
37759	▁gro
37760	▁handwriting
37761	▁harmoniously
37762	▁hobbies
37763	▁horseback
37764	▁iceberg
37765	▁ignominious
37766	▁impulsive
37767	▁infidel
37768	▁interpreting
37769	▁japan
37770	▁kar
37771	▁limp
37772	▁lining
37773	▁logged
37774	▁loveless
37775	▁mandate
37776	▁marred
37777	▁minerals
37778	▁moist
37779	▁musk
37780	▁necklace
37781	▁nicotine
37782	▁notified
37783	▁nucleus
37784	▁overheard
37785	▁painfully
37786	▁panda
37787	▁pave
37788	▁penance
37789	▁perishes
37790	▁petty
37791	▁pinpoint
37792	▁possessors
37793	▁preface
37794	▁pretending
37795	▁providence
37796	▁q
37797	▁reacting
37798	▁reconnect
37799	▁remarkably
37800	▁republic
37801	▁reunion
37802	▁sadden
37803	▁scars
37804	▁sharks
37805	▁shovel
37806	▁sly
37807	▁snack
37808	▁sour
37809	▁sparingly
37810	▁sparked
37811	▁spathes
37812	▁speeding
37813	▁sporting
37814	▁stroll
37815	▁submarine
37816	▁suffix
37817	▁sugarcane
37818	▁suicidal
37819	▁swamp
37820	▁sweetheart
37821	▁systematically
37822	▁tensions
37823	▁trialsome
37824	▁unprofitable
37825	▁unscrupulous
37826	▁unspeakable
37827	▁uproar
37828	▁vinegar
37829	▁{3}
37830	▁अंकुरित
37831	▁अंडा
37832	▁अंदाजा
37833	▁अंधाधुंध
37834	▁अदालतों
37835	▁अनुशंसित
37836	▁अमासा
37837	▁अलफा
37838	▁अस्तर
37839	▁आधिकार
37840	▁इज़
37841	▁इब
37842	▁ईरा
37843	▁उठाऊंगा
37844	▁उत्परिवर्तन
37845	▁उपलब्धि
37846	▁ऊंटों
37847	▁एकाग्रता
37848	▁एडव
37849	▁एलेक्स
37850	▁एल्याशीब
37851	▁ऐन्
37852	▁औद्योगिक
37853	▁कबूतरों
37854	▁कश्
37855	▁क़िस्में
37856	▁कांटा
37857	▁किरणों
37858	▁कुरते
37859	▁कुलपिताओं
37860	▁कूं
37861	▁कॉन्फ
37862	▁कोलपोर्टर
37863	▁क्लो
37864	▁खत्त
37865	▁ख़ाम
37866	▁खाऊं
37867	▁खासियतें
37868	▁खि
37869	▁खिसकाने
37870	▁खोपड़ी
37871	▁गड़हा
37872	▁गुच्छा
37873	▁गुजराती
37874	▁गॉव
37875	▁ग्रैजुएशन
37876	▁घटेंगी
37877	▁घू
37878	▁चर्चाओं
37879	▁चलूँगा
37880	▁चाहना
37881	▁चिरस्था
37882	▁चूकता
37883	▁चोरों
37884	▁छक
37885	▁छक्का
37886	▁छतें
37887	▁छांटे
37888	▁जंगी
37889	▁जगाया
37890	▁जद्दोजेहद
37891	▁जलाई
37892	▁जाँचिए
37893	▁ज्ञाता
37894	▁टखनों
37895	▁टागल
37896	▁टोगो
37897	▁ठहराएँगे
37898	▁डांस
37899	▁डॉल्फ़िन
37900	▁ढकोसल
37901	▁ढाँचा
37902	▁तनावपूर्ण
37903	▁तरुण
37904	▁तोहफ
37905	▁थर
37906	▁दहलानेवाल
37907	▁दहाड़े
37908	▁दिखना
37909	▁दियुत्रिफेस
37910	▁दीर्घायु
37911	▁दुर्बलता
37912	▁धर्मविज्ञानी
37913	▁धुरी
37914	▁नक्काशी
37915	▁नपुंसक
37916	▁नहूम
37917	▁निधन
37918	▁नियुक्ति
37919	▁निवृत
37920	▁निहित
37921	▁नोट्
37922	▁पंथों
37923	▁पगड़ी
37924	▁पसार
37925	▁पहचानेंगे
37926	▁पहुँचनेवाले
37927	▁पहुंचाओ
37928	▁पहुंचाकर
37929	▁पाउडर
37930	▁पिक्समैप
37931	▁पिघलाकर
37932	▁पीया
37933	▁पोस
37934	▁प्रदूषित
37935	▁प्ररित
37936	▁प्रेमपूर्वक
37937	▁फ़ायदेमंद
37938	▁फ़ार्म
37939	▁फाइन
37940	▁बँधुआ
37941	▁बटोह
37942	▁बदलनेवाला
37943	▁बवंडर
37944	▁बसनेवाले
37945	▁बाँस
37946	▁बांये
37947	▁बाइट
37948	▁बागियों
37949	▁बिच्छू
37950	▁बिताइए
37951	▁बिसर
37952	▁बुलाएं
37953	▁बूथ
37954	▁बेथ
37955	▁बेलजियम
37956	▁बैकएंड
37957	▁बोस
37958	▁ब्ला
37959	▁भट्ठी
37960	▁भुर
37961	▁मजनू
37962	▁मधुमेह
37963	▁मनगढ़
37964	▁माउंट
37965	▁मागोग
37966	▁मिलजुल
37967	▁मिलाते
37968	▁मेहमानदार
37969	▁यूटिलिटी
37970	▁रहनेवालो
37971	▁रोकेंगे
37972	▁लगायें
37973	▁लांछन
37974	▁वकोश
37975	▁विद्यालय
37976	▁विली
37977	▁विवादी
37978	▁विशिष्टता
37979	▁शबा
37980	▁शर्मील
37981	▁शिकंज
37982	▁शिल्प
37983	▁श्रमिक
37984	▁श्रेणियों
37985	▁सँवारा
37986	▁संचरण
37987	▁संतों
37988	▁सम्
37989	▁साक्ष्य
37990	▁सिंबाल
37991	▁सिखायीं
37992	▁सिड
37993	▁सीआरएल
37994	▁सुनाकर
37995	▁सैंकड़ों
37996	▁सैक्स
37997	▁स्टार्टअप
37998	▁स्टैंड
37999	▁स्पेनिश
38000	▁स्वच्छन्द
38001	▁हार्ले
38002	▁हिस्सेदार
38003	▁हुक़ू
38004	▁१९३१
38005	▁९५
38006	'%
38007	250
38008	Arabic
38009	Archive
38010	Arise
38011	DOMAIN
38012	ENET
38013	Encrypt
38014	Hik
38015	History
38016	KSpread
38017	Manager
38018	Record
38019	Samar
38020	Size
38021	]?'
38022	anger
38023	belg
38024	big
38025	blog
38026	bury
38027	could
38028	ector
38029	event
38030	gli
38031	gmail
38032	gnoring
38033	haiah
38034	hak
38035	hat
38036	heck
38037	iki
38038	juj
38039	lder
38040	legal
38041	listen
38042	lord
38043	mmensely
38044	mportant
38045	natural
38046	niah
38047	nik
38048	nom
38049	paragraph
38050	pertinent
38051	plicate
38052	poor
38053	prophet
38054	recurr
38055	river
38056	track
38057	urge
38058	vascular
38059	ंसुओं
38060	अनाथ
38061	अभिषिक्
38062	अमरीका
38063	आठ
38064	आयतें
38065	इसने
38066	उड़ा
38067	ऎ
38068	एचए
38069	ऑफ
38070	ओस
38071	औ
38072	कपड़े
38073	कोटि
38074	गला
38075	टीपी
38076	ट्रिक्स
38077	ड्ड
38078	ढ़ी
38079	तनिक
38080	दाश
38081	दुपट्ट
38082	देने
38083	द्वार
38084	नये
38085	नरम
38086	निर्देशिका
38087	नुक्सान
38088	नूई
38089	न्धे
38090	पैगो
38091	पैद
38092	प्रॆसो
38093	फ़ीस
38094	फील्ड
38095	बरदार
38096	बुढ़ापे
38097	भोर
38098	मंद
38099	मन्न
38100	मब
38101	मूद
38102	रीहा
38103	रॉ
38104	रोजी
38105	रोटी
38106	लगा
38107	लेशन
38108	वैकल्पिक
38109	वैसे
38110	शासित
38111	सना
38112	समझा
38113	सरल
38114	सवारी
38115	सीसी
38116	सेफ
38117	होती
38118	ारपत
38119	ियु
38120	िष
38121	ॅू
38122	ेरियन
38123	्तियाँ
38124	्नान
38125	५१
38126	७४
38127	▁(15)
38128	▁***
38129	▁07
38130	▁170
38131	▁APP
38132	▁Agreement
38133	▁Album
38134	▁Annual
38135	▁Asahel
38136	▁Asked
38137	▁Bag
38138	▁Barabbas
38139	▁Beatty
38140	▁Beneficial
38141	▁Bithynia
38142	▁Borrow
38143	▁Bulgaria
38144	▁Cerberus
38145	▁Chad
38146	▁Confirmation
38147	▁Criminal
38148	▁Crowd
38149	▁DVI
38150	▁Delivery
38151	▁Directories
38152	▁Disconnect
38153	▁Dynamic
38154	▁Expect
38155	▁Extensions
38156	▁FAITH
38157	▁Frederick
38158	▁GPS
38159	▁GStreamer
38160	▁Gandhi
38161	▁Gcalctool
38162	▁Goa
38163	▁Hid
38164	▁Hod
38165	▁Hurt
38166	▁Husband
38167	▁Jacques
38168	▁Jibreel
38169	▁Johann
38170	▁Jupiter
38171	▁Justin
38172	▁Khal
38173	▁Kidron
38174	▁Kumar
38175	▁Labor
38176	▁Lang
38177	▁Mach
38178	▁Madinah
38179	▁Mol
38180	▁Nain
38181	▁Norman
38182	▁Nowhere
38183	▁PRI
38184	▁Pale
38185	▁Patching
38186	▁Prevail
38187	▁Puritan
38188	▁Reasonable
38189	▁Repent
38190	▁Resolved
38191	▁Restor
38192	▁Saturn
38193	▁Seraphim
38194	▁Shin
38195	▁Shown
38196	▁Sid
38197	▁Somebody
38198	▁Succeed
38199	▁Sudan
38200	▁Suggestion
38201	▁Suggestions
38202	▁Survival
38203	▁TA
38204	▁TEENAGERS
38205	▁Tam
38206	▁Taylor
38207	▁Texture
38208	▁Useful
38209	▁Village
38210	▁___
38211	▁absurd
38212	▁accompanies
38213	▁affluence
38214	▁answerable
38215	▁appendix
38216	▁ardently
38217	▁asserting
38218	▁assimilate
38219	▁associaters
38220	▁attest
38221	▁attune
38222	▁battered
38223	▁battery
38224	▁befriending
38225	▁benefactor
38226	▁birthright
38227	▁boaster
38228	▁camping
38229	▁canoe
38230	▁casino
38231	▁changers
38232	▁charger
38233	▁charging
38234	▁clap
38235	▁commemorated
38236	▁complacent
38237	▁conceives
38238	▁concentrating
38239	▁constructive
38240	▁continu
38241	▁corals
38242	▁covert
38243	▁critic
38244	▁cucumbers
38245	▁demo
38246	▁democratic
38247	▁dens
38248	▁deplorable
38249	▁detract
38250	▁discontinue
38251	▁dispens
38252	▁dissuade
38253	▁earrings
38254	▁eclipsed
38255	▁edifice
38256	▁eh
38257	▁enforced
38258	▁epistle
38259	▁exacting
38260	▁farewell
38261	▁fend
38262	▁festivities
38263	▁finery
38264	▁footing
38265	▁fourscore
38266	▁frost
38267	▁fucked
38268	▁garage
38269	▁garlands
38270	▁germ
38271	▁glue
38272	▁goodbye
38273	▁graceful
38274	▁grudging
38275	▁haughtily
38276	▁helicopter
38277	▁horrendous
38278	▁hyperbol
38279	▁implanted
38280	▁ingenuity
38281	▁lax
38282	▁lentils
38283	▁leprous
38284	▁lurking
38285	▁merciless
38286	▁messag
38287	▁migraine
38288	▁misc
38289	▁monasteries
38290	▁nerves
38291	▁objected
38292	▁operative
38293	▁outspreads
38294	▁packets
38295	▁panting
38296	▁parish
38297	▁periodically
38298	▁php
38299	▁physics
38300	▁pockets
38301	▁poisoning
38302	▁polygamy
38303	▁poorer
38304	▁poses
38305	▁practitioner
38306	▁prudence
38307	▁pupils
38308	▁rashly
38309	▁reaffirm
38310	▁reformers
38311	▁rehabilitation
38312	▁remorseful
38313	▁renown
38314	▁resemblance
38315	▁rouse
38316	▁rubbish
38317	▁sam
38318	▁scold
38319	▁scorch
38320	▁scrutiny
38321	▁sculpture
38322	▁secularly
38323	▁selfless
38324	▁shifted
38325	▁shove
38326	▁sidetracked
38327	▁simulation
38328	▁slid
38329	▁sluggish
38330	▁snail
38331	▁soccer
38332	▁standeth
38333	▁sturdy
38334	▁subsided
38335	▁successes
38336	▁symbolically
38337	▁tasting
38338	▁teacheth
38339	▁tirelessly
38340	▁traverse
38341	▁treason
38342	▁unfavorable
38343	▁unrelenting
38344	▁unwisely
38345	▁uplifted
38346	▁uplifting
38347	▁vigil
38348	▁violations
38349	▁whit
38350	▁wip
38351	▁worsened
38352	▁अंतहीन
38353	▁अच्छाइयों
38354	▁अद
38355	▁अनाक
38356	▁अनुष्ठान
38357	▁अनुसूच
38358	▁अमर्याह
38359	▁अशिष्ट
38360	▁असाहेल
38361	▁अहा
38362	▁आईआर
38363	▁आईमैप
38364	▁आदरपूर्ण
38365	▁आबंटन
38366	▁आयन
38367	▁आलेम
38368	▁आशाएँ
38369	▁इट
38370	▁इत्तफ़ाक़
38371	▁ईतामार
38372	▁उजल
38373	▁उड़न
38374	▁उत्क
38375	▁उत्तरजीविता
38376	▁उपजा
38377	▁एल्बम
38378	▁औषधि
38379	▁कंपनियाँ
38380	▁क़िस्स
38381	▁कुर्बानी
38382	▁कैराइट
38383	▁कॉन्स्टनटाइन
38384	▁क्लिनिक
38385	▁खम्भा
38386	▁खरगोश
38387	▁ख़िताब
38388	▁ख़ूबसूरत
38389	▁खानेवाला
38390	▁खारिज
38391	▁खुफिया
38392	▁गड़े
38393	▁गाव
38394	▁ग्रो
38395	▁घटाना
38396	▁चर्चाएँ
38397	▁चिड़ियाँ
38398	▁जंतु
38399	▁जनसंहार
38400	▁जम्प
38401	▁जाऊंगी
38402	▁जिज्ञासु
38403	▁झुको
38404	▁टीएलएस
38405	▁ट्रैकिंग
38406	▁ठाने
38407	▁ठेठ
38408	▁डब्बे
38409	▁डालर
38410	▁डिप्रेशन
38411	▁तटस्थ
38412	▁तरसता
38413	▁ताज़े
38414	▁तावीज़
38415	▁तिक्की
38416	▁तितली
38417	▁तैरने
38418	▁त्रोआस
38419	▁थ्र
38420	▁दफ़न
38421	▁दलीला
38422	▁दुगुन
38423	▁नाख़ून
38424	▁निकलोगे
38425	▁निर्बलताओं
38426	▁नोटिस
38427	▁न्यून
38428	▁पंछियों
38429	▁पंजीकरण
38430	▁पके
38431	▁पड़ोगे
38432	▁परदाफ़ाश
38433	▁परोपकारी
38434	▁पहुँचाएँगे
38435	▁पहुंचाना
38436	▁पांचवां
38437	▁पाखण्ड
38438	▁पिलाए
38439	▁पिलाएगा
38440	▁पुनर्प्रेषित
38441	▁पुनर्बहाल
38442	▁पेसो
38443	▁पैंतीस
38444	▁पैशाचिक
38445	▁प्रतिभा
38446	▁प्रवासी
38447	▁प्रोग्रामों
38448	▁प्रोटॆस्टॆंट
38449	▁प्रोफ़ेसर
38450	▁फलेंगे
38451	▁फाँद
38452	▁बताऊंगा
38453	▁बसलेल
38454	▁बागे
38455	▁बाधित
38456	▁बान्धना
38457	▁बिगड़ता
38458	▁बिया
38459	▁बिलक
38460	▁बुलेट
38461	▁बेगम
38462	▁बेचारे
38463	▁भड़काई
38464	▁भागेगा
38465	▁भिखार
38466	▁मधुमक्खियाँ
38467	▁मन्त्री
38468	▁मर्तबा
38469	▁मसूड़ों
38470	▁मिलीसेकेंड
38471	▁मीनार
38472	▁मुसकरा
38473	▁मूंग
38474	▁मोनो
38475	▁मोरक्को
38476	▁म्या
38477	▁योठ्ठा
38478	▁रखरखाव
38479	▁रचनाएँ
38480	▁रिको
38481	▁रीको
38482	▁रूब
38483	▁रूबरू
38484	▁रूबी
38485	▁रोएँ
38486	▁लाइम
38487	▁लेआउट
38488	▁लॉटरी
38489	▁वरन्
38490	▁विकल
38491	▁विचारशील
38492	▁विज़ेट
38493	▁विभक्
38494	▁वियतनाम
38495	▁विरोधाभास
38496	▁विशालता
38497	▁शब
38498	▁सँभालेगा
38499	▁सचेतक
38500	▁सजी
38501	▁समाता
38502	▁सरायाह
38503	▁सशक्
38504	▁सशस्त्र
38505	▁सस्ता
38506	▁सहेलियों
38507	▁सिंक्रनाइज़
38508	▁सिखानेवालों
38509	▁सिमुलेट
38510	▁सुर्खियों
38511	▁सुविधाजनक
38512	▁सॆक्स
38513	▁सैदा
38514	▁स्ट्रोक
38515	▁स्थिरांक
38516	▁हठी
38517	▁हनी
38518	▁हस्तकला
38519	▁हिट्
38520	▁हिल्किरयाह
38521	▁१०३
38522	▁१९७५
38523	■
38524	71
38525	ARM
38526	CELL
38527	COP
38528	Decline
38529	ERT
38530	EW
38531	Ezra
38532	Grand
38533	HAS
38534	HTTPS
38535	Hav
38536	Honor
38537	IAN
38538	Ishmael
38539	July
38540	Lib
38541	Lock
38542	Long
38543	PANTING
38544	Plugin
38545	Restart
38546	Shrewd
38547	Sort
38548	Source
38549	TeX
38550	URING
38551	Variable
38552	abad
38553	aching
38554	actually
38555	birthday
38556	broken
38557	especially
38558	family
38559	generating
38560	honor
38561	hose
38562	lal
38563	nam
38564	ocal
38565	ontemporary
38566	options
38567	opy
38568	pagan
38569	pelling
38570	rap
38571	rch
38572	reason
38573	religion
38574	saved
38575	simple
38576	speaking
38577	spin
38578	stage
38579	stream
38580	sys
38581	timely
38582	tip
38583	ubject
38584	unseen
38585	ustralia
38586	vailable
38587	vision
38588	worm
38589	xpunge
38590	zur
38591	ंज़
38592	ंजा
38593	अधर्मियों
38594	आध्यात्मिक
38595	इट
38596	कालिक
38597	कितनी
38598	किनार
38599	कून
38600	गड़ा
38601	गवाही
38602	ग़ज़
38603	ग्रहण
38604	घबरा
38605	चक्र
38606	चलो
38607	चू
38608	छाड़
38609	ज़िंदगी
38610	टॉन
38611	ट्टी
38612	डब्ल्यू
38613	ढ़ंग
38614	तीसरी
38615	दरगाह
38616	दहाड़
38617	धे
38618	निग
38619	नीचर
38620	पढ़
38621	पढ़ा
38622	पुताई
38623	प्यूरि
38624	फ़र्
38625	फ़साद
38626	बैठकर
38627	भुज
38628	मरियम
38629	मूम
38630	मॆंट
38631	यथार्थवादी
38632	याजकों
38633	रज़
38634	राख
38635	लबैक
38636	वेश
38637	वॉर
38638	शबे
38639	शिशु
38640	सकरा
38641	सचमुच
38642	सब्र
38643	सलाह
38644	सुबह
38645	हाश
38646	ांतर
38647	ारित
38648	ार्ट
38649	ॆम
38650	ेटिक
38651	ैन्ड
38652	ैसे
38653	२१
38654	२९
38655	७७
38656	७९
38657	▁0.2
38658	▁1,2
38659	▁126
38660	▁40,000
38661	▁AD
38662	▁Admit
38663	▁Aegean
38664	▁Airport
38665	▁Analyze
38666	▁Apostate
38667	▁Aspect
38668	▁Athena
38669	▁Aztec
38670	▁Barber
38671	▁Buddhists
38672	▁CDDB
38673	▁Calm
38674	▁Celtic
38675	▁Centre
38676	▁Cobra
38677	▁Consult
38678	▁Coordinates
38679	▁Corp
38680	▁Dathan
38681	▁Destroyed
38682	▁Destruction
38683	▁Dignity
38684	▁Doctor
38685	▁ESendOptions
38686	▁Eager
38687	▁Earl
38688	▁Emotional
38689	▁Enduring
38690	▁Euodia
38691	▁Evangelizer
38692	▁Exercis
38693	▁Gerizim
38694	▁Guided
38695	▁Gustav
38696	▁Harbor
38697	▁Hasten
38698	▁Hittites
38699	▁Homepage
38700	▁Hue
38701	▁Hyperbol
38702	▁InfoBox
38703	▁Installed
38704	▁Ithamar
38705	▁KTTSD
38706	▁Kenite
38707	▁Kwa
38708	▁LDL
38709	▁LET
38710	▁Laura
38711	▁Leon
38712	▁Libnah
38713	▁Maccabee
38714	▁Magi
38715	▁Mem
38716	▁Member
38717	▁Mija
38718	▁Minute
38719	▁Molech
38720	▁Morocco
38721	▁Morris
38722	▁Nebuchadrezzar
38723	▁Noumair
38724	▁Nov
38725	▁Offering
38726	▁Okkoto
38727	▁Papa
38728	▁Paraguay
38729	▁Philistia
38730	▁Polygon
38731	▁Prefix
38732	▁Protestantism
38733	▁Purge
38734	▁Queue
38735	▁Refugee
38736	▁Refus
38737	▁Relax
38738	▁Renaming
38739	▁STORY
38740	▁Scar
38741	▁Shinto
38742	▁Shoot
38743	▁Skin
38744	▁Socrates
38745	▁Solve
38746	▁Spec
38747	▁Storrs
38748	▁Strange
38749	▁Striking
38750	▁Surprisingly
38751	▁Survive
38752	▁Syntyche
38753	▁TWO
38754	▁Tragedy
38755	▁Trusting
38756	▁Twitter
38757	▁Unset
38758	▁Uz
38759	▁Werner
38760	▁Wheel
38761	▁Wick
38762	▁Wife
38763	▁Wild
38764	▁[15
38765	▁[200
38766	▁admirable
38767	▁airplanes
38768	▁alphanumeric
38769	▁appliances
38770	▁arbiter
38771	▁arduous
38772	▁attainable
38773	▁beckon
38774	▁bewail
38775	▁boar
38776	▁boom
38777	▁brewing
38778	▁capability
38779	▁carnival
38780	▁chins
38781	▁chooseth
38782	▁coastline
38783	▁colossal
38784	▁concise
38785	▁consented
38786	▁conservative
38787	▁contagious
38788	▁coped
38789	▁counterpart
38790	▁credibility
38791	▁crude
38792	▁curriculum
38793	▁daddy
38794	▁defensive
38795	▁deficiency
38796	▁democracy
38797	▁dialogue
38798	▁disapproved
38799	▁divorcing
38800	▁doorstep
38801	▁downloading
38802	▁dubbed
38803	▁eject
38804	▁elusive
38805	▁emerald
38806	▁energies
38807	▁enlist
38808	▁envied
38809	▁expell
38810	▁fasten
38811	▁favourite
38812	▁feign
38813	▁fog
38814	▁forbearance
38815	▁foreshadow
38816	▁gene
38817	▁gorgeous
38818	▁guiltless
38819	▁hardness
38820	▁herbage
38821	▁hopelessness
38822	▁howling
38823	▁ima
38824	▁imagery
38825	▁imagining
38826	▁impatience
38827	▁impersonal
38828	▁inadequacy
38829	▁incensed
38830	▁kissing
38831	▁maimed
38832	▁malediction
38833	▁markup
38834	▁mathematical
38835	▁medicinal
38836	▁militar
38837	▁mining
38838	▁misguide
38839	▁misinterpret
38840	▁murdering
38841	▁mystic
38842	▁mythology
38843	▁naive
38844	▁narration
38845	▁negligence
38846	▁niece
38847	▁nurturing
38848	▁ominous
38849	▁opacity
38850	▁orphaned
38851	▁outskirts
38852	▁outspread
38853	▁paraphrase
38854	▁parenthood
38855	▁particle
38856	▁pessimistic
38857	▁pivotal
38858	▁plummet
38859	▁pomegranate
38860	▁populace
38861	▁pregnancies
38862	▁prevalen
38863	▁puzzling
38864	▁radiance
38865	▁radius
38866	▁reassigned
38867	▁relish
38868	▁remarry
38869	▁reprehensible
38870	▁residential
38871	▁resourceful
38872	▁respiratory
38873	▁rightfulness
38874	▁robot
38875	▁rumors
38876	▁sacks
38877	▁sacredness
38878	▁saliva
38879	▁scary
38880	▁shaping
38881	▁shortsighted
38882	▁shunned
38883	▁sip
38884	▁sleeve
38885	▁slum
38886	▁snap
38887	▁songbook
38888	▁spectators
38889	▁speedy
38890	▁spun
38891	▁stink
38892	▁supermarket
38893	▁suspicions
38894	▁swoop
38895	▁synchronized
38896	▁taunts
38897	▁thicket
38898	▁tissues
38899	▁unchangeable
38900	▁unmistakable
38901	▁upgrading
38902	▁upheaval
38903	▁urine
38904	▁vacuum
38905	▁vanilla
38906	▁veritabl
38907	▁wail
38908	▁wizards
38909	▁yeast
38910	▁£
38911	▁अंशतः
38912	▁अख़
38913	▁अपडेट
38914	▁अफ
38915	▁अभिलाष
38916	▁अरमान
38917	▁अरिस्तरखुस
38918	▁अलहदा
38919	▁असम्भव
38920	▁असहमत
38921	▁आइसलैंडिक
38922	▁आकस्मिक
38923	▁आभूष
38924	▁आयरन
38925	▁इंडोनेशिया
38926	▁इंस
38927	▁इंस्ट
38928	▁इत्त
38929	▁उकता
38930	▁उफ
38931	▁एटीई
38932	▁ऑप्टिकल
38933	▁ओबेद
38934	▁करूंगी
38935	▁कहनेवालों
38936	▁कार्यकलाप
38937	▁कुपोषण
38938	▁कुस
38939	▁क्लाइम
38940	▁खतनाहीन
38941	▁ख़ा
38942	▁खात्म
38943	▁खुजली
38944	▁खुरा
38945	▁गज़
38946	▁गड़गड़ाहट
38947	▁गदहा
38948	▁गन्धरस
38949	▁गर्भधारण
38950	▁गलतफहमियाँ
38951	▁गवैये
38952	▁ग़ु
38953	▁गै
38954	▁ग्रीनहा
38955	▁घोंघ
38956	▁चकरा
38957	▁चमके
38958	▁चमड़ी
38959	▁चलूं
38960	▁चिट्ठाकारों
38961	▁चिपकाएं
38962	▁चीता
38963	▁चूके
38964	▁चेन
38965	▁छुओ
38966	▁जन्मजात
38967	▁जन्मभूमि
38968	▁जबरन
38969	▁जासूसी
38970	▁झरने
38971	▁झोल
38972	▁टीके
38973	▁टूटेगी
38974	▁डंप
38975	▁डायना
38976	▁डायरी
38977	▁ढाने
38978	▁तख्ता
38979	▁तजेगा
38980	▁तरफ़दारी
38981	▁दफ
38982	▁दरारों
38983	▁दर्शाने
38984	▁दुहरा
38985	▁दोहराए
38986	▁धुत्
38987	▁नकारा
38988	▁नन्हें
38989	▁नबूजरदान
38990	▁नरकट
38991	▁नहा
38992	▁नातों
38993	▁निकलनेवाली
38994	▁निरंकुश
38995	▁निर्धारक
38996	▁निर्लज्जता
38997	▁निष्पाप
38998	▁निसब
38999	▁पंज
39000	▁पकाया
39001	▁पतला
39002	▁पनडुब्ब
39003	▁परम्पराओं
39004	▁परिषद
39005	▁पार्श्व
39006	▁पिलग्रिम
39007	▁पुरवाई
39008	▁पैठा
39009	▁पॉइंट
39010	▁प्रतिस्थापन
39011	▁प्रतिस्पर्धा
39012	▁प्रत्याशाओं
39013	▁प्रत्युत्तर
39014	▁प्रवृत्तियों
39015	▁प्लाज्मा
39016	▁फ़िट
39017	▁फूस
39018	▁फैलाकर
39019	▁फ्ले
39020	▁बंधक
39021	▁बकते
39022	▁बद्ध
39023	▁बन्धाई
39024	▁बवण्डर
39025	▁बहिर
39026	▁बास्क
39027	▁बिगाड़कर
39028	▁बिचवई
39029	▁बुझाने
39030	▁बूँदें
39031	▁बॆल
39032	▁बेवफ़ा
39033	▁बेसिक
39034	▁बोलचाल
39035	▁मच्छरों
39036	▁मनमोहक
39037	▁ममता
39038	▁महिमायुक्
39039	▁मिलियन
39040	▁मिश्र
39041	▁मॅक
39042	▁मेकफाइल
39043	▁मोहल्ल
39044	▁म्यूज़ियम
39045	▁यासीन
39046	▁रण
39047	▁रमज़ान
39048	▁रमणीय
39049	▁रवैयों
39050	▁रिसेप्शन
39051	▁रोककर
39052	▁लिपटा
39053	▁लिब्ना
39054	▁लुढ़का
39055	▁लुभाने
39056	▁लूटो
39057	▁लॉर
39058	▁लौटाने
39059	▁वंशागत
39060	▁वहशियाना
39061	▁विराज
39062	▁शक्कर
39063	▁शूटिंग
39064	▁संघट
39065	▁संदूष
39066	▁समे
39067	▁सम्पादन
39068	▁सिख
39069	▁सितारा
39070	▁सिम्
39071	▁सियान
39072	▁सीज़र
39073	▁सुधरने
39074	▁सुलझ
39075	▁सुवा
39076	▁सुश्री
39077	▁स्कॉटलैंड
39078	▁स्तब्ध
39079	▁स्थितिः
39080	▁हँसना
39081	▁हार्बर
39082	▁हिरन
39083	▁होनहार
39084	▁१९४७
39085	▁५८
39086	!'"
39087	866
39088	ART
39089	Arabs
39090	Concern
39091	DOOR
39092	Dawson
39093	ENGINE
39094	Instead
39095	Logically
39096	Louisville
39097	Map
39098	Mention
39099	Mo
39100	Munkar
39101	Once
39102	RUS
39103	SET
39104	SPEAKING
39105	THE
39106	Think
39107	UPS
39108	\@
39109	answer
39110	apps
39111	aracter
39112	arrow
39113	biddeth
39114	chy
39115	close
39116	congregation
39117	eli
39118	formatted
39119	heavenly
39120	heim
39121	ijah
39122	large
39123	messenger
39124	mplified
39125	near
39126	neither
39127	objects
39128	ogg
39129	ouble
39130	perform
39131	phra
39132	prav
39133	prayers
39134	preach
39135	protectors
39136	rejoice
39137	reliminary
39138	render
39139	sheep
39140	sins
39141	tech
39142	tica
39143	utotools
39144	vanje
39145	vantage
39146	want
39147	week
39148	wives
39149	zek
39150	zimbabwe
39151	{}
39152	ه
39153	अजी
39154	आते
39155	आमीन
39156	ईन
39157	ईर्ष्यालु
39158	ऊँगी
39159	कटाई
39160	कैन
39161	कोने
39162	कोप
39163	गमेंट
39164	ग़र्ज़
39165	गिर
39166	चार्ज
39167	ज़रूरी
39168	ज़ियों
39169	जाज़
39170	जिसने
39171	जीवत
39172	जोशी
39173	दृढ़
39174	दै
39175	निरी
39176	नेगेटिव
39177	पार्ट
39178	पिंग
39179	बाक्स
39180	बेट
39181	बैर
39182	बोलने
39183	भूचाल
39184	भेजे
39185	मणडल
39186	मण्ड
39187	मामूली
39188	मारा
39189	मालिक
39190	मालूम
39191	म्बे
39192	म्हारा
39193	योन
39194	रिब
39195	लफ़ी
39196	लॉगिंग
39197	वाऊंगा
39198	वास्त
39199	विधिवत
39200	शुदा
39201	शेर
39202	श्वर
39203	षी
39204	सभा
39205	साई
39206	सिटी
39207	सिड
39208	सिर्फ़
39209	हॉर्न
39210	़ारों
39211	ाउण्ड
39212	ियेगा
39213	िल्ला
39214	ेंड
39215	्माइल
39216	▁12,000
39217	▁185
39218	▁ASK
39219	▁Accomplish
39220	▁Amorite
39221	▁Amram
39222	▁Antwerp
39223	▁Arrangements
39224	▁Assemble
39225	▁BACK
39226	▁Balsa
39227	▁Baptized
39228	▁Beat
39229	▁Bern
39230	▁Bernd
39231	▁Billy
39232	▁Boil
39233	▁Bound
39234	▁Boys
39235	▁Bulgarian
39236	▁CONTINUES
39237	▁Cambridge
39238	▁Carsten
39239	▁Closer
39240	▁Colorado
39241	▁Constraints
39242	▁Conversations
39243	▁Coordinate
39244	▁Corporation
39245	▁Culture
39246	▁DIG
39247	▁Dagon
39248	▁Dasher
39249	▁Dawood
39250	▁Deeds
39251	▁Detach
39252	▁Doubt
39253	▁Flam
39254	▁GType
39255	▁Gezer
39256	▁Gordon
39257	▁Graduation
39258	▁Gran
39259	▁Hanani
39260	▁Helped
39261	▁Hemisphere
39262	▁Himalaya
39263	▁Historical
39264	▁Illustrations
39265	▁Immer
39266	▁Insurance
39267	▁JAMES
39268	▁Joanna
39269	▁Jul
39270	▁KDM
39271	▁KEEP
39272	▁Kick
39273	▁Koba
39274	▁Luz
39275	▁Mattaniah
39276	▁Mediator
39277	▁Medina
39278	▁Mention
39279	▁Nicholas
39280	▁Nowadays
39281	▁OTHER
39282	▁POPULATION
39283	▁Paran
39284	▁Pekah
39285	▁Prevention
39286	▁RGB
39287	▁Reasons
39288	▁Refreshing
39289	▁Related
39290	▁Responsibility
39291	▁Rewarding
39292	▁Robbie
39293	▁Rupee
39294	▁SEE
39295	▁Sar
39296	▁Sasha
39297	▁Satisfy
39298	▁Saturation
39299	▁Schu
39300	▁Sep
39301	▁Seth
39302	▁Slavonic
39303	▁Succoth
39304	▁Superior
39305	▁Superman
39306	▁Surgery
39307	▁THEIR
39308	▁Tacitus
39309	▁Templeton
39310	▁Thompson
39311	▁Thorn
39312	▁Tiger
39313	▁Tischendorf
39314	▁Tolerance
39315	▁Tribes
39316	▁Tribulation
39317	▁Trinidad
39318	▁Unix
39319	▁Venice
39320	▁XII
39321	▁XIV
39322	▁YEAH
39323	▁YouTube
39324	▁Younger
39325	▁Ziklag
39326	▁[7
39327	▁abounded
39328	▁accidentally
39329	▁advertisers
39330	▁allegations
39331	▁alluding
39332	▁antidote
39333	▁apathetic
39334	▁apportion
39335	▁arthritis
39336	▁aspirin
39337	▁assembling
39338	▁attribut
39339	▁backsliding
39340	▁bait
39341	▁baker
39342	▁bandage
39343	▁barber
39344	▁battl
39345	▁beacon
39346	▁bedtime
39347	▁blasphemer
39348	▁blasphemous
39349	▁blueprint
39350	▁booths
39351	▁bullying
39352	▁bulwark
39353	▁cabinet
39354	▁calculations
39355	▁caterpillar
39356	▁census
39357	▁chasteness
39358	▁cheerfully
39359	▁cholera
39360	▁clamor
39361	▁coined
39362	▁coma
39363	▁conditional
39364	▁connotation
39365	▁contemplation
39366	▁contrite
39367	▁cooperated
39368	▁crises
39369	▁cute
39370	▁dashed
39371	▁devastate
39372	▁dipped
39373	▁dir
39374	▁directives
39375	▁disappointing
39376	▁disgusted
39377	▁distressful
39378	▁dominance
39379	▁dough
39380	▁drastically
39381	▁draught
39382	▁dubious
39383	▁encode
39384	▁endlessly
39385	▁enriching
39386	▁entereth
39387	▁envies
39388	▁evicted
39389	▁exaggerate
39390	▁expending
39391	▁fealty
39392	▁fetus
39393	▁floodwaters
39394	▁footer
39395	▁forsooth
39396	▁fraudulent
39397	▁freak
39398	▁ga
39399	▁gauge
39400	▁gentleman
39401	▁goddesses
39402	▁groupware
39403	▁halfway
39404	▁heartily
39405	▁heedlessness
39406	▁heresy
39407	▁hideth
39408	▁hobby
39409	▁immodest
39410	▁impious
39411	▁incidental
39412	▁infect
39413	▁insurmountable
39414	▁interpolate
39415	▁intrigue
39416	▁laborer
39417	▁leaped
39418	▁liberate
39419	▁lordship
39420	▁maids
39421	▁manipulation
39422	▁microscopic
39423	▁migrator
39424	▁missile
39425	▁mobilize
39426	▁monkey
39427	▁moulded
39428	▁način
39429	▁nitrogen
39430	▁omitted
39431	▁orthodox
39432	▁outdated
39433	▁outwit
39434	▁packing
39435	▁peanuts
39436	▁pellet
39437	▁penetrating
39438	▁pixel
39439	▁pneumonia
39440	▁politician
39441	▁pondering
39442	▁predominant
39443	▁premises
39444	▁programmed
39445	▁promiscuity
39446	▁promoter
39447	▁prompting
39448	▁prophesies
39449	▁purchasing
39450	▁rave
39451	▁recurr
39452	▁refining
39453	▁relocate
39454	▁reluctance
39455	▁reproaching
39456	▁revolutionary
39457	▁scald
39458	▁scenarios
39459	▁scorched
39460	▁scrutinize
39461	▁sensational
39462	▁setback
39463	▁sheepfold
39464	▁shipped
39465	▁shudder
39466	▁sidewalk
39467	▁skipped
39468	▁smelling
39469	▁socks
39470	▁spill
39471	▁spine
39472	▁spotless
39473	▁startled
39474	▁studio
39475	▁substitut
39476	▁suburb
39477	▁sulfur
39478	▁tackle
39479	▁targeted
39480	▁transaction
39481	▁unearthed
39482	▁unimportant
39483	▁unsteady
39484	▁vase
39485	▁vibrant
39486	▁whims
39487	▁worsening
39488	▁अंतरिम
39489	▁अनुबंध
39490	▁अमालेकी
39491	▁आइने
39492	▁आइरीन
39493	▁आतिशबाज़ी
39494	▁आधिपत्य
39495	▁आम्हने
39496	▁आरामदायक
39497	▁इत
39498	▁इत्रा
39499	▁इला
39500	▁ईंटों
39501	▁ईवा
39502	▁उठवा
39503	▁उड़ायी
39504	▁उल्टी
39505	▁ऊगरीट
39506	▁एक्सेंज
39507	▁एक्सेप्शन
39508	▁एडम
39509	▁एनीमेशन
39510	▁ऑप
39511	▁ओके
39512	▁ओसीआर
39513	▁कटिबन्ध
39514	▁कराहना
39515	▁क़द
39516	▁किंग्डम
39517	▁कुचलने
39518	▁कुरूप
39519	▁कॉन्टेक्ट
39520	▁कॉपीराइट
39521	▁कॉलिज्यिन्ट
39522	▁क्रिस्टीन
39523	▁क्रोएशियाई
39524	▁खज़ान
39525	▁ख़ुशबूदार
39526	▁खे
39527	▁खोदी
39528	▁खोदे
39529	▁गड्ढा
39530	▁गेजेर
39531	▁गैलरी
39532	▁ग्लाउकोमा
39533	▁घटते
39534	▁चलचित्र
39535	▁चादरों
39536	▁छुपाए
39537	▁छोडे
39538	▁ज़ंजीरें
39539	▁ज़ारी
39540	▁जाँचते
39541	▁जाड़
39542	▁जालों
39543	▁जीतना
39544	▁जुड़वा
39545	▁जूझने
39546	▁ज्
39547	▁झाडू
39548	▁टिंडॆल
39549	▁टेरे
39550	▁ठन
39551	▁डकैती
39552	▁डिस्प्ले
39553	▁ढर्र
39554	▁ढहा
39555	▁ढांढ
39556	▁तिर्यक
39557	▁तोड़ेगा
39558	▁थोपे
39559	▁दिलाइए
39560	▁दूरदर्शी
39561	▁नब्बे
39562	▁निचे
39563	▁निषिद्ध
39564	▁नीरस
39565	▁नेस्तनाबूद
39566	▁पट्ट
39567	▁पत्थ्र
39568	▁पत्रों
39569	▁परिणत
39570	▁पहचानिए
39571	▁पहिनकर
39572	▁पहिनेंगे
39573	▁पाउलो
39574	▁पास्चर
39575	▁पीटना
39576	▁पुनःभ
39577	▁पुरनिए
39578	▁पॉर्
39579	▁पोसा
39580	▁प्रायद्वीप
39581	▁प्लीज
39582	▁फंसे
39583	▁फलती
39584	▁फिराने
39585	▁फुर्तील
39586	▁फुसफुसा
39587	▁बजाता
39588	▁बताऊ
39589	▁बनायेगा
39590	▁बांज
39591	▁बाइ
39592	▁बादाम
39593	▁बायस
39594	▁बालबच्चे
39595	▁बिगड़ने
39596	▁बिछड़
39597	▁बिताती
39598	▁बीतते
39599	▁बूलियन
39600	▁बैरक
39601	▁भं
39602	▁भई
39603	▁भक्तों
39604	▁भरमाए
39605	▁भ्रांति
39606	▁मंगवा
39607	▁मनाएँ
39608	▁मयारहित
39609	▁मसाला
39610	▁महक
39611	▁माण
39612	▁मालुम
39613	▁मिरर
39614	▁मुआ
39615	▁मूर
39616	▁मूर्छ
39617	▁मूर्त
39618	▁मेटाडेटा
39619	▁मेढ़ी
39620	▁मैमोनाइडस
39621	▁मॉरी
39622	▁यद
39623	▁यबूसियों
39624	▁यहोनादाब
39625	▁याबीन
39626	▁रज़ामंद
39627	▁रब्बा
39628	▁रहस्यमय
39629	▁रीछ
39630	▁रुतबे
39631	▁लकड़ियों
39632	▁लिंडा
39633	▁लिखवाया
39634	▁लेटिन
39635	▁लैव्य
39636	▁वकीलों
39637	▁वर्षो
39638	▁वल्गेट
39639	▁वाइस
39640	▁विकलांग
39641	▁वेनिस
39642	▁वॉलकिल
39643	▁व्या
39644	▁शतपतियों
39645	▁शहीदों
39646	▁शिलालेख
39647	▁संगतता
39648	▁संयंत्र
39649	▁संरेख
39650	▁सत्यता
39651	▁सब्ज़ी
39652	▁सराय
39653	▁सर्पिल
39654	▁साइंस
39655	▁सुनामी
39656	▁सॆट
39657	▁सेक्रेटरी
39658	▁सोख
39659	▁स्क्रोल
39660	▁स्टीरियो
39661	▁स्तुतिकर्ता
39662	▁स्मुरना
39663	▁स्वेच्छाबलि
39664	▁हटूंगा
39665	▁हाइपर
39666	▁हास्य
39667	▁हीमोग्लोबिन
39668	▁होमबलियों
39669	▁८६
39670	-8859-1
39671	.323
39672	1200
39673	600,000
39674	93
39675	ALARM
39676	According
39677	Accounts
39678	August
39679	Bear
39680	Beware
39681	Card
39682	Complete
39683	FA
39684	INV
39685	ITE
39686	LAUGHING
39687	NING
39688	Old
39689	Revelation
39690	Room
39691	Suffer
39692	TEN
39693	Tree
39694	World
39695	Yea
39696	abber
39697	ale
39698	anguage
39699	apostle
39700	ashi
39701	burden
39702	db
39703	eternal
39704	everyone
39705	except
39706	ezer
39707	fault
39708	ffi
39709	forgive
39710	hadad
39711	haq
39712	heavens
39713	home
39714	iceland
39715	isation
39716	kri
39717	lica
39718	liest
39719	llergic
39720	member
39721	mitating
39722	mont
39723	mur
39724	nau
39725	neous
39726	olumn
39727	presence
39728	rail
39729	ridge
39730	rik
39731	romania
39732	short
39733	suffer
39734	today
39735	undane
39736	upplementary
39737	ø
39738	ंसी
39739	अज़ीज
39740	इम्मा
39741	इरम
39742	इस्राएलियों
39743	उन्हीं
39744	उपस्थिति
39745	कल्प
39746	क़सूर
39747	क़े
39748	कानी
39749	ख़र्च
39750	ग़ैर
39751	ग्राफ़िक
39752	घड़ी
39753	घुन
39754	चूँकि
39755	छुपी
39756	जंगली
39757	ज़्यादा
39758	झाऊ
39759	टीना
39760	टुट
39761	टूटे
39762	टेक्स्ट
39763	डिर
39764	ड्रा
39765	तंग
39766	तीय
39767	तौबा
39768	दाब
39769	देन
39770	नीया
39771	नॆस
39772	पसन्द
39773	प्रणाली
39774	प्रसव
39775	फ़ला
39776	फ़ील
39777	बना
39778	बीमार
39779	ब्याह
39780	ब्रुक
39781	ब्ली
39782	भेजा
39783	मज़
39784	मज़बूत
39785	मिट्टी
39786	मियाना
39787	मुंह
39788	मुह
39789	मेनान
39790	रक्षण
39791	राने
39792	रिरयाह
39793	रोक
39794	लफ
39795	लाने
39796	लाबाद
39797	लिप्ट
39798	वधि
39799	वर्स
39800	वल्ल
39801	वाइज
39802	वाज़ी
39803	विस्थापन
39804	श्री
39805	सामान
39806	सियो
39807	सील
39808	सृष्टि
39809	सेटअप
39810	हैरान
39811	ादिर
39812	ानो
39813	ेहूं
39814	ैंगो
39815	्ज़ा
39816	्मेल
39817	→
39818	▁'%2'
39819	▁0.1
39820	▁09)
39821	▁1,0
39822	▁109
39823	▁114
39824	▁ANSWERED
39825	▁Anderson
39826	▁Angela
39827	▁Applet
39828	▁Archived
39829	▁BURT
39830	▁Bethuel
39831	▁Bird
39832	▁Blend
39833	▁Bombay
39834	▁Booth
39835	▁Brain
39836	▁Bridegroom
39837	▁Cali
39838	▁Caption
39839	▁Carmen
39840	▁Chan
39841	▁Clouds
39842	▁Commandment
39843	▁Conc
39844	▁Controll
39845	▁Conv
39846	▁Copenhagen
39847	▁Cord
39848	▁Crash
39849	▁Diagonal
39850	▁Differences
39851	▁Dress
39852	▁ECCL
39853	▁EXIF
39854	▁Einstein
39855	▁Element
39856	▁Facts
39857	▁Fate
39858	▁Fernando
39859	▁Fix
39860	▁Frequently
39861	▁Gallus
39862	▁Gdb
39863	▁Gera
39864	▁Gomer
39865	▁Greeting
39866	▁HEB
39867	▁Healthy
39868	▁Honduras
39869	▁Hoo
39870	▁INDI
39871	▁Impressed
39872	▁Inner
39873	▁JER
39874	▁Jael
39875	▁Jehiel
39876	▁Jodi
39877	▁Kontact
39878	▁Lacking
39879	▁Lap
39880	▁Lat
39881	▁Latvia
39882	▁Lemuel
39883	▁Leone
39884	▁Libya
39885	▁MARRIAGE
39886	▁Machine
39887	▁Madam
39888	▁Mak
39889	▁Malagasy
39890	▁Missouri
39891	▁Moabitess
39892	▁Mommy
39893	▁Nasr
39894	▁Nobel
39895	▁OCR
39896	▁Official
39897	▁Pic
39898	▁Polynesia
39899	▁Ponder
39900	▁Prague
39901	▁Producer
39902	▁Province
39903	▁REV
39904	▁Rabbah
39905	▁Retry
39906	▁Reubenites
39907	▁Ruby
39908	▁Searches
39909	▁Shebna
39910	▁Snare
39911	▁Strengthened
39912	▁Subtract
39913	▁Tah
39914	▁Tent
39915	▁Teresa
39916	▁Triangle
39917	▁Triumph
39918	▁Yep
39919	▁Zenobia
39920	▁admitting
39921	▁albatross
39922	▁align
39923	▁archaeologist
39924	▁artifact
39925	▁atmospheric
39926	▁atomic
39927	▁avowed
39928	▁awoke
39929	▁bathed
39930	▁billow
39931	▁bombing
39932	▁brutally
39933	▁bullshit
39934	▁canals
39935	▁casually
39936	▁chastising
39937	▁checkup
39938	▁chewing
39939	▁cocaine
39940	▁coerce
39941	▁collision
39942	▁colporteur
39943	▁confidant
39944	▁consultant
39945	▁convicts
39946	▁coronar
39947	▁denarii
39948	▁disassociated
39949	▁disorderly
39950	▁elaborated
39951	▁electron
39952	▁elimination
39953	▁embittered
39954	▁embryos
39955	▁epic
39956	▁eradicated
39957	▁eschew
39958	▁exorbitant
39959	▁extermination
39960	▁extremities
39961	▁eyelid
39962	▁fabrications
39963	▁fad
39964	▁faraway
39965	▁firmament
39966	▁flanks
39967	▁fodder
39968	▁fortifies
39969	▁furnishes
39970	▁glittering
39971	▁grievance
39972	▁gripp
39973	▁grossly
39974	▁guerrilla
39975	▁gut
39976	▁harbored
39977	▁hateth
39978	▁heighten
39979	▁hoopoe
39980	▁hota
39981	▁implication
39982	▁incest
39983	▁indigent
39984	▁industriousness
39985	▁islanders
39986	▁jam
39987	▁kit
39988	▁liberating
39989	▁lifeblood
39990	▁litter
39991	▁lull
39992	▁machinery
39993	▁macro
39994	▁magistrates
39995	▁manufacturers
39996	▁midwives
39997	▁miscarriage
39998	▁monitoring
39999	▁monuments
40000	▁multiplication
40001	▁nectar
40002	▁notwithstanding
40003	▁nowadays
40004	▁obsession
40005	▁oracles
40006	▁overdue
40007	▁overseeing
40008	▁paradox
40009	▁parser
40010	▁pas
40011	▁physicist
40012	▁prefe
40013	▁propounded
40014	▁prosecution
40015	▁punctual
40016	▁pyramid
40017	▁quietness
40018	▁rampart
40019	▁rats
40020	▁reckless
40021	▁reliability
40022	▁reproducti
40023	▁restless
40024	▁revolted
40025	▁robots
40026	▁routinely
40027	▁rumor
40028	▁saddle
40029	▁sarcasm
40030	▁seduc
40031	▁servitude
40032	▁sharpened
40033	▁skeptics
40034	▁slim
40035	▁slowed
40036	▁smallpox
40037	▁sociologist
40038	▁stately
40039	▁stereo
40040	▁strategies
40041	▁tanta
40042	▁teraphim
40043	▁trafficking
40044	▁tranquil
40045	▁transitory
40046	▁transplant
40047	▁uncertainties
40048	▁unfolded
40049	▁unprepared
40050	▁unrecognized
40051	▁unwary
40052	▁walled
40053	▁warred
40054	▁workmen
40055	▁yawn
40056	▁अत्य
40057	▁अदोन
40058	▁अधूर
40059	▁अनचाह
40060	▁अपरम्प
40061	▁अपशब्द
40062	▁अफवाहें
40063	▁अल्बानिया
40064	▁अवमान
40065	▁अहीमेलेक
40066	▁आँतों
40067	▁आउटलाइन
40068	▁आत्मसमर्पण
40069	▁आफतें
40070	▁आयताकार
40071	▁आर्द्र
40072	▁आहिस्ते
40073	▁इंस्टैंस
40074	▁उँगलियों
40075	▁उगने
40076	▁उड़नेवाले
40077	▁उपन्यास
40078	▁एकनिष्ठ
40079	▁ओसारा
40080	▁औपबंधिक
40081	▁कंबल
40082	▁कच
40083	▁कटोरों
40084	▁कथाएँ
40085	▁कपटियों
40086	▁कमांडः
40087	▁क़र्ज
40088	▁कालों
40089	▁किराये
40090	▁किर्यत
40091	▁केआईओ
40092	▁कोष्ठक
40093	▁खरीदार
40094	▁ख़तना
40095	▁ख़ामोश
40096	▁खिले
40097	▁गठन
40098	▁गद्दो
40099	▁गौरवशाली
40100	▁ग्वेन
40101	▁घुमाए
40102	▁चाहिएँ
40103	▁चिंगारियाँ
40104	▁चिप
40105	▁चुग़लख़ोर
40106	▁चुम्बन
40107	▁छिपता
40108	▁छुड़ाऊंगा
40109	▁जताता
40110	▁जाएँगीं
40111	▁जिलाएगा
40112	▁जीपीजी
40113	▁जॅ
40114	▁जोशीली
40115	▁झलका
40116	▁टेलिपाथी
40117	▁टेलीविज़न
40118	▁टोर
40119	▁डाँटने
40120	▁डैड
40121	▁डैर
40122	▁ढिलाई
40123	▁ढोने
40124	▁तंबु
40125	▁तजुर्बे
40126	▁तन्त्र
40127	▁तस्वीरों
40128	▁थकाऊ
40129	▁दार्शनिक
40130	▁दिखावटी
40131	▁दिलाकर
40132	▁दॉ
40133	▁धंसा
40134	▁धरो
40135	▁धर्मविज्ञान
40136	▁धुँ
40137	▁धुंधला
40138	▁नमून
40139	▁नर्मदिल
40140	▁नर्मदिली
40141	▁नाशक
40142	▁नास्तिकवाद
40143	▁नाहोर
40144	▁निखर
40145	▁नियतकार्य
40146	▁निर्व
40147	▁निस्वार्थ
40148	▁नीव
40149	▁नेमस्पेस
40150	▁नौकरियाँ
40151	▁न्यूटन
40152	▁पछाड़
40153	▁पनिन्
40154	▁परिषद्
40155	▁पहँचा
40156	▁पहनेंगे
40157	▁पहिचाना
40158	▁पिटवा
40159	▁पीटर्सबर्ग
40160	▁पीपल
40161	▁पूजता
40162	▁पूर्वसंकेत
40163	▁पूर्वाह्न
40164	▁पेंच
40165	▁पैरोकार
40166	▁प्रक्रम
40167	▁प्रचुरता
40168	▁प्रतिमाओं
40169	▁प्रदर्शनों
40170	▁प्राध्यापक
40171	▁प्रिंटिंग
40172	▁फ़िंगरप्रिंट
40173	▁फ़ोटो
40174	▁फीका
40175	▁फूली
40176	▁फेक
40177	▁बढ़ाओ
40178	▁बदद
40179	▁बदसलूकी
40180	▁बयार
40181	▁बर्ग
40182	▁बहुओं
40183	▁बाह
40184	▁बिनपढ़ा
40185	▁बुकमार्क
40186	▁बुझने
40187	▁बेजा
40188	▁बेल्ट
40189	▁बोनेवाला
40190	▁ब्योरा
40191	▁भेड़ियों
40192	▁मज़ाकिया
40193	▁मजूस
40194	▁मतभेदों
40195	▁मनाएँगे
40196	▁मशक
40197	▁मांगोगे
40198	▁माताएँ
40199	▁मानूस
40200	▁मान्द
40201	▁मिक्सर
40202	▁मिनी
40203	▁मिलीलीटर
40204	▁मॆल
40205	▁मेलबलिय
40206	▁मैथ
40207	▁मोज़िला
40208	▁मौंक
40209	▁यम
40210	▁युगोस्लाविया
40211	▁रखवा
40212	▁रखेलिय
40213	▁रत्नों
40214	▁राइ
40215	▁राशन
40216	▁रेंडरिंग
40217	▁रेडियन
40218	▁रेम
40219	▁रेशा
40220	▁लडकी
40221	▁लड़कियां
40222	▁लड़नेवाले
40223	▁लड़ाकू
40224	▁लुभा
40225	▁लौटाकर
40226	▁वाव
40227	▁विद
40228	▁विध
40229	▁सँभल
40230	▁संख्याः
40231	▁संभाले
40232	▁समतुल्य
40233	▁समायी
40234	▁सल्ल
40235	▁साइंटिस्ट
40236	▁सुक्कोत
40237	▁सुहा
40238	▁सृजक
40239	▁सॆंट
40240	▁स्लाव
40241	▁हथकंडे
40242	▁हांगकांग
40243	▁हाना
40244	▁हित्तियों
40245	▁हुह
40246	▁६३
40247	♫
40248	'/'
40249	1.4
40250	2.5
40251	852
40252	ATED
40253	Aires
40254	BOX
40255	Bookmarks
40256	Exalted
40257	Far
40258	GMail
40259	GR
40260	High
40261	IPP
40262	Invoke
40263	Isa
40264	Join
40265	Mahfuz
40266	Maintain
40267	Personal
40268	Saleh
40269	Sao
40270	Stand
40271	ULL
40272	Wisdom
40273	Yusuf
40274	abi
40275	adulterated
40276	ady
40277	amma
40278	animal
40279	assigned
40280	bili
40281	blind
40282	breath
40283	burning
40284	chat
40285	contacts
40286	ctures
40287	dar
40288	dorf
40289	engine
40290	erlands
40291	focal
40292	gconfd
40293	girls
40294	hda
40295	hello
40296	hh
40297	idal
40298	ithuania
40299	kon
40300	kov
40301	lNG
40302	lunar
40303	lva
40304	neth
40305	notify
40306	nviolable
40307	odor
40308	ought
40309	pick
40310	pilgrimage
40311	polis
40312	raised
40313	raising
40314	reasonable
40315	recent
40316	sprung
40317	stock
40318	tales
40319	thereof
40320	ving
40321	wald
40322	~
40323	ī
40324	ا
40325	ي
40326	ंदाज़
40327	ंपत
40328	ंस्टेंट
40329	अधिकार
40330	अस्पष्ट
40331	आनंदित
40332	इबा
40333	इब्राहीम
40334	इरादे
40335	उन्हों
40336	ऊँट
40337	एगी
40338	कदा
40339	कयामत
40340	कहो
40341	काई
40342	काफ़ी
40343	किस्म
40344	केंद्र
40345	गलत
40346	ग़लत
40347	गुणगान
40348	छिप
40349	ज़दा
40350	जादूगर
40351	जूक
40352	टेस्ट
40353	डियम
40354	डूब
40355	तलाश
40356	तापूर्वक
40357	तारकोल
40358	तेयार
40359	दलील
40360	दाफ़ाश
40361	दोनो
40362	धातु
40363	धू
40364	नशीन
40365	नॆट
40366	नेको
40367	नोबो
40368	न्च
40369	न्ड्रा
40370	पड़ी
40371	पदावनत
40372	परोक्ष
40373	पूल
40374	पोषक
40375	प्रत्य
40376	फर्ड
40377	फ़ोन
40378	फ़ौरन
40379	फैक्ट
40380	बचने
40381	बाक
40382	ब्लॉग
40383	भाईयों
40384	मंज़ूर
40385	मज़े
40386	मजे
40387	मसलन
40388	मांड
40389	मादर
40390	मुसीबतों
40391	याब
40392	युस
40393	य्यन
40394	रमाया
40395	रहो
40396	रिश्तों
40397	रुए
40398	रोजे
40399	रोहित
40400	लुक
40401	लून
40402	लेखनीय
40403	वफा
40404	वर्त
40405	वाइए
40406	वाइयों
40407	वाक्यांश
40408	विधि
40409	वीडियो
40410	शामिल
40411	शिरा
40412	संबंधित
40413	सम्पन्न
40414	सरे
40415	सली
40416	साइडिंग
40417	साज़
40418	सिदक
40419	सूफ
40420	सेंकेंड
40421	स्टाक
40422	स्तुस
40423	स्पेक्ट्रम
40424	हलक़
40425	हारून
40426	होकर
40427	़िम
40428	ानूस
40429	ामत
40430	ासत
40431	िज़्म
40432	िफर
40433	ूगा
40434	ैरात
40435	्काने
40436	्रेस
40437	्सेसि
40438	११
40439	२४
40440	▁$3
40441	▁124
40442	▁25,000
40443	▁Adar
40444	▁Agag
40445	▁Amariah
40446	▁Amount
40447	▁Anabaptist
40448	▁Ascent
40449	▁Atom
40450	▁Audi
40451	▁Autosave
40452	▁Balkans
40453	▁Bonzo
40454	▁Bratislava
40455	▁Bun
40456	▁Bus
40457	▁Byzantine
40458	▁CVSROOT
40459	▁Cappadocia
40460	▁Cathy
40461	▁Chester
40462	▁Condemn
40463	▁Decline
40464	▁Destiny
40465	▁Diabetes
40466	▁Dig
40467	▁Digest
40468	▁Dominant
40469	▁EXP
40470	▁Eating
40471	▁Edenic
40472	▁Electric
40473	▁Eliakim
40474	▁Elishama
40475	▁Emigrants
40476	▁Emmanuel
40477	▁Energy
40478	▁Ethan
40479	▁Exalt
40480	▁Exception
40481	▁Expansion
40482	▁FMS
40483	▁Fig
40484	▁Greg
40485	▁HANNAH
40486	▁Harris
40487	▁Hart
40488	▁Howard
40489	▁Imperial
40490	▁Instruct
40491	▁Invoke
40492	▁Joyce
40493	▁Julie
40494	▁KINGDOM
40495	▁Karaites
40496	▁Lecture
40497	▁Lima
40498	▁Literal
40499	▁Liverance
40500	▁Loose
40501	▁Lucy
40502	▁MARK
40503	▁Maula
40504	▁Maximize
40505	▁Melt
40506	▁Minimize
40507	▁Miracles
40508	▁Missed
40509	▁Monte
40510	▁Nelson
40511	▁Observer
40512	▁PROP
40513	▁Patches
40514	▁Peor
40515	▁Perspective
40516	▁Phrase
40517	▁Pollution
40518	▁Printable
40519	▁Privileges
40520	▁Produce
40521	▁Protected
40522	▁Quoted
40523	▁READ
40524	▁RSS
40525	▁Rational
40526	▁Reckoner
40527	▁Rhode
40528	▁Sahara
40529	▁Saw
40530	▁Seal
40531	▁Season
40532	▁Sergi
40533	▁Sijjin
40534	▁Spring
40535	▁Structure
40536	▁Subjection
40537	▁Taghut
40538	▁Tape
40539	▁Tie
40540	▁Tuvalu
40541	▁Urge
40542	▁Urijah
40543	▁Uzzah
40544	▁Vicinity
40545	▁Visitors
40546	▁Vocabulary
40547	▁WANT
40548	▁WELL
40549	▁Yaqoub
40550	▁[60
40551	▁abhorred
40552	▁abideth
40553	▁abrogate
40554	▁accessed
40555	▁acquisition
40556	▁addicts
40557	▁aglow
40558	▁agriculture
40559	▁alcoholism
40560	▁allegorical
40561	▁alright
40562	▁analyzed
40563	▁angrily
40564	▁architecture
40565	▁asynchronous
40566	▁bang
40567	▁batteries
40568	▁bemoan
40569	▁benevolence
40570	▁biased
40571	▁briefcase
40572	▁bubbl
40573	▁calcium
40574	▁chap
40575	▁choking
40576	▁clam
40577	▁coil
40578	▁commenced
40579	▁commune
40580	▁competing
40581	▁conservation
40582	▁contriving
40583	▁controlle
40584	▁conventional
40585	▁counterparts
40586	▁custodian
40587	▁dairy
40588	▁decency
40589	▁delaying
40590	▁denie
40591	▁derided
40592	▁derivative
40593	▁detention
40594	▁disappearing
40595	▁disfigure
40596	▁disregarding
40597	▁dreaded
40598	▁dukes
40599	▁ekiga
40600	▁elbows
40601	▁emblem
40602	▁encampment
40603	▁enticements
40604	▁entities
40605	▁evangelist
40606	▁exam
40607	▁exp
40608	▁exploded
40609	▁extraction
40610	▁faded
40611	▁fainting
40612	▁favourable
40613	▁feather
40614	▁featur
40615	▁fishers
40616	▁flax
40617	▁footprints
40618	▁forefront
40619	▁foreskin
40620	▁freeman
40621	▁genius
40622	▁gri
40623	▁grope
40624	▁growisofs
40625	▁harbinger
40626	▁hippo
40627	▁honorably
40628	▁horrific
40629	▁hybrid
40630	▁impetus
40631	▁inadvertently
40632	▁informacija
40633	▁initialized
40634	▁innate
40635	▁innovative
40636	▁insistence
40637	▁integration
40638	▁intoxicants
40639	▁irresistible
40640	▁laboratory
40641	▁lane
40642	▁leavened
40643	▁lid
40644	▁lingered
40645	▁liquor
40646	▁lovingkindness
40647	▁masculine
40648	▁matchless
40649	▁microscope
40650	▁midheaven
40651	▁monkeys
40652	▁nausea
40653	▁neem
40654	▁negotiations
40655	▁nick
40656	▁nightmare
40657	▁norms
40658	▁objections
40659	▁overflowed
40660	▁overstep
40661	▁ownself
40662	▁peanut
40663	▁pegs
40664	▁plateau
40665	▁polished
40666	▁precedence
40667	▁predator
40668	▁presided
40669	▁prim
40670	▁privation
40671	▁proffer
40672	▁profusely
40673	▁pushe
40674	▁queue
40675	▁rabbit
40676	▁rebuff
40677	▁reestablish
40678	▁reloaded
40679	▁reluctantly
40680	▁reputably
40681	▁resembled
40682	▁resented
40683	▁resigned
40684	▁respondents
40685	▁revival
40686	▁robber
40687	▁rumour
40688	▁sanctuaries
40689	▁sandy
40690	▁scoffers
40691	▁seclusion
40692	▁sensitivity
40693	▁sharply
40694	▁shipping
40695	▁shred
40696	▁silly
40697	▁slandered
40698	▁smash
40699	▁smolder
40700	▁spat
40701	▁spinning
40702	▁stabilized
40703	▁stealth
40704	▁stigma
40705	▁stoning
40706	▁strayeth
40707	▁subordinate
40708	▁temperament
40709	▁thistles
40710	▁threading
40711	▁tile
40712	▁traders
40713	▁trustworthiness
40714	▁vanishes
40715	▁vcard
40716	▁vilest
40717	▁villain
40718	▁watchfulness
40719	▁wavering
40720	▁whoredoms
40721	▁wittingly
40722	▁yarn
40723	▁yoga
40724	▁अँगूठ
40725	▁अतिपरवलय
40726	▁अनचाहे
40727	▁अपनाइए
40728	▁अमीन
40729	▁अर्नोन
40730	▁अस्ता
40731	▁आँच
40732	▁आक्षर
40733	▁आतीं
40734	▁इंडेन्टेशन
40735	▁इमेज़
40736	▁इस्तीफा
40737	▁उकताता
40738	▁उकसाएगी
40739	▁उग्र
40740	▁उठाये
40741	▁उड़ाएँ
40742	▁उपलब्धियों
40743	▁ऊँचाईः
40744	▁एडी
40745	▁एसवीजी
40746	▁ऑक्ट
40747	▁ऑपरेटर
40748	▁कंकर
40749	▁कड़ाके
40750	▁क़ब
40751	▁काश्त
40752	▁कुड़कुड़ा
40753	▁कूँच
40754	▁कैथ
40755	▁कैलि
40756	▁कॉपर
40757	▁कोढ़ियों
40758	▁कौम
40759	▁क्लोवॆस
40760	▁क्षेत्रीय
40761	▁खरोंच
40762	▁ख़ुराक
40763	▁ख़ोल
40764	▁खाँचा
40765	▁खायें
40766	▁खारे
40767	▁खींची
40768	▁खूं
40769	▁खेलकूद
40770	▁गल्ल
40771	▁गानों
40772	▁गिटार
40773	▁गिरके
40774	▁गुज़
40775	▁गुलू
40776	▁गूंज
40777	▁गेल
40778	▁गोरिल्ल
40779	▁घड़ियाँ
40780	▁घुसने
40781	▁घुसपैठ
40782	▁चट्टानें
40783	▁चढाया
40784	▁चलाऊंगा
40785	▁चलाएँगे
40786	▁चित्रकारी
40787	▁चिल्लाता
40788	▁चीं
40789	▁चुकाना
40790	▁चौब
40791	▁छपत
40792	▁छाने
40793	▁छिद
40794	▁जख्म
40795	▁जज़्बातों
40796	▁ज़मानत
40797	▁जागृति
40798	▁जानकारियाँ
40799	▁जानूं
40800	▁जिब्राईल
40801	▁जीवजन्तु
40802	▁जुतो
40803	▁जुमा
40804	▁जोड़ती
40805	▁जोसेफ
40806	▁टोकरिय
40807	▁टोकरे
40808	▁टोलियाँ
40809	▁डगमगाए
40810	▁डरूंगा
40811	▁डिट
40812	▁डॆनिस
40813	▁ड्रागो
40814	▁ड्रोन
40815	▁ढंप
40816	▁ढकना
40817	▁ढक्कन
40818	▁ढ़ूंढ़
40819	▁ढूँढें
40820	▁तकल्लुफ
40821	▁तख़्तिय
40822	▁तनहाई
40823	▁तरफदारी
40824	▁तिम्ना
40825	▁तीतु
40826	▁तैरते
40827	▁त्यागेगा
40828	▁दानिश
40829	▁धुआं
40830	▁धूए
40831	▁नग्न
40832	▁नबिया
40833	▁नागरिकता
40834	▁नापा
40835	▁नासा
40836	▁निकोल
40837	▁निगलने
40838	▁निम्नतर
40839	▁निर्भीक
40840	▁नौजवानो
40841	▁पंप
40842	▁पकड़ती
40843	▁पढ़ीं
40844	▁पत्नियो
40845	▁पहनाना
40846	▁पहिचानता
40847	▁पाइ
40848	▁पाइथन
40849	▁पारा
40850	▁पिछवाड़
40851	▁पीडीएफ़
40852	▁पूर्णरूप
40853	▁पेंशन
40854	▁पोट
40855	▁प्याल
40856	▁प्रकटीकरण
40857	▁फंसकर
40858	▁फर्ज़ी
40859	▁फोर्
40860	▁फ्रांक
40861	▁बचती
40862	▁बजने
40863	▁बतूएल
40864	▁बदनसीब
40865	▁बनाऊँ
40866	▁बनानेवाली
40867	▁बयालीस
40868	▁बरतते
40869	▁बल्ब
40870	▁बाना
40871	▁बान्धने
40872	▁बारबरा
40873	▁बारीक़
40874	▁बालो
40875	▁बिशपों
40876	▁बेगुनाह
40877	▁बेची
40878	▁बैतनिय्याह
40879	▁बोस्टन
40880	▁ब्रह्
40881	▁भुगतेगा
40882	▁भ्रष्टता
40883	▁मटक
40884	▁मनोविज्ञान
40885	▁मनोवृत्तियों
40886	▁मसजिद
40887	▁महफिल
40888	▁मासा
40889	▁मुक़र
40890	▁मुड़ना
40891	▁मुफलिस
40892	▁मॉल
40893	▁युग्म
40894	▁युसूफ
40895	▁योंही
40896	▁रखाव
40897	▁रहस्यमयी
40898	▁रास्तबाज़
40899	▁रिम्मोन
40900	▁रिले
40901	▁रॉबी
40902	▁रोगाणुओं
40903	▁लज़ीज़
40904	▁लमूएल
40905	▁लाइ
40906	▁लियो
40907	▁लेमेक
40908	▁वसूल
40909	▁वाष्प
40910	▁विज़ार्ड
40911	▁वेक्टर
40912	▁वैक्सीन
40913	▁शुद्धात्मा
40914	▁शॉर्टकट्स
40915	▁शोधकर्ताओं
40916	▁संगियों
40917	▁संसद
40918	▁सकूँगा
40919	▁सतल
40920	▁सब्ज़ियों
40921	▁समझवालो
40922	▁समरूप
40923	▁समुच्चय
40924	▁सम्भवतः
40925	▁सर्फ
40926	▁सस्ती
40927	▁सार्थक
40928	▁सिगरॆट
40929	▁सूँड
40930	▁सॆंटर
40931	▁सैंड्रा
40932	▁स्तरः
40933	▁हथेल
40934	▁हिलकिरयाह
40935	▁हुजूर
40936	▁१३९
40937	▁१९४४
40938	▁१९५८
40939	▁१९७४
40940	51
40941	80,000
40942	845
40943	AME
40944	Arafat
40945	BOTH
40946	Company
40947	Creek
40948	Display
40949	FOR
40950	Forgive
40951	GEST
40952	Georgia
40953	Gog
40954	HOR
40955	Knox
40956	LAN
40957	Mar
40958	PORT
40959	Paste
40960	Pleasant
40961	Psalm
40962	Qarnain
40963	SSL
40964	South
40965	Statusbar
40966	Teach
40967	UAL
40968	Unknown
40969	Write
40970	addressbook
40971	bearer
40972	borg
40973	boro
40974	cm
40975	desirable
40976	disable
40977	dje
40978	express
40979	float
40980	gain
40981	glorious
40982	gnore
40983	green
40984	idols
40985	ilateral
40986	irtu
40987	judge
40988	limit
40989	lpine
40990	machine
40991	moved
40992	oblast
40993	phony
40994	prince
40995	private
40996	qualified
40997	road
40998	tnam
40999	treated
41000	tribulation
41001	unicipal
41002	uspicious
41003	vil
41004	weightier
41005	widen
41006	अपराह्न
41007	अब्बा
41008	अय्याम
41009	अर्
41010	अर्ज़
41011	अर्थ
41012	आग़ाह
41013	आपसी
41014	इन्सान
41015	इफिसियों
41016	ईं
41017	उल्टे
41018	एंट
41019	ऐश
41020	कथा
41021	कदम
41022	क़र्ज़
41023	किताबें
41024	किन्तु
41025	कुमारियां
41026	क्रेब
41027	खदेड़ने
41028	ख़ते
41029	ख़त्म
41030	खोज
41031	गवाह
41032	ग़ु
41033	गुलामी
41034	गेंगे
41035	घट
41036	घोर
41037	चाए
41038	चाहते
41039	चिल्लाती
41040	छिपने
41041	जरूर
41042	ज़रिए
41043	ज़्यादातर
41044	जुलाई
41045	जेट
41046	जॉन
41047	ठहराए
41048	डार
41049	डियाँ
41050	तलवार
41051	तुच्छ
41052	तुझ
41053	तुवा
41054	थेय
41055	दरवाज़े
41056	दर्द
41057	दहका
41058	दावा
41059	दाश्त
41060	दुबारा
41061	देवता
41062	देस
41063	दोस्त
41064	नतीजे
41065	नुकसान
41066	पीआई
41067	पुष्ट
41068	पूरब
41069	पैदायशी
41070	पौधे
41071	प्टिक
41072	प्रहरीदुर्ग
41073	फ़ूर
41074	फान
41075	फूँक
41076	बढ़े
41077	बनाकर
41078	बनाने
41079	बवाल
41080	बीप
41081	बीब
41082	बीरा
41083	बेजा
41084	बेतकल्लुफ़
41085	भालने
41086	भाषा
41087	मक्खी
41088	मन्सू
41089	मसख़
41090	मामला
41091	मारना
41092	मालदीव
41093	मुत्ता
41094	योला
41095	रहूम
41096	राख़
41097	रास्त
41098	रिफ़
41099	रीआ
41100	ल्थ
41101	वारा
41102	संकट
41103	सते
41104	सामयिक
41105	सिंह
41106	सितारों
41107	सिद्दीक
41108	सिरे
41109	सूखे
41110	हाइट
41111	हिली
41112	़ड़ा
41113	ाईल
41114	ादिम
41115	ुअल
41116	ृति
41117	ॆज़
41118	ेबान
41119	ैज़ा
41120	्तियां
41121	्वाँग
41122	७५
41123	▁122
41124	▁1924
41125	▁3).
41126	▁Abuse
41127	▁Accursed
41128	▁Administration
41129	▁Adolescent
41130	▁Ahitub
41131	▁Albi
41132	▁Alias
41133	▁Allowed
41134	▁Alps
41135	▁Ammonite
41136	▁Arabah
41137	▁Arnold
41138	▁Aroer
41139	▁Assigned
41140	▁Atlas
41141	▁Aunt
41142	▁Bandya
41143	▁Binding
41144	▁Bread
41145	▁Bristol
41146	▁Budapest
41147	▁Burma
41148	▁Compatibility
41149	▁Connecticut
41150	▁Constantinople
41151	▁Copper
41152	▁Daemon
41153	▁Delilah
41154	▁Desir
41155	▁Disasters
41156	▁Drago
41157	▁EVERY
41158	▁Elements
41159	▁Everglades
41160	▁Exclude
41161	▁Fade
41162	▁Fishing
41163	▁Floyd
41164	▁Foremost
41165	▁Forsake
41166	▁Frau
41167	▁Fri
41168	▁Gem
41169	▁Gileadite
41170	▁Grab
41171	▁Graphics
41172	▁GtkSourceView
41173	▁Guy
41174	▁HTTPS
41175	▁HUMAN
41176	▁Helena
41177	▁Holly
41178	▁Hood
41179	▁Imperfect
41180	▁Invert
41181	▁Jaeger
41182	▁Jar
41183	▁Jealousy
41184	▁Jesuit
41185	▁JoAnn
41186	▁KGet
41187	▁Kala
41188	▁Kalzium
41189	▁Kids
41190	▁Kyrgyzstan
41191	▁Lynn
41192	▁Magedon
41193	▁Manuscript
41194	▁Markus
41195	▁Mature
41196	▁Meditation
41197	▁Mennonite
41198	▁Meribah
41199	▁Methodist
41200	▁NAME
41201	▁Nag
41202	▁Naḥmanides
41203	▁Nic
41204	▁Nigerian
41205	▁Normally
41206	▁Nui
41207	▁Okular
41208	▁Onesiphorus
41209	▁Ophir
41210	▁PI
41211	▁Palace
41212	▁Pergamum
41213	▁Petra
41214	▁Phoenician
41215	▁Pound
41216	▁Prisca
41217	▁Purg
41218	▁Ravensbrück
41219	▁Realistically
41220	▁Regional
41221	▁Rick
41222	▁Robin
41223	▁Scholar
41224	▁Scholars
41225	▁Scythians
41226	▁Sebastian
41227	▁Seoul
41228	▁Serious
41229	▁Smoke
41230	▁Sonia
41231	▁Specified
41232	▁Substitut
41233	▁Suggest
41234	▁Syn
41235	▁Tennessee
41236	▁Themselves
41237	▁Tiles
41238	▁UA
41239	▁Vancouver
41240	▁Verb
41241	▁Vie
41242	▁Vienna
41243	▁Wadd
41244	▁Zebedee
41245	▁Zidon
41246	▁Ziph
41247	▁abstinence
41248	▁acknowledgment
41249	▁advertised
41250	▁advisor
41251	▁affinity
41252	▁aforementioned
41253	▁aftermath
41254	▁agnostic
41255	▁albe
41256	▁almond
41257	▁amusing
41258	▁animate
41259	▁apocryphal
41260	▁apprise
41261	▁asthma
41262	▁atoning
41263	▁attested
41264	▁aur
41265	▁aviation
41266	▁bankrupt
41267	▁beautify
41268	▁bias
41269	▁blest
41270	▁bondwomen
41271	▁boundless
41272	▁breathtaking
41273	▁brimstone
41274	▁buckler
41275	▁bun
41276	▁businessmen
41277	▁cables
41278	▁calmness
41279	▁chemotherapy
41280	▁circumambulat
41281	▁cliffs
41282	▁combo
41283	▁commending
41284	▁compliance
41285	▁condescend
41286	▁cosm
41287	▁cosmetics
41288	▁courier
41289	▁craftsman
41290	▁crap
41291	▁cruise
41292	▁crumbled
41293	▁curtail
41294	▁dagger
41295	▁darling
41296	▁dazed
41297	▁dazzling
41298	▁dealers
41299	▁denot
41300	▁dev
41301	▁dispensed
41302	▁disputation
41303	▁drained
41304	▁enormity
41305	▁entrails
41306	▁erupt
41307	▁escalate
41308	▁evolutionists
41309	▁exaggeration
41310	▁exchanging
41311	▁exhaustion
41312	▁explorers
41313	▁expung
41314	▁foreordained
41315	▁gamble
41316	▁genital
41317	▁geography
41318	▁gleaned
41319	▁gloss
41320	▁golf
41321	▁gorilla
41322	▁habitual
41323	▁hailstones
41324	▁hazards
41325	▁hin
41326	▁improperly
41327	▁incorrectly
41328	▁indecisive
41329	▁indirectly
41330	▁inequality
41331	▁instigator
41332	▁integrated
41333	▁invaders
41334	▁kb
41335	▁lush
41336	▁malignant
41337	▁manufacturing
41338	▁marijuana
41339	▁masculinity
41340	▁microbes
41341	▁mourners
41342	▁mushroom
41343	▁namespace
41344	▁numeric
41345	▁obliterated
41346	▁oblivion
41347	▁occupants
41348	▁oiled
41349	▁outburst
41350	▁outcries
41351	▁overhead
41352	▁painter
41353	▁pandemic
41354	▁pathway
41355	▁pebbles
41356	▁plug
41357	▁polish
41358	▁polluting
41359	▁pummel
41360	▁pupil
41361	▁rebelliousness
41362	▁rectangles
41363	▁rectify
41364	▁recursive
41365	▁relics
41366	▁renegade
41367	▁repelling
41368	▁repenteth
41369	▁researched
41370	▁resided
41371	▁resignation
41372	▁responsibly
41373	▁ridiculous
41374	▁rocket
41375	▁roe
41376	▁rubble
41377	▁sac
41378	▁sanitation
41379	▁satisfactory
41380	▁sharper
41381	▁shattering
41382	▁shelf
41383	▁skeleton
41384	▁sparkle
41385	▁sparrow
41386	▁sponge
41387	▁stitch
41388	▁strategic
41389	▁superb
41390	▁supervised
41391	▁sura
41392	▁surf
41393	▁suspension
41394	▁symptom
41395	▁textbox
41396	▁tidy
41397	▁torrential
41398	▁trainer
41399	▁transparent
41400	▁trifle
41401	▁tub
41402	▁tumbled
41403	▁turtledove
41404	▁unavoidable
41405	▁undeniable
41406	▁undiminished
41407	▁unfairly
41408	▁unpai
41409	▁unrestrained
41410	▁unsuccessfully
41411	▁vale
41412	▁vitamins
41413	▁volcanoes
41414	▁wielded
41415	▁wring
41416	▁yeh
41417	▁zoomed
41418	▁अंडरस्
41419	▁अगम
41420	▁अगुआ
41421	▁अग्रभूमि
41422	▁अनुमापन
41423	▁अन्तर्दृष्ट
41424	▁अपरि
41425	▁अभिलेखित
41426	▁अम्राम
41427	▁असेंबल
41428	▁आनन्ददायक
41429	▁आरक्षित
41430	▁आवेश
41431	▁इंस्टिट्यूट
41432	▁इत्तै
41433	▁इल्
41434	▁ईरान
41435	▁उजड
41436	▁उन्ह
41437	▁उपजात
41438	▁उभारो
41439	▁ऐप्लेट
41440	▁ऑक्स
41441	▁औहद
41442	▁कंप
41443	▁कतरवा
41444	▁कमाओगे
41445	▁कमिटी
41446	▁कम्युनिस्ट
41447	▁कलाकारों
41448	▁कल्प
41449	▁क़ाब
41450	▁कांगो
41451	▁काउंटर
41452	▁किनार
41453	▁किर्यत्यारीम
41454	▁कुरेद
41455	▁कुहरा
41456	▁कूड़े
41457	▁कूदने
41458	▁कैप्चर
41459	▁कैरन
41460	▁कॉनस्ट
41461	▁कॉर्
41462	▁क्षमारहित
41463	▁खदेड़ा
41464	▁ख़म
41465	▁खिंचकर
41466	▁खिड़कियां
41467	▁खिलाकर
41468	▁खीचें
41469	▁गठ
41470	▁गलीली
41471	▁गवैय
41472	▁गुनाहो
41473	▁गुफाओं
41474	▁गेम्स
41475	▁गेरा
41476	▁गेस्टापो
41477	▁ग्रीनलैंड
41478	▁ग्रेडिएंट
41479	▁घटाया
41480	▁घूंघट
41481	▁चमकेंगे
41482	▁चराओ
41483	▁चाहूं
41484	▁चिढ़ने
41485	▁चीफ
41486	▁चुनेंगे
41487	▁चूहों
41488	▁चौप
41489	▁छांटने
41490	▁छुट्ट
41491	▁छोकर
41492	▁जनजाति
41493	▁ज़िद्दी
41494	▁ज़िम्मेवार
41495	▁ज़ूक
41496	▁जिग
41497	▁जुज़
41498	▁जूनियर
41499	▁जोड़नेवाला
41500	▁जोहना
41501	▁ज़्यादा
41502	▁झगडे
41503	▁झेंपत
41504	▁झोपड़ी
41505	▁टटक
41506	▁टर्न
41507	▁टेम्पलटन
41508	▁ठौर
41509	▁डिग्रीज़
41510	▁डिस
41511	▁डैनी
41512	▁डोंगी
41513	▁ढकेले
41514	▁ढेल
41515	▁तन्द
41516	▁थेम्स
41517	▁दुष्प्रयोग
41518	▁देवों
41519	▁दैनिकी
41520	▁धमनी
41521	▁धुल
41522	▁निष्पादित
41523	▁नेवता
41524	▁न्योता
41525	▁पंजी
41526	▁पटर
41527	▁पथप्रदर्श
41528	▁पलायन
41529	▁पहनें
41530	▁पाठ्यां
41531	▁पिछड़
41532	▁पियर
41533	▁पिरगमुन
41534	▁पीसी
41535	▁पुछल्ल
41536	▁पेरेस
41537	▁पॉलीग्लाट
41538	▁प्रण
41539	▁प्रतिध्वनित
41540	▁प्रविष्टियाँ
41541	▁प्रसारण
41542	▁प्रहरी
41543	▁प्रोसेस
41544	▁फरमाएँगे
41545	▁फलदायी
41546	▁फलेगा
41547	▁फ़ै
41548	▁फारसियों
41549	▁फीक
41550	▁फैलाई
41551	▁बकने
41552	▁बढ़त
41553	▁बत्तख
41554	▁बनेगी
41555	▁बन्दरगाह
41556	▁बरतें
41557	▁बरसनेवाला
41558	▁बलव
41559	▁बांटा
41560	▁बिज्जू
41561	▁बूटियाँ
41562	▁बेऐब
41563	▁बेगारी
41564	▁बैंगनी
41565	▁ब्रिटानिका
41566	▁ब्रुश
41567	▁ब्लै
41568	▁भिड़ा
41569	▁भुल
41570	▁भूमिकाएँ
41571	▁भेंटें
41572	▁महाराज
41573	▁महिना
41574	▁महिलाएँ
41575	▁माद
41576	▁मिटती
41577	▁मिनिस्ट्र
41578	▁मुंड़ा
41579	▁मुंबई
41580	▁मुकद्दस
41581	▁मुलाज़िम
41582	▁मैथुन
41583	▁यंत्रों
41584	▁यऊ
41585	▁यूए
41586	▁रटा
41587	▁रपाई
41588	▁रवी
41589	▁रसोईघर
41590	▁रिएक्टर
41591	▁रियाल
41592	▁रीडर
41593	▁रीडिंग
41594	▁रुला
41595	▁रूका
41596	▁रॉनी
41597	▁लगूँ
41598	▁लतीफ
41599	▁लपेटने
41600	▁लुढ़क
41601	▁लुभानेवाली
41602	▁लेक्स
41603	▁लेखपत्र
41604	▁लेनेवाली
41605	▁वारदातें
41606	▁विनयशील
41607	▁विभेदन
41608	▁वैनीला
41609	▁वॉल्शी
41610	▁व्यंजन
41611	▁शालीनता
41612	▁शिला
41613	▁शैलियाँ
41614	▁सँभालना
41615	▁सँवारता
41616	▁संकीर्ण
41617	▁संघर्षों
41618	▁संप्रदाय
41619	▁संस्थापक
41620	▁सज्जित
41621	▁सठिया
41622	▁सभ्य
41623	▁समन्वय
41624	▁सम्भल
41625	▁सर्द
41626	▁सर्वरः
41627	▁साक्षीपत्र
41628	▁सादी
41629	▁सुपुर्द
41630	▁सुहावने
41631	▁सून
41632	▁सेनेगल
41633	▁सौम्य
41634	▁स्क्रिपचर्स
41635	▁स्पिन
41636	▁स्पैरो
41637	▁हँसाता
41638	▁हमजोल
41639	▁हाक
41640	▁हिमशैल
41641	▁हुक्का
41642	▁हूई
41643	▁हूला
41644	▁१९८२
41645	▁६९
41646	▁७८
41647	◯
41648	41
41649	650
41650	750
41651	@%
41652	Again
41653	BELL
41654	BLOCK
41655	Bug
41656	Fri
41657	Hour
41658	Later
41659	MF
41660	Mak
41661	Mim
41662	Minimal
41663	NTSC
41664	Nation
41665	Pago
41666	Peter
41667	Pop
41668	RED
41669	Report
41670	Shift
41671	Stamp
41672	Subscribe
41673	Sweetheart
41674	Ta
41675	Train
41676	Uzair
41677	Vile
41678	Vol
41679	Yakut
41680	agan
41681	amo
41682	beat
41683	bhar
41684	cija
41685	commit
41686	cond
41687	cub
41688	dian
41689	disc
41690	display
41691	eye
41692	fetched
41693	fil
41694	fou
41695	grain
41696	haled
41697	husband
41698	hwa
41699	igur
41700	ihah
41701	include
41702	leave
41703	lived
41704	lving
41705	mask
41706	milk
41707	module
41708	parallel
41709	please
41710	pond
41711	rchaeological
41712	register
41713	reserving
41714	rmo
41715	separated
41716	setups
41717	someone
41718	stronomical
41719	sum
41720	superior
41721	third
41722	treasure
41723	txt
41724	vain
41725	whatever
41726	ँऊ
41727	अज्ज़ि
41728	अबू
41729	अमानत
41730	अलहाएदा
41731	अलार्म
41732	अशुद्ध
41733	असा
41734	आफत
41735	आमद
41736	आसिया
41737	आहा
41738	इज्ज़तदार
41739	इत्तिला
41740	इत्तेफ़ाक़
41741	इनमें
41742	इनायत
41743	इन्ते
41744	इन्शा
41745	इब्तेद
41746	इल्ज़ाम
41747	उजड़े
41748	उतरा
41749	उमड़
41750	उम्मत
41751	उलमा
41752	उसूल
41753	कष्ट
41754	कसाए
41755	क़तआ
41756	क़दीमी
41757	क़ब्ल
41758	क़ाफिर
41759	क़िब
41760	क़ो
41761	कातिब
41762	काफिर
41763	काया
41764	किस्सा
41765	कुढ़ो
41766	कुलसूम
41767	केराम
41768	क्षु
41769	ख़च
41770	ख़तेलाफ
41771	ख़न्दक़
41772	ख़राबी
41773	ख़रीदो
41774	ख़िलाफ
41775	ख़िलाफ़
41776	ख़ुदाए
41777	ख़ुसूसन
41778	ख़ौफनाक
41779	खाएगें
41780	खुदाए
41781	खुलासा
41782	ख्तेयार
41783	ग़ज़ब
41784	ग़ुस्ल
41785	ग़ैबी
41786	गिरोह
41787	गीले
41788	गुनाहगार
41789	गुबार
41790	गोश्त
41791	घंटी
41792	घटाटोप
41793	चीज़ों
41794	चुपड़ी
41795	छूट
41796	जज़ा
41797	जन्म
41798	जहाँन
41799	ज़रुरत
41800	ज़हार
41801	ज़ुलेख़ा
41802	जामिन
41803	जिबर
41804	जिला
41805	जैसी
41806	टकटकी
41807	टियॉ
41808	डिग
41809	डूबने
41810	तबली
41811	तवक्क
41812	तसनीम
41813	तस्लीम
41814	तादाद
41815	ताल्लुक़ात
41816	तुम्हे
41817	दरोग़
41818	दलाएल
41819	दिखाने
41820	दिलाओ
41821	दूत
41822	द्दू
41823	धन्यवाद
41824	धार्मिक
41825	धुएँ
41826	धेरों
41827	धौंकते
41828	नागहा
41829	नाशुक्र
41830	निशान
41831	नुबूवत
41832	नेअमतें
41833	नेकों
41834	पकड़ो
41835	पढ़ाने
41836	पत्थरों
41837	परवरदिगार
41838	परवरिश
41839	परेशॉ
41840	पोतों
41841	प्रलय
41842	प्रीफेक्चर
41843	फरज़न्द
41844	फरमाबरदार
41845	फर्ज़
41846	फर्ज़ी
41847	फलॉ
41848	फसल
41849	फ़क्त
41850	फ़रमाया
41851	फ़राग
41852	फ़िला
41853	फ़िले
41854	फाक़
41855	फुँ
41856	फैलाव
41857	बख़ील
41858	बजाए
41859	बदकार
41860	बदर
41861	बदे
41862	बरबाद
41863	बसर
41864	बसे
41865	बहुतेर
41866	बिलकुल
41867	बिलग़रज़
41868	बुलाने
41869	बेकस
41870	बेतकल्लुफ
41871	बेहश्ती
41872	ब्बुर
41873	भरा
41874	भुन
41875	मंज़िले
41876	मक़बूल
41877	मकाना
41878	मख़लूक
41879	मजबूरन
41880	मदीन
41881	मदीना
41882	मनकूला
41883	मरतबा
41884	मसलह
41885	मसलहत
41886	माअ
41887	माइग्रेन
41888	माईश
41889	माबूदों
41890	मिंग
41891	मुख़ालफ़त
41892	मुनाफ़िक़ों
41893	मुनाफिक़ो
41894	मुब्तिला
41895	मुशर
41896	मुशरिकों
41897	मेक
41898	मेहर
41899	मोहाजेरीन
41900	मौऊद
41901	मौजिज़ा
41902	यतीम
41903	यहां
41904	याचल
41905	रहीम
41906	राअना
41907	राइट
41908	रिज़क
41909	रियाकार
41910	रिसालत
41911	रूस्त
41912	र्ख़
41913	लज्ज़
41914	लड़को
41915	लाँए
41916	लानी
41917	लिवर
41918	लॆट
41919	लैम
41920	ल्लंघन
41921	वन्दा
41922	वादार
41923	वायदा
41924	वासपात्र
41925	व्वाल
41926	शफ़क्क़त
41927	शाए
41928	शादाब
41929	शारीरिक
41930	शोभनीय
41931	शौहर
41932	संपीडित
41933	सक़र
41934	सग़ीरा
41935	सबब
41936	समंजित
41937	समझता
41938	सम्पूर्ण
41939	सलीस
41940	सानी
41941	सिवाय
41942	स्तगार
41943	स्पेन
41944	हक़ीकतन
41945	हकाए
41946	हरग़िज
41947	हश्त
41948	हसद
41949	हाएल
41950	हाजत
41951	हानी
41952	हाबील
41953	हार्ट
41954	हिजर
41955	हुब
41956	हैरत
41957	हैवान
41958	़लाल
41959	़ानू
41960	़ायम
41961	़ून
41962	़ैबर
41963	ाँढ़
41964	ाएँगें
41965	ाएक़
41966	ाक़त
41967	ाबत
41968	ारगुज़ारिय
41969	िंदा
41970	ितु
41971	िफाक़
41972	ियाह
41973	िलावत
41974	ीरत
41975	ीरियल
41976	ुंज
41977	ुतमा
41978	ुर्ज़
41979	ुलक़रनैन
41980	ुशनूदी
41981	ॆस्ट
41982	ेनस
41983	ेशगी
41984	ैदिया
41985	ैनी
41986	्टिन
41987	्तग़फ
41988	्ताव
41989	्त्वपूर्ण
41990	्दा
41991	्नून
41992	्मन
41993	३५
41994	९३
41995	▁117
41996	▁2:112).
41997	▁60,000
41998	▁ARCHIVE
41999	▁Afghanistan
42000	▁Ahimaaz
42001	▁Ahmad
42002	▁Americana
42003	▁Aram
42004	▁Areopagus
42005	▁Ashkelon
42006	▁Assistance
42007	▁Attempt
42008	▁Bengal
42009	▁Brice
42010	▁Builder
42011	▁CSS
42012	▁Calf
42013	▁Capture
42014	▁Carefully
42015	▁Carta
42016	▁Cathari
42017	▁Chair
42018	▁Charity
42019	▁Cit
42020	▁Colonel
42021	▁Commentary
42022	▁Dam
42023	▁Danny
42024	▁Dave
42025	▁Detected
42026	▁Division
42027	▁Duke
42028	▁END
42029	▁Earthquake
42030	▁Eduardo
42031	▁Emil
42032	▁Enemies
42033	▁Enlightenment
42034	▁Euro
42035	▁Extraction
42036	▁FUEISHA
42037	▁Finnish
42038	▁Fleet
42039	▁GIVE
42040	▁Giant
42041	▁Glen
42042	▁Grieve
42043	▁HOME
42044	▁Hashabiah
42045	▁Herakles
42046	▁Hospitality
42047	▁Hostname
42048	▁Huguenots
42049	▁Innocent
42050	▁Inspect
42051	▁Inspector
42052	▁Interlinear
42053	▁Jami
42054	▁Jang
42055	▁Jeduthun
42056	▁Jubilee
42057	▁Kathi
42058	▁Kazakhstan
42059	▁Keith
42060	▁Kenneth
42061	▁Kent
42062	▁Kentucky
42063	▁Lane
42064	▁Loyally
42065	▁Lucas
42066	▁Maacah
42067	▁Magna
42068	▁Messi
42069	▁Michigan
42070	▁Mizpeh
42071	▁Montreal
42072	▁Motty
42073	▁Mé
42074	▁Namespace
42075	▁Naples
42076	▁Niño
42077	▁Objective
42078	▁Overcome
42079	▁Oxygen
42080	▁PROV
42081	▁Parsing
42082	▁Percent
42083	▁Pharisaic
42084	▁Pisidia
42085	▁Plague
42086	▁Political
42087	▁Reasoning
42088	▁Receiver
42089	▁Rejecters
42090	▁Revolution
42091	▁Rita
42092	▁Safa
42093	▁Sanctuary
42094	▁Sanja
42095	▁Saudi
42096	▁Shealtiel
42097	▁Singleness
42098	▁Sirius
42099	▁Soldier
42100	▁Sorted
42101	▁Spouse
42102	▁Steel
42103	▁Stephanie
42104	▁Stopped
42105	▁Stretch
42106	▁Strict
42107	▁Supply
42108	▁Sustained
42109	▁Temptation
42110	▁Testimony
42111	▁Traffic
42112	▁Trip
42113	▁Tuvaluan
42114	▁UNESCO
42115	▁UNIX
42116	▁Uruguay
42117	▁Uzziel
42118	▁Vice
42119	▁Victims
42120	▁Waste
42121	▁Wickedness
42122	▁Willingly
42123	▁Writable
42124	▁Zophar
42125	▁[300
42126	▁ab
42127	▁abasing
42128	▁activists
42129	▁adept
42130	▁admonisher
42131	▁affordable
42132	▁allergies
42133	▁allude
42134	▁analyse
42135	▁ancestress
42136	▁annoying
42137	▁artwork
42138	▁aunty
42139	▁awakening
42140	▁banishment
42141	▁bask
42142	▁betroth
42143	▁birdcatcher
42144	▁bleach
42145	▁brilliance
42146	▁brim
42147	▁busi
42148	▁buzz
42149	▁bypass
42150	▁cabin
42151	▁candidly
42152	▁candy
42153	▁caregivers
42154	▁carriage
42155	▁ceasing
42156	▁cemetery
42157	▁cereal
42158	▁chaotic
42159	▁charter
42160	▁chin
42161	▁chronological
42162	▁chunk
42163	▁citations
42164	▁clipping
42165	▁completeness
42166	▁comprehended
42167	▁conqueror
42168	▁conquerors
42169	▁contingent
42170	▁convent
42171	▁crippled
42172	▁cube
42173	▁darkens
42174	▁debar
42175	▁deficient
42176	▁degenerate
42177	▁depreciation
42178	▁depriv
42179	▁disregardful
42180	▁distinguishe
42181	▁divining
42182	▁downtrodden
42183	▁draweth
42184	▁dries
42185	▁dude
42186	▁dyed
42187	▁ejected
42188	▁ensur
42189	▁exhaust
42190	▁exhausting
42191	▁factual
42192	▁fading
42193	▁falsifiers
42194	▁fathom
42195	▁fattened
42196	▁feasible
42197	▁firing
42198	▁fisherman
42199	▁foreknow
42200	▁forenoon
42201	▁fornicatress
42202	▁fulness
42203	▁gadget
42204	▁genealogies
42205	▁glove
42206	▁glutton
42207	▁gnaw
42208	▁graft
42209	▁grandeur
42210	▁hallmark
42211	▁handwritten
42212	▁harbour
42213	▁housework
42214	▁hundredfold
42215	▁idolize
42216	▁impalement
42217	▁innovation
42218	▁instinctively
42219	▁intersection
42220	▁irrelevant
42221	▁jerk
42222	▁keywords
42223	▁kindnesses
42224	▁lustfully
42225	▁magnificence
42226	▁marginal
42227	▁massacres
42228	▁meanest
42229	▁membrane
42230	▁mentality
42231	▁mice
42232	▁mirth
42233	▁misleader
42234	▁murmurers
42235	▁nano
42236	▁newcomers
42237	▁newsletter
42238	▁nonexistent
42239	▁nonpriest
42240	▁noonday
42241	▁nullify
42242	▁obliterate
42243	▁oppressing
42244	▁ounces
42245	▁outbursts
42246	▁patriotic
42247	▁pavilions
42248	▁perishable
42249	▁permissible
42250	▁pervade
42251	▁phoned
42252	▁pointedly
42253	▁poisoned
42254	▁principled
42255	▁prized
42256	▁probable
42257	▁profiteth
42258	▁purest
42259	▁qualifies
42260	▁quicker
42261	▁radioactive
42262	▁rallie
42263	▁reclaim
42264	▁recounting
42265	▁reel
42266	▁regulation
42267	▁relaxing
42268	▁reminisce
42269	▁repress
42270	▁respectable
42271	▁revelries
42272	▁reverting
42273	▁roasting
42274	▁rumbling
42275	▁scientifically
42276	▁scorpions
42277	▁selfishly
42278	▁shaving
42279	▁sheweth
42280	▁shroud
42281	▁silenced
42282	▁sinking
42283	▁slash
42284	▁smashed
42285	▁spilled
42286	▁spurr
42287	▁statesman
42288	▁summarize
42289	▁superscription
42290	▁suppressing
42291	▁suspend
42292	▁tarnish
42293	▁therapist
42294	▁thwarted
42295	▁tiredness
42296	▁traditionally
42297	▁tranquility
42298	▁troubadour
42299	▁unbearable
42300	▁understandably
42301	▁unw
42302	▁utilize
42303	▁vertex
42304	▁vitamin
42305	▁vocation
42306	▁wane
42307	▁workshop
42308	▁अंबार
42309	▁अकबर
42310	▁अक़सा
42311	▁अक़ीद
42312	▁अक्खड़पन
42313	▁अतराफ
42314	▁अथ
42315	▁अदार
42316	▁अनक़री
42317	▁अन्यजातिया
42318	▁अपके
42319	▁अपारिभाषित
42320	▁अबीराम
42321	▁अरस्तू
42322	▁अल्पकाल
42323	▁अल्फाज़
42324	▁अहीतूब
42325	▁आइली
42326	▁आख़
42327	▁आदान
42328	▁आफ
42329	▁इंटरफ़ेस
42330	▁इंद्र
42331	▁इंस्पेक्टर
42332	▁इख़तेलाफ
42333	▁इतमिनान
42334	▁इत्तेफ़ाक़
42335	▁इलाहा
42336	▁इसप्रकार
42337	▁इस्ते
42338	▁ईशबोशेत
42339	▁उकाबों
42340	▁उत्तरजीवियों
42341	▁उत्पीड़क
42342	▁उत्सर्जन
42343	▁उद्य
42344	▁उमण्ड
42345	▁ऌन्
42346	▁एख़
42347	▁एख्ति
42348	▁एप्रैमी
42349	▁एबेदमेलेक
42350	▁ऑर्किड
42351	▁कचो
42352	▁कड़का
42353	▁कतराएगा
42354	▁कम्पनी
42355	▁कम्बख्तों
42356	▁कहलानेवाले
42357	▁क़त
42358	▁क़तरा
42359	▁क़दीम
42360	▁क़रीन
42361	▁क़लील
42362	▁क़ह
42363	▁क़ात
42364	▁क़ाबि
42365	▁क़िब्ती
42366	▁क़िब्ल
42367	▁क़ुछ
42368	▁क़ुन
42369	▁कातने
42370	▁कामनाएँ
42371	▁कारगुज़ार
42372	▁कार्यकर्ताओं
42373	▁किनाराकश
42374	▁किनाराकशी
42375	▁किलिकिया
42376	▁कुढ़े
42377	▁कुर्ब
42378	▁केटीटीएसडी
42379	▁कैथोलिकों
42380	▁कैसेट
42381	▁कॉमन
42382	▁कोज्या
42383	▁क्रांतिकारी
42384	▁खपत
42385	▁ख़ताकार
42386	▁ख़या
42387	▁ख़़ुश्क
42388	▁ख़ामयाजे
42389	▁ख़ुल्ल
42390	▁ख़ू
42391	▁खूँरेज़
42392	▁ख्वा
42393	▁गंभीरतापूर्वक
42394	▁गणक
42395	▁गल्ले
42396	▁ग़रज
42397	▁ग़ाएब
42398	▁ग़ुल
42399	▁ग़ोता
42400	▁गिरो
42401	▁गिर्दो
42402	▁गुज़ारने
42403	▁गुनगुना
42404	▁गुमराहो
42405	▁ग्रंथ
42406	▁ग्रामोफोन
42407	▁ग्रू
42408	▁ग्रेस
42409	▁ग्वाटेमाला
42410	▁घटाटोप
42411	▁घसीटेंगे
42412	▁चखाएँगें
42413	▁चालबाज़
42414	▁चूरा
42415	▁छूटकर
42416	▁जक
42417	▁जनसमूह
42418	▁जलाशयों
42419	▁ज़जीर
42420	▁ज़द
42421	▁ज़ाहिद
42422	▁ज़ॆनोबीया
42423	▁ज़ेर
42424	▁ज़ेह
42425	▁ज़ोहर
42426	▁जाएगे
42427	▁जाएॅगे
42428	▁जाहिलो
42429	▁जिया
42430	▁जीवधारियों
42431	▁जुलकिफ
42432	▁जेकब
42433	▁जॉनसन
42434	▁ज्यॉर्जियाई
42435	▁झूक
42436	▁झूठलानेवाल
42437	▁टाउन
42438	▁टिकिया
42439	▁टोरोन्टो
42440	▁ठुकराए
42441	▁डाँटा
42442	▁डांटा
42443	▁डिसकनेक्टेड
42444	▁डेर
42445	▁डेवलपर्स
42446	▁ढूँढना
42447	▁तदबीरकर
42448	▁तय्य
42449	▁तरंगों
42450	▁तरकारी
42451	▁तलबगार
42452	▁तवक्क
42453	▁तवक्क़
42454	▁तवाफ
42455	▁तहक़ीक़
42456	▁तहीती
42457	▁ताख़ीर
42458	▁ताबड़
42459	▁तूफ़ानी
42460	▁थकन
42461	▁थकावट
42462	▁थपेड़
42463	▁थैले
42464	▁दयाशील
42465	▁दर्शा
42466	▁दाए
42467	▁दातान
42468	▁दिनचर्या
42469	▁दिलाएँगे
42470	▁दीपकों
42471	▁देखूं
42472	▁दोगुन
42473	▁द्विचर
42474	▁नज़ारों
42475	▁नवास
42476	▁नशीन
42477	▁नसरान
42478	▁नहीें
42479	▁नाबीना
42480	▁नाशवान
42481	▁निराशावादी
42482	▁निष्ठावान्
42483	▁नीन्यो
42484	▁नुस्खे
42485	▁नेकीकार
42486	▁पटुक
42487	▁पडेग़
42488	▁परखता
42489	▁परखें
42490	▁परगमन
42491	▁परछाइयाँ
42492	▁परतें
42493	▁परहेज़गारो
42494	▁परिक्रमण
42495	▁परोसा
42496	▁पलटाया
42497	▁पहँचेगी
42498	▁पहनता
42499	▁पहलौठा
42500	▁पहिनाए
42501	▁पहिया
42502	▁पाउलू
42503	▁पाखंड
42504	▁पार्श्
42505	▁पावन
42506	▁पिंडलिय
42507	▁पिस्तौल
42508	▁पीटेंगे
42509	▁पूंछो
42510	▁पैंतालीस
42511	▁पैग़म्बरान
42512	▁पॉच
42513	▁पोती
42514	▁पौंड
42515	▁प्रक्रियाओं
42516	▁प्रक्षेप
42517	▁प्रभा
42518	▁प्रवर्त
42519	▁फँ
42520	▁फक़
42521	▁फरमाएग
42522	▁फरमाय
42523	▁फर्म
42524	▁फहम
42525	▁फ़िरेग
42526	▁फाउंडेशन
42527	▁फितन
42528	▁फिनिश
42529	▁फॉन्ट
42530	▁फोड़े
42531	▁बंदो
42532	▁बग़ैरह
42533	▁बताऊँगा
42534	▁बनाऊ
42535	▁बर्कले
42536	▁बर्जिल्लै
42537	▁बल्क
42538	▁बशारत
42539	▁बहेलिय
42540	▁बाउ
42541	▁बाबुलीय
42542	▁बिनत
42543	▁बिलखना
42544	▁बिस्मिल्ला
42545	▁बुझकर
42546	▁बुतो
42547	▁बुद्ध
42548	▁बुर्ज़ग
42549	▁बुर्ज़ुगों
42550	▁बुर्जुग
42551	▁बुर्जुग़ों
42552	▁बुलूग
42553	▁बेअसर
42554	▁बेकस
42555	▁बेरोक
42556	▁बैतुलमुक़द्दस
42557	▁भटकाए
42558	▁भविष्यद्ववाण
42559	▁भिगो
42560	▁भेंजे
42561	▁मख़लूक़
42562	▁मग़
42563	▁मज
42564	▁मतदान
42565	▁मनभात
42566	▁मशव
42567	▁महनैम
42568	▁माअरफ़त
42569	▁मागँ
42570	▁मामलात
42571	▁मारीआ
42572	▁मालूल
42573	▁मिल्लत
42574	▁मीरा
42575	▁मुख़लिस
42576	▁मुख़ालफ
42577	▁मुख़ालिफ
42578	▁मुख़ालिफ़
42579	▁मुज़तर
42580	▁मुजा
42581	▁मुटाव
42582	▁मुतम
42583	▁मुती
42584	▁मुनाफिक
42585	▁मुन्ति
42586	▁मुफ़सिद
42587	▁मुबत
42588	▁मुबितला
42589	▁मुहा
42590	▁मृतजन
42591	▁मेल्कीसेदेक
42592	▁मोअज़
42593	▁मोजिज़ा
42594	▁मोड़ना
42595	▁मोमिनो
42596	▁मोरे
42597	▁मोहताजो
42598	▁मौजिज़
42599	▁याक़ू
42600	▁यूगनॉट
42601	▁यूनिक्स
42602	▁योहान
42603	▁रफ्त
42604	▁रशिया
42605	▁राइन्द
42606	▁राष्ट्रवाद
42607	▁रुज
42608	▁रूखा
42609	▁रूढ़
42610	▁रूबरा
42611	▁रूहुलक
42612	▁रूहें
42613	▁रोप
42614	▁लपेटे
42615	▁लरज़
42616	▁लहसुन
42617	▁लाइफ
42618	▁लाइबेरिया
42619	▁लाएँगी
42620	▁लिपिक
42621	▁लिल्लाह
42622	▁लीमा
42623	▁लैपटॉप
42624	▁लौन
42625	▁वक़त
42626	▁वाक़य
42627	▁वाक़ेया
42628	▁वाही
42629	▁विलियम्स
42630	▁शऊर
42631	▁शतक
42632	▁शब्दकोष
42633	▁शरीको
42634	▁शायाँ
42635	▁शिनाख
42636	▁संस्थानों
42637	▁सआदत
42638	▁सक्रीय
42639	▁सख़
42640	▁सज़द
42641	▁सफ
42642	▁सबक़त
42643	▁समकालीन
42644	▁समलिंगकामुकता
42645	▁सरगर
42646	▁सरग़ोश
42647	▁सरगिरद
42648	▁सरदीस
42649	▁सल्म
42650	▁सांकल
42651	▁साक्षात्कार
42652	▁सालिम
42653	▁सिंक्रोनाइज
42654	▁सिदर
42655	▁सिरजा
42656	▁सिलाई
42657	▁सीएसएस
42658	▁सीचे
42659	▁सीनीन
42660	▁सीमो
42661	▁सुपारी
42662	▁सुराख
42663	▁सूखने
42664	▁सैंट
42665	▁सैंडविच
42666	▁स्टैन
42667	▁हकीक़
42668	▁हटेगा
42669	▁हडड
42670	▁हडिडयाँ
42671	▁हण्ड
42672	▁हराया
42673	▁हव
42674	▁हान्स
42675	▁हाबील
42676	▁हारिस
42677	▁हिन्दू
42678	▁हुकूक
42679	▁हेमान
42680	▁हौव्वा
42681	▁़ज़िब
42682	▁१९२२
42683	▁१९५९
42684	2000
42685	239
42686	620
42687	ASCII
42688	Appointment
42689	Bangkok
42690	Better
42691	Contact
42692	Counterclockwise
42693	EMBER
42694	European
42695	Evil
42696	FIND
42697	Frequency
42698	Guard
42699	Husbands
42700	Indianapolis
42701	Lagos
42702	Memos
42703	Metadata
42704	Mutt
42705	Observe
42706	PHONE
42707	SCREAMS
42708	Short
42709	Switch
42710	THOUGH
42711	Three
42712	Thule
42713	Tick
42714	VING
42715	Walk
42716	White
42717	Winnipeg
42718	abstain
42719	cannot
42720	care
42721	carry
42722	condition
42723	crop
42724	die
42725	discipline
42726	handled
42727	hm
42728	inimal
42729	ink
42730	iph
42731	ičn
42732	kha
42733	kom
42734	libis
42735	lik
42736	nclude
42737	nih
42738	nticipating
42739	ools
42740	original
42741	ourselves
42742	oux
42743	pana
42744	possible
42745	rush
42746	satan
42747	script
42748	semble
42749	seminal
42750	severe
42751	signed
42752	since
42753	stripping
42754	till
42755	versed
42756	whether
42757	अदृश्
42758	अलबता
42759	असैना
42760	इये
42761	इसम
42762	उत्पीड़न
42763	कहेगा
42764	क़िलों
42765	क्रीक
42766	गाद
42767	चेलों
42768	ज़ली
42769	जाती
42770	जिन्न
42771	ज्वाला
42772	टायर
42773	टॉल
42774	ठहरकर
42775	डिथ
42776	तहीतियन
42777	तारा
42778	तालियां
42779	तीव्र
42780	तुमपर
42781	त्पादक
42782	दुराग्रह
42783	दुल
42784	दूसरो
42785	धुतकार
42786	नमाज
42787	निखारता
42788	निन
42789	न्दे
42790	पढ़ी
42791	पूर्वावलोकनः
42792	पॉस
42793	प्रदान
42794	प्रेस
42795	फिश
42796	बच्चा
42797	बढ़िया
42798	बराहीम
42799	बहाने
42800	बहीरा
42801	बाँ
42802	बिछौना
42803	बेरियाँ
42804	बैतुल
42805	मन्नत
42806	मशअर
42807	मसानी
42808	महीनों
42809	माटी
42810	मारटीन
42811	मिनि
42812	मुज
42813	मुनाफ़िक़ो
42814	मुबारक
42815	मुहताजों
42816	मोआ
42817	योक्
42818	रक़ान
42819	राइना
42820	र्ग्रस्त
42821	लम्बी
42822	लोंग
42823	वभ
42824	वर्धक
42825	वशक्
42826	वसीला
42827	वाड
42828	विपत्ति
42829	वॉल्ड
42830	व्यवहार
42831	समि
42832	सुथरी
42833	स्थि
42834	स्मा
42835	हानि
42836	हारी
42837	ाइका
42838	ाइटिस
42839	ानून
42840	ीयॉ
42841	ुज़द
42842	ुन्द
42843	ुन्ना
42844	्डियाँ
42845	्यि
42846	▁(18
42847	▁165
42848	▁AUSTRALIA
42849	▁Aborigines
42850	▁Across
42851	▁Alphonse
42852	▁Anita
42853	▁Autocomplete
42854	▁Autocompletion
42855	▁Avenger
42856	▁Bahrain
42857	▁Belarus
42858	▁Bonobo
42859	▁Burner
42860	▁Cassie
42861	▁Clothe
42862	▁Communicat
42863	▁Compar
42864	▁Confidential
42865	▁Conic
42866	▁Cooperation
42867	▁Correction
42868	▁Cup
42869	▁DESIGNED
42870	▁Debir
42871	▁Deceiver
42872	▁Demons
42873	▁Diligent
42874	▁Discouragement
42875	▁Div
42876	▁Ebal
42877	▁Entity
42878	▁Erika
42879	▁Expert
42880	▁FOL
42881	▁Fasting
42882	▁Financial
42883	▁Flex
42884	▁Flower
42885	▁GENE
42886	▁GPL
42887	▁Gadites
42888	▁Gang
42889	▁Gaz
42890	▁Georg
42891	▁Gerar
42892	▁Geshur
42893	▁Gott
42894	▁Gross
42895	▁Hadadezer
42896	▁Hair
42897	▁Handling
42898	▁Harut
42899	▁Heading
42900	▁Herein
42901	▁Hiccup
42902	▁Horon
42903	▁Hotel
42904	▁Humbly
42905	▁INBOX
42906	▁INDIA
42907	▁Iddo
42908	▁Imagin
42909	▁Jair
42910	▁Japheth
42911	▁Julius
42912	▁Kig
42913	▁Knowledgeable
42914	▁Levitical
42915	▁Longer
42916	▁Luxembourg
42917	▁Lösch
42918	▁Mahanaim
42919	▁Manat
42920	▁Manchester
42921	▁Marut
42922	▁Mash
42923	▁Melito
42924	▁Metal
42925	▁Mir
42926	▁Movies
42927	▁Mutual
42928	▁Neo
42929	▁Orange
42930	▁PRO
42931	▁Parable
42932	▁Parliament
42933	▁Pellets
42934	▁Peninsula
42935	▁Perez
42936	▁Pity
42937	▁Presbyterian
42938	▁Presently
42939	▁Privilege
42940	▁Progressive
42941	▁Proud
42942	▁Quarter
42943	▁Quest
42944	▁ROAD
42945	▁Ramon
42946	▁Rely
42947	▁Responding
42948	▁Returning
42949	▁Revised
42950	▁Rewarded
42951	▁SCREAMING
42952	▁SCREECHING
42953	▁Sabeans
42954	▁Salem
42955	▁Secular
42956	▁Segment
42957	▁Sell
42958	▁Shirley
42959	▁Silent
42960	▁Slovakia
42961	▁Species
42962	▁Spirituality
42963	▁Steadfast
42964	▁Stefan
42965	▁Stephan
42966	▁Subscription
42967	▁Subtitle
42968	▁Talker
42969	▁Talu
42970	▁Tea
42971	▁Trinitarian
42972	▁VIDEO
42973	▁WHERE
42974	▁Wallet
42975	▁Warden
42976	▁Whereupon
42977	▁Zelophehad
42978	▁[150
42979	▁abate
42980	▁accelerated
42981	▁accelerator
42982	▁accidental
42983	▁acquitted
42984	▁adapting
42985	▁addict
42986	▁admiring
42987	▁afforded
42988	▁alarmed
42989	▁alphabetical
42990	▁alteration
42991	▁amaze
42992	▁analogy
42993	▁anchored
42994	▁appraisal
42995	▁approveth
42996	▁architectur
42997	▁arsenal
42998	▁autogen
42999	▁balsam
43000	▁bared
43001	▁bartered
43002	▁beaming
43003	▁bir
43004	▁bizarre
43005	▁brase
43006	▁butcher
43007	▁calculating
43008	▁caretaker
43009	▁celebrities
43010	▁chapiter
43011	▁cheated
43012	▁chore
43013	▁clarifie
43014	▁clarifying
43015	▁cocoon
43016	▁concoct
43017	▁consoling
43018	▁cricket
43019	▁criticizing
43020	▁crusade
43021	▁definitive
43022	▁deforestation
43023	▁deploy
43024	▁desperation
43025	▁despoiling
43026	▁dictatorship
43027	▁discredit
43028	▁dishearten
43029	▁disrupted
43030	▁dissolve
43031	▁distortion
43032	▁dived
43033	▁doorkeeper
43034	▁emissions
43035	▁emphatically
43036	▁encamp
43037	▁enchanter
43038	▁energize
43039	▁entirety
43040	▁esp
43041	▁evaporate
43042	▁exertion
43043	▁exported
43044	▁fiercely
43045	▁fingertips
43046	▁firearm
43047	▁fleece
43048	▁flout
43049	▁gladiator
43050	▁gravely
43051	▁groundwork
43052	▁hardhearted
43053	▁hearsay
43054	▁hectic
43055	▁hop
43056	▁illegally
43057	▁imaginable
43058	▁inescapable
43059	▁inhibit
43060	▁initialization
43061	▁inspected
43062	▁instinctive
43063	▁investigated
43064	▁jumping
43065	▁kada
43066	▁launches
43067	▁lessened
43068	▁loll
43069	▁manufacture
43070	▁marketing
43071	▁mast
43072	▁meadows
43073	▁melting
43074	▁meticulous
43075	▁mildly
43076	▁mould
43077	▁multiplier
43078	▁narrated
43079	▁necked
43080	▁newlyweds
43081	▁noticing
43082	▁oblige
43083	▁organic
43084	▁overlay
43085	▁paramours
43086	▁paused
43087	▁peninsula
43088	▁permanence
43089	▁plundered
43090	▁pollutants
43091	▁posture
43092	▁prava
43093	▁pronoun
43094	▁propel
43095	▁pseudo
43096	▁psycho
43097	▁queued
43098	▁raged
43099	▁recess
43100	▁reconstruct
43101	▁rectangular
43102	▁reexamine
43103	▁relentlessly
43104	▁renounc
43105	▁replenish
43106	▁requiting
43107	▁retreated
43108	▁retry
43109	▁sanctioned
43110	▁scant
43111	▁shitti
43112	▁skepticism
43113	▁smoked
43114	▁soaked
43115	▁statistic
43116	▁stew
43117	▁stewardship
43118	▁stride
43119	▁suspense
43120	▁swerving
43121	▁swifter
43122	▁synonymous
43123	▁thunderstorms
43124	▁tickle
43125	▁topped
43126	▁transmitting
43127	▁treaties
43128	▁unafraid
43129	▁unceasing
43130	▁undermin
43131	▁uninvited
43132	▁unlearned
43133	▁upgrade
43134	▁vCalendar
43135	▁wavered
43136	▁waxing
43137	▁whitened
43138	▁wider
43139	▁winnow
43140	▁yelling
43141	▁अतुलनीय
43142	▁अनुपयुक्
43143	▁अनुसंधायक
43144	▁अपस्वार्थी
43145	▁अबीहू
43146	▁अभिलाषाएँ
43147	▁अम्मीनादाब
43148	▁अलयस
43149	▁अवास्तविक
43150	▁अहक़ाफ
43151	▁आंटी
43152	▁आर्कटिक
43153	▁आशावाद
43154	▁इंक
43155	▁इतरानेवाल
43156	▁इनक्लूड
43157	▁इबरा
43158	▁इल्ल
43159	▁उँडेला
43160	▁उकतात
43161	▁उकसाहट
43162	▁उचके
43163	▁उच्चार
43164	▁उजला
43165	▁उठाईं
43166	▁उडे
43167	▁उतरेंगे
43168	▁उद्धारक
43169	▁ऊँटनिय
43170	▁ऎड
43171	▁एक्सचेंज
43172	▁एक्सप्रेस
43173	▁एदेन
43174	▁एबाल
43175	▁एयरपोर्ट
43176	▁ओज
43177	▁कंकड़
43178	▁कनेक्शन्स
43179	▁कलकत्ता
43180	▁कल्पनाएँ
43181	▁क़नात
43182	▁क़ल्
43183	▁क़ाफ़िले
43184	▁क़ालीन
43185	▁क़ुरबान
43186	▁कांग्रेस
43187	▁कालावधि
43188	▁किवाड़ों
43189	▁कैरो
43190	▁कैरोल
43191	▁कोडेक
43192	▁कोबरा
43193	▁क्रब
43194	▁क्रोम
43195	▁क्लॉ
43196	▁क्लोन
43197	▁खर्रा
43198	▁खाओं
43199	▁खाबड़
43200	▁गतिः
43201	▁गशूर
43202	▁ग़ै
43203	▁गुँथ
43204	▁गेर्शोन
43205	▁गोमेर
43206	▁गोल्डन
43207	▁ग्रन्थ
43208	▁घटाओं
43209	▁घूँस
43210	▁चखेगे
43211	▁चखोगे
43212	▁चटान
43213	▁चप्प
43214	▁चरबिया
43215	▁चस्प
43216	▁चुभता
43217	▁छाल
43218	▁छिपकली
43219	▁जगाता
43220	▁जहर
43221	▁ज़ार
43222	▁ज़िद्द
43223	▁जाऐं
43224	▁जिक्र
43225	▁जिल्द
43226	▁जैस
43227	▁झण्डा
43228	▁झुकनेवाल
43229	▁टिडि्डयां
43230	▁टुक
43231	▁टॆ
43232	▁टॆस्ट
43233	▁टेल
43234	▁टेस्टामेंट
43235	▁ट्राइ
43236	▁डगमगाया
43237	▁डरावनी
43238	▁डॉर
43239	▁ढुॅंढे
43240	▁ढोनेवाले
43241	▁तख्
43242	▁तपेदिक
43243	▁तल्लीन
43244	▁तूफानों
43245	▁तोराह
43246	▁त्रस्त
43247	▁थिएटर
43248	▁दफनाने
43249	▁दबाएं
43250	▁दर्शी
43251	▁दागोन
43252	▁धमाका
43253	▁धारियाँ
43254	▁नज़रबंद
43255	▁नमाज़ो
43256	▁निचोड़ेगे
43257	▁निमंत्र
43258	▁निस्सं
43259	▁पछताते
43260	▁पट्टियों
43261	▁पथरील
43262	▁पशहूर
43263	▁पहिए
43264	▁पहुँचेगे
43265	▁पहुंचता
43266	▁पार्स
43267	▁पिक्स
43268	▁पिट
43269	▁पिल्ल
43270	▁पीपीपी
43271	▁पीसना
43272	▁पुनर्जीवित
43273	▁पुष्प
43274	▁पूर्वबतला
43275	▁पॆन
43276	▁प्यादे
43277	▁प्रतापवान
43278	▁प्रतिक्रमण
43279	▁प्रतिमाएँ
43280	▁प्रधानता
43281	▁प्रभुओं
43282	▁प्रुभ
43283	▁फंड
43284	▁फर्डीन
43285	▁फ़रीक
43286	▁फ़ारसी
43287	▁फाइ
43288	▁फिट्ज़पैट्रिक
43289	▁फेरेंगे
43290	▁फ्रिज
43291	▁बजता
43292	▁बनूँगा
43293	▁बन्धुव
43294	▁बमबारी
43295	▁बरसाएँ
43296	▁बरा
43297	▁बहुधा
43298	▁बांह
43299	▁बाइट्स
43300	▁बाग़़
43301	▁बिकती
43302	▁बिफर
43303	▁बिलदद
43304	▁बूटे
43305	▁बेजाने
43306	▁बेतह
43307	▁बेसुध
43308	▁बैठाया
43309	▁बैप्टिस्ट
43310	▁बॉय
43311	▁बॉरो
43312	▁बोटी
43313	▁ब्यौर
43314	▁ब्रिटैनिका
43315	▁ब्रिस्टल
43316	▁ब्लेक
43317	▁ब्लॉकिंग
43318	▁भटकना
43319	▁भड
43320	▁भुईंडोल
43321	▁भुस
43322	▁मकर
43323	▁मत्तन्याह
43324	▁मनमाने
43325	▁मर्तबान
43326	▁मानवता
43327	▁मापा
43328	▁मिलीमीटर
43329	▁मुक़दमे
43330	▁मुन्त
43331	▁मुरद
43332	▁मुरदार
43333	▁मुशरिको
43334	▁मुसम
43335	▁मैड्रिड
43336	▁मैले
43337	▁यदायाह
43338	▁यहोयाकीन
43339	▁यूके
43340	▁योनादाब
43341	▁रक़ीम
43342	▁रचनात्मक
43343	▁रहूँगी
43344	▁रुकें
43345	▁रेशो
43346	▁रॉनल्ड
43347	▁लंग
43348	▁लगलग
43349	▁लिखावट
43350	▁लिखो
43351	▁लूइस
43352	▁लूथरन
43353	▁लेटा
43354	▁लॉगरिद्म
43355	▁लॉस
43356	▁लौटाओ
43357	▁वाप
43358	▁वारंटी
43359	▁विध्व
43360	▁विन्
43361	▁विषम
43362	▁विषैली
43363	▁व्यास
43364	▁शारोन
43365	▁शेड्यूल
43366	▁संन्यास
43367	▁समझाएँ
43368	▁सरदारो
43369	▁सलाखों
43370	▁सहानुभूतिशील
43371	▁सहेजता
43372	▁सीखती
43373	▁सुड़क
43374	▁सुनोगे
43375	▁स्टाफ
43376	▁स्पट्
43377	▁स्लेव
43378	▁स्वांग
43379	▁स्वाधीन
43380	▁हँसने
43381	▁हफ़्तों
43382	▁हिचकिचा
43383	▁हिज्र
43384	▁हियर
43385	▁६२
43386	▁६८
43387	-----
43388	56
43389	Aqt
43390	CAR
43391	CORDING
43392	Choi
43393	Choose
43394	Cur
43395	Deactivate
43396	December
43397	Detect
43398	Dwell
43399	FMS
43400	GE
43401	Jonah
43402	June
43403	Leaving
43404	Living
43405	Merciful
43406	Nassau
43407	PD
43408	RING
43409	SCS
43410	Vala
43411	Width
43412	XOFF
43413	Year
43414	activism
43415	ako
43416	ao
43417	artisan
43418	assuring
43419	aved
43420	client
43421	corn
43422	credibly
43423	eaving
43424	estament
43425	finitely
43426	fornication
43427	fourth
43428	frame
43429	frequent
43430	glow
43431	greed
43432	guarded
43433	half
43434	itter
43435	kde
43436	lawful
43437	looking
43438	main
43439	material
43440	math
43441	metric
43442	nak
43443	nije
43444	nite
43445	nner
43446	ogram
43447	ologi
43448	olor
43449	ontacts
43450	phni
43451	phobia
43452	plication
43453	plied
43454	pool
43455	scale
43456	stars
43457	story
43458	sub
43459	target
43460	thread
43461	tips
43462	tivate
43463	together
43464	uta
43465	xpiration
43466	ña
43467	ʽ
43468	अगापे
43469	अपशकुन
43470	अर्थदंड
43471	आंख
43472	आइ
43473	आज्ञा
43474	आज्ञापालन
43475	आत्मिक
43476	आनन्दित
43477	आपदा
43478	इसको
43479	इस्तांबुल
43480	उच्च
43481	उपास्य
43482	उम्मीद
43483	ऐकावाल
43484	ओपी
43485	कमीनीयस
43486	कल्पित
43487	काटकर
43488	कील
43489	केशन
43490	क्यो
43491	क्वि
43492	खोल
43493	गुना
43494	ग्रेब
43495	घुटा
43496	चखों
43497	जंगल
43498	जयपुर
43499	ज़क़्क़ूम
43500	ज़बूरें
43501	जातीय
43502	जापान
43503	जोड़कर
43504	ज़्ज़
43505	टाइम
43506	टिका
43507	टॆड
43508	ठहरो
43509	डरिए
43510	ढ़ाई
43511	तिरछ
43512	तौरात
43513	दयता
43514	दायिक
43515	देकर
43516	ध्वनि
43517	निकालो
43518	निश्चिंत
43519	नू
43520	परिक्रमा
43521	पहिले
43522	पाट
43523	पिछली
43524	पीप
43525	प्रकाशना
43526	फिटकार
43527	फिरो
43528	बन्दर
43529	बसो
43530	बिज़
43531	बुझत
43532	बूझे
43533	ब्लो
43534	मखम
43535	महिमावान
43536	मह्र
43537	मीरी
43538	मुएल
43539	मुरदा
43540	मूँगा
43541	मॆन
43542	मोचन
43543	याजक
43544	रिश्ते
43545	रेखीय
43546	लाघ
43547	लाना
43548	ल्ज़
43549	ल्फ़ा
43550	वधू
43551	वह्यस
43552	विज
43553	शकुन
43554	शरीअत
43555	शर्त
43556	शान्त
43557	शेष
43558	ष्मा
43559	सक्षम
43560	सत्कार
43561	समान
43562	सल्वाडोर
43563	सांत्वना
43564	सीटी
43565	सीमा
43566	सेक्स
43567	सोच
43568	सोचने
43569	हस्तमैथुन
43570	हिकमत
43571	हिद
43572	हॊं
43573	होम
43574	ाउंड
43575	ाचार
43576	िफ़्ल
43577	िरदौस
43578	ेबेल
43579	ेलिंग
43580	ैंस
43581	ॊग
43582	ोसादा
43583	्याकुल
43584	्सटन
43585	▁0.8
43586	▁06
43587	▁141
43588	▁1912
43589	▁255
43590	▁Abihu
43591	▁Abinadab
43592	▁Achilles
43593	▁Advancement
43594	▁Agriculture
43595	▁Amarok
43596	▁Amoz
43597	▁Amsterdam
43598	▁Appeal
43599	▁Auschwitz
43600	▁Authe
43601	▁Bagoas
43602	▁Bahamas
43603	▁Bibli
43604	▁Bitter
43605	▁Bulletin
43606	▁Carbon
43607	▁Citation
43608	▁Cleitus
43609	▁Confederates
43610	▁Contributor
43611	▁Cool
43612	▁DA
43613	▁Darren
43614	▁Dav
43615	▁Dean
43616	▁Derbe
43617	▁Dolphin
43618	▁Drinking
43619	▁Dwelling
43620	▁Economist
43621	▁Emergency
43622	▁Encouraged
43623	▁Fifteen
43624	▁Firefox
43625	▁Franco
43626	▁Fulfilling
43627	▁Gentlemen
43628	▁Goshen
43629	▁Grandfather
43630	▁Gratitude
43631	▁HP
43632	▁Honorable
43633	▁Idolatry
43634	▁Ignorance
43635	▁Inactive
43636	▁Inheritor
43637	▁Initiat
43638	▁Intersect
43639	▁JPEG
43640	▁Jedaiah
43641	▁Jerubbaal
43642	▁Jewry
43643	▁Jezreelite
43644	▁Joah
43645	▁Kedar
43646	▁Kerala
43647	▁Kernel
43648	▁Klaus
43649	▁Lauren
43650	▁Leviathan
43651	▁Locale
43652	▁Lote
43653	▁Lying
43654	▁Madeleine
43655	▁Messiahship
43656	▁Military
43657	▁Mixed
43658	▁Nak
43659	▁OFFICE
43660	▁Olga
43661	▁Oogway
43662	▁Overcom
43663	▁Palestinian
43664	▁Parameter
43665	▁Persis
43666	▁Politics
43667	▁Prostrate
43668	▁Qiblah
43669	▁Quickly
43670	▁Quiet
43671	▁RADIO
43672	▁Rave
43673	▁Rechab
43674	▁Riba
43675	▁Roberto
43676	▁Romilly
43677	▁Ruh
43678	▁SVG
43679	▁Sanctify
43680	▁Scream
43681	▁Sentence
43682	▁Shelah
43683	▁Shesha
43684	▁Shun
43685	▁Shutdown
43686	▁Slay
43687	▁Snap
43688	▁Socket
43689	▁Sometime
43690	▁Stephanas
43691	▁Supplement
43692	▁Sydlik
43693	▁Synchronization
43694	▁Technology
43695	▁Telepathy
43696	▁Telescope
43697	▁Television
43698	▁Terra
43699	▁Territory
43700	▁Tibet
43701	▁Trigger
43702	▁Uphold
43703	▁Vashti
43704	▁Volunteer
43705	▁Wallace
43706	▁Wright
43707	▁[80
43708	▁accelerate
43709	▁adulteries
43710	▁allergy
43711	▁apostleship
43712	▁arbitrarily
43713	▁arithmetic
43714	▁astronomy
43715	▁atheistic
43716	▁authorize
43717	▁boisterous
43718	▁buffet
43719	▁bulb
43720	▁bygone
43721	▁caffeine
43722	▁caliph
43723	▁checklist
43724	▁choir
43725	▁clone
43726	▁colon
43727	▁compensated
43728	▁conspiring
43729	▁constricted
43730	▁county
43731	▁crashes
43732	▁creativity
43733	▁cushion
43734	▁darkest
43735	▁dazzled
43736	▁deceitfully
43737	▁defie
43738	▁deviators
43739	▁disavow
43740	▁discontinued
43741	▁disdained
43742	▁ecosystems
43743	▁educator
43744	▁erased
43745	▁escalating
43746	▁evict
43747	▁exterior
43748	▁fantastic
43749	▁ferry
43750	▁flaunt
43751	▁flavour
43752	▁flipp
43753	▁foothold
43754	▁freeze
43755	▁furrow
43756	▁gconfd
43757	▁herded
43758	▁hinge
43759	▁illustrating
43760	▁industries
43761	▁infallible
43762	▁institut
43763	▁intentioned
43764	▁javelin
43765	▁junction
43766	▁latitude
43767	▁ledger
43768	▁lizard
43769	▁louder
43770	▁manipulated
43771	▁martyred
43772	▁massacre
43773	▁menial
43774	▁misused
43775	▁mortar
43776	▁nighttime
43777	▁nonessential
43778	▁nonetheless
43779	▁noticeable
43780	▁objectionable
43781	▁osten
43782	▁parasite
43783	▁parishioners
43784	▁parliament
43785	▁pea
43786	▁peacemaker
43787	▁peacock
43788	▁peasant
43789	▁peel
43790	▁perplexing
43791	▁perversion
43792	▁planners
43793	▁pm
43794	▁potatoes
43795	▁poultry
43796	▁precept
43797	▁preferr
43798	▁probing
43799	▁proficient
43800	▁puppet
43801	▁quaking
43802	▁reapers
43803	▁refiner
43804	▁replica
43805	▁reprisal
43806	▁repudiat
43807	▁repulse
43808	▁rescu
43809	▁ridden
43810	▁riseth
43811	▁scav
43812	▁scrupulous
43813	▁seclude
43814	▁shipment
43815	▁spontaneously
43816	▁stagger
43817	▁stairway
43818	▁stout
43819	▁stubbornness
43820	▁sweetness
43821	▁talented
43822	▁teachable
43823	▁tennis
43824	▁tit
43825	▁treasuring
43826	▁turtles
43827	▁ulcer
43828	▁unfaithfully
43829	▁unfolding
43830	▁unforgiving
43831	▁unfounded
43832	▁universities
43833	▁unpredictable
43834	▁unrolled
43835	▁untie
43836	▁upgraded
43837	▁uprising
43838	▁veteran
43839	▁victimized
43840	▁viral
43841	▁warehouse
43842	▁wartime
43843	▁wealthier
43844	▁yakuza
43845	▁अंगूठ
43846	▁अक्खड़
43847	▁अचम्भ
43848	▁अज्ञानियों
43849	▁अतिथि
43850	▁अतिशयोक्
43851	▁अद्भु
43852	▁अनिच्छापूर्वक
43853	▁अबीनादाब
43854	▁अराजकता
43855	▁अलेक्जेंडर
43856	▁असह
43857	▁अहसास
43858	▁अहीमास
43859	▁आइये
43860	▁आत्माएँ
43861	▁आरजीबी
43862	▁इतमीनान
43863	▁इद्दॊ
43864	▁उगाने
43865	▁उत्सवों
43866	▁उद्घॊषणा
43867	▁उपलक्षित
43868	▁ऊगवे
43869	▁एनकोडर
43870	▁एनोटेशन
43871	▁एलीशामा
43872	▁ऑप्टी
43873	▁कड़ियाँ
43874	▁करुणाशील
43875	▁कर्ण
43876	▁कलिमे
43877	▁क़ाफ़॰
43878	▁क़ौ
43879	▁कांटों
43880	▁काउन्टी
43881	▁कातिल
43882	▁कारेह
43883	▁किसलिए
43884	▁कुँवारेपन
43885	▁कूल
43886	▁केएटीई
43887	▁कॉस
43888	▁क्य
43889	▁क्रीम
43890	▁क्रोन
43891	▁क्लीवलैंड
43892	▁खजूरो
43893	▁खप
43894	▁ख़ुरज
43895	▁खामी
43896	▁खिसकाएं
43897	▁खोलते
43898	▁गंगा
43899	▁गन्ध
43900	▁गरजने
43901	▁गादी
43902	▁गुड़
43903	▁गुणधर्म
43904	▁गुरूमुखी
43905	▁गूदे
43906	▁गृहस्वामी
43907	▁गोरे
43908	▁ग्यारहवां
43909	▁घड़ने
43910	▁घरवालो
43911	▁चंद्र
43912	▁चटकील
43913	▁चढ़ाएं
43914	▁चहल
43915	▁चिंघा
43916	▁चिकने
43917	▁चिल्लाए
43918	▁चिल्लाओ
43919	▁चुकायी
43920	▁चुटक
43921	▁चॉकलेट
43922	▁चौडाईः
43923	▁छंट
43924	▁छिपाना
43925	▁छुट
43926	▁जलस
43927	▁ज़करीया
43928	▁ज़िप
43929	▁जिंग
43930	▁जिन्होंन
43931	▁जिप्सी
43932	▁जीओ
43933	▁जीप
43934	▁जूलिया
43935	▁जेड
43936	▁झुठलाओग
43937	▁झुठलानेवाले
43938	▁टब
43939	▁टाइगर
43940	▁टीसीपी
43941	▁टेम्प
43942	▁ट्रूबाडोर
43943	▁ट्रेड
43944	▁ट्रो
43945	▁ट्विटर
43946	▁ठहराऊँ
43947	▁डगर
43948	▁डालनेवाला
43949	▁डिस्ट्रिक्ट
43950	▁डै
43951	▁तंदूर
43952	▁तख़्तो
43953	▁तजुर्बेकार
43954	▁त्रुटियों
43955	▁त्वरक
43956	▁थैल
43957	▁थोपने
43958	▁थोपो
43959	▁दिखलाएँ
43960	▁दिखायीं
43961	▁दीमक
43962	▁दुखदायि
43963	▁दोषारोपण
43964	▁धब्बे
43965	▁धमनियों
43966	▁धरेंगे
43967	▁नजरअंदाज
43968	▁नज़रबन्द
43969	▁नाकारा
43970	▁नामीबिया
43971	▁निखारेगा
43972	▁निम्नतम
43973	▁निष्ठुर
43974	▁नीतियों
43975	▁नुक्ताचीन
43976	▁पकवान
43977	▁पकाते
43978	▁पछताना
43979	▁पट्टियाँ
43980	▁पड़नेवाला
43981	▁पथभ्रष्टो
43982	▁परस्त्रीगामी
43983	▁पलटोगे
43984	▁पहचानती
43985	▁पाताल
43986	▁पार्से
43987	▁पिंड
43988	▁पिरामिड
43989	▁पूव
43990	▁पृष्ठो
43991	▁पोलियो
43992	▁पोस्टस्क्रिप्ट
43993	▁प्रक्रियाएँ
43994	▁प्रतिकार
43995	▁प्रशंस
43996	▁प्राइम
43997	▁प्रोसेसर
43998	▁प्लैटीपस
43999	▁फ़ायद
44000	▁फ़ैक्टरी
44001	▁फूँकने
44002	▁बंट
44003	▁बंधुवा
44004	▁बजती
44005	▁बध
44006	▁बर्बर
44007	▁बाइंड
44008	▁बागा
44009	▁बायां
44010	▁बिज़नॆस
44011	▁बीतेगा
44012	▁बुझी
44013	▁बूढ
44014	▁बूलिए
44015	▁बेंड़े
44016	▁बेवकूफों
44017	▁बॉर्डर
44018	▁ब्राईस
44019	▁भग
44020	▁भड़काता
44021	▁भिंच
44022	▁भूगोल
44023	▁भौतिकवाद
44024	▁मगरूर
44025	▁मजेंटा
44026	▁मनबहलाव
44027	▁मनोभाव
44028	▁महाशक्
44029	▁माई
44030	▁माकारयॉस
44031	▁मानेंगी
44032	▁मिस्सा
44033	▁मुकद्दम
44034	▁मुनाफ़िको
44035	▁मुनाफ़े
44036	▁मॉरिस
44037	▁यरूब्बाल
44038	▁यहूदीवाद
44039	▁युगाण्डा
44040	▁यूनाइट
44041	▁रिंगिंग
44042	▁रिझान
44043	▁रिटर्न
44044	▁रीझ
44045	▁रुकू
44046	▁रुपय
44047	▁रूके
44048	▁रेलगाड़ी
44049	▁रोज़ो
44050	▁लंगड़ों
44051	▁लगवाना
44052	▁लगूं
44053	▁लाइव
44054	▁लाशें
44055	▁लिखूंगा
44056	▁लूटे
44057	▁लौली
44058	▁वारदात
44059	▁विराजनेवाले
44060	▁शीतल
44061	▁शुरुआती
44062	▁शृंखला
44063	▁शॆ
44064	▁शौकीन
44065	▁संजीवन
44066	▁संपूरक
44067	▁संश्
44068	▁सकोंगे
44069	▁सट
44070	▁सन्नाट
44071	▁समंजन
44072	▁समाते
44073	▁साझीदारो
44074	▁साबिई
44075	▁सामु
44076	▁सार्वभौमिक
44077	▁सिकलग
44078	▁सिखाएँगे
44079	▁सिरहान
44080	▁सुधरे
44081	▁सुधारता
44082	▁सुनार
44083	▁सुरा
44084	▁सुलभ
44085	▁सुस्वाद
44086	▁सूइ
44087	▁सृष्टा
44088	▁सेराफिम
44089	▁सैलाब
44090	▁सोचेगा
44091	▁सोबा
44092	▁सौतेली
44093	▁स्किन
44094	▁स्पष्टि
44095	▁स्वतन्त्र
44096	▁हरकतें
44097	▁हार्वर्ड
44098	▁हास्यास्पद
44099	▁हिलाए
44100	▁हुक़
44101	▁हॉप
44102	▁होऊँगा
44103	▁हौदी
44104	▁१९५२
44105	▁१९५५
44106	▁७१
44107	▁९८
44108	,50,000
44109	."'"
44110	................
44111	Appoint
44112	Away
44113	CRAM
44114	Cursed
44115	DT
44116	Deaden
44117	Domingo
44118	ELE
44119	Email
44120	Extract
44121	Gujarati
44122	HOL
44123	HOSE
44124	Icon
44125	Id
44126	Implementation
44127	Include
44128	Kinshasa
44129	Knowledge
44130	LIST
44131	Lazarus
44132	MURPH
44133	Mode
44134	Monterrey
44135	Outl
44136	Rabbi
44137	Really
44138	Regina
44139	Retract
44140	Scaling
44141	Sofia
44142	Sync
44143	TIME
44144	Thi
44145	Unto
44146	Verde
44147	ario
44148	arque
44149	buy
44150	capped
44151	catalo
44152	conscious
44153	ctive
44154	dog
44155	embracing
44156	flowing
44157	forbearing
44158	grade
44159	haz
44160	hidden
44161	horizontal
44162	hud
44163	ixbuf
44164	literally
44165	notification
44166	oken
44167	passing
44168	pid
44169	pledging
44170	practice
44171	rapies
44172	reprocessor
44173	restraint
44174	resurrection
44175	secure
44176	surgence
44177	ture
44178	witch
44179	wonderful
44180	working
44181	zech
44182	ō
44183	ंमार
44184	अपराध
44185	आधा
44186	उल्लास
44187	कब्र
44188	केस्प्रेड
44189	क्टरी
44190	गली
44191	गहरा
44192	चाहिए
44193	चौकस
44194	ज़िप
44195	जानेमन
44196	जीवी
44197	जुर
44198	जुले
44199	डिफ़ॉल्ट
44200	डीपी
44201	डेन
44202	ड्री
44203	दृश्य
44204	नियुक्
44205	प्रेरितों
44206	बाउंड
44207	बीना
44208	बूट
44209	भयानक
44210	मना
44211	महत्वपूर्ण
44212	रफ़्तार
44213	रीया
44214	रूष
44215	रैम
44216	रोते
44217	र्णन
44218	र्ना
44219	लैंडस्केप
44220	ल्मोन
44221	वादा
44222	विद्या
44223	व्यवस्थाविवरण
44224	सचेत
44225	सर्वव्यापी
44226	साऊ
44227	सियन
44228	स्पर्शी
44229	स्पेस
44230	हीं
44231	होना
44232	होने
44233	ह्वा
44234	ातैम
44235	ारसी
44236	ावली
44237	ीयस
44238	ुखे
44239	ुलर
44240	ुस्त
44241	ेनेरिक
44242	ैण्डर
44243	्बुल
44244	्योर
44245	्लोट
44246	्लोप
44247	्स्टेन
44248	९२
44249	▁0.6
44250	▁129
44251	▁2001"
44252	▁Academy
44253	▁Advice
44254	▁Ariel
44255	▁BRITAIN
44256	▁Babette
44257	▁Battery
44258	▁Beep
44259	▁Belize
44260	▁Bitrate
44261	▁Branches
44262	▁Bullet
44263	▁CLICK
44264	▁Cachet
44265	▁Cassander
44266	▁Caution
44267	▁Chemosh
44268	▁Cherish
44269	▁Claus
44270	▁Complutens
44271	▁Confident
44272	▁Counting
44273	▁Crateros
44274	▁Currency
44275	▁DOOR
44276	▁Deadly
44277	▁Decoder
44278	▁Definitely
44279	▁DeskJet
44280	▁Dishonest
44281	▁ET
44282	▁Edna
44283	▁Elaine
44284	▁Embrace
44285	▁Encyclopaedia
44286	▁Ernest
44287	▁Flow
44288	▁Galeon
44289	▁Geneva
44290	▁Gershom
44291	▁Gilboa
44292	▁Grew
44293	▁Hanun
44294	▁Hasmonaean
44295	▁Hole
44296	▁Indiana
44297	▁Indicator
44298	▁Integer
44299	▁JS
44300	▁Jochebed
44301	▁Joh
44302	▁KAlarm
44303	▁Kareah
44304	▁Kedesh
44305	▁Kennedy
44306	▁Kristin
44307	▁Lannister
44308	▁Liz
44309	▁Lysias
44310	▁Marvelous
44311	▁Maturity
44312	▁Median
44313	▁Merc
44314	▁Meter
44315	▁Methodius
44316	▁Methuselah
44317	▁Mild
44318	▁Mix
44319	▁Muf
44320	▁NURSE
44321	▁Nancy
44322	▁OPEN
44323	▁Oops
44324	▁PET
44325	▁PIM
44326	▁Peaceable
44327	▁Periodic
44328	▁Philotas
44329	▁Preacher
44330	▁Propaganda
44331	▁Prospect
44332	▁Publish
44333	▁REAL
44334	▁Rar
44335	▁Restored
44336	▁SHORT
44337	▁Sabians
44338	▁Sally
44339	▁Sanballat
44340	▁Sarajevo
44341	▁Saxon
44342	▁Shopping
44343	▁Singing
44344	▁Smaller
44345	▁Subsequently
44346	▁Supper
44347	▁Surround
44348	▁Syriac
44349	▁Theocracy
44350	▁Tonga
44351	▁Tremendous
44352	▁Unbelief
44353	▁Unhappily
44354	▁Unified
44355	▁Upright
44356	▁Urim
44357	▁Vale
44358	▁Validity
44359	▁Whale
44360	▁abbreviation
44361	▁advocat
44362	▁aeons
44363	▁afterlife
44364	▁aimlessly
44365	▁ambiguous
44366	▁anesthetic
44367	▁annul
44368	▁attache
44369	▁audible
44370	▁balm
44371	▁barbarian
44372	▁baseball
44373	▁betide
44374	▁blending
44375	▁blurred
44376	▁boredom
44377	▁breaketh
44378	▁breakthrough
44379	▁brood
44380	▁cardio
44381	▁censer
44382	▁circus
44383	▁clashes
44384	▁concede
44385	▁consecration
44386	▁controversies
44387	▁corrosi
44388	▁courtroom
44389	▁coveted
44390	▁crouching
44391	▁cupbearer
44392	▁customarily
44393	▁deacon
44394	▁deactivated
44395	▁dejected
44396	▁delicacies
44397	▁depiction
44398	▁deposited
44399	▁detached
44400	▁dice
44401	▁disarmament
44402	▁disguise
44403	▁dispossess
44404	▁disquiet
44405	▁doorbell
44406	▁downstairs
44407	▁drowsy
44408	▁eaters
44409	▁efficiently
44410	▁emissaries
44411	▁enacted
44412	▁enslave
44413	▁ensured
44414	▁espouse
44415	▁ethic
44416	▁extremist
44417	▁fatness
44418	▁feedback
44419	▁fervor
44420	▁fester
44421	▁forewarn
44422	▁furnishing
44423	▁glucose
44424	▁gnashing
44425	▁grapevines
44426	▁growi
44427	▁guitar
44428	▁gulp
44429	▁hare
44430	▁harvesttime
44431	▁hereby
44432	▁homicide
44433	▁hound
44434	▁hugge
44435	▁hula
44436	▁hydro
44437	▁ili
44438	▁illuminated
44439	▁immigrate
44440	▁impartially
44441	▁impunity
44442	▁inspector
44443	▁invalidate
44444	▁investigator
44445	▁invigorate
44446	▁inviolable
44447	▁irresponsible
44448	▁jackals
44449	▁junior
44450	▁knives
44451	▁koristi
44452	▁literate
44453	▁maladies
44454	▁malformed
44455	▁malign
44456	▁manufactured
44457	▁maraud
44458	▁marsh
44459	▁massage
44460	▁misspelled
44461	▁mogu
44462	▁motto
44463	▁multipl
44464	▁mutant
44465	▁nagging
44466	▁notebook
44467	▁opaque
44468	▁originator
44469	▁overindulgence
44470	▁parking
44471	▁perimeter
44472	▁petitioned
44473	▁platypus
44474	▁polio
44475	▁pollinat
44476	▁portrayal
44477	▁pounded
44478	▁pretense
44479	▁privily
44480	▁privy
44481	▁productivity
44482	▁profanity
44483	▁programming
44484	▁progresses
44485	▁projection
44486	▁publicized
44487	▁ravenous
44488	▁ravine
44489	▁receptacle
44490	▁recoil
44491	▁refreshes
44492	▁refrigerator
44493	▁regularity
44494	▁runway
44495	▁sanitary
44496	▁savor
44497	▁scrub
44498	▁seaport
44499	▁shrinking
44500	▁skilful
44501	▁slap
44502	▁slipping
44503	▁slothful
44504	▁smiteth
44505	▁snapped
44506	▁spann
44507	▁sparkling
44508	▁straiten
44509	▁tamarisk
44510	▁tame
44511	▁teem
44512	▁terrace
44513	▁thickness
44514	▁throes
44515	▁tireless
44516	▁toddler
44517	▁tomato
44518	▁transfus
44519	▁trim
44520	▁tumble
44521	▁underwater
44522	▁unequal
44523	▁unjustified
44524	▁unloved
44525	▁unyielding
44526	▁uplift
44527	▁vastness
44528	▁veer
44529	▁vindictive
44530	▁violin
44531	▁vitality
44532	▁volatile
44533	▁wallpaper
44534	▁waterfall
44535	▁whirl
44536	▁zoo
44537	▁će
44538	▁अंडर
44539	▁अंतरंग
44540	▁अंताकिया
44541	▁अक्षांश
44542	▁अगोरा
44543	▁अजूबा
44544	▁अठारहवां
44545	▁अरोएर
44546	▁आईटी
44547	▁आकृत
44548	▁आगंतुक
44549	▁आज़माने
44550	▁इन्सुलिन
44551	▁इम्तहान
44552	▁ईंटें
44553	▁उखाड़े
44554	▁उगनेवाल
44555	▁उघाड़े
44556	▁उड़ाकर
44557	▁उपयोगिता
44558	▁उपाधियाँ
44559	▁उफनत
44560	▁उर्वर
44561	▁उलझानेवाल
44562	▁ऊबड़
44563	▁एडजस्ट
44564	▁एस्ट
44565	▁ऐनाबैपटिस्ट
44566	▁ऐन्ड्रू
44567	▁ऑकुलर
44568	▁ओवरव्यू
44569	▁कक्षाओं
44570	▁कचहरी
44571	▁कप्स
44572	▁कब्जा
44573	▁काइल
44574	▁किरमिजी
44575	▁कीटाणु
44576	▁कुना
44577	▁कृत्य
44578	▁केआईजी
44579	▁कॉम्प
44580	▁कॉर्प
44581	▁क्रियाएं
44582	▁क्रिस्टीना
44583	▁क्री
44584	▁क्रीड़ा
44585	▁क्लीटस
44586	▁खड़
44587	▁खण्डहरों
44588	▁खाऊंगा
44589	▁खुलता
44590	▁गँवाया
44591	▁गंवा
44592	▁गह
44593	▁गालियाँ
44594	▁गुत्थ
44595	▁गृहस्थ
44596	▁गेबा
44597	▁गेलियन
44598	▁गोल्फ
44599	▁घनिष्ठता
44600	▁घुमाने
44601	▁चढ़ाऊंगा
44602	▁चार्ज
44603	▁चार्ली
44604	▁चिन्ताएँ
44605	▁चिल
44606	▁चुकाओ
44607	▁चौकोर
44608	▁छिलके
44609	▁जमैका
44610	▁जीतकर
44611	▁जीनी
44612	▁जीपीएस
44613	▁जुलने
44614	▁जॆस
44615	▁जेरोम
44616	▁जेलखाने
44617	▁जोड़ीदार
44618	▁झपकत
44619	▁झुकता
44620	▁टकराव
44621	▁टपकत
44622	▁टहलुए
44623	▁टॆलिफ़ोन
44624	▁टेकनॉलजी
44625	▁टेक्नॉलजी
44626	▁टैब्स
44627	▁ट्रू
44628	▁डाउनलोडेड
44629	▁ड्रिंक
44630	▁तस्राव
44631	▁ताइवान
44632	▁तानाशाही
44633	▁तिरछा
44634	▁त्रु
44635	▁त्रुटिः
44636	▁दबीर
44637	▁दरिद्रता
44638	▁दलाल
44639	▁दही
44640	▁दिलानेवाला
44641	▁दुकानें
44642	▁दुर्
44643	▁दुलार
44644	▁दोषनिवारण
44645	▁दौड़ेंगे
44646	▁द्रुत
44647	▁धधक
44648	▁धब्बा
44649	▁धरें
44650	▁धर्मगुरु
44651	▁धर्मपरायण
44652	▁धर्मसिद्धान्त
44653	▁धागे
44654	▁धोते
44655	▁नक्श
44656	▁नज़दीक़
44657	▁नवाज़
44658	▁नाद
44659	▁नाबालिग
44660	▁नामस्थान
44661	▁नित्यक्रम
44662	▁निलंबित
44663	▁निषेध
44664	▁पचीस
44665	▁पत्रियाँ
44666	▁परायण
44667	▁परिक्रमा
44668	▁परिधि
44669	▁पर्यटकों
44670	▁पश्च
44671	▁पाँचवाँ
44672	▁पुकारूंगा
44673	▁पुकारें
44674	▁पुनरावृत्त
44675	▁पुरस्कारदायक
44676	▁पुलाव
44677	▁पॉज़िटिव
44678	▁पोर्टो
44679	▁पोस्टिंग
44680	▁प्रतिद्वंद
44681	▁प्रशान्त
44682	▁प्राधिकरण
44683	▁फँद
44684	▁फ़रीसी
44685	▁फ़िद्
44686	▁फ़ैसल
44687	▁फार
44688	▁फाल्स
44689	▁फीलो
44690	▁फैलना
44691	▁फैलाऊंगा
44692	▁बँधाने
44693	▁बजाएं
44694	▁बनाऊँगा
44695	▁बनाएगी
44696	▁बरसायी
44697	▁बर्क
44698	▁बहिष्करण
44699	▁बाँयी
44700	▁बाँह
44701	▁बावर
44702	▁बिगाड़ने
44703	▁बिछाने
44704	▁बिट्स
44705	▁बीयर
44706	▁ब्रेड
44707	▁ब्रो
44708	▁भत्ता
44709	▁भुगतन
44710	▁भौंह
44711	▁मलमल
44712	▁मस
44713	▁महज
44714	▁महोदया
44715	▁मिर्च
44716	▁मिलतीं
44717	▁मुर्गियों
44718	▁मून
44719	▁मेटाडाटा
44720	▁मोटापा
44721	▁यंत्रणा
44722	▁याददाश्त
44723	▁युसुफ
44724	▁युसेबियस
44725	▁रचनेवाले
44726	▁रहतीं
44727	▁रायन
44728	▁रूढ़िवादी
44729	▁रेंड
44730	▁रेतील
44731	▁रेलमार्ग
44732	▁रॉकेट
44733	▁लहरा
44734	▁लातिनी
44735	▁लिप
44736	▁लीला
44737	▁लुच्चे
44738	▁लोकल
44739	▁विजेताओं
44740	▁व्युत्क्रम
44741	▁शर्मीला
44742	▁शालतीएल
44743	▁शालीन
44744	▁शुक्राणु
44745	▁शेबा
44746	▁श्वास
44747	▁सँवारे
44748	▁संगीन
44749	▁संभालो
44750	▁संवेद
44751	▁सड़ा
44752	▁सत्ताइसव
44753	▁सभागृह
44754	▁समझौत
44755	▁सीमोन
44756	▁सुझात
44757	▁सुर्ख़
44758	▁सुल
44759	▁सूज
44760	▁सेमिनार
44761	▁सैमुएल
44762	▁सोल
44763	▁स्थितियाँ
44764	▁स्नायु
44765	▁स्वीकारने
44766	▁हँसमुख
44767	▁हड़पने
44768	▁हवन
44769	▁हारें
44770	▁हुइ
44771	▁हृदयस्पर्शी
44772	▁हेरोदिय
44773	▁हेले
44774	▁११०
44775	▁१९८१
44776	▁६००
44777	▁८००
44778	▁८३
44779	-8859-13
44780	-8859-4
44781	1=
44782	7477
44783	Action
44784	App
44785	Bad
44786	Commit
44787	Current
44788	Davis
44789	Detroit
44790	Disbelieve
44791	Empty
44792	Export
44793	FT
44794	Gray
44795	HTTP
44796	Midian
44797	Month
44798	Muslim
44799	Perfect
44800	Purity
44801	Receive
44802	Restrain
44803	Riga
44804	SHIP
44805	SIS
44806	State
44807	Username
44808	Vista
44809	Zip
44810	agger
44811	almost
44812	aze
44813	chol
44814	code
44815	consistent
44816	curring
44817	dging
44818	east
44819	further
44820	given
44821	goes
44822	iba
44823	incomprehensible
44824	keyboard
44825	loose
44826	loyal
44827	melech
44828	mild
44829	ndees
44830	ningrad
44831	niversa
44832	ntegrated
44833	obedient
44834	offline
44835	omic
44836	ordained
44837	plenty
44838	prison
44839	proceeded
44840	produce
44841	project
44842	recorded
44843	rect
44844	root
44845	shemesh
44846	shepherd
44847	stals
44848	straight
44849	travel
44850	utomatically
44851	wah
44852	woven
44853	å
44854	अप्रैल
44855	अय्यूब
44856	आटोडिटेक्ट
44857	आफिस
44858	इफा
44859	उंगा
44860	उचित
44861	ऑस
44862	कडुव
44863	कृपया
44864	कैद
44865	कॉन्क्वेरर
44866	कोपेनहेगन
44867	गढ़
44868	गोला
44869	ग्नो
44870	ग्रंथ
44871	ग्वे
44872	चयनक
44873	ज़बरदस्त
44874	जाएगा
44875	जेन
44876	टपट
44877	डियन
44878	तियाँ
44879	थान
44880	दर्शक
44881	दिवस
44882	दिशा
44883	निब
44884	नैरोबी
44885	परिश्रम
44886	पहचान
44887	पीजीपी
44888	पॉल
44889	प्रभुता
44890	प्रवृत
44891	प्लूट
44892	प्वाइंट
44893	फ़जी
44894	बाउंस
44895	बीएम
44896	बीसीसी
44897	बोर्ग
44898	भक्ति
44899	भीड़
44900	भोजन
44901	मंड
44902	मध्य
44903	मन्दिर
44904	माउथ
44905	मिना
44906	मून
44907	यदूत
44908	यनात
44909	यात्रा
44910	यूओ
44911	रक्षक
44912	रखा
44913	रिना
44914	रिश्वत
44915	रूह
44916	लक्षित
44917	लाईन
44918	लालच
44919	लेना
44920	लैन्ड
44921	ल्बर्ट
44922	वाकई
44923	वाटर
44924	विक्
44925	विस्टा
44926	वीज़ा
44927	वॆल
44928	वेटिकन
44929	वोल्यूशन
44930	व्याप्त
44931	सबकुछ
44932	सम्मत
44933	सिस्टम
44934	सूचियाँ
44935	स्कट
44936	स्टैनली
44937	स्प्रिन
44938	स्वर्गीय
44939	हाति
44940	ानियों
44941	ानेवाले
44942	िआन
44943	ियाज़
44944	ूश
44945	ॉफ
44946	ोनियो
44947	ोमा
44948	्ग
44949	्ट्
44950	▁#%1
44951	▁#2:
44952	▁1921
44953	▁5%
44954	▁AFRICA
44955	▁Acid
44956	▁Alabama
44957	▁Altogether
44958	▁Animate
44959	▁Ansar
44960	▁Apple
44961	▁Approaching
44962	▁Aside
44963	▁Atomic
44964	▁BD
44965	▁Barclay
44966	▁Barnes
44967	▁Beck
44968	▁Beersheba
44969	▁Bethsaida
44970	▁Bir
44971	▁Bishop
44972	▁Brace
44973	▁Brun
44974	▁CRA
44975	▁Carina
44976	▁Caroline
44977	▁Climb
44978	▁Collignon
44979	▁Conservation
44980	▁Conversion
44981	▁Cul
44982	▁Czechoslovakia
44983	▁Côte
44984	▁DCC
44985	▁DNS
44986	▁Despair
44987	▁Dublin
44988	▁Eber
44989	▁Enum
44990	▁Env
44991	▁Erasmus
44992	▁Expos
44993	▁Faure
44994	▁Flat
44995	▁Fortran
44996	▁GREAT
44997	▁Genre
44998	▁Godwariness
44999	▁GtkSource
45000	▁Gurmukhi
45001	▁Handbook
45002	▁Heartfelt
45003	▁Hiroshima
45004	▁Hoshea
45005	▁Hunt
45006	▁Illness
45007	▁Imam
45008	▁Interview
45009	▁JOE
45010	▁Jai
45011	▁Jigsaw
45012	▁Judging
45013	▁Kiss
45014	▁Kron
45015	▁Kunihito
45016	▁Kyoto
45017	▁Lahab
45018	▁Lamp
45019	▁Landscape
45020	▁Lao
45021	▁Larson
45022	▁Laughing
45023	▁Leicester
45024	▁Logo
45025	▁Lovingly
45026	▁Magdeburg
45027	▁Melbourne
45028	▁Mistake
45029	▁Moldova
45030	▁Mono
45031	▁Muhajir
45032	▁NEED
45033	▁Navy
45034	▁Needless
45035	▁Neue
45036	▁Nicolas
45037	▁Nikola
45038	▁Nordic
45039	▁Nutfah
45040	▁OFF
45041	▁Obstacle
45042	▁Opinion
45043	▁Oppose
45044	▁Opposite
45045	▁Optimized
45046	▁Originally
45047	▁Overdue
45048	▁Patmos
45049	▁Patriarch
45050	▁Pentateuch
45051	▁Permitted
45052	▁Prepared
45053	▁Railway
45054	▁Raw
45055	▁Reasonableness
45056	▁Recreation
45057	▁Reformer
45058	▁Regex
45059	▁Rehob
45060	▁Relation
45061	▁Remaliah
45062	▁Rot
45063	▁SERVICE
45064	▁Sachsenhausen
45065	▁Sadaqa
45066	▁Satellite
45067	▁Scorching
45068	▁Shine
45069	▁Shunammite
45070	▁Span
45071	▁Stockholm
45072	▁Sul
45073	▁Sunny
45074	▁Suriname
45075	▁Suwa
45076	▁Swear
45077	▁Symptoms
45078	▁Tax
45079	▁Thorough
45080	▁Tobias
45081	▁Tribune
45082	▁Trustworthy
45083	▁Tunneling
45084	▁USB
45085	▁Ultimate
45086	▁VAR
45087	▁Vanuatu
45088	▁Violen
45089	▁WATCH
45090	▁WHICH
45091	▁Wanda
45092	▁Wrot
45093	▁Zobah
45094	▁Zur
45095	▁aching
45096	▁agora
45097	▁amassing
45098	▁ambassador
45099	▁applaud
45100	▁artillery
45101	▁assassination
45102	▁augur
45103	▁augury
45104	▁automake
45105	▁blogging
45106	▁bra
45107	▁bragging
45108	▁bustling
45109	▁campus
45110	▁carcasses
45111	▁cataclysm
45112	▁ceremonial
45113	▁chemist
45114	▁clapping
45115	▁clemently
45116	▁compilation
45117	▁convict
45118	▁coordination
45119	▁cowardice
45120	▁crimson
45121	▁cunningly
45122	▁cyber
45123	▁cynical
45124	▁deflect
45125	▁demeanor
45126	▁depravity
45127	▁depressing
45128	▁descripti
45129	▁disembark
45130	▁disguised
45131	▁doubly
45132	▁dross
45133	▁dwarf
45134	▁easiest
45135	▁embolden
45136	▁enclosure
45137	▁enterprise
45138	▁epoch
45139	▁exasperating
45140	▁excruciating
45141	▁exponent
45142	▁extravagance
45143	▁fellowmen
45144	▁financed
45145	▁flattened
45146	▁fledgling
45147	▁flint
45148	▁fluently
45149	▁forevermore
45150	▁genuineness
45151	▁grapple
45152	▁illegitimate
45153	▁illiteracy
45154	▁inclusive
45155	▁incorruption
45156	▁indelibl
45157	▁inducing
45158	▁infiltrate
45159	▁insightful
45160	▁interfered
45161	▁investigating
45162	▁invincible
45163	▁italic
45164	▁kicking
45165	▁laboured
45166	▁laity
45167	▁lenient
45168	▁licentious
45169	▁lymph
45170	▁mahout
45171	▁marches
45172	▁mariners
45173	▁maze
45174	▁meekest
45175	▁migrant
45176	▁mime
45177	▁miser
45178	▁miserably
45179	▁modification
45180	▁municipal
45181	▁noblest
45182	▁nursed
45183	▁painstaking
45184	▁paralysis
45185	▁penalties
45186	▁perplexity
45187	▁picnic
45188	▁pigment
45189	▁pil
45190	▁ploy
45191	▁politely
45192	▁proliferation
45193	▁propriety
45194	▁proselytism
45195	▁prosperers
45196	▁protested
45197	▁rationalize
45198	▁repayment
45199	▁returnees
45200	▁roost
45201	▁rotating
45202	▁rove
45203	▁sauce
45204	▁scanty
45205	▁scenery
45206	▁scoop
45207	▁scorner
45208	▁seasonal
45209	▁servicing
45210	▁shaven
45211	▁sheaves
45212	▁shod
45213	▁sizable
45214	▁sketch
45215	▁slapped
45216	▁sn
45217	▁solvent
45218	▁stance
45219	▁subduing
45220	▁synod
45221	▁tableau
45222	▁testator
45223	▁toast
45224	▁toleration
45225	▁totalitarian
45226	▁trifling
45227	▁unchanging
45228	▁unharmed
45229	▁unison
45230	▁unstopped
45231	▁usefulness
45232	▁voted
45233	▁vyavahar
45234	▁waned
45235	▁weakest
45236	▁whereabouts
45237	▁whoredom
45238	▁worsen
45239	▁wrecked
45240	▁zodiac
45241	▁ال
45242	▁अंकीय
45243	▁अंतर्वेषित
45244	▁अखिल
45245	▁अचल
45246	▁अट्ठाइस
45247	▁अथेन
45248	▁अधिकृत
45249	▁अपनापन
45250	▁अप्रत्यक्ष
45251	▁अम्मी
45252	▁अलबर्ट
45253	▁असमानता
45254	▁असिद्धताओं
45255	▁आईएन
45256	▁आदिम
45257	▁आन्ड्रे
45258	▁इंजीनियरिंग
45259	▁इंजीनियरों
45260	▁इंसानियत
45261	▁इज़ाफ
45262	▁इनलाइल
45263	▁इन्हे
45264	▁इले
45265	▁इलेक्ट्रिक
45266	▁ईटैलिक
45267	▁उगायी
45268	▁उज्जी
45269	▁उज्जीएल
45270	▁उद्वार
45271	▁एड्स
45272	▁एपीआई
45273	▁एल्याकीम
45274	▁एसिड
45275	▁एस्टोनिया
45276	▁ऐश्वर्य
45277	▁ऑगस्ट
45278	▁कचोट
45279	▁कथनी
45280	▁करवाई
45281	▁कराके
45282	▁कलंकित
45283	▁कसाई
45284	▁कहलाएगी
45285	▁क़ैदख़ान
45286	▁कार्यभार
45287	▁कूशियों
45288	▁कॉम्प्लेक्स
45289	▁क्रिश्चियन
45290	▁क्लाइन
45291	▁खजाना
45292	▁खरीदकर
45293	▁ख़ुशहाल
45294	▁ख़ुशियों
45295	▁खू
45296	▁खोकर
45297	▁खोह
45298	▁गतिमान
45299	▁गरज़
45300	▁गुहा
45301	▁गेन
45302	▁ग्राफिक्स
45303	▁घटनेवाल
45304	▁चव्वा
45305	▁चाहनेवाला
45306	▁चुगली
45307	▁चूमने
45308	▁छट
45309	▁छुपाता
45310	▁जकड़कर
45311	▁जताओ
45312	▁ज़हन
45313	▁ज़िंदग
45314	▁जागे
45315	▁जागो
45316	▁जालियों
45317	▁जिमी
45318	▁जीवनसाथी
45319	▁जेफ
45320	▁जॉर्डन
45321	▁झेला
45322	▁झोंपड़ियों
45323	▁टूर
45324	▁टॆलिविज़न
45325	▁टैम्प्लेट्स
45326	▁टॉर
45327	▁ट्रिप
45328	▁ठट्ट
45329	▁ठहरूं
45330	▁डंडे
45331	▁डरपोक
45332	▁डायन
45333	▁डिजायन
45334	▁डिपेंडेंसीज़
45335	▁डेंटिस्ट
45336	▁डेलिवरी
45337	▁ढाकर
45338	▁तराइयों
45339	▁ताकने
45340	▁तापक्रम
45341	▁तृ
45342	▁तेइसव
45343	▁त्योंह
45344	▁थमा
45345	▁दबाना
45346	▁दम्पत्ति
45347	▁दारो
45348	▁दिखलाए
45349	▁दिखाएंगे
45350	▁दुर्गत
45351	▁दूनी
45352	▁देशनिकाला
45353	▁धनुर्धार
45354	▁धमकाया
45355	▁धागा
45356	▁ध्व
45357	▁नतोपा
45358	▁नमकीन
45359	▁नम्य
45360	▁नाईन
45361	▁नाराज
45362	▁निपुणता
45363	▁निबटार
45364	▁निरस्त्रीकरण
45365	▁नौवीं
45366	▁न्यास
45367	▁पकड़वानेवाल
45368	▁पड़ोसन
45369	▁पत्निया
45370	▁परखते
45371	▁परिपक्वता
45372	▁परिशुद्धता
45373	▁परिष्कृत
45374	▁परिसंपत्ति
45375	▁पसलियों
45376	▁पहचानवालों
45377	▁पहचानो
45378	▁पहुंचाएंगे
45379	▁पहुंचेगी
45380	▁पार्ट्स
45381	▁पालता
45382	▁पिंग
45383	▁पिक्सेल्स
45384	▁पेकह
45385	▁पेच
45386	▁प्रदूषक
45387	▁प्रशस्त
45388	▁प्राग
45389	▁प्रियजन
45390	▁प्रियजनों
45391	▁प्रोपगैंडा
45392	▁प्रोफाइलिंग
45393	▁प्रोफॆसर
45394	▁फलसफों
45395	▁फ़िल्मों
45396	▁फ़ीका
45397	▁फ़ॉर्मेटिंग
45398	▁फायर
45399	▁फूंकी
45400	▁फैक्टर
45401	▁फैक्टरी
45402	▁फ्रेंक
45403	▁फ्रो
45404	▁फ्लिकर
45405	▁बंगाल
45406	▁बटोरते
45407	▁बनोगे
45408	▁बर्फील
45409	▁बहादुरी
45410	▁बहुवचन
45411	▁बाँहों
45412	▁बांटने
45413	▁बारहवां
45414	▁बीचोंबीच
45415	▁बेड़ा
45416	▁बैपटिस्ट
45417	▁बोलिए
45418	▁ब्रांड
45419	▁ब्लेंड
45420	▁भड़कायी
45421	▁भाते
45422	▁भावता
45423	▁भावती
45424	▁मंत्रालय
45425	▁मंदी
45426	▁मछुए
45427	▁मढ़वाया
45428	▁मतवालेपन
45429	▁मनसूब
45430	▁मनोरंजक
45431	▁मन्त्र
45432	▁मलिक
45433	▁महाप्रतापी
45434	▁महामारियों
45435	▁माइक्रोसॉफ्ट
45436	▁मापदण्ड
45437	▁मारूंगा
45438	▁मिथक
45439	▁मुड़ें
45440	▁मुश
45441	▁मूर्खतापूर्ण
45442	▁मेंढ़क
45443	▁मैजिक
45444	▁मोर्चा
45445	▁मौड्यूल
45446	▁यीएल
45447	▁यूआई
45448	▁यौगिक
45449	▁रहमदिल
45450	▁राल्फ
45451	▁रीढ़
45452	▁रूखे
45453	▁रूठ
45454	▁रूथ
45455	▁रेज़ोल्यूशन
45456	▁रेशे
45457	▁लंडन
45458	▁लकीरें
45459	▁लगोगे
45460	▁लिपटी
45461	▁लीलता
45462	▁लूक
45463	▁लेखांश
45464	▁लैंगिकता
45465	▁लॉन
45466	▁लॉरेन
45467	▁लोकप्रियता
45468	▁वर्कशीट
45469	▁वसीयतनामा
45470	▁वाणिज्य
45471	▁वित्त
45472	▁विदाई
45473	▁विधियाँ
45474	▁विनीत
45475	▁विषाणु
45476	▁वोल्
45477	▁व्यथित
45478	▁शिकंजा
45479	▁शेन
45480	▁संसाध
45481	▁सत्रहवां
45482	▁सन्ताप
45483	▁सन्तुलन
45484	▁सन्दर्भ
45485	▁समझाएँगे
45486	▁सम्बल्लत
45487	▁सिल्वर
45488	▁सीखेगा
45489	▁सूडान
45490	▁सेंपल
45491	▁सैद्धान्तिक
45492	▁सॉक्स
45493	▁सोरबोन
45494	▁सोलहवां
45495	▁स्नू
45496	▁स्प्रिंग
45497	▁स्प्रे
45498	▁स्फूर्तिदायक
45499	▁स्वतःपूर्ण
45500	▁स्वीडिश
45501	▁हई
45502	▁हटता
45503	▁हठील
45504	▁हाथीदांत
45505	▁हाशिए
45506	▁हाहाक
45507	▁हिचक
45508	▁हिन्नोम
45509	▁हॉक
45510	▁१४६
45511	▁१९४६
45512	▁१९५७
45513	▁१९७१
45514	▁१९८४
45515	▁९४
45516	"15
45517	-1250
45518	-1252
45519	-8859-2
45520	473
45521	Bookmark
45522	Brunei
45523	Clothe
45524	Depart
45525	ESIA
45526	Encoding
45527	Eureka
45528	FP
45529	Flee
45530	Grant
45531	Helsinki
45532	Hijr
45533	Hope
45534	Hud
45535	IV
45536	Kigali
45537	Luanda
45538	Mov
45539	Overwrite
45540	PPP
45541	Pane
45542	Patch
45543	Pour
45544	Qatar
45545	Saint
45546	Shanghai
45547	Slice
45548	TABLE
45549	Tool
45550	Undelete
45551	Unit
45552	Url
45553	Very
45554	Vu
45555	WAY
45556	affect
45557	blessed
45558	correct
45559	dust
45560	ecure
45561	endmail
45562	files
45563	ganizer
45564	gram
45565	grams
45566	hibition
45567	ift
45568	immediately
45569	index
45570	info
45571	interest
45572	itnah
45573	kho
45574	kiga
45575	length
45576	livers
45577	marry
45578	mh
45579	nge
45580	norexia
45581	oga
45582	omanian
45583	online
45584	oul
45585	package
45586	paper
45587	park
45588	perhaps
45589	primary
45590	process
45591	quite
45592	recommended
45593	respective
45594	rno
45595	spiring
45596	surin
45597	taught
45598	tiff
45599	ukk
45600	various
45601	vict
45602	viet
45603	worldly
45604	अचानक
45605	अतीत
45606	इलेक्ट्रॉन
45607	ऊगा
45608	एचटीएमएल
45609	ऑनलाइन
45610	कायदा
45611	क्लेश
45612	खण्ड
45613	ख़ास्त
45614	गरीब
45615	चिन्ता
45616	चौड़ाई
45617	ज़ॉ
45618	जॉ
45619	ट्टा
45620	डीन
45621	तेज
45622	त्तियों
45623	दिमाग
45624	दुःख
45625	दुम
45626	दें
45627	निकट
45628	पराध
45629	पुनरुत्थान
45630	पेलेत
45631	पोलिस
45632	प्रतीक्षा
45633	प्रभुसत्ता
45634	प्रिंट
45635	फायर
45636	फार्म
45637	फेल
45638	बकरियों
45639	बचपन
45640	बाइन
45641	भयंकर
45642	भाग्य
45643	मार्च
45644	यता
45645	रॆट
45646	रेडियो
45647	र्षा
45648	लिखने
45649	लुइसविले
45650	लेड्
45651	वर्क
45652	वार्ड
45653	विंग
45654	विश्वास
45655	व्यापार
45656	शरबत
45657	श्चात्
45658	संपर्क
45659	समाप्त
45660	सयानों
45661	सहज
45662	साइक्लोपीडिया
45663	सुडोकु
45664	सूर्य
45665	सेरिफ
45666	सोना
45667	सौर
45668	स्टल
45669	ान्तरित
45670	ायित
45671	ियाब
45672	िविटी
45673	िस्सा
45674	ुमति
45675	ूले
45676	ॉजिकल
45677	ोई
45678	ोनादी
45679	०४
45680	०६
45681	३६
45682	▁$100
45683	▁24,000
45684	▁400,000
45685	▁Abba
45686	▁Addressbook
45687	▁Adium
45688	▁Affairs
45689	▁Afraid
45690	▁Akk
45691	▁Alta
45692	▁Archaeologists
45693	▁Baz
45694	▁Belial
45695	▁Beside
45696	▁Binary
45697	▁Bomb
45698	▁Bryan
45699	▁Cancelled
45700	▁Canyon
45701	▁Casi
45702	▁Cass
45703	▁Cdr
45704	▁Chariot
45705	▁Checksum
45706	▁Cid
45707	▁Cite
45708	▁Community
45709	▁Competition
45710	▁Completely
45711	▁Consolation
45712	▁Crown
45713	▁Cruel
45714	▁DTMF
45715	▁Danielle
45716	▁Daughter
45717	▁Demas
45718	▁Donation
45719	▁Drum
45720	▁Eliminat
45721	▁Elsa
45722	▁Empower
45723	▁Entire
45724	▁Equatorial
45725	▁Expire
45726	▁FACT
45727	▁Faraday
45728	▁Foreground
45729	▁Galaxy
45730	▁Gerri
45731	▁Gill
45732	▁Goodbye
45733	▁Gossip
45734	▁Graphic
45735	▁HBV
45736	▁HOPE
45737	▁Hamburg
45738	▁Henceforth
45739	▁Hopefully
45740	▁Hughes
45741	▁Hunting
45742	▁IUD
45743	▁Ideas
45744	▁Indonesian
45745	▁Inherit
45746	▁Interpreter
45747	▁JOB
45748	▁Jalut
45749	▁Jephunneh
45750	▁KOrganizer
45751	▁Kang
45752	▁Karbon
45753	▁KiB
45754	▁Kwo
45755	▁Lavender
45756	▁Lewis
45757	▁Lodge
45758	▁MIC
45759	▁Magians
45760	▁Makka
45761	▁Manfred
45762	▁Marina
45763	▁Marshall
45764	▁Marti
45765	▁Mauritius
45766	▁Meaningful
45767	▁Menahem
45768	▁Mesha
45769	▁Migration
45770	▁Millimeters
45771	▁Modest
45772	▁Mongolia
45773	▁Moriah
45774	▁Moro
45775	▁Mute
45776	▁NOTE
45777	▁Nebo
45778	▁Necessary
45779	▁Nineteen
45780	▁Ninth
45781	▁Niue
45782	▁OWA
45783	▁Ornan
45784	▁Osaka
45785	▁Pango
45786	▁Paolo
45787	▁Percentage
45788	▁Perry
45789	▁Personality
45790	▁Phire
45791	▁Pilot
45792	▁Pliny
45793	▁Poet
45794	▁Population
45795	▁Pum
45796	▁Quadratic
45797	▁RCP
45798	▁Reap
45799	▁Reported
45800	▁Robinson
45801	▁SAYS
45802	▁SEA
45803	▁SMIME
45804	▁SVN
45805	▁Schema
45806	▁Secondary
45807	▁Seriously
45808	▁Shemesh
45809	▁Shephatiah
45810	▁Shimea
45811	▁Silk
45812	▁Stream
45813	▁Struggle
45814	▁Summer
45815	▁Suzanne
45816	▁Sword
45817	▁Telex
45818	▁Teman
45819	▁Temperature
45820	▁Terrible
45821	▁Thessalonian
45822	▁Thunder
45823	▁Toothless
45824	▁Tuberculosis
45825	▁VOICE
45826	▁Warwick
45827	▁Watchful
45828	▁Yacc
45829	▁Yathrib
45830	▁Zealots
45831	▁abdomen
45832	▁abstained
45833	▁affiliation
45834	▁aides
45835	▁alertness
45836	▁alienation
45837	▁amulet
45838	▁amuse
45839	▁appalling
45840	▁bamboo
45841	▁beetle
45842	▁behest
45843	▁behoove
45844	▁bereavement
45845	▁booming
45846	▁braiding
45847	▁bunker
45848	▁bzip
45849	▁café
45850	▁captors
45851	▁cheaper
45852	▁cheetah
45853	▁chide
45854	▁chop
45855	▁clad
45856	▁clutches
45857	▁combin
45858	▁compris
45859	▁condoning
45860	▁conf
45861	▁conferring
45862	▁congregator
45863	▁consoled
45864	▁contender
45865	▁contrive
45866	▁convulsion
45867	▁corresponded
45868	▁coup
45869	▁crafted
45870	▁creditors
45871	▁crep
45872	▁cumulative
45873	▁cyclone
45874	▁debarre
45875	▁decompress
45876	▁deletion
45877	▁delta
45878	▁desolating
45879	▁detective
45880	▁deviant
45881	▁diary
45882	▁dignify
45883	▁discernible
45884	▁disprove
45885	▁diversified
45886	▁doesn
45887	▁doorway
45888	▁drafted
45889	▁drip
45890	▁elapsed
45891	▁ellipsiz
45892	▁embodied
45893	▁embodiment
45894	▁encircle
45895	▁encrypting
45896	▁enforcement
45897	▁enticing
45898	▁epitome
45899	▁equator
45900	▁evacuated
45901	▁excusing
45902	▁expectant
45903	▁fitness
45904	▁flurries
45905	▁foreseen
45906	▁foresight
45907	▁gloat
45908	▁gnash
45909	▁gramm
45910	▁gratifying
45911	▁gust
45912	▁harmonized
45913	▁hatched
45914	▁heightened
45915	▁hewn
45916	▁hooked
45917	▁horrified
45918	▁hospitalized
45919	▁hostilities
45920	▁hub
45921	▁husbandmen
45922	▁illustrative
45923	▁immensely
45924	▁indecently
45925	▁indulgent
45926	▁inexcusable
45927	▁influenc
45928	▁insatiable
45929	▁jubile
45930	▁kisses
45931	▁lazily
45932	▁ledge
45933	▁linear
45934	▁lowliest
45935	▁marvelled
45936	▁meddling
45937	▁mein
45938	▁melech
45939	▁metropolis
45940	▁mineral
45941	▁misconceptions
45942	▁misrepresented
45943	▁mistrust
45944	▁može
45945	▁murky
45946	▁muzzle
45947	▁navy
45948	▁nb
45949	▁neatly
45950	▁njih
45951	▁nudge
45952	▁observable
45953	▁ostrich
45954	▁outpost
45955	▁oxide
45956	▁padded
45957	▁palate
45958	▁palsy
45959	▁penetrated
45960	▁perpetuated
45961	▁phire
45962	▁photosynthesis
45963	▁pitfall
45964	▁plu
45965	▁polygonal
45966	▁populous
45967	▁postponing
45968	▁pouch
45969	▁proposition
45970	▁propped
45971	▁prototype
45972	▁readjusted
45973	▁reestablished
45974	▁refinement
45975	▁refuted
45976	▁relegate
45977	▁reorganiz
45978	▁ripping
45979	▁sadistic
45980	▁sausage
45981	▁scorned
45982	▁secondhand
45983	▁serial
45984	▁shrewdness
45985	▁shrub
45986	▁sinister
45987	▁socializing
45988	▁soothed
45989	▁spectrum
45990	▁stamina
45991	▁surg
45992	▁switching
45993	▁syllable
45994	▁taboo
45995	▁tractor
45996	▁unconditional
45997	▁undivided
45998	▁ungratefulness
45999	▁unprotected
46000	▁unreliable
46001	▁unsuspecting
46002	▁uppercase
46003	▁vehement
46004	▁venom
46005	▁wastefully
46006	▁whim
46007	▁अंको
46008	▁अगुए
46009	▁अन्तर्गत
46010	▁अपधर्म
46011	▁अभागे
46012	▁अमरत्व
46013	▁अल्फोंस
46014	▁असफ़ल
46015	▁आयोग
46016	▁आलोचनात्मक
46017	▁आस्क
46018	▁इपिकूरी
46019	▁इफ
46020	▁इसलाम
46021	▁उँडेले
46022	▁उत्पादनों
46023	▁उत्पादित
46024	▁उन्नीसवां
46025	▁उपरान्त
46026	▁उबलने
46027	▁उभारने
46028	▁उस्ताद
46029	▁ऋणात्मक
46030	▁ऎलन
46031	▁एडिट
46032	▁एसएमटीपी
46033	▁ओबलास्ट
46034	▁कड़ुवा
46035	▁कारावास
46036	▁कार्लोस
46037	▁कालिब
46038	▁किंग्
46039	▁किफायत
46040	▁कुँए
46041	▁कुटुम्बियों
46042	▁कुवैत
46043	▁कुश्ती
46044	▁कृतसंकल्प
46045	▁केएक्ज़ाई
46046	▁कैरट
46047	▁कैरियर
46048	▁कौआ
46049	▁खजाने
46050	▁खर्चे
46051	▁खातिरदारी
46052	▁खिलौना
46053	▁खोजते
46054	▁गड
46055	▁गरजा
46056	▁गरार
46057	▁गुज़रती
46058	▁गुन
46059	▁गूलर
46060	▁गोंद
46061	▁गोशेन
46062	▁ग्री
46063	▁घबराते
46064	▁चपट
46065	▁चपरास
46066	▁चलाएगी
46067	▁चिंत
46068	▁चिड़चिड़ा
46069	▁चेचक
46070	▁चौगुन
46071	▁छब्बीसवा
46072	▁जगायी
46073	▁जतन
46074	▁जननांग
46075	▁जन्
46076	▁जन्माए
46077	▁जोएन
46078	▁जौहर
46079	▁झिड़का
46080	▁झोली
46081	▁टाँग
46082	▁टिड
46083	▁टेक्सचर
46084	▁टेरी
46085	▁टोब
46086	▁ठूं
46087	▁डिज़ाइनर
46088	▁डिपार्टमेंट
46089	▁डिप्लोमा
46090	▁डैट
46091	▁डॉस
46092	▁ड्रग
46093	▁ढूँढ़ा
46094	▁तटीय
46095	▁ताईवान
46096	▁तालाक
46097	▁तिब्बत
46098	▁तिर्सा
46099	▁त्वरण
46100	▁थियोडो
46101	▁दगा
46102	▁दिलाऊंगा
46103	▁धूमकेतु
46104	▁ध्रुवीय
46105	▁नाख़्मान
46106	▁नाभि
46107	▁निदेश
46108	▁नेकनामी
46109	▁नैन
46110	▁नोब
46111	▁न्यूमेरिक
46112	▁पँहुच
46113	▁पटरियों
46114	▁पतवार
46115	▁पदधारी
46116	▁परिवर्धक
46117	▁पसारे
46118	▁पहरुए
46119	▁पांचवा
46120	▁पार्सल
46121	▁पियासा
46122	▁पिलाती
46123	▁पीऊं
46124	▁पीयर्स
46125	▁पुनर्निर्माण
46126	▁पेरी
46127	▁प्रतिरूपक
46128	▁प्रतीयमान
46129	▁प्रवास
46130	▁प्रांतीय
46131	▁प्लाज़मा
46132	▁फँसते
46133	▁फाड़ने
46134	▁फासला
46135	▁फ्रांसिस्को
46136	▁बचाई
46137	▁बसाऊंगा
46138	▁बहला
46139	▁बाल्टी
46140	▁बिच्छु
46141	▁बुलबुले
46142	▁बेचे
46143	▁बेड़
46144	▁बेवज़ह
46145	▁बैठूँ
46146	▁ब्राउज
46147	▁ब्रॉ
46148	▁भविष्यद्वाणिय
46149	▁भूतविद्या
46150	▁भ्र
46151	▁भ्रमित
46152	▁भ्रामक
46153	▁मंश
46154	▁मनचाह
46155	▁मरती
46156	▁मांड
46157	▁मारकुस
46158	▁मार्केट
46159	▁माल्टा
46160	▁मिक्स
46161	▁मीट
46162	▁मुद्द
46163	▁मूक
46164	▁मृग
46165	▁मेनुअल
46166	▁मेसोपोटामिया
46167	▁मैट्रिक्स
46168	▁मोनिका
46169	▁यै
46170	▁योआह
46171	▁रदरफ़र्ड
46172	▁रस्सेल
46173	▁राजत्व
46174	▁रिपोर्टर
46175	▁रोजर
46176	▁लगेंगी
46177	▁लड़को
46178	▁लदा
46179	▁लाउडस्पीकर
46180	▁लाऊँ
46181	▁लिखनेवाला
46182	▁लीग
46183	▁लीसा
46184	▁लेवल
46185	▁वार्डन
46186	▁विकट
46187	▁विघट
46188	▁विधुर
46189	▁वीटो
46190	▁शयन
46191	▁शर्करा
46192	▁शर्ली
46193	▁शल्यचिकित्सा
46194	▁शाख़
46195	▁शीर्षकविहीन
46196	▁शुभकामनाएँ
46197	▁शेरों
46198	▁श्रद्धालु
46199	▁संक्षेप
46200	▁संशय
46201	▁संस्करणः
46202	▁सत्कारशील
46203	▁सबटाइटल
46204	▁सब्सक्रिप्शन
46205	▁समीक्षक
46206	▁सम्पन्
46207	▁सम्प्रदाय
46208	▁सरकण्डे
46209	▁सराहनीय
46210	▁सलोफाद
46211	▁सस्पें
46212	▁सहस्राब्द
46213	▁साइकल
46214	▁साउंड
46215	▁साहचर्य
46216	▁सिखानेवाला
46217	▁सिसिली
46218	▁सुध
46219	▁सुनाती
46220	▁सुन्त
46221	▁सुपरवाइज़र
46222	▁सूटकेस
46223	▁सोपर
46224	▁स्कूती
46225	▁स्टै
46226	▁स्टॉर्ज़
46227	▁स्टोव
46228	▁स्त्रि
46229	▁स्थानांतरण
46230	▁स्थानीयकृत
46231	▁स्प्रेडशीट
46232	▁स्लेटी
46233	▁हथेलिय
46234	▁हाड़
46235	▁हिकप
46236	▁हिमालय
46237	▁हृष्ट
46238	▁१०५
46239	▁११५
46240	▁१९३८
46241	▁१९६५
46242	▁५९
46243	▁७३
46244	▁८५
46245	------------
46246	-111
46247	-1251
46248	-1253
46249	-1254
46250	-1255
46251	-1256
46252	-1257
46253	-1258
46254	-874
46255	-8859-10
46256	-8859-11
46257	-8859-14
46258	-8859-15
46259	-8859-16
46260	-8859-3
46261	-8859-5
46262	-8859-7
46263	-8859-9
46264	18030
46265	198
46266	2312
46267	52
46268	707
46269	878
46270	8859-6
46271	Adn
46272	Angel
46273	Anxious
46274	Ascending
46275	Bissau
46276	Brisbane
46277	Brussels
46278	Dakar
46279	Descending
46280	Digits
46281	EARLY
46282	EIGHT
46283	Elijah
46284	Encompassing
46285	Epoch
46286	Final
46287	Gibraltar
46288	Havana
46289	Horizontal
46290	Icelandic
46291	Inline
46292	Ivoire
46293	Journey
46294	Karachi
46295	Kentucky
46296	Library
46297	Marwah
46298	Matthew
46299	Mecca
46300	OCT
46301	ORIG
46302	OfTheMeeting
46303	Panda
46304	Permit
46305	Protector
46306	Quoted
46307	RIG
46308	STRING
46309	Sanctify
46310	Slay
46311	Snooze
46312	Steinberg
46313	Suffix
46314	Surrender
46315	TV
46316	Tale
46317	Tbilisi
46318	Temporarily
46319	Tentative
46320	Tripoli
46321	VISCII
46322	War
46323	Wide
46324	YHWH
46325	abundant
46326	akil
46327	alien
46328	arital
46329	attendee
46330	black
46331	built
46332	cidentally
46333	cije
46334	classification
46335	closed
46336	communication
46337	completely
46338	data
46339	determined
46340	dicated
46341	dispos
46342	ecompress
46343	edom
46344	encrypted
46345	epreciation
46346	exalted
46347	favour
46348	feld
46349	footed
46350	frared
46351	gift
46352	graphic
46353	height
46354	isse
46355	jpg
46356	kground
46357	lean
46358	lendar
46359	lert
46360	mage
46361	merely
46362	month
46363	mpleted
46364	myriad
46365	ntelligent
46366	obey
46367	observe
46368	ontinue
46369	onversation
46370	otic
46371	plugin
46372	pop
46373	ppa
46374	practical
46375	quiet
46376	reached
46377	repent
46378	ronize
46379	ruf
46380	service
46381	share
46382	shining
46383	small
46384	sodomy
46385	specific
46386	teaching
46387	tumbling
46388	udio
46389	usury
46390	xclude
46391	ô
46392	अधिकांश
46393	अमूर
46394	अम्मान
46395	आदि
46396	आवाज
46397	इंडियानापोलिस
46398	उपासना
46399	ऊद
46400	एंग
46401	कंपोज
46402	कहना
46403	कीय
46404	कॉल
46405	कोलकाता
46406	कोशिश
46407	क्कू
46408	खुस
46409	ग्ज़
46410	घटते
46411	चार्ट
46412	चीन
46413	च्चर
46414	छुओं
46415	जकार्ता
46416	जनवरी
46417	जरूरत
46418	जानकारी
46419	जैक
46420	डकोटा
46421	डाउसन
46422	थिया
46423	थॆल
46424	दरअसल
46425	दराज़
46426	दादी
46427	देखिए
46428	नल्ड
46429	निंदा
46430	निस्
46431	पढ़ने
46432	परीक्षित
46433	पिसिदिया
46434	पोर्टो
46435	पौलुस
46436	प्रवाह
46437	प्राप्त
46438	प्लेयर
46439	फ़ाइन
46440	फ्रेट
46441	बाएँ
46442	बाह
46443	बुला
46444	बेईमानी
46445	बेतुके
46446	बोआ
46447	ब्ना
46448	ब्बो
46449	भविष्यद्वक्
46450	भानेवाली
46451	मीम
46452	मुफ्त
46453	मोंट्
46454	यिर्मयाह
46455	युनुस
46456	यूक्रेनी
46457	यूरेका
46458	रिटी
46459	र्मय
46460	लिटर
46461	वफ़ा
46462	वाफ
46463	वायी
46464	वाल्द
46465	सठ
46466	समापन
46467	साओ
46468	साधारण
46469	सीना
46470	सेवा
46471	सॉन
46472	सोफिया
46473	सोसिएशन
46474	हाइ
46475	हेलेना
46476	ाड़ी
46477	ामाल
46478	ालिश
46479	ाविन्द
46480	िअस
46481	ैटिक
46482	ॉन्ट
46483	्ज़िल
46484	्रल
46485	्ष्क
46486	०३
46487	८५
46488	▁$4
46489	▁("1
46490	▁0.9
46491	▁1,300
46492	▁175
46493	▁1999-200
46494	▁1:1
46495	▁2:105)
46496	▁539
46497	▁Amminadab
46498	▁Ascending
46499	▁Ashley
46500	▁Atte
46501	▁Austrian
46502	▁Avatar
46503	▁Ayoub
46504	▁BEEPING
46505	▁Babe
46506	▁Bangalore
46507	▁Bind
46508	▁Boot
46509	▁Bounteous
46510	▁Bruno
46511	▁Capitol
46512	▁Carlo
46513	▁Celsius
46514	▁Charlie
46515	▁Chosen
46516	▁Colon
46517	▁Commitment
46518	▁Construction
46519	▁Counselor
46520	▁Countries
46521	▁Crusher
46522	▁DEVICE
46523	▁Definition
46524	▁Deletion
46525	▁Dell
46526	▁Deny
46527	▁Descending
46528	▁Disciple
46529	▁Dismiss
46530	▁Divided
46531	▁Emilia
46532	▁Envy
46533	▁Faithfulness
46534	▁Flickr
46535	▁Funeral
46536	▁Grande
46537	▁Grandma
46538	▁Greely
46539	▁Harbour
46540	▁Harmful
46541	▁Hellenistic
46542	▁Homosexual
46543	▁Huge
46544	▁Huram
46545	▁ISNUM
46546	▁Involve
46547	▁Jansen
46548	▁Jonas
46549	▁Kha
46550	▁LEARN
46551	▁Lag
46552	▁Laurent
46553	▁Legend
46554	▁Literature
46555	▁Lucía
46556	▁MAKE
46557	▁MISCELLANEOUS
46558	▁Memphis
46559	▁Meyer
46560	▁Midianite
46561	▁Miracle
46562	▁Miraculous
46563	▁Molecul
46564	▁Monochrome
46565	▁Monthly
46566	▁Münster
46567	▁Nahash
46568	▁Nal
46569	▁Nicaea
46570	▁Nigh
46571	▁Occasion
46572	▁Opaque
46573	▁Organ
46574	▁Orpah
46575	▁PIONEER
46576	▁Pascal
46577	▁Patiently
46578	▁Pfeiffer
46579	▁Pittsburgh
46580	▁Pole
46581	▁Practicing
46582	▁Praetorian
46583	▁Programme
46584	▁Quote
46585	▁RAND
46586	▁Raised
46587	▁Rebecca
46588	▁Recommend
46589	▁Rephaim
46590	▁Reproduce
46591	▁Resolving
46592	▁Restrict
46593	▁Rezin
46594	▁Rox
46595	▁START
46596	▁Samoa
46597	▁Scandinavia
46598	▁Sequence
46599	▁Serge
46600	▁Shal
46601	▁Sieve
46602	▁Sinaiticus
46603	▁Sixteen
46604	▁Sphere
46605	▁Stasi
46606	▁Tartarus
46607	▁Terry
46608	▁Tiny
46609	▁Tobacco
46610	▁Torrent
46611	▁Uzza
46612	▁Uzzi
46613	▁Vasa
46614	▁Vector
46615	▁WORD
46616	▁WebKit
46617	▁Webcam
46618	▁Weigh
46619	▁Welsh
46620	▁Widespread
46621	▁Wilhelm
46622	▁Winston
46623	▁Wonder
46624	▁Zalmunna
46625	▁Zebah
46626	▁abhorrent
46627	▁acclaim
46628	▁accommodated
46629	▁adaptable
46630	▁admin
46631	▁ambulance
46632	▁ancestry
46633	▁avenue
46634	▁axe
46635	▁backbite
46636	▁backbiter
46637	▁battlement
46638	▁bedside
46639	▁bloodthirsty
46640	▁bravely
46641	▁brawl
46642	▁bruising
46643	▁bunches
46644	▁capsule
46645	▁cartons
46646	▁cartridge
46647	▁cathedral
46648	▁censor
46649	▁childish
46650	▁cleanup
46651	▁cloudy
46652	▁cognisant
46653	▁compounded
46654	▁conjure
46655	▁constitut
46656	▁contour
46657	▁conveyance
46658	▁cowardly
46659	▁crater
46660	▁cub
46661	▁curved
46662	▁damnation
46663	▁decently
46664	▁decibels
46665	▁defendant
46666	▁dependencies
46667	▁dictionaries
46668	▁dignifie
46669	▁dimension
46670	▁discount
46671	▁dispenser
46672	▁dissolution
46673	▁downtown
46674	▁ebb
46675	▁eighteenth
46676	▁embarrass
46677	▁encircl
46678	▁entrap
46679	▁equ
46680	▁excerpt
46681	▁exorbitance
46682	▁expedient
46683	▁eyeball
46684	▁fabricateth
46685	▁fatigued
46686	▁femininity
46687	▁fiancé
46688	▁fibre
46689	▁fiftie
46690	▁flank
46691	▁flea
46692	▁footstep
46693	▁fragmented
46694	▁frailties
46695	▁freight
46696	▁functional
46697	▁genealogi
46698	▁gigantic
46699	▁gnome
46700	▁guardianship
46701	▁gymnasium
46702	▁halfhearted
46703	▁harmdoing
46704	▁hideous
46705	▁hijack
46706	▁hon
46707	▁horoscope
46708	▁houris
46709	▁ht
46710	▁immaculate
46711	▁impostor
46712	▁inaccessible
46713	▁incarcerated
46714	▁indescribable
46715	▁inflexible
46716	▁investing
46717	▁ironic
46718	▁krypton
46719	▁lagoon
46720	▁legendary
46721	▁leukemia
46722	▁liberties
46723	▁loathing
46724	▁lobby
46725	▁mailboxes
46726	▁medal
46727	▁menses
46728	▁mentor
46729	▁merged
46730	▁miners
46731	▁misses
46732	▁movable
46733	▁mythological
46734	▁overboard
46735	▁parked
46736	▁penitentiary
46737	▁pharmaceutical
46738	▁placard
46739	▁polled
46740	▁presumed
46741	▁psychiatrist
46742	▁pulpit
46743	▁qual
46744	▁quotation
46745	▁recursively
46746	▁reddish
46747	▁regimen
46748	▁reliant
46749	▁religionists
46750	▁renam
46751	▁rib
46752	▁ridd
46753	▁rotted
46754	▁rupture
46755	▁salvage
46756	▁sensibleness
46757	▁sewage
46758	▁sexuality
46759	▁shelves
46760	▁sheriff
46761	▁shunning
46762	▁slowness
46763	▁sluggard
46764	▁specification
46765	▁staple
46766	▁starve
46767	▁stealer
46768	▁stedfast
46769	▁stimulus
46770	▁ston
46771	▁stupor
46772	▁subtly
46773	▁suppliant
46774	▁svoj
46775	▁synthetic
46776	▁tangent
46777	▁thresh
46778	▁tint
46779	▁toppled
46780	▁tourism
46781	▁tram
46782	▁trance
46783	▁tur
46784	▁tutorial
46785	▁uncompromising
46786	▁unimaginable
46787	▁untrusted
46788	▁velocity
46789	▁vendor
46790	▁vomiting
46791	▁votaries
46792	▁voting
46793	▁waved
46794	▁wedge
46795	▁wherewithal
46796	▁withstood
46797	▁wrongful
46798	▁अंतर्निहित
46799	▁अंतर्वेशित
46800	▁अखया
46801	▁अचर
46802	▁अत्
46803	▁अधिकांशतः
46804	▁अधिरोह
46805	▁अनमाउन्ट
46806	▁अनू
46807	▁अपच
46808	▁अपूर्व
46809	▁अपोलो
46810	▁अम्ब
46811	▁अयूब
46812	▁अरियुपग
46813	▁अलियास
46814	▁असुविधा
46815	▁आँकना
46816	▁आक्रामक
46817	▁आदाम
46818	▁आभा
46819	▁आयेगी
46820	▁इकतीसवां
46821	▁ईडी
46822	▁उबार
46823	▁ऊधम
46824	▁ऊस
46825	▁ऎडवॆंटि
46826	▁ऎवरग्
46827	▁एंटी
46828	▁एचएसटी
46829	▁एदो
46830	▁एल्बर्ट
46831	▁एस्प
46832	▁ओमा
46833	▁कठपुतल
46834	▁कडुआ
46835	▁कनख
46836	▁कनपट
46837	▁कमोश
46838	▁कम्पास
46839	▁कसबों
46840	▁कसा
46841	▁कसो
46842	▁कार्यकर्त्ता
46843	▁कार्यकारी
46844	▁कुम्हला
46845	▁कॉपिय
46846	▁कौंधें
46847	▁कौमार्यव्रत
46848	▁क्रिएट
46849	▁क्रीट
46850	▁क्रोएशिया
46851	▁क्षय
46852	▁खदान
46853	▁खयालात
46854	▁खलनायक
46855	▁खुरच
46856	▁ख्प्ताश
46857	▁गं
46858	▁गानेवाले
46859	▁गिराने
46860	▁गुज़रकर
46861	▁गुदा
46862	▁गुने
46863	▁गुर
46864	▁गेटवे
46865	▁गैलन
46866	▁गोथम
46867	▁ग्रीष्म
46868	▁ग्रैंड
46869	▁घबराता
46870	▁घबराना
46871	▁चरागाह
46872	▁चिंतन
46873	▁चिन
46874	▁चूकते
46875	▁चूज़
46876	▁चूल्ह
46877	▁चॅ
46878	▁चौडाई
46879	▁चौदहवा
46880	▁चौबीसवा
46881	▁छिड़ा
46882	▁छुरा
46883	▁जतानेवाले
46884	▁जलनशील
46885	▁ज़िलो
46886	▁जागने
46887	▁जागीर
46888	▁जिले
46889	▁जॆ
46890	▁जेना
46891	▁जेनी
46892	▁जेरे
46893	▁जेसिका
46894	▁जोहने
46895	▁झेली
46896	▁टिडि्डयों
46897	▁टेके
46898	▁टेलेक्स
46899	▁टेस्टामेन्ट
46900	▁डण्डों
46901	▁डम्प
46902	▁डीन
46903	▁डु
46904	▁ड्राई
46905	▁ढूंढ़ा
46906	▁तत्वज्ञानी
46907	▁तरकीबें
46908	▁तलमूद
46909	▁तांबा
46910	▁तिबिरियुस
46911	▁तीक्ष्ण
46912	▁तुरहिय
46913	▁तेरहवा
46914	▁थीऑफलस
46915	▁थू
46916	▁दारोग
46917	▁दिरबे
46918	▁देशान्तर
46919	▁धज्जिया
46920	▁धमकियों
46921	▁धूर्तता
46922	▁नतनेल
46923	▁निकालीं
46924	▁निभाएँ
46925	▁निर्लज्ज
46926	▁निर्विवाद
46927	▁निषेच
46928	▁नोर्ड
46929	▁पंद्रहवा
46930	▁पच
46931	▁पत्थरदिल
46932	▁पनपत
46933	▁परमिट
46934	▁पर्यटन
46935	▁पर्वतमाला
46936	▁पलने
46937	▁पहुंचेंगे
46938	▁पहुंचेगा
46939	▁पाँचवा
46940	▁पारिस्थितिक
46941	▁पीढ़ियाँ
46942	▁पीनेवाले
46943	▁पीसने
46944	▁पुकारती
46945	▁पुनःनिर्माण
46946	▁पुनर्स्थापित
46947	▁पेल
46948	▁पैलेट
46949	▁पोखरे
46950	▁प्रचय
46951	▁प्रतापमय
46952	▁प्रतियोग
46953	▁प्रिंटरी
46954	▁फँदा
46955	▁फड़फड़ा
46956	▁फावड़
46957	▁फिक्स
46958	▁फिसलने
46959	▁फुलान
46960	▁फ्लाइट
46961	▁फ्लैशकार्ड
46962	▁बघार
46963	▁बटोरना
46964	▁बतानेवाले
46965	▁बदहाली
46966	▁बर्फीला
46967	▁बलात्कारी
46968	▁बहकाना
46969	▁बहकानेवाले
46970	▁बहुविवाह
46971	▁बाए
46972	▁बाह्
46973	▁बिकता
46974	▁बिताएँगे
46975	▁बिरंग
46976	▁बीटी
46977	▁बुख़ार
46978	▁बुझाना
46979	▁बुडापेस्ट
46980	▁बेऔलाद
46981	▁बेचनेवालों
46982	▁बेरोत
46983	▁बेवक़ूफ़
46984	▁बेसबॉल
46985	▁बैतनि
46986	▁भगोड़ा
46987	▁भयावह
46988	▁भीषण
46989	▁भुजाओं
46990	▁भुलाने
46991	▁भोगना
46992	▁भोला
46993	▁मंगोलिया
46994	▁मंदाकिनियों
46995	▁मगिद्दॊ
46996	▁मनस्क
46997	▁मनोहरता
46998	▁मरनहार
46999	▁मलिका
47000	▁मल्टीपल
47001	▁मल्लयुद्ध
47002	▁महावत
47003	▁माँदे
47004	▁माइक्रोफोन
47005	▁मायनो
47006	▁मार्कअप
47007	▁मुड़ते
47008	▁मुड़े
47009	▁मुर
47010	▁मोज़म्बिक
47011	▁मोरो
47012	▁यपुन्ने
47013	▁यहूदियो
47014	▁यात्राएँ
47015	▁यूआरआइ
47016	▁यूएसबी
47017	▁यूज़र
47018	▁यैंक
47019	▁यॉन
47020	▁रंजिश
47021	▁रसीन
47022	▁रस्मो
47023	▁रहोगी
47024	▁राजगढ़
47025	▁राजमिस्त्र
47026	▁रिव्यू
47027	▁रिसॉल्यूशन
47028	▁रीयल
47029	▁रेह
47030	▁रोमांस
47031	▁लगकर
47032	▁लजाता
47033	▁लपेटें
47034	▁लागिन
47035	▁लिब्यातान
47036	▁लिसा
47037	▁लिस्बन
47038	▁लॆट
47039	▁लेनदेन
47040	▁लेबनान
47041	▁लेबल्स
47042	▁लॉइड
47043	▁लॉरेंस
47044	▁वर्जीनिया
47045	▁विकी
47046	▁विकृति
47047	▁विट
47048	▁शम्म
47049	▁शांतिमय
47050	▁शिकागो
47051	▁शिना
47052	▁श्राप
47053	▁श्रोडर
47054	▁सँवारने
47055	▁संकेंद्र
47056	▁सज्जनो
47057	▁सन्यास
47058	▁सपोर्ट
47059	▁समांतर
47060	▁सम्भालनेवाल
47061	▁सवारियाँ
47062	▁सिंड्रोम
47063	▁सिदकिय्याह
47064	▁सिप्पोर
47065	▁सुप्रीम
47066	▁सूझबूझ
47067	▁सेक्रेट्री
47068	▁सैट
47069	▁सैलानी
47070	▁सोसायटी
47071	▁सौंपेंगे
47072	▁स्टॉप
47073	▁स्तिफनास
47074	▁स्नेहपूर्ण
47075	▁स्पलाइन
47076	▁स्प्लैश
47077	▁स्लोवाकिया
47078	▁स्विचर
47079	▁हथियारबन्द
47080	▁हारने
47081	▁हूराम
47082	▁हेशमोन
47083	▁१२७
47084	▁१९४२
47085	▁१९४९
47086	▁९९
47087	150
47088	Ababa
47089	Access
47090	Attached
47091	Caracas
47092	Class
47093	Connor
47094	Cyclo
47095	Detach
47096	Edom
47097	Favorite
47098	Feb
47099	Five
47100	GASPING
47101	GTK
47102	Greely
47103	Hobart
47104	Intense
47105	Jewish
47106	Keefe
47107	Large
47108	Life
47109	Lucia
47110	Lusaka
47111	Maputo
47112	NER
47113	Norfolk
47114	Oslo
47115	Paz
47116	Phoenix
47117	Plain
47118	Preferences
47119	Punishment
47120	RIS
47121	Redo
47122	Reject
47123	Reunion
47124	Revert
47125	SINGING
47126	Sabir
47127	Skip
47128	Small
47129	TTP
47130	Tag
47131	United
47132	Verse
47133	YELLING
47134	Zagreb
47135	ado
47136	alive
47137	arm
47138	azer
47139	belief
47140	blessing
47141	calendar
47142	captive
47143	chapter
47144	clothe
47145	clusive
47146	constant
47147	declaring
47148	different
47149	disbelief
47150	eason
47151	eastern
47152	experience
47153	freedom
47154	ggy
47155	gnu
47156	grudging
47157	hanan
47158	hore
47159	hè
47160	inspired
47161	intestinal
47162	ista
47163	itializing
47164	jp
47165	justice
47166	language
47167	lium
47168	mino
47169	minor
47170	mongo
47171	motion
47172	nately
47173	nickname
47174	nog
47175	ntercession
47176	office
47177	omparably
47178	ontact
47179	opened
47180	paradise
47181	password
47182	persevere
47183	productive
47184	protector
47185	ragically
47186	sleep
47187	soundness
47188	sphere
47189	stylesheet
47190	trial
47191	tutor
47192	ugging
47193	ump
47194	versioned
47195	vested
47196	wait
47197	wisher
47198	witness
47199	yi
47200	ý
47201	י
47202	अजनबी
47203	अनदेखी
47204	अर्थात्
47205	इच्छा
47206	उद
47207	एरा
47208	एलिय्याह
47209	ऑफ़लाइन
47210	क़ानून
47211	क़ीमत
47212	क्रिसमस
47213	खर्च
47214	गायन
47215	घटा
47216	छें
47217	ज़ॉन
47218	टीवी
47219	दानिय्येल
47220	दुबक
47221	नयन
47222	नियत
47223	निष्क्रिय
47224	न्डो
47225	न्यास
47226	न्हें
47227	पतरस
47228	परदेशी
47229	परमप्रधान
47230	पागल
47231	पेत
47232	प्रकट
47233	प्रभू
47234	प्रेरणा
47235	फिलिप्पियों
47236	फ्रेड
47237	बामा
47238	बिलिटी
47239	बेथ
47240	ब्यूनस
47241	मन्ड
47242	मानना
47243	मेहनत
47244	रैति
47245	रॉस
47246	लिन्डा
47247	लुआंडा
47248	लूब
47249	वयस्क
47250	वाडोल
47251	विन्यास
47252	वॉटर
47253	श्रमित
47254	साफ्ट
47255	साहस
47256	सिंहासन
47257	सिखाने
47258	सूत्र
47259	स्कूल
47260	स्कोप
47261	स्वयं
47262	हिंसा
47263	ाऊँगा
47264	ाकांक्षी
47265	ाधीन
47266	िंक
47267	िंस्की
47268	ीयन
47269	ुकू
47270	ूफ़
47271	ोत्सव
47272	्टिंग
47273	्सबर्ग
47274	०५
47275	२५०
47276	३९
47277	७८
47278	▁"%3"
47279	▁%{
47280	▁(1.2
47281	▁(8)
47282	▁1,8
47283	▁1.3
47284	▁164
47285	▁1915
47286	▁212
47287	▁3.5
47288	▁455
47289	▁9,000
47290	▁<\
47291	▁AUTH
47292	▁Abide
47293	▁Aboriginal
47294	▁Accident
47295	▁Adjustment
47296	▁Adullam
47297	▁Allocate
47298	▁Alma
47299	▁Ameli
47300	▁Annotate
47301	▁Antiochus
47302	▁Athos
47303	▁Attract
47304	▁BABY
47305	▁Barbados
47306	▁Beeroth
47307	▁Berg
47308	▁Bibel
47309	▁Bohemia
47310	▁Botswana
47311	▁Breath
47312	▁Built
47313	▁Bureau
47314	▁Bytes
47315	▁COULD
47316	▁Calvinist
47317	▁Catch
47318	▁Certification
47319	▁Chronicle
47320	▁Circu
47321	▁Clarke
47322	▁Clergy
47323	▁Commercial
47324	▁Conqueror
47325	▁Copernicus
47326	▁Croatia
47327	▁Cube
47328	▁Cutting
47329	▁Cyan
47330	▁DAVID
47331	▁DEUT
47332	▁DOS
47333	▁Davies
47334	▁Decapolis
47335	▁Delphi
47336	▁Designate
47337	▁Dufresne
47338	▁Easing
47339	▁Elena
47340	▁Elevation
47341	▁Elimelech
47342	▁Experiment
47343	▁Expiry
47344	▁Figuratively
47345	▁Fisher
47346	▁Formula
47347	▁Fruitage
47348	▁Garo
47349	▁Geoffrey
47350	▁Gittite
47351	▁Graf
47352	▁Greatness
47353	▁Grief
47354	▁HELL
47355	▁Harper
47356	▁Hyderabad
47357	▁Illinois
47358	▁Impartial
47359	▁Importance
47360	▁Initializing
47361	▁Irina
47362	▁Jaye
47363	▁Jearim
47364	▁Jerry
47365	▁Johannesburg
47366	▁Josef
47367	▁Josué
47368	▁KGB
47369	▁KPresenter
47370	▁Kh
47371	▁Khmer
47372	▁Kilimanjaro
47373	▁Kitchen
47374	▁Krypton
47375	▁Kurt
47376	▁LAUGHING
47377	▁Lawlessness
47378	▁Leslie
47379	▁Liberty
47380	▁Libraries
47381	▁Listener
47382	▁Luigi
47383	▁MEXICO
47384	▁Mafia
47385	▁Mahli
47386	▁Maldives
47387	▁Margaryan
47388	▁Marvel
47389	▁Mau
47390	▁Mishael
47391	▁Natalie
47392	▁Neutral
47393	▁Nuremberg
47394	▁Opposers
47395	▁Overcast
47396	▁PID
47397	▁Pablo
47398	▁Painful
47399	▁Peanut
47400	▁Performance
47401	▁Period
47402	▁Predict
47403	▁Ptolemy
47404	▁Publishers
47405	▁Qumran
47406	▁RC
47407	▁Recipe
47408	▁Regrettably
47409	▁Responsive
47410	▁STOP
47411	▁Scottish
47412	▁Sendmail
47413	▁Shinar
47414	▁Shock
47415	▁Siloam
47416	▁Skipp
47417	▁Slicing
47418	▁Somalia
47419	▁Speaker
47420	▁Splane
47421	▁Stoic
47422	▁Suite
47423	▁Supremacy
47424	▁Sweep
47425	▁Synth
47426	▁THESS
47427	▁THROUGH
47428	▁TeX
47429	▁Tern
47430	▁Thummim
47431	▁Tire
47432	▁Trained
47433	▁Translator
47434	▁Turner
47435	▁Utopia
47436	▁Vir
47437	▁Visualize
47438	▁Zichri
47439	▁abduct
47440	▁abnormally
47441	▁acceleration
47442	▁accessibility
47443	▁affectionately
47444	▁aligned
47445	▁alway
47446	▁amused
47447	▁ancestr
47448	▁announcer
47449	▁antisocial
47450	▁appeased
47451	▁armpit
47452	▁audiocassette
47453	▁badge
47454	▁basketball
47455	▁boon
47456	▁bouquet
47457	▁bray
47458	▁caldron
47459	▁captivat
47460	▁carbohydrates
47461	▁certified
47462	▁chapel
47463	▁collide
47464	▁commemorat
47465	▁conciliation
47466	▁consonants
47467	▁cookie
47468	▁cosine
47469	▁cottage
47470	▁deafening
47471	▁deferr
47472	▁derogatory
47473	▁despiseth
47474	▁disconnect
47475	▁disfavor
47476	▁disparaging
47477	▁dragonfly
47478	▁dripping
47479	▁emanat
47480	▁enclose
47481	▁endow
47482	▁enlargeth
47483	▁executioner
47484	▁exotic
47485	▁expertise
47486	▁extort
47487	▁faithlessness
47488	▁falsify
47489	▁familiarity
47490	▁flip
47491	▁forethought
47492	▁forthcoming
47493	▁frequented
47494	▁freshwater
47495	▁friendliness
47496	▁frivolity
47497	▁gangster
47498	▁gasoline
47499	▁hack
47500	▁halted
47501	▁handshake
47502	▁heretic
47503	▁hiring
47504	▁historicity
47505	▁horned
47506	▁hull
47507	▁ideology
47508	▁impractical
47509	▁inconvenient
47510	▁ingenious
47511	▁insertion
47512	▁interfaith
47513	▁intervening
47514	▁intrinsic
47515	▁irrational
47516	▁itinera
47517	▁jailed
47518	▁kilo
47519	▁lava
47520	▁lecturer
47521	▁logo
47522	▁madam
47523	▁magnet
47524	▁menservants
47525	▁misjudg
47526	▁monarchy
47527	▁monitored
47528	▁monumental
47529	▁nasty
47530	▁nationwide
47531	▁neko
47532	▁nether
47533	▁nitr
47534	▁odious
47535	▁omnipotent
47536	▁optimization
47537	▁orphanage
47538	▁outnumbered
47539	▁overtones
47540	▁parsed
47541	▁pastoral
47542	▁pavement
47543	▁pedophile
47544	▁performers
47545	▁perpetuity
47546	▁personified
47547	▁picturesque
47548	▁platter
47549	▁pork
47550	▁preventive
47551	▁quiz
47552	▁radi
47553	▁readjustment
47554	▁recollection
47555	▁recompence
47556	▁reconstruction
47557	▁regent
47558	▁registrar
47559	▁registry
47560	▁rigorous
47561	▁roared
47562	▁rooster
47563	▁rushes
47564	▁satraps
47565	▁saviour
47566	▁scheduling
47567	▁schoolmate
47568	▁seminary
47569	▁serene
47570	▁shin
47571	▁signifying
47572	▁silkworm
47573	▁smileys
47574	▁snorting
47575	▁snout
47576	▁spice
47577	▁spreadsheet
47578	▁spurned
47579	▁squat
47580	▁stabilizing
47581	▁stablish
47582	▁subtraction
47583	▁subway
47584	▁switcher
47585	▁tamed
47586	▁temperate
47587	▁thylacine
47588	▁trapping
47589	▁trod
47590	▁trough
47591	▁tuft
47592	▁tuna
47593	▁underworld
47594	▁unfortunately
47595	▁unheard
47596	▁unselfishness
47597	▁waving
47598	▁wormwood
47599	▁wrist
47600	▁ʼ
47601	▁अंतःक्रिया
47602	▁अंधकारमय
47603	▁अकादमी
47604	▁अग्रिम
47605	▁अनिच्छुक
47606	▁अराधनालय
47607	▁असमंज
47608	▁आँका
47609	▁आदरनीय
47610	▁आरेखण
47611	▁आर्च
47612	▁इंडैक्स
47613	▁इंस्टीट्यूट
47614	▁इग्
47615	▁इन्फॆक्शन
47616	▁इरान
47617	▁उत्त
47618	▁उफ़
47619	▁ऊष्मा
47620	▁एचपी
47621	▁एजेंसी
47622	▁एप्राता
47623	▁एलबम
47624	▁एल्जियम
47625	▁एल्बीनिज़्म
47626	▁ऐन्टीबायोटिक
47627	▁ऑक्सफर्ड
47628	▁ऑल्
47629	▁कंपन
47630	▁कनज
47631	▁कलाकृति
47632	▁काउंसिल
47633	▁कार्यक्षेत्र
47634	▁कीटाणुओं
47635	▁कीर्ति
47636	▁कुदृष्टि
47637	▁कुर्सिय
47638	▁कूटलेखन
47639	▁कॉन्टेक्स्ट
47640	▁कोलंबिया
47641	▁कोलाब
47642	▁क्लॉस
47643	▁क्लौदियुस
47644	▁खिलवा
47645	▁खींचती
47646	▁गँवार
47647	▁गतिविधियाँ
47648	▁गवर्न
47649	▁गुर्दों
47650	▁गेर
47651	▁गैसें
47652	▁गोवा
47653	▁ग्रंथि
47654	▁ग्रेगरी
47655	▁घटनाएं
47656	▁घड
47657	▁घबराने
47658	▁घाम
47659	▁घी
47660	▁घुम
47661	▁चढ़ावे
47662	▁चलीं
47663	▁चाहूँगी
47664	▁चिढ़ते
47665	▁चितौनिया
47666	▁चैनल्स
47667	▁छत्ता
47668	▁जजों
47669	▁जताकर
47670	▁जरन
47671	▁जर्ज
47672	▁जागकर
47673	▁जागरूकता
47674	▁जानतीं
47675	▁जिक्री
47676	▁जूलियन
47677	▁जेपीईजी
47678	▁झण्ड
47679	▁झीं
47680	▁टकटकी
47681	▁टाइपिंग
47682	▁टूटसी
47683	▁टूथलेस
47684	▁टॆक
47685	▁टेलिविज़न
47686	▁डिब्बों
47687	▁डिरेक्ट्रीज़
47688	▁डींगमार
47689	▁डुफ्रेन
47690	▁डेनिस
47691	▁डेवलप
47692	▁ड्राइ
47693	▁ढिंढोर
47694	▁तंज़ानिया
47695	▁तदनुसार
47696	▁तस्करी
47697	▁तानाक
47698	▁ताहिती
47699	▁तुर्क
47700	▁तुले
47701	▁तैरना
47702	▁तौही
47703	▁थुआतीरा
47704	▁दफना
47705	▁दमदम
47706	▁दर्शायी
47707	▁दासियां
47708	▁दिखाऊं
47709	▁दुहरायें
47710	▁देमेत्रियुस
47711	▁धनुर्धारियों
47712	▁धर्माभिमान
47713	▁धीरा
47714	▁नसों
47715	▁नानाजी
47716	▁नारीत्व
47717	▁नाविकों
47718	▁निष्कर्षण
47719	▁नुस्ख
47720	▁नॆटवर्क
47721	▁नैन्सी
47722	▁पण्डितों
47723	▁पतंगा
47724	▁परंपरागत
47725	▁परावर्त
47726	▁पहरेवाल
47727	▁पाओलो
47728	▁पार्टियाँ
47729	▁पाश्
47730	▁पिछ
47731	▁पीएँ
47732	▁पुआ
47733	▁पुनरु
47734	▁पुरख
47735	▁पुलिसवालों
47736	▁पुश
47737	▁पैग
47738	▁पैट्रिक
47739	▁पोकर
47740	▁पोसकर
47741	▁पोसे
47742	▁प्रणाल
47743	▁प्रतिज्ञाएं
47744	▁प्रबुद्ध
47745	▁प्रबोध
47746	▁प्रीतिकर
47747	▁प्रेक्षक
47748	▁प्लॉट
47749	▁फ़ार
47750	▁फ़िल्टरिंग
47751	▁फ़्लैश
47752	▁फ़्लॉपी
47753	▁फूलो
47754	▁फैलाती
47755	▁फ्रांज़
47756	▁फ्लायड
47757	▁बचनेवाले
47758	▁बच्चेवालो
47759	▁बदमाशों
47760	▁बहकने
47761	▁बाइक
47762	▁बालिग
47763	▁बावन
47764	▁बिच
47765	▁बुराइया
47766	▁बेतुक
47767	▁बैंग
47768	▁बैच
47769	▁बैज
47770	▁बैतसैदा
47771	▁बैनर
47772	▁ब्रज़िलिय
47773	▁ब्राउजर
47774	▁ब्रेसे
47775	▁भेजीं
47776	▁मकोड़ों
47777	▁मचायी
47778	▁मछुआरे
47779	▁मछुव
47780	▁मनमाना
47781	▁मनाता
47782	▁मनोरोग
47783	▁मन्ना
47784	▁मम्म
47785	▁मरु
47786	▁मसूद
47787	▁महत्त्वहीन
47788	▁महामारियाँ
47789	▁माथ
47790	▁मार्क्स
47791	▁मार्स
47792	▁मिरगी
47793	▁मृत्युदण्ड
47794	▁मेजबाननाम
47795	▁मेननाइट
47796	▁मेलेटो
47797	▁मॉर्निंग
47798	▁मोजूद
47799	▁म्यूज़िक
47800	▁यन्त्र
47801	▁यागामी
47802	▁यूट्यूब
47803	▁यूनिस
47804	▁यूरो
47805	▁येपेत
47806	▁योकेबेद
47807	▁योशियाह
47808	▁रखैल
47809	▁रजिस्ट्रार
47810	▁रस्सिया
47811	▁राइन
47812	▁राष्ट्रीयता
47813	▁रूपांतरक
47814	▁रैल्फ
47815	▁रोएं
47816	▁रोगियों
47817	▁रोमांचकारी
47818	▁रोसा
47819	▁लगाएंगे
47820	▁लचीला
47821	▁लटकाकर
47822	▁ललकारा
47823	▁ललचा
47824	▁लिखवायी
47825	▁लीगल
47826	▁लोअरकेस
47827	▁वाशिंगटन
47828	▁विच्छेद
47829	▁विजार्ड
47830	▁विश्लेषक
47831	▁वृद्धाश्रम
47832	▁वॉलेट
47833	▁शवलेपन
47834	▁शेडर
47835	▁शॉपिंग
47836	▁संघटक
47837	▁संह
47838	▁सताहटों
47839	▁सनसनी
47840	▁सफ़लता
47841	▁समझनेवाले
47842	▁सम्पति
47843	▁सम्बद्धता
47844	▁सराहा
47845	▁सर्टिफिकेट
47846	▁सर्राफ
47847	▁सहेलियाँ
47848	▁साइबेरिया
47849	▁सीजे
47850	▁सॆंटीमीटर
47851	▁सेलसियस
47852	▁सेल्सियस
47853	▁सोमालिया
47854	▁स्टाइनबर्ग
47855	▁स्टॉक
47856	▁हथ
47857	▁हनानी
47858	▁हर्ज़
47859	▁हल्ला
47860	▁हांग
47861	▁हाइड्रोजन
47862	▁हारीम
47863	▁हिचकिचाहट
47864	▁हिलना
47865	▁हूटू
47866	▁होमपेज
47867	▁होस्ट्स
47868	▁११३
47869	♩
47870	0.5
47871	1.8
47872	10,000
47873	Abdullah
47874	Alphabets
47875	Anchorage
47876	BX
47877	Basic
47878	Beirut
47879	Blow
47880	CAUSE
47881	CHI
47882	CROWD
47883	Cayman
47884	Christianity
47885	Colombo
47886	Continuous
47887	Denver
47888	Djibouti
47889	Dumont
47890	EMIA
47891	Evolution
47892	Inbox
47893	Italics
47894	Judge
47895	Khidr
47896	Kingdom
47897	Luke
47898	Meem
47899	Mexico
47900	Musrifun
47901	Online
47902	RIAN
47903	RIES
47904	ROCK
47905	Reggie
47906	Scripture
47907	Secure
47908	Simulate
47909	Skopje
47910	Soon
47911	Spain
47912	Step
47913	Strong
47914	TAR
47915	Tabitha
47916	Tehran
47917	Weekday
47918	Zurich
47919	_16
47920	agging
47921	assar
47922	authorized
47923	background
47924	baij
47925	bane
47926	beautiful
47927	believer
47928	besides
47929	buried
47930	carefully
47931	cision
47932	daughter
47933	design
47934	dged
47935	dictionary
47936	discriminat
47937	disgusting
47938	disquieting
47939	ebcam
47940	epe
47941	ethod
47942	eyb
47943	female
47944	figuring
47945	flag
47946	furthest
47947	generated
47948	glory
47949	gorod
47950	guardian
47951	held
47952	ibah
47953	indiscriminately
47954	issi
47955	jon
47956	jö
47957	lek
47958	lerating
47959	miracle
47960	modern
47961	morrow
47962	nourished
47963	nterchange
47964	obligatory
47965	polytheism
47966	promise
47967	proved
47968	rapeutic
47969	raz
47970	remain
47971	revious
47972	ryce
47973	shine
47974	stead
47975	tagonist
47976	thank
47977	therefore
47978	ultraviolet
47979	unbrid
47980	victory
47981	windows
47982	wish
47983	xcessive
47984	ystem
47985	zheim
47986	ė
47987	ंगठन
47988	ंडेंट
47989	अकसर
47990	अदब
47991	अस्वच्छ
47992	आलीस
47993	इद
47994	ईनाम
47995	केसाथ
47996	कॉन्फ़
47997	कॉम्पैक्ट
47998	खेगी
47999	खेत
48000	गरानी
48001	गर्भ
48002	गाय
48003	गुआटेमाला
48004	गै
48005	चट्
48006	चट्टान
48007	छड़ी
48008	जबतक
48009	जवानी
48010	जहाज़
48011	ज़ाई
48012	जीपीएल
48013	टीला
48014	टेंशन
48015	डुब
48016	डॆंट
48017	ढूंढ
48018	तलव
48019	तिमा
48020	तेहरान
48021	त्तनै
48022	थंडर
48023	दरबार
48024	दौड़
48025	द्धार
48026	निजी
48027	निर्बल
48028	निर्मित
48029	नुरूप
48030	परिवार
48031	पाँव
48032	पायें
48033	प्रेजेन्ट
48034	फाइल
48035	फाड़
48036	फूट
48037	बाट
48038	बालू
48039	बॆट
48040	बेलफास्ट
48041	भेड़ों
48042	मपुटो
48043	मास्को
48044	मीटिंग
48045	मूर्ति
48046	म्बिक
48047	यहोशू
48048	राजपद
48049	रुन
48050	रूस
48051	रोज
48052	रौशनी
48053	र्डो
48054	लड़कियों
48055	लेंड
48056	ल्मै
48057	विवेक
48058	वीएनसी
48059	वृष्टि
48060	वेत्ता
48061	शाबाश
48062	शिक्षित
48063	श्वास
48064	संडे
48065	संपीड़ित
48066	संयम
48067	सम्पादक
48068	सामर्थ
48069	सियोल
48070	सुरक्षा
48071	सेल्स
48072	स्टेड
48073	स्वस्थ
48074	स्वामी
48075	हथियार
48076	हस्ताक्षरित
48077	होशियार
48078	़ूज़
48079	ास्पद
48080	ुग्ध
48081	ॉलजी
48082	ोनियन
48083	्यूरो
48084	३४
48085	७६
48086	▁.1...
48087	▁0.7
48088	▁132
48089	▁134
48090	▁1600
48091	▁1909
48092	▁AFP
48093	▁AU
48094	▁Abundance
48095	▁Acceptable
48096	▁Addition
48097	▁Admonish
48098	▁Agree
48099	▁Amber
48100	▁Angelo
48101	▁Anniversaries
48102	▁Asherah
48103	▁Ashtaroth
48104	▁Babies
48105	▁Batch
48106	▁Bela
48107	▁Belteshazzar
48108	▁Bennett
48109	▁Betty
48110	▁Bloody
48111	▁Boundary
48112	▁Buddha
48113	▁Burg
48114	▁CHEERING
48115	▁CJK
48116	▁COL
48117	▁CONDITION
48118	▁Cease
48119	▁Chaldean
48120	▁Charge
48121	▁Charlotte
48122	▁Charm
48123	▁Cheers
48124	▁Chin
48125	▁Clara
48126	▁Clatterer
48127	▁Cloud
48128	▁Coffee
48129	▁Confession
48130	▁Consequences
48131	▁Crusade
48132	▁Cyrene
48133	▁DB
48134	▁Declined
48135	▁Dedicated
48136	▁Devote
48137	▁Diane
48138	▁Disfellowshipp
48139	▁Douglas
48140	▁Dramatic
48141	▁EVEN
48142	▁Edith
48143	▁Edo
48144	▁Emphasiz
48145	▁Environmental
48146	▁Eritrea
48147	▁Essenes
48148	▁Estimate
48149	▁Everest
48150	▁Executive
48151	▁Exhortation
48152	▁FRIEND
48153	▁FUCK
48154	▁Flying
48155	▁Foot
48156	▁Foretell
48157	▁Fox
48158	▁Fraction
48159	▁Friedl
48160	▁Fulfillment
48161	▁Gail
48162	▁Gina
48163	▁Gotham
48164	▁Grade
48165	▁Grecian
48166	▁Guam
48167	▁HEAD
48168	▁Haram
48169	▁Harim
48170	▁Haute
48171	▁Herodias
48172	▁Hippo
48173	▁Iblees
48174	▁Icelandic
48175	▁Incredible
48176	▁Infant
48177	▁Infinite
48178	▁Injil
48179	▁Introduction
48180	▁Irkutsk
48181	▁Jabez
48182	▁Javascript
48183	▁Jeiel
48184	▁Jethro
48185	▁Jewelry
48186	▁Judaica
48187	▁KDat
48188	▁KIO
48189	▁KStars
48190	▁Larger
48191	▁Letty
48192	▁Limbo
48193	▁Lourdes
48194	▁Lyons
48195	▁Malik
48196	▁Manners
48197	▁Mathematic
48198	▁Michelle
48199	▁Mississippi
48200	▁Morse
48201	▁NULL
48202	▁Neriah
48203	▁ORIGIN
48204	▁Odd
48205	▁OftForgiving
48206	▁PHP
48207	▁POWER
48208	▁Pamphylia
48209	▁Passenger
48210	▁Passphrase
48211	▁Pax
48212	▁Peak
48213	▁Phillip
48214	▁Pilgrims
48215	▁Pius
48216	▁Pneum
48217	▁Principle
48218	▁Punctuation
48219	▁Puzzle
48220	▁RINGS
48221	▁Radial
48222	▁Raleigh
48223	▁Rass
48224	▁Ratio
48225	▁Recitation
48226	▁Recursive
48227	▁Regret
48228	▁Reuters
48229	▁Riblah
48230	▁Rwandan
48231	▁SON
48232	▁SPEAKING
48233	▁Seattle
48234	▁Separat
48235	▁Seventh
48236	▁Shop
48237	▁Stage
48238	▁THREE
48239	▁Tibor
48240	▁Tilt
48241	▁Timor
48242	▁Trail
48243	▁Transgress
48244	▁Trina
48245	▁Tyrus
48246	▁Undeserv
48247	▁Venda
48248	▁Verte
48249	▁Wolfgang
48250	▁Yaghuth
48251	▁Zacharias
48252	▁academies
48253	▁accountant
48254	▁acre
48255	▁aggress
48256	▁aggressively
48257	▁alas
48258	▁albinism
48259	▁alienate
48260	▁amiss
48261	▁apologies
48262	▁assassin
48263	▁attackers
48264	▁austere
48265	▁backyard
48266	▁beef
48267	▁benches
48268	▁bestowal
48269	▁bitten
48270	▁blink
48271	▁blinking
48272	▁bugzilla
48273	▁carelessly
48274	▁choppe
48275	▁chord
48276	▁climactic
48277	▁clown
48278	▁colonial
48279	▁commodity
48280	▁competitor
48281	▁composure
48282	▁conceivable
48283	▁concord
48284	▁congratulat
48285	▁consequently
48286	▁contractor
48287	▁convulsed
48288	▁cremation
48289	▁crippling
48290	▁dabbl
48291	▁decompose
48292	▁decreasing
48293	▁delinquency
48294	▁dirge
48295	▁disclosure
48296	▁disfellowship
48297	▁disreputable
48298	▁disruptive
48299	▁distasteful
48300	▁drench
48301	▁duct
48302	▁earnestness
48303	▁earthenware
48304	▁enshroud
48305	▁enthrall
48306	▁escalated
48307	▁estranged
48308	▁eucalyptus
48309	▁evolutionist
48310	▁excelled
48311	▁excitedly
48312	▁expressive
48313	▁fable
48314	▁fabricator
48315	▁fascination
48316	▁fatty
48317	▁fertilizing
48318	▁fettered
48319	▁fissure
48320	▁flourishes
48321	▁footmen
48322	▁formality
48323	▁gamma
48324	▁ginger
48325	▁gleam
48326	▁goblet
48327	▁grunt
48328	▁heartbeat
48329	▁heroin
48330	▁hushed
48331	▁hypocritically
48332	▁illuminators
48333	▁inflated
48334	▁informacije
48335	▁infuse
48336	▁inherently
48337	▁injur
48338	▁inordinacy
48339	▁inquiries
48340	▁insignificance
48341	▁insistent
48342	▁instability
48343	▁intermediate
48344	▁irrigate
48345	▁kettle
48346	▁kilogram
48347	▁knelt
48348	▁lesbian
48349	▁lighthouse
48350	▁malady
48351	▁maligned
48352	▁mapping
48353	▁massacred
48354	▁memorialize
48355	▁momentarily
48356	▁mul
48357	▁necktie
48358	▁nethermost
48359	▁nomadic
48360	▁numerator
48361	▁numerical
48362	▁obese
48363	▁ossuary
48364	▁palette
48365	▁pamper
48366	▁paramilitar
48367	▁pavilion
48368	▁pinnacle
48369	▁platelets
48370	▁playback
48371	▁playful
48372	▁populat
48373	▁precarious
48374	▁prelude
48375	▁proconsul
48376	▁provocative
48377	▁pursuers
48378	▁radian
48379	▁radiate
48380	▁rebirth
48381	▁recant
48382	▁reformer
48383	▁reg
48384	▁rekindle
48385	▁renewal
48386	▁renovated
48387	▁repugnant
48388	▁revered
48389	▁revilers
48390	▁rinse
48391	▁riverbed
48392	▁saddled
48393	▁saffron
48394	▁sapphire
48395	▁scam
48396	▁seabed
48397	▁seductive
48398	▁semblance
48399	▁separateness
48400	▁shady
48401	▁sinneth
48402	▁sk
48403	▁slapping
48404	▁slav
48405	▁solidarity
48406	▁stimulation
48407	▁stud
48408	▁stunt
48409	▁successively
48410	▁summarized
48411	▁technologies
48412	▁tentative
48413	▁traversed
48414	▁trident
48415	▁unblest
48416	▁unchanged
48417	▁unloaded
48418	▁unreceptive
48419	▁vengeful
48420	▁vicegerent
48421	▁wallow
48422	▁wretchedness
48423	▁xA
48424	▁zajedn
48425	▁अंधीगली
48426	▁अक्षम्य
48427	▁अण्डे
48428	▁अनुमाप
48429	▁अन्ध
48430	▁अमेरिकियों
48431	▁अलमारी
48432	▁आंकडे
48433	▁आइटम
48434	▁आउटगोइं
48435	▁आकाशवाण
48436	▁आतंकवादियों
48437	▁आर्मागेडन
48438	▁आर्य
48439	▁आलस
48440	▁आश्रम
48441	▁आह्वान
48442	▁इट्
48443	▁इम्प
48444	▁इम्मे
48445	▁इस्राएलियो
48446	▁उछलती
48447	▁उज्जियाह
48448	▁उड़नेवाल
48449	▁उद्घोषक
48450	▁उनेसिफुरुस
48451	▁उपरांत
48452	▁एंटीएलियास
48453	▁एकसमान
48454	▁एनगदी
48455	▁एनिमेशन
48456	▁एलीएल
48457	▁एल्गोरिदम
48458	▁एसएमएस
48459	▁ऐल्बाट्रॉस
48460	▁ऑफस्क्रीन
48461	▁ऑस्
48462	▁ओसे
48463	▁औगूस्तुस
48464	▁कब्ज़
48465	▁कमेंट
48466	▁करवाएँ
48467	▁कहूँगा
48468	▁क़ामयाब
48469	▁काटनेवाले
48470	▁काबिलियत
48471	▁कारवाँ
48472	▁कार्टा
48473	▁कृपापूर्ण
48474	▁कैसॆट
48475	▁कोठे
48476	▁कौमा
48477	▁क्रमानुसार
48478	▁क्रियाकलाप
48479	▁खंभों
48480	▁खटखटाते
48481	▁ख़मीर
48482	▁खानाबदोश
48483	▁खूँट
48484	▁खोदने
48485	▁खोलीं
48486	▁गश्
48487	▁गाती
48488	▁गान
48489	▁गिड़गिड़ाया
48490	▁गियर
48491	▁गुंड
48492	▁गुब्बारा
48493	▁गुलाब
48494	▁गेज़
48495	▁गॉल
48496	▁गोलाकार
48497	▁ग्लोरिया
48498	▁घसीटते
48499	▁घिरी
48500	▁घेरती
48501	▁चमकाता
48502	▁चालकों
48503	▁चिकित्सकों
48504	▁चिन्ताएं
48505	▁चिपकाने
48506	▁चीते
48507	▁चौकीदार
48508	▁छठवा
48509	▁छलाँग
48510	▁छूओ
48511	▁छूटेगा
48512	▁छेड़ा
48513	▁जँच
48514	▁जकड़ा
48515	▁जताएँ
48516	▁ज़हरीला
48517	▁जीएगा
48518	▁जुले
48519	▁जूतियां
48520	▁जूर
48521	▁जेमी
48522	▁जेह
48523	▁जैकसन
48524	▁जोतत
48525	▁जोसीफ़स
48526	▁झकझोर
48527	▁झड़बेरी
48528	▁झिझकना
48529	▁टाँगें
48530	▁टाइटस
48531	▁टालना
48532	▁टालनेवाले
48533	▁टूटती
48534	▁टेली
48535	▁टेलीफ़ोन
48536	▁टैम्पलेट
48537	▁टॉयलेट
48538	▁ठेकेदार
48539	▁डगमगाएगा
48540	▁डान
48541	▁डेट
48542	▁डेवहेल्प
48543	▁ड्यो
48544	▁ड्रामे
48545	▁ढाता
48546	▁तकनीकों
48547	▁तांबे
48548	▁तोहफ़ा
48549	▁थाईलैंड
48550	▁दखलअंदाज़ी
48551	▁दाखलताओं
48552	▁दिय
48553	▁दुर्गन्ध
48554	▁दुर्घटनाग्रस्त
48555	▁दोहराई
48556	▁धर्मादेश
48557	▁धातुओं
48558	▁नसें
48559	▁नाकामयाब
48560	▁नाथन
48561	▁निभाएगा
48562	▁निर्भय
48563	▁नुमाइंदे
48564	▁नेपल्स
48565	▁पठार
48566	▁पड़ोसिन
48567	▁पतापुस्तिका
48568	▁पत्ती
48569	▁पन्द्रहव
48570	▁पपाइरस
48571	▁पराजय
48572	▁पहलवान
48573	▁पहिनाया
48574	▁पहुँचाएगी
48575	▁पहुंचो
48576	▁पांजर
48577	▁पाइंट्स
48578	▁पाएँगी
48579	▁पाखण्डी
48580	▁पातीं
48581	▁पायीं
48582	▁पाहुन
48583	▁पिंजर
48584	▁पिंजरे
48585	▁पिच
48586	▁पीएं
48587	▁पीजिए
48588	▁पीटता
48589	▁पूर्वकथन
48590	▁पेशियों
48591	▁पेस्ट
48592	▁प्रज्वलित
48593	▁प्रदाता
48594	▁प्रसिद्धि
48595	▁प्रायोज
48596	▁प्रौद्योगिकी
48597	▁प्लेस
48598	▁प्लैट
48599	▁फर्नीचर
48600	▁फ़ैक्टर
48601	▁फेंककर
48602	▁फैक्ट्री
48603	▁फोकल
48604	▁फ्रेडरिक
48605	▁फ्लो
48606	▁फ्लोरिडा
48607	▁बनाओगे
48608	▁बरतिए
48609	▁बहामा
48610	▁बहिर्वे
48611	▁बहुसंख्यक
48612	▁बाँधता
48613	▁बालवाले
48614	▁बिताकर
48615	▁बिल्हा
48616	▁बीटा
48617	▁बुलबुल
48618	▁बेचनेवाले
48619	▁बेरेक्याह
48620	▁बैकगेमॉन
48621	▁ब्रज़िल
48622	▁ब्रु
48623	▁ब्ले
48624	▁भगाया
48625	▁भतीजा
48626	▁भेजेंगे
48627	▁मनोग्रस्त
48628	▁मनोरथ
48629	▁मरोड़ा
48630	▁मलने
48631	▁मलाई
48632	▁महफ
48633	▁महामहिम
48634	▁महिमान्वित
48635	▁माँगेगा
48636	▁माइक्रोस्कोप
48637	▁माइलीन
48638	▁मिशेल
48639	▁मुट्ठ
48640	▁मुर्गियाँ
48641	▁मृत्युदंड
48642	▁मेटल
48643	▁यरूश
48644	▁यरोहाम
48645	▁याजेर
48646	▁यूएन
48647	▁राइटर
48648	▁रिकवर
48649	▁रियायत
48650	▁रिसेट
48651	▁रीटा
48652	▁रुकते
48653	▁रूचि
48654	▁रूपान्तरण
48655	▁रूलर
48656	▁लपककर
48657	▁लवनेवाल
48658	▁लाइबेरी
48659	▁लायीं
48660	▁लिखूं
48661	▁लुटेरे
48662	▁लेबनॉन
48663	▁लॉरा
48664	▁लोहार
48665	▁वाचक
48666	▁विचलन
48667	▁विन्स
48668	▁विश्वविद्यालय
48669	▁वेदियाँ
48670	▁शतरंज
48671	▁शपत्याह
48672	▁शम्मा
48673	▁शाखाएँ
48674	▁शीतकाल
48675	▁शेत
48676	▁सँजो
48677	▁संग्रहण
48678	▁संग्राहक
48679	▁संजीद
48680	▁संताप
48681	▁सताई
48682	▁समूच
48683	▁सम्भाले
48684	▁सरलीकृत
48685	▁सर्वसम्मत
48686	▁सलाहकारों
48687	▁सलीकेदार
48688	▁सहपाठियों
48689	▁सहवास
48690	▁सांख्यिकी
48691	▁सान्ता
48692	▁सीनेट
48693	▁सुधारते
48694	▁सुर्ख
48695	▁सुस्वागतम
48696	▁सेंट्रल
48697	▁सौंपना
48698	▁स्टैश
48699	▁स्नातकता
48700	▁हंसमुख
48701	▁हजामत
48702	▁हड़
48703	▁हशब्याह
48704	▁हॆन्री
48705	▁हेडिज़
48706	▁१९६३
48707	▁१९६८
48708	▁१९६९
48709	▁१९७३
48710	▁९६
48711	822
48712	ANNA
48713	Art
48714	Awake
48715	Belgrade
48716	Black
48717	Branc
48718	Button
48719	COUGHING
48720	Calc
48721	Center
48722	DP
48723	Dar
48724	Dhaka
48725	Douala
48726	Drive
48727	EXHALES
48728	Enough
48729	FRANCK
48730	Guadeloupe
48731	Guayaquil
48732	House
48733	Martinique
48734	Maybe
48735	PGP
48736	Penh
48737	Phnom
48738	Private
48739	Province
48740	Refresh
48741	Res
48742	SOBBING
48743	Swear
48744	TTLE
48745	Target
48746	Temporary
48747	Thy
48748	Tomorrow
48749	Uzza
48750	YEAR
48751	Yahoo
48752	acao
48753	bashi
48754	beast
48755	beloved
48756	bero
48757	bosheth
48758	bridge
48759	bscribe
48760	builder
48761	colored
48762	delight
48763	dreadful
48764	favor
48765	flamed
48766	forbidden
48767	gcj
48768	girl
48769	healthy
48770	heated
48771	hour
48772	jay
48773	kis
48774	knife
48775	lear
48776	loud
48777	lsa
48778	mara
48779	marked
48780	micro
48781	mixed
48782	nblood
48783	ncia
48784	noble
48785	obbing
48786	obtain
48787	odle
48788	oil
48789	oolbar
48790	pattern
48791	persist
48792	pluggable
48793	predefin
48794	prescribed
48795	probably
48796	pursue
48797	received
48798	shade
48799	shout
48800	sitting
48801	stretch
48802	struck
48803	structure
48804	supplicating
48805	sweet
48806	trouble
48807	usually
48808	wich
48809	woe
48810	yang
48811	{2}
48812	·ʼ
48813	ï
48814	ŏ
48815	Θ
48816	π
48817	ंचना
48818	अग्रसारित
48819	अबाबा
48820	आजकल
48821	आयर्स
48822	इनाम
48823	उँच
48824	उजाड़
48825	उदास
48826	उपदेश
48827	ऊंचे
48828	एक्टिव
48829	एलएम
48830	ओपेरा
48831	कार्यालय
48832	कुकर्मी
48833	कुचैल
48834	कॉन्फ़िग
48835	खतरनाक
48836	गाजा
48837	गोरी
48838	घमंड
48839	चिंग
48840	चिंता
48841	जितना
48842	जेय
48843	डीकै
48844	डोमिनिका
48845	ड्यूल
48846	ड्रल
48847	तौभी
48848	दण्ड
48849	दर्ज
48850	दिखा
48851	धीमी
48852	नुआ
48853	पट्टिका
48854	पीडी
48855	प्रथम
48856	फ़ील्ड
48857	बहुएं
48858	बांयी
48859	बाबुल
48860	बारब्रा
48861	बुझ
48862	बेइ
48863	बोट
48864	ब्रि
48865	ब्रैं
48866	भई
48867	मम्मी
48868	मशीन
48869	मुख्य
48870	मेलेक
48871	मेह
48872	मोबाइल
48873	यिम
48874	राजाओं
48875	रिको
48876	रियम
48877	र्नर
48878	र्सल
48879	लीफ़
48880	लुसाका
48881	लोहू
48882	लोहे
48883	ल्यूक
48884	वाइर
48885	सज्जा
48886	सभोपदेशक
48887	समारा
48888	सांस
48889	साइफर
48890	सारणी
48891	साहब
48892	सियस
48893	सेवक
48894	स्टेट
48895	स्थर
48896	हम्म
48897	ाइज़ेशन
48898	ानिक
48899	ाबोर
48900	ाशा
48901	िंच
48902	ित्रो
48903	िप्रोक
48904	ीजीए
48905	ैतिज
48906	ैसा
48907	्तार
48908	्यूज़
48909	६००
48910	७३
48911	८१
48912	९४
48913	್
48914	▁"0.
48915	▁(00:00)
48916	▁(200)
48917	▁0.5
48918	▁1.6
48919	▁11,000
48920	▁14,000
48921	▁1905
48922	▁2,200
48923	▁2,3
48924	▁2002-200
48925	▁Adelaide
48926	▁Affection
48927	▁Aileen
48928	▁Ample
48929	▁Announc
48930	▁Associat
48931	▁Awesome
48932	▁BLARING
48933	▁Baptiste
48934	▁Barcelona
48935	▁Bastian
48936	▁Beau
48937	▁Bedouin
48938	▁Berechiah
48939	▁Bestow
48940	▁Browsing
48941	▁Buenos
48942	▁Burk
48943	▁Byington
48944	▁CLASS
48945	▁COUNT
48946	▁Cambodian
48947	▁Chorazin
48948	▁Claude
48949	▁Clinic
48950	▁Cluster
48951	▁Comparison
48952	▁Conflicted
48953	▁Consumer
48954	▁Contributions
48955	▁Cycle
48956	▁Cynic
48957	▁Dash
48958	▁Decoration
48959	▁Dedan
48960	▁Deli
48961	▁Diaspora
48962	▁Dimension
48963	▁Dirk
48964	▁Discerning
48965	▁Distinct
48966	▁Divers
48967	▁Doe
48968	▁EARTH
48969	▁Educator
48970	▁Edwin
48971	▁Eighteen
48972	▁Elsie
48973	▁Encouraging
48974	▁Enjoyable
48975	▁Entries
48976	▁Esaias
48977	▁Estate
48978	▁Ethics
48979	▁Evangelical
48980	▁Executing
48981	▁Exert
48982	▁Explore
48983	▁FAO
48984	▁FITS
48985	▁Fascist
48986	▁Fiction
48987	▁Folk
48988	▁Fulfilled
48989	▁Fundamental
48990	▁GATE
48991	▁Giuseppe
48992	▁Guest
48993	▁Guyana
48994	▁HEART
48995	▁HOLY
48996	▁HST
48997	▁Hamilton
48998	▁Hardship
48999	▁Harmony
49000	▁Henri
49001	▁Herzegovina
49002	▁Hippocrates
49003	▁Homogeneous
49004	▁Identification
49005	▁Ingredient
49006	▁Inscription
49007	▁JANE
49008	▁Jefferson
49009	▁Jeffre
49010	▁Judg
49011	▁Judi
49012	▁Judici
49013	▁KWrite
49014	▁Kansas
49015	▁Kathleen
49016	▁Katrina
49017	▁Krishna
49018	▁LAN
49019	▁LAST
49020	▁LIVES
49021	▁Lamu
49022	▁Leonard
49023	▁Logic
49024	▁Louisiana
49025	▁MAY
49026	▁Magnificent
49027	▁Maud
49028	▁Metro
49029	▁Micronesia
49030	▁Migrating
49031	▁Miletus
49032	▁Mixer
49033	▁Modifier
49034	▁Moment
49035	▁Moreh
49036	▁Nabonidus
49037	▁Navigate
49038	▁Netophathite
49039	▁Nina
49040	▁Noteworthy
49041	▁Nuev
49042	▁Numeric
49043	▁OCT
49044	▁Occurrence
49045	▁Oftentimes
49046	▁Olson
49047	▁Olympia
49048	▁Omega
49049	▁Oregon
49050	▁Orleans
49051	▁Outward
49052	▁PHILIPPI
49053	▁PROFILE
49054	▁Pavsky
49055	▁Persecuted
49056	▁Persevere
49057	▁Pink
49058	▁Plead
49059	▁Princess
49060	▁Processor
49061	▁Punish
49062	▁QUALITIES
49063	▁READERS
49064	▁REGULAR
49065	▁Racial
49066	▁Rafael
49067	▁Reina
49068	▁Repeatedly
49069	▁Repubblica
49070	▁Reserve
49071	▁Rider
49072	▁Roast
49073	▁Rosie
49074	▁SARAH
49075	▁SOUTH
49076	▁STORIES
49077	▁SUM
49078	▁Salamis
49079	▁Scalix
49080	▁Sche
49081	▁Seize
49082	▁Shame
49083	▁Shh
49084	▁Situation
49085	▁Smile
49086	▁Spiritism
49087	▁Statement
49088	▁Stupid
49089	▁Supplicat
49090	▁Suppress
49091	▁Süd
49092	▁TAKE
49093	▁TALK
49094	▁Tangent
49095	▁Temper
49096	▁Tentative
49097	▁Tiranë
49098	▁Titicaca
49099	▁Tophet
49100	▁Transcod
49101	▁Typing
49102	▁UNICEF
49103	▁Vast
49104	▁Vicky
49105	▁Weakness
49106	▁Wikipedia
49107	▁Worshipers
49108	▁Yum
49109	▁Zanoah
49110	▁_______
49111	▁academy
49112	▁acce
49113	▁adjure
49114	▁amplifie
49115	▁analyst
49116	▁antibodies
49117	▁apportioned
49118	▁appraise
49119	▁ascertained
49120	▁assassinated
49121	▁avarice
49122	▁backbone
49123	▁barrage
49124	▁benign
49125	▁bluefin
49126	▁bool
49127	▁bullies
49128	▁burrow
49129	▁carelessness
49130	▁carnage
49131	▁caul
49132	▁ceremonially
49133	▁chaplain
49134	▁citadel
49135	▁clustered
49136	▁coercion
49137	▁colonel
49138	▁concur
49139	▁condoned
49140	▁congestion
49141	▁contaminate
49142	▁contributor
49143	▁convocation
49144	▁crushes
49145	▁deduction
49146	▁deformed
49147	▁demolish
49148	▁despot
49149	▁dewdrops
49150	▁dick
49151	▁dictatorial
49152	▁diplomacy
49153	▁disputants
49154	▁diving
49155	▁documentary
49156	▁downplay
49157	▁dumped
49158	▁dunes
49159	▁echoes
49160	▁ensue
49161	▁estuary
49162	▁evaluated
49163	▁exempted
49164	▁explorer
49165	▁felicity
49166	▁ferocious
49167	▁festive
49168	▁flippers
49169	▁fuckin
49170	▁fundamentalism
49171	▁gazelle
49172	▁gecko
49173	▁gluttony
49174	▁gracefully
49175	▁habitually
49176	▁hampered
49177	▁harrow
49178	▁hexagon
49179	▁humid
49180	▁humorous
49181	▁impair
49182	▁imperil
49183	▁impurities
49184	▁infantry
49185	▁inflation
49186	▁influenza
49187	▁initiation
49188	▁intolerant
49189	▁irreversible
49190	▁karma
49191	▁kidnapped
49192	▁knop
49193	▁landlord
49194	▁laser
49195	▁latrine
49196	▁logarithmic
49197	▁lustful
49198	▁maliciously
49199	▁mansion
49200	▁masturbation
49201	▁mathematician
49202	▁menopause
49203	▁mercilessly
49204	▁minimized
49205	▁ministration
49206	▁minorities
49207	▁misus
49208	▁monopoly
49209	▁mown
49210	▁multilingual
49211	▁nailed
49212	▁newsmagazine
49213	▁nullified
49214	▁obsolete
49215	▁paganism
49216	▁paralytic
49217	▁peddl
49218	▁pendant
49219	▁perch
49220	▁perpetually
49221	▁pitanj
49222	▁pitiful
49223	▁plausible
49224	▁pliant
49225	▁preclude
49226	▁proliferate
49227	▁pry
49228	▁psychiatri
49229	▁pulp
49230	▁purged
49231	▁ratified
49232	▁reappear
49233	▁receding
49234	▁recollect
49235	▁reliev
49236	▁repellent
49237	▁replenished
49238	▁reproduction
49239	▁resounding
49240	▁resplendent
49241	▁revelry
49242	▁rewrit
49243	▁robust
49244	▁rotated
49245	▁rottenness
49246	▁runaway
49247	▁runneth
49248	▁sanctifie
49249	▁scowled
49250	▁scrape
49251	▁screamed
49252	▁secretive
49253	▁sedentary
49254	▁shank
49255	▁silversmith
49256	▁smother
49257	▁soared
49258	▁sprinkling
49259	▁starved
49260	▁steeds
49261	▁stepparent
49262	▁stupidity
49263	▁supplier
49264	▁swimmer
49265	▁synthesizer
49266	▁tambourine
49267	▁technician
49268	▁theoretical
49269	▁trellised
49270	▁tremor
49271	▁typhoon
49272	▁unattainable
49273	▁uncompress
49274	▁unicorn
49275	▁unlocked
49276	▁unlovable
49277	▁unmistakably
49278	▁unmovable
49279	▁unproductive
49280	▁unqualified
49281	▁unused
49282	▁vegetarian
49283	▁viable
49284	▁vulgar
49285	▁whisperer
49286	▁wiles
49287	▁wonderment
49288	▁worksheet
49289	▁wretch
49290	▁yelled
49291	▁अकस्मात
49292	▁अट्ठाईस
49293	▁अठवार
49294	▁अद्यतनीकरण
49295	▁अनवर
49296	▁अनीता
49297	▁अनुभूति
49298	▁अनूठ
49299	▁अन्यायपूर्ण
49300	▁अपरकेस
49301	▁अपश्
49302	▁अपेक
49303	▁अफ़वाह
49304	▁अभिनेता
49305	▁अर्क़
49306	▁अर्जेंटीना
49307	▁अवगुण
49308	▁अवरोहण
49309	▁असंगति
49310	▁असीर
49311	▁अहस्ताक्षरित
49312	▁आज़माना
49313	▁आधान
49314	▁आनन्दपूर्वक
49315	▁आरोपित
49316	▁आर्मीनिया
49317	▁आशाहीन
49318	▁इंडियाना
49319	▁इजा
49320	▁इतवार
49321	▁उण्डेलूंगा
49322	▁उतरेगा
49323	▁उत्साहपूर्ण
49324	▁उद्ध
49325	▁उपरोक्
49326	▁एतान
49327	▁एबेर
49328	▁एमील
49329	▁एलीमेलेक
49330	▁ओलंपिक
49331	▁ओलिव
49332	▁कंक्रीट
49333	▁कत्लेआम
49334	▁कद्दू
49335	▁कप्पदुकिया
49336	▁कम्यूनिस्ट
49337	▁कहरते
49338	▁क़तर
49339	▁क़ाफ
49340	▁किर्गिस्तान
49341	▁कीटनाशक
49342	▁कुनीहीटो
49343	▁कुमार
49344	▁कुशलतापूर्वक
49345	▁कैथरीन
49346	▁कैथारस
49347	▁कॉन्फ़िगुरेशन
49348	▁कॉलपोर्टर
49349	▁कोटियाँ
49350	▁कोडॆक्स
49351	▁कोयला
49352	▁क्रीप्टोण
49353	▁क्लोरो
49354	▁खड़खड़ा
49355	▁खाँसी
49356	▁खिंचा
49357	▁खिलौनों
49358	▁गरीज
49359	▁गाड़ा
49360	▁गार्डन
49361	▁गिलब
49362	▁गीला
49363	▁गूंथ
49364	▁गैंग
49365	▁गोरा
49366	▁ग्राफिक
49367	▁ग्रेड
49368	▁ग्लूकोज़
49369	▁घबराया
49370	▁चम्मच
49371	▁चयनकर्ता
49372	▁चाबियाँ
49373	▁चारदीवारी
49374	▁चुराया
49375	▁चॆक
49376	▁चेयरमैन
49377	▁चौंधिया
49378	▁छिछल
49379	▁छिपाएगा
49380	▁छींक
49381	▁छीना
49382	▁छुपाएं
49383	▁छूती
49384	▁जरुब्बाबेल
49385	▁जस्टिन
49386	▁ज़मान
49387	▁ज़रूरतमन्द
49388	▁ज़ाएर
49389	▁ज़ॆबरा
49390	▁जांए
49391	▁जीजाजी
49392	▁जुएबाज़ी
49393	▁जेनरेटर
49394	▁जेनिफर
49395	▁जैगर
49396	▁जैनट
49397	▁टाग्
49398	▁टीयर
49399	▁टैर
49400	▁ट्रान्सलेशन
49401	▁डट
49402	▁डिक्रिप्
49403	▁डिस्
49404	▁डोड
49405	▁ड्रम
49406	▁ड्राप
49407	▁ड्रेग
49408	▁तक़ाज़
49409	▁तसलीम
49410	▁तितलियाँ
49411	▁तोबियाह
49412	▁त्रिशूल
49413	▁थियोक्र
49414	▁थोपते
49415	▁दक
49416	▁दक्षिणपूर्व
49417	▁दरारें
49418	▁दर्शान
49419	▁दूंगी
49420	▁दूधपिउव
49421	▁दूरबीन
49422	▁देखूंगा
49423	▁धरोहर
49424	▁धिक्कारने
49425	▁धुंधले
49426	▁धूआ
49427	▁नताएँ
49428	▁नात्सी
49429	▁नारे
49430	▁निकालूंगा
49431	▁निकोटीन
49432	▁नियमावली
49433	▁निर्गम
49434	▁नेविगेट
49435	▁नौसेना
49436	▁न्यायोचित
49437	▁न्यूजीलैंड
49438	▁पकड़नेवाले
49439	▁पटका
49440	▁पडूंगा
49441	▁पढ़ाना
49442	▁परिवर्धितः
49443	▁परोसे
49444	▁पिकनिक
49445	▁पितृ
49446	▁पिशितोत्सव
49447	▁पेट्रा
49448	▁पॉलीग्लोट
49449	▁प्रतिबद्ध
49450	▁प्रपत्र
49451	▁प्रलेख
49452	▁प्रसाधन
49453	▁फटाफट
49454	▁फ़िल
49455	▁फिजी
49456	▁फीनीके
49457	▁फेडर
49458	▁फेफड़े
49459	▁फैलते
49460	▁फोर्स
49461	▁फ्लेग
49462	▁बटुए
49463	▁बताओगे
49464	▁बतानेवाली
49465	▁बदतमीज़
49466	▁बनूं
49467	▁बन्दूक
49468	▁बर्मा
49469	▁बहकाएं
49470	▁बाँधना
49471	▁बाइनरी
49472	▁बाडी
49473	▁बान्धते
49474	▁बावले
49475	▁बास्तियान
49476	▁बिछायी
49477	▁बिजलियों
49478	▁बिताएं
49479	▁बुझेगी
49480	▁बेंच
49481	▁बेचता
49482	▁बेट
49483	▁बेदी
49484	▁बेरुख
49485	▁बेलन
49486	▁बोलूंगा
49487	▁ब्राजील
49488	▁भगोड़
49489	▁भड़केगा
49490	▁भाड़े
49491	▁भाया
49492	▁भेजनेवाला
49493	▁भोली
49494	▁मंडरा
49495	▁मंसूब
49496	▁मचाना
49497	▁मटोल
49498	▁मतूशेलह
49499	▁मिटाते
49500	▁मीशाएल
49501	▁मुक्केबाज़
49502	▁मॅ
49503	▁मेट्रो
49504	▁मेलजोल
49505	▁मोनोक्रोम
49506	▁यातनाएँ
49507	▁यिसहार
49508	▁युनाइट
49509	▁यूज़
49510	▁योअन्
49511	▁योगदानकर्ता
49512	▁योजनाएं
49513	▁रब्बि
49514	▁रस्त
49515	▁राउटर
49516	▁राजदूतों
49517	▁राजनीतिज्ञ
49518	▁राजपुत्र
49519	▁रिक्शा
49520	▁रिझाने
49521	▁रीराइटेबल
49522	▁रेंग
49523	▁लंच
49524	▁लगवा
49525	▁लड़खड़ात
49526	▁लाइनें
49527	▁लाऊँगा
49528	▁लाड़
49529	▁लारा
49530	▁लिज़
49531	▁लिटाया
49532	▁लिम
49533	▁लिली
49534	▁लीडर
49535	▁लुकास
49536	▁लैवेंडर
49537	▁लौटाएँ
49538	▁वाल्दो
49539	▁विरामचिह्न
49540	▁विशिष्टताएँ
49541	▁वैम
49542	▁व्यवस्थाएँ
49543	▁शक्तियों
49544	▁शान्तिदाता
49545	▁शेब
49546	▁श्रेणियां
49547	▁संतृप्त
49548	▁संतोषप्रद
49549	▁संभावनाएँ
49550	▁सताएँगे
49551	▁सनकी
49552	▁समकालि
49553	▁समानुभूति
49554	▁सयाना
49555	▁सर्कस
49556	▁सांड
49557	▁साउँ
49558	▁सारंगियां
49559	▁सिंहासनारूढ
49560	▁सीएसवी
49561	▁सुकरात
49562	▁सेविका
49563	▁सैलानियों
49564	▁सोनिया
49565	▁स्काउट
49566	▁स्टूडियो
49567	▁स्टेप
49568	▁स्टैक
49569	▁स्ट्
49570	▁स्थापन
49571	▁स्वीट
49572	▁हतोत्साह
49573	▁हादी
49574	▁हिंद
49575	▁हिचकिचाए
49576	▁हिस
49577	▁हेबेर
49578	▁हैंडलर
49579	▁हैदराबाद
49580	▁१०४
49581	▁१३०
49582	▁१३३
49583	▁१९२५
49584	▁१९३३
49585	▁१९५३
49586	▁१९६७
49587	▁५७
49588	.239
49589	255
49590	61
49591	83
49592	=\\\\{
49593	AMS
49594	Accra
49595	Allow
49596	Also
49597	Antananarivo
49598	Arab
49599	Aruba
49600	Aziz
49601	Azores
49602	Bujumbura
49603	Calendar
49604	Ch
49605	Christmas
49606	Connect
49607	DING
49608	Direct
49609	Disk
49610	Edmonton
49611	Exaltation
49612	FRl
49613	Graph
49614	Honolulu
49615	Human
49616	ICAL
49617	ICE
49618	ILLY
49619	ITS
49620	January
49621	Language
49622	Light
49623	Madeira
49624	Marino
49625	Marquesas
49626	Mendoza
49627	Midway
49628	Monrovia
49629	NLY
49630	NNA
49631	Network
49632	Number
49633	ODU
49634	Palau
49635	Pass
49636	Physician
49637	Provide
49638	Purif
49639	QPrint
49640	RAP
49641	RONOMY
49642	Raise
49643	Rangoon
49644	Rass
49645	Real
49646	Recife
49647	Render
49648	Reverse
49649	Rise
49650	SM
49651	START
49652	Salaam
49653	Salvation
49654	Split
49655	TB
49656	TTERING
49657	Taipei
49658	Toggle
49659	Trigger
49660	Upon
49661	VAL
49662	VIDEO
49663	Yellow
49664	abundance
49665	amarca
49666	anxious
49667	axe
49668	baal
49669	bandi
49670	baptized
49671	behold
49672	beyond
49673	buddy
49674	charitable
49675	completed
49676	contain
49677	content
49678	continu
49679	creation
49680	creature
49681	crush
49682	crypt
49683	declared
49684	deliver
49685	dings
49686	download
49687	earlier
49688	erchance
49689	establish
49690	exact
49691	falsehood
49692	followers
49693	gunshot
49694	hospitable
49695	imbued
49696	invalid
49697	jearim
49698	katerin
49699	kname
49700	laden
49701	lideshow
49702	llegedly
49703	lobal
49704	loyalty
49705	macher
49706	magic
49707	maximize
49708	military
49709	moral
49710	nosti
49711	nviting
49712	olo
49713	pangs
49714	perceptive
49715	provided
49716	purpose
49717	refutable
49718	ressing
49719	scroll
49720	shake
49721	silver
49722	sixth
49723	sometimes
49724	strength
49725	submitted
49726	taken
49727	thereby
49728	tradition
49729	ugzilla
49730	umrah
49731	vcard
49732	yourself
49733	£
49734	ل
49735	अकेले
49736	अगस्त
49737	अद्
49738	अनुग्रह
49739	अनेक
49740	अन्यजाति
49741	आंखें
49742	आईटीएस
49743	आनन
49744	आसानी
49745	इंडो
49746	इन्तज
49747	उत्कृष्ट
49748	ऊँचा
49749	ऊर्ध्वाधर
49750	एसएम
49751	एस्केप
49752	कटोर
49753	कांग
49754	कानून
49755	कार्यक्षेत्र
49756	कुंड
49757	कैसर
49758	क्साइड
49759	खजूर
49760	खिलाड़ी
49761	खुशखबरी
49762	गाड़
49763	ग्राही
49764	चाद
49765	चिकित्सक
49766	चीक
49767	छाया
49768	छुपाएँ
49769	जिप
49770	जुर्म
49771	जून
49772	झगड़े
49773	टैग
49774	ट्यूशन
49775	ट्रक
49776	ट्रिब्यू
49777	डॉल्फ
49778	तसवीर
49779	त्क्षण
49780	दबी
49781	दर्रा
49782	दाएँ
49783	दुबई
49784	द्दॊन
49785	धड़ा
49786	नक़ल
49787	नाँव
49788	निर्दोष
49789	नोवो
49790	न्ट्
49791	पंथ
49792	पट्
49793	पट्टियाँ
49794	पठन
49795	परस्त
49796	परिवर्तन
49797	पश्
49798	पहिल
49799	पहुँचने
49800	पिक्सल
49801	पुराना
49802	पोरो
49803	प्राथमिक
49804	फात
49805	फेन
49806	फैल
49807	फ्रीटाउन
49808	बिजली
49809	भाजन
49810	भेंट
49811	भोगी
49812	मंदी
49813	मझ
49814	मददगार
49815	महल
49816	मिलाप
49817	मिलिट्री
49818	मुम्बई
49819	मुसाफिर
49820	मेवा
49821	मोटे
49822	मोम
49823	मौज़ू
49824	यूरोप
49825	रक्त
49826	रमापा
49827	रीगा
49828	रॉक
49829	लकड़ी
49830	लक्समबर्ग
49831	लागोस
49832	लॆ
49833	ल्सियस
49834	वर्थ
49835	विरोध
49836	वृक्ष
49837	वृत्ति
49838	शर्म
49839	शायर
49840	संग
49841	संबंध
49842	संभवतः
49843	सत्तर
49844	सहकर्मी
49845	सामर्थ्य
49846	सिल्वेनिया
49847	सुनकर
49848	सेरु
49849	स्टल्स
49850	स्बे
49851	स्सि
49852	हत्या
49853	हमदर्द
49854	हल्लिलूयाह
49855	हार्य
49856	हालांकि
49857	हेलसिंकी
49858	़ायदा
49859	ांकित
49860	ांतरण
49861	ानवे
49862	ाहारी
49863	िथरा
49864	ुनगुन
49865	ुपयोग
49866	ुराह
49867	ुर्दों
49868	ोटा
49869	ोदय
49870	ोलॉजी
49871	्गर
49872	१००
49873	८६
49874	९९
49875	⇧
49876	▁(45)
49877	▁0.05
49878	▁0.4
49879	▁1,700
49880	▁1.2
49881	▁1473
49882	▁150,000
49883	▁18,000
49884	▁1844
49885	▁2000-200
49886	▁2001-200
49887	▁Ability
49888	▁Advertising
49889	▁Antipas
49890	▁Artwork
49891	▁Asahi
49892	▁Auckland
49893	▁Ayyub
49894	▁Beast
49895	▁Beautifie
49896	▁Belgian
49897	▁Benign
49898	▁Boldness
49899	▁Botan
49900	▁Burst
49901	▁CHANGES
49902	▁CIA
49903	▁Cabinet
49904	▁Cherethites
49905	▁Chiapas
49906	▁Christoph
49907	▁Claudia
49908	▁Cleanliness
49909	▁Colossian
49910	▁Complex
49911	▁Compute
49912	▁Concord
49913	▁Consistent
49914	▁Contributed
49915	▁Coralie
49916	▁Cruz
49917	▁Cuban
49918	▁DONATION
49919	▁DOWN
49920	▁DUE
49921	▁Dangerous
49922	▁Decimal
49923	▁Decod
49924	▁Diana
49925	▁Diego
49926	▁Dionysus
49927	▁Discovery
49928	▁Domini
49929	▁Donald
49930	▁Eddie
49931	▁Edmund
49932	▁Eliel
49933	▁Enemy
49934	▁Enrich
49935	▁Ernst
49936	▁Ethnic
49937	▁Exile
49938	▁FOV
49939	▁Fabian
49940	▁Feast
49941	▁Federation
49942	▁Ferr
49943	▁Foolish
49944	▁Frankfurt
49945	▁Frost
49946	▁Fulfil
49947	▁Gallup
49948	▁Gemariah
49949	▁Gnostic
49950	▁Goddamn
49951	▁Goma
49952	▁Happened
49953	▁Hoelzer
49954	▁Hook
49955	▁Hula
49956	▁Hypertext
49957	▁Ibn
49958	▁Ilyas
49959	▁Immortal
49960	▁Individually
49961	▁Influenced
49962	▁Institution
49963	▁Interpolate
49964	▁Iowa
49965	▁JACK
49966	▁Jared
49967	▁Javan
49968	▁Jazer
49969	▁Jerahmeel
49970	▁Jeroham
49971	▁Joachim
49972	▁Juda
49973	▁Judaised
49974	▁Kamchatka
49975	▁Kep
49976	▁Kerberos
49977	▁Kiev
49978	▁Kirk
49979	▁Kopete
49980	▁Kuwait
49981	▁LIVE
49982	▁Latitude
49983	▁Leonardo
49984	▁Linear
49985	▁Lorraine
49986	▁Lose
49987	▁Magenta
49988	▁Malchijah
49989	▁Marine
49990	▁Millo
49991	▁Monde
49992	▁Moore
49993	▁Munich
49994	▁Muratori
49995	▁Nagoya
49996	▁Nantes
49997	▁Nautilus
49998	▁Necho
49999	▁Netmeeting
50000	▁Newspaper
50001	▁Nicol
50002	▁Nin
50003	▁Ninety
50004	▁Noriko
50005	▁OKAY
50006	▁Observant
50007	▁Oholiab
50008	▁Omniscient
50009	▁Ophrah
50010	▁Otto
50011	▁Papen
50012	▁Paphos
50013	▁Partner
50014	▁Pedaiah
50015	▁Piece
50016	▁Pino
50017	▁Poison
50018	▁Pronounc
50019	▁Prophesy
50020	▁Puah
50021	▁ROY
50022	▁Realize
50023	▁Recount
50024	▁Remarkably
50025	▁Repay
50026	▁Revere
50027	▁Rewarder
50028	▁Rewrit
50029	▁Rhodesia
50030	▁Ricardo
50031	▁Rising
50032	▁Rotterdam
50033	▁Rouge
50034	▁SHOUTING
50035	▁SINCE
50036	▁Salute
50037	▁Santos
50038	▁Saqar
50039	▁Scatter
50040	▁Shah
50041	▁Shake
50042	▁Shelemiah
50043	▁Shield
50044	▁Sixty
50045	▁Slovak
50046	▁Smiley
50047	▁Spam
50048	▁Stroke
50049	▁Subduer
50050	▁Submission
50051	▁Swingle
50052	▁TIM
50053	▁Tactful
50054	▁Tasnim
50055	▁Tekoa
50056	▁Thick
50057	▁Tigres
50058	▁Tommy
50059	▁Tracy
50060	▁Troy
50061	▁Twentie
50062	▁Tybalt
50063	▁Uri
50064	▁Validation
50065	▁Yun
50066	▁Zere
50067	▁Zoar
50068	▁accommodation
50069	▁accomplice
50070	▁agenda
50071	▁anatomy
50072	▁anonymously
50073	▁apparatus
50074	▁applicant
50075	▁aquatic
50076	▁articulate
50077	▁aspiration
50078	▁barefoot
50079	▁baseless
50080	▁basons
50081	▁bedouin
50082	▁calypso
50083	▁canonical
50084	▁canopies
50085	▁capacities
50086	▁carpentry
50087	▁chimney
50088	▁churn
50089	▁circumcise
50090	▁cloven
50091	▁coarse
50092	▁conjectur
50093	▁consecrate
50094	▁copyist
50095	▁copyrighted
50096	▁cornfields
50097	▁cradling
50098	▁crescent
50099	▁crust
50100	▁cylinder
50101	▁daring
50102	▁dazzle
50103	▁decorati
50104	▁delinquent
50105	▁demoraliz
50106	▁denarius
50107	▁deputies
50108	▁desertion
50109	▁destitution
50110	▁devolve
50111	▁diminishes
50112	▁diplomatic
50113	▁disgracing
50114	▁disintegrated
50115	▁dispersing
50116	▁disqualify
50117	▁disrespectfully
50118	▁domineering
50119	▁dormant
50120	▁dumbfounded
50121	▁easing
50122	▁easygoing
50123	▁elude
50124	▁ember
50125	▁embroidered
50126	▁engraving
50127	▁erosion
50128	▁erreth
50129	▁exploration
50130	▁explored
50131	▁fallback
50132	▁fanatical
50133	▁fictitious
50134	▁filing
50135	▁flashcard
50136	▁forgat
50137	▁forgetfulness
50138	▁fragrant
50139	▁frightful
50140	▁gambler
50141	▁garland
50142	▁gasp
50143	▁gat
50144	▁gorge
50145	▁gravel
50146	▁grin
50147	▁grumble
50148	▁hallway
50149	▁hazard
50150	▁heartbroken
50151	▁herdsmen
50152	▁hippie
50153	▁housewife
50154	▁illogical
50155	▁impossibility
50156	▁incessant
50157	▁indisposed
50158	▁inducement
50159	▁inroads
50160	▁insinuat
50161	▁instigation
50162	▁interfering
50163	▁interruption
50164	▁intertwined
50165	▁inverted
50166	▁juvenile
50167	▁keyring
50168	▁kio
50169	▁laver
50170	▁lime
50171	▁locomotive
50172	▁longevity
50173	▁marathon
50174	▁mattresses
50175	▁microorganism
50176	▁minimizing
50177	▁monasticism
50178	▁mountainside
50179	▁mutilation
50180	▁nugget
50181	▁obstruction
50182	▁orderliness
50183	▁ordinarily
50184	▁ordination
50185	▁overconfidence
50186	▁overconfident
50187	▁paperwork
50188	▁paraded
50189	▁paralyze
50190	▁parentheses
50191	▁patent
50192	▁perversity
50193	▁pr
50194	▁prefigure
50195	▁prerequisite
50196	▁pressur
50197	▁prideful
50198	▁promiscuous
50199	▁proverbial
50200	▁radically
50201	▁rattle
50202	▁reconcil
50203	▁recycle
50204	▁redeemable
50205	▁reiterat
50206	▁renege
50207	▁repetitious
50208	▁repulsive
50209	▁retiring
50210	▁rife
50211	▁rubbing
50212	▁saluting
50213	▁scorpion
50214	▁scourging
50215	▁scramble
50216	▁sequ
50217	▁serif
50218	▁simulate
50219	▁smug
50220	▁snim
50221	▁socialize
50222	▁squall
50223	▁stalwart
50224	▁stemm
50225	▁stepfather
50226	▁sterile
50227	▁stillborn
50228	▁stinteth
50229	▁strap
50230	▁strivers
50231	▁subheading
50232	▁subsist
50233	▁subversive
50234	▁sulphur
50235	▁syndicate
50236	▁tenacious
50237	▁tenets
50238	▁termite
50239	▁terrify
50240	▁thievery
50241	▁thirtieth
50242	▁thornless
50243	▁thunderstorm
50244	▁tmp
50245	▁tracing
50246	▁traffick
50247	▁triumphantly
50248	▁tumultuous
50249	▁unappreciative
50250	▁unclear
50251	▁unfriendly
50252	▁unhypocritical
50253	▁uninterrupted
50254	▁unloading
50255	▁unseemly
50256	▁uphill
50257	▁validated
50258	▁ventured
50259	▁verification
50260	▁vouch
50261	▁wagon
50262	▁watersprings
50263	▁weaponry
50264	▁wearisome
50265	▁whipped
50266	▁whitewash
50267	▁wireless
50268	▁wrangling
50269	▁अंगोछ
50270	▁अंतड़ियों
50271	▁अंदेशा
50272	▁अक्टू
50273	▁अदायाह
50274	▁अली
50275	▁अशक्
50276	▁अश्कलोन
50277	▁आकलन
50278	▁आज़माइशें
50279	▁आन्दोलन
50280	▁आल्ट
50281	▁आश्वस्त
50282	▁इफ़ि
50283	▁इमेल
50284	▁उकसाना
50285	▁उगाती
50286	▁उजाड
50287	▁उठूंगा
50288	▁उन्मुखीकरण
50289	▁उपभोक्
50290	▁ऊग
50291	▁ऋतुओं
50292	▁एजेन्सी
50293	▁एड्रियन
50294	▁एन्टवर्प
50295	▁एपर्चर
50296	▁एरीका
50297	▁एलासा
50298	▁एसडीएल
50299	▁एस्टीमेट
50300	▁ऐपलेट
50301	▁ऑगस्टीन
50302	▁ऑप्टीमाइज़
50303	▁ओपीर
50304	▁ओहोलीबा
50305	▁कंपास
50306	▁करबरोस
50307	▁कलीप्सो
50308	▁क़ुर्बान
50309	▁काउंटी
50310	▁कामुकता
50311	▁कारखाना
50312	▁कारखानों
50313	▁कुंद
50314	▁कुंवारियाँ
50315	▁कुण्ठा
50316	▁कॆन
50317	▁केएल्जियम
50318	▁केसिर्क
50319	▁कैन्य
50320	▁कैबिन
50321	▁कैरिबियन
50322	▁कैसल
50323	▁खरीदिए
50324	▁खातीं
50325	▁खिलखिला
50326	▁खुमार
50327	▁गदहियां
50328	▁गमर्याह
50329	▁गाथा
50330	▁गायकों
50331	▁गुरिल्ला
50332	▁गेमफू
50333	▁गैलस
50334	▁गोमा
50335	▁गोले
50336	▁गौण
50337	▁घटेगी
50338	▁घबराइए
50339	▁घूंट
50340	▁घोड
50341	▁चब
50342	▁चबाने
50343	▁चलाएगा
50344	▁चाइल्ड
50345	▁चिट्ठ
50346	▁चिनगार
50347	▁चीखना
50348	▁चुभनेवाली
50349	▁चेकोस्लोवाकिया
50350	▁चोग़
50351	▁छल्ल
50352	▁छिदवान
50353	▁छिलक
50354	▁छोड़ेगी
50355	▁छोडो
50356	▁ज़ायन्
50357	▁जिम्मी
50358	▁जुगनू
50359	▁जेलर
50360	▁जैकेट
50361	▁जॉच
50362	▁जोनाथन
50363	▁जोसॆफ
50364	▁ज्यार्जिया
50365	▁झक
50366	▁झल्ला
50367	▁झुँझला
50368	▁टिन
50369	▁टुकड़
50370	▁टूवालू
50371	▁टॉबि
50372	▁ट्रांसकोड
50373	▁ठठ्ठा
50374	▁डालियाँ
50375	▁डालेंगी
50376	▁डिकोडर
50377	▁डुप्लीकेट
50378	▁डुल
50379	▁डेज़
50380	▁डेलिगे
50381	▁डेलिमिटर
50382	▁डॉरिस
50383	▁ढलते
50384	▁ढूँढा
50385	▁तक़लीफ़
50386	▁तत्पश्
50387	▁तपावन
50388	▁तब्दील
50389	▁तहप
50390	▁तिथिपत्र
50391	▁तीख
50392	▁तीर्थ
50393	▁तुवालु
50394	▁तैरती
50395	▁तोड़नेवाले
50396	▁थॉम्पसन
50397	▁दगाबाज़
50398	▁दरवाज
50399	▁दाँयी
50400	▁दिखलाने
50401	▁दिखाएगी
50402	▁दियो
50403	▁दिवालियापन
50404	▁दीप्ति
50405	▁दीर्घकालिक
50406	▁दूतो
50407	▁दौड़ें
50408	▁द्विपदीय
50409	▁धंस
50410	▁धर्मसिद्धांत
50411	▁नतीजतन
50412	▁नाइट्रोजन
50413	▁निमज्जन
50414	▁निमोनिया
50415	▁निरोध
50416	▁निर्बुद्धियों
50417	▁नीदरलैंड
50418	▁नैनोमीटर
50419	▁नौकरानी
50420	▁पंडुक
50421	▁पकड़वाने
50422	▁पकडे
50423	▁पजाव
50424	▁परिज्जियों
50425	▁परित्यक्
50426	▁पर्दों
50427	▁पहँच
50428	▁पहुंचाऊंगा
50429	▁पार्टीशन
50430	▁पीडीएफ
50431	▁पीसीआई
50432	▁पुतला
50433	▁पुतले
50434	▁पुनर्तुल्यकाल
50435	▁पुनर्निर्देशन
50436	▁पुरातत्व
50437	▁पूर्वनियति
50438	▁पूर्वबतायी
50439	▁पूर्ववत
50440	▁पैना
50441	▁पॉइन्ट
50442	▁प्रभ
50443	▁प्रयुक्
50444	▁प्रिंसिपल
50445	▁प्रोटोकॉल्स
50446	▁प्लांट
50447	▁प्लेबैक
50448	▁फरार
50449	▁फिराक
50450	▁फुला
50451	▁फेइफर
50452	▁फ्रीडा
50453	▁फ्रॆड
50454	▁फ्लॉरिडा
50455	▁बँटवार
50456	▁बँधाते
50457	▁बचाएँ
50458	▁बदकिस्मत
50459	▁बनवाने
50460	▁बनाऊं
50461	▁बन्धे
50462	▁बम्बई
50463	▁बर्नार्ड
50464	▁बल्गारिया
50465	▁बांया
50466	▁बारम्बार
50467	▁बारीकियों
50468	▁बिठाकर
50469	▁बिरादरिय
50470	▁बिरादरियाँ
50471	▁बेदर्द
50472	▁बेनेफीश
50473	▁बेलारूस
50474	▁बेहाल
50475	▁बोकर
50476	▁बोलेगा
50477	▁ब्रूक्स
50478	▁ब्रैड
50479	▁भरमाने
50480	▁भावशून्य
50481	▁भूमिगत
50482	▁भूरा
50483	▁भूलेंगे
50484	▁भेंड़
50485	▁भोगेगा
50486	▁मद्यपान
50487	▁मनहेम
50488	▁मनोभावचिह्न
50489	▁मरीया
50490	▁मलो
50491	▁महाद्वीपों
50492	▁महाविपदा
50493	▁माँगीं
50494	▁मांसपेशियों
50495	▁माइक्रोवेव
50496	▁माजर
50497	▁मादै
50498	▁मालिश
50499	▁मिथोडीअस
50500	▁मिनिस्ट
50501	▁मुक़द
50502	▁मुहान
50503	▁मूंद
50504	▁मॉनिटर
50505	▁मॉल्
50506	▁मोटाप
50507	▁योजाबाद
50508	▁योद्वाओं
50509	▁रखवाया
50510	▁रचने
50511	▁रजिस्ट्री
50512	▁रसायनों
50513	▁राजघरान
50514	▁रिपो
50515	▁रिह
50516	▁रोमेनिया
50517	▁लंबित
50518	▁लगानेवाली
50519	▁लाऊं
50520	▁लाट
50521	▁लाह्स
50522	▁लुभाता
50523	▁वज्र
50524	▁वर्षगाँठ
50525	▁वसूलनेवाल
50526	▁वाइप
50527	▁विज्ञानियों
50528	▁विटनेस
50529	▁विभ्रम
50530	▁वैषम्य
50531	▁शार्ल
50532	▁शेलेम्याह
50533	▁संपादकीय
50534	▁सकीं
50535	▁सकेंगी
50536	▁सताना
50537	▁सत्राह
50538	▁सन्धि
50539	▁समझूं
50540	▁समाँ
50541	▁समुद्रतट
50542	▁सरीख
50543	▁सर्जक
50544	▁सहपाठी
50545	▁साम्र
50546	▁सिडलिक
50547	▁सुकुमार
50548	▁सुझाते
50549	▁सुनाइए
50550	▁सुनूं
50551	▁सूँघने
50552	▁सेक्टर
50553	▁सेप्टुआजॆंट
50554	▁सोंटे
50555	▁सौतेल
50556	▁स्क्रीनशॉट
50557	▁स्टिकी
50558	▁स्टैंडर्ड
50559	▁स्तनधारी
50560	▁स्त्राप
50561	▁स्नेप
50562	▁स्प्लेन
50563	▁स्लोवेनिया
50564	▁स्वपन
50565	▁हग्ग
50566	▁हड़बड़
50567	▁हताहत
50568	▁हथौड़ा
50569	▁हानान
50570	▁हारते
50571	▁हिंटिंग
50572	▁हिन्
50573	▁हुड़दंग
50574	▁हॉस्पिट
50575	▁होस्टनेम
50576	▁१९३६
50577	▁१९६२
50578	+2
50579	080
50580	110
50581	350
50582	509
50583	563
50584	855
50585	9,000
50586	AUDIENCE
50587	Advanced
50588	Alt
50589	Append
50590	Asunci
50591	Awful
50592	BER
50593	Bermuda
50594	Break
50595	CHAR
50596	CIENT
50597	Caesar
50598	Comoro
50599	Could
50600	Countdown
50601	Daughter
50602	Dominica
50603	Dubai
50604	ELECTR
50605	Eden
50606	Eternal
50607	Filename
50608	Gambier
50609	Grenada
50610	Halifax
50611	Instruct
50612	Jakarta
50613	Kabul
50614	Kash
50615	LSL
50616	Manaus
50617	Masaki
50618	Minsk
50619	Monaco
50620	Moresby
50621	Nauru
50622	November
50623	OLA
50624	PRODUCT
50625	Participant
50626	Path
50627	Power
50628	Rankin
50629	Recover
50630	Responsibilities
50631	Rich
50632	Rome
50633	Saipan
50634	Scream
50635	Shared
50636	Speech
50637	Tallinn
50638	Unbelievers
50639	Vientiane
50640	Warsaw
50641	Welcome
50642	Windhoek
50643	abid
50644	anometers
50645	arus
50646	aud
50647	ault
50648	avid
50649	awful
50650	ayland
50651	balsa
50652	bought
50653	chosen
50654	claration
50655	compress
50656	conceived
50657	configuration
50658	ctivate
50659	dark
50660	destined
50661	dodec
50662	dulteresses
50663	earnest
50664	elestial
50665	ensu
50666	etter
50667	fishers
50668	fle
50669	ganization
50670	garments
50671	haracter
50672	hills
50673	html
50674	ipper
50675	journey
50676	liko
50677	lima
50678	measure
50679	misleading
50680	mobile
50681	naval
50682	naviga
50683	ntacts
50684	ognizant
50685	ollywood
50686	ompulsory
50687	ower
50688	paid
50689	phesh
50690	ponder
50691	preached
50692	profit
50693	query
50694	raditional
50695	repudiation
50696	roperties
50697	rotic
50698	rzip
50699	serif
50700	stranded
50701	subjugated
50702	temporary
50703	total
50704	ugu
50705	unknown
50706	unless
50707	urg
50708	violent
50709	virgin
50710	wim
50711	wol
50712	writing
50713	yenne
50714	ynchronizing
50715	Ö
50716	ו
50717	ंजूर
50718	ंडरस्टार्म
50719	अदिस
50720	अमरीकी
50721	अवधि
50722	अश्
50723	आनेवाली
50724	आर्काइव
50725	ऋ
50726	कराची
50727	क़ेदार
50728	कारोबार
50729	कीमिया
50730	कैथोलिक
50731	क्रिटिक
50732	क्षय
50733	क्षैतिज
50734	गेबेर
50735	ग्रेडिएंट
50736	घोड़े
50737	चर्म
50738	चादरें
50739	चित्त
50740	चोरी
50741	ज़ायका
50742	जिन्स
50743	जेब
50744	ठिठक
50745	त्याग
50746	दीद
50747	ध्रुव
50748	नमार्क
50749	निर्माण
50750	पत्य
50751	पहाड
50752	पाँच
50753	पुआ
50754	पेचीदगी
50755	पैर
50756	पोस्ट
50757	फ़ु
50758	फुलका
50759	फ्लोट
50760	बंदी
50761	बट्टे
50762	बदनुमा
50763	बोरिंग
50764	ब्लू
50765	भविष्यवाणी
50766	मानागुआ
50767	माशा
50768	मासिक
50769	मिसाल
50770	मीनान
50771	मेरिनो
50772	मोहर
50773	योना
50774	रंगून
50775	रक्षित
50776	रफेर
50777	रबत
50778	राइम
50779	लायक
50780	ल्कुल
50781	ल्गा
50782	ल्लाह
50783	वाल्ड
50784	विदेशी
50785	विनिपेग
50786	वुस
50787	संतों
50788	सत्ताधारी
50789	सफलता
50790	सफाई
50791	समाज
50792	सहायता
50793	साइड
50794	सामरी
50795	सायरा
50796	सिखा
50797	सैनिक
50798	स्ट्रीमर
50799	स्थायी
50800	हठ
50801	हफ्ते
50802	हरारे
50803	हालात
50804	हिंदी
50805	हृ
50806	हेलर
50807	होगी
50808	ाग़ा
50809	ापेक्ष
50810	ाबंदी
50811	ुदकुशी
50812	ुन्नी
50813	ुमि
50814	ूरा
50815	ोपोल
50816	्यूलर
50817	्वांग
50818	्विला
50819	्सविले
50820	४००
50821	८००
50822	८३
50823	▁(%3)
50824	▁(0.8
50825	▁(02:00)
50826	▁(130)
50827	▁0.3
50828	▁1998-200
50829	▁2018
50830	▁35,000
50831	▁6,7
50832	▁70%
50833	▁ANN
50834	▁ANTON
50835	▁Accuracy
50836	▁Acknowledge
50837	▁Acquir
50838	▁Adopt
50839	▁Affliction
50840	▁Akonadi
50841	▁Alfredo
50842	▁Algeria
50843	▁Alhazen
50844	▁Amanda
50845	▁Anakim
50846	▁Aphek
50847	▁Ararat
50848	▁Asiaweek
50849	▁Attendance
50850	▁Aur
50851	▁BIT
50852	▁BORN
50853	▁BOY
50854	▁Baanah
50855	▁Banning
50856	▁Beatrice
50857	▁Behemoth
50858	▁Belfast
50859	▁Burden
50860	▁CLOSES
50861	▁COLOSS
50862	▁COMMAND
50863	▁Celebrate
50864	▁Chaldea
50865	▁Clarence
50866	▁Cleanse
50867	▁Commemorat
50868	▁Commendably
50869	▁Commendation
50870	▁Contribut
50871	▁Convinced
50872	▁Cooke
50873	▁Corner
50874	▁Courageously
50875	▁Crush
50876	▁Decades
50877	▁Demand
50878	▁Dispute
50879	▁Divide
50880	▁Dodge
50881	▁Dominion
50882	▁Duplessis
50883	▁Duplex
50884	▁Employ
50885	▁Encoder
50886	▁Engineering
50887	▁Epicurus
50888	▁Exponent
50889	▁FAQ
50890	▁FATHER
50891	▁FREE
50892	▁Federico
50893	▁Felipe
50894	▁Film
50895	▁Foretold
50896	▁Fountain
50897	▁Frequent
50898	▁GPG
50899	▁Gamefu
50900	▁Gertrud
50901	▁Gihon
50902	▁Gilbert
50903	▁Groupware
50904	▁HEALTH
50905	▁Heidi
50906	▁Hermann
50907	▁Hillel
50908	▁Hollywood
50909	▁Hop
50910	▁Iceland
50911	▁Implement
50912	▁Independence
50913	▁Integrat
50914	▁Intolerance
50915	▁Isthmian
50916	▁Izhar
50917	▁JAPAN
50918	▁Jaime
50919	▁Jealous
50920	▁Jozabad
50921	▁KWin
50922	▁Kali
50923	▁Karaite
50924	▁Kenaz
50925	▁Kingsley
50926	▁LADY
50927	▁LAM
50928	▁Ladder
50929	▁Latvian
50930	▁Leipzig
50931	▁Lexicon
50932	▁Lightning
50933	▁Longitude
50934	▁MAIN
50935	▁MIM
50936	▁MONTH
50937	▁Maclean
50938	▁Makkedah
50939	▁Manchu
50940	▁Matches
50941	▁McCl
50942	▁Meek
50943	▁Michmash
50944	▁Moravia
50945	▁Mormon
50946	▁Mourn
50947	▁Moza
50948	▁Murder
50949	▁Nga
50950	▁Normaliz
50951	▁Nuclear
50952	▁Optical
50953	▁Owen
50954	▁PCI
50955	▁PEACE
50956	▁PLANNING
50957	▁Palmyra
50958	▁Papyrus
50959	▁Partial
50960	▁Payment
50961	▁Photography
50962	▁PowerDevil
50963	▁Prais
50964	▁Praisers
50965	▁Prayerful
50966	▁Puppy
50967	▁RECENT
50968	▁Recognition
50969	▁Renaissance
50970	▁Restoration
50971	▁Resurrect
50972	▁Reuel
50973	▁Rush
50974	▁SIMON
50975	▁SIN
50976	▁SPA
50977	▁Salmon
50978	▁Satisfied
50979	▁Scheduler
50980	▁Scorch
50981	▁Seigo
50982	▁Sensor
50983	▁Seventy
50984	▁Shakespeare
50985	▁Shishak
50986	▁Sidonians
50987	▁Splendor
50988	▁Sprout
50989	▁Stalin
50990	▁Statute
50991	▁Sticky
50992	▁Swahili
50993	▁Tabernacle
50994	▁Temp
50995	▁Tempter
50996	▁Thyroid
50997	▁Tiffany
50998	▁Tired
50999	▁Trophimus
51000	▁Tutorial
51001	▁Unemployment
51002	▁Unencrypted
51003	▁Unlock
51004	▁Urgency
51005	▁VIEW
51006	▁Valentina
51007	▁Verne
51008	▁Vesuvius
51009	▁WARNING
51010	▁WIND
51011	▁Whirl
51012	▁Yoshi
51013	▁ZIP
51014	▁Zeph
51015	▁Zorah
51016	▁________
51017	▁adage
51018	▁addressbook
51019	▁adjoin
51020	▁advising
51021	▁affront
51022	▁aflame
51023	▁ahamkar
51024	▁alb
51025	▁annals
51026	▁antitype
51027	▁archenemy
51028	▁avalanche
51029	▁babble
51030	▁bacterial
51031	▁baffled
51032	▁baking
51033	▁banning
51034	▁battering
51035	▁beads
51036	▁beauteous
51037	▁bleed
51038	▁bodyguard
51039	▁bout
51040	▁brimm
51041	▁broom
51042	▁brow
51043	▁buckle
51044	▁bytes
51045	▁caprice
51046	▁cardiac
51047	▁cellar
51048	▁cert
51049	▁chafe
51050	▁charmer
51051	▁chuck
51052	▁civilized
51053	▁coffin
51054	▁condom
51055	▁convened
51056	▁converg
51057	▁corroborate
51058	▁credence
51059	▁creek
51060	▁crib
51061	▁crossroads
51062	▁cryptograph
51063	▁cultivator
51064	▁curry
51065	▁decli
51066	▁despondency
51067	▁diagnostic
51068	▁digit
51069	▁disinfect
51070	▁dispersion
51071	▁dissociate
51072	▁distribut
51073	▁drachma
51074	▁dwindling
51075	▁egotistical
51076	▁eluded
51077	▁emanate
51078	▁embassy
51079	▁embellishment
51080	▁eradicat
51081	▁eventide
51082	▁evolve
51083	▁excrement
51084	▁extolled
51085	▁falcon
51086	▁fatted
51087	▁ferment
51088	▁fertilized
51089	▁finality
51090	▁flog
51091	▁foil
51092	▁foreteller
51093	▁formulated
51094	▁foxes
51095	▁frolic
51096	▁germinate
51097	▁globul
51098	▁handicap
51099	▁hart
51100	▁heartrending
51101	▁heroic
51102	▁hobbl
51103	▁horde
51104	▁iblis
51105	▁imbalance
51106	▁impiety
51107	▁incitement
51108	▁inflammation
51109	▁insomnia
51110	▁intoxicating
51111	▁justifiable
51112	▁kidnapping
51113	▁kilometer
51114	▁laptop
51115	▁larva
51116	▁legalized
51117	▁lioness
51118	▁loftie
51119	▁loiter
51120	▁longsuffering
51121	▁lowercase
51122	▁luminar
51123	▁maal
51124	▁maim
51125	▁mastic
51126	▁mattress
51127	▁meadow
51128	▁midwife
51129	▁migratory
51130	▁misdirected
51131	▁mismanagement
51132	▁muslim
51133	▁mystical
51134	▁nightclub
51135	▁nourishes
51136	▁outlawed
51137	▁overcrowded
51138	▁pamphlet
51139	▁parrot
51140	▁pedal
51141	▁perpetuate
51142	▁phenomenal
51143	▁pimp
51144	▁pitied
51145	▁poignant
51146	▁predecessor
51147	▁predominantly
51148	▁preeminent
51149	▁premise
51150	▁procrastinate
51151	▁proponent
51152	▁racist
51153	▁reciprocate
51154	▁reevaluate
51155	▁regal
51156	▁regress
51157	▁reinstatement
51158	▁rekindled
51159	▁reprobate
51160	▁repute
51161	▁reputed
51162	▁resin
51163	▁roadside
51164	▁rooftop
51165	▁rudder
51166	▁sacraments
51167	▁sailor
51168	▁salesman
51169	▁scarcity
51170	▁servile
51171	▁shiny
51172	▁shortest
51173	▁shutdown
51174	▁slamm
51175	▁specialize
51176	▁spew
51177	▁stashes
51178	▁stationary
51179	▁sterilization
51180	▁str
51181	▁straiteneth
51182	▁straitness
51183	▁stupef
51184	▁stutter
51185	▁submerged
51186	▁suffocate
51187	▁sunrising
51188	▁supposing
51189	▁surmount
51190	▁sycam
51191	▁taxation
51192	▁tease
51193	▁teasing
51194	▁temporal
51195	▁theocratically
51196	▁threshingfloor
51197	▁tolerable
51198	▁tomatoes
51199	▁toothache
51200	▁transcript
51201	▁transliterat
51202	▁trekk
51203	▁tripled
51204	▁tuck
51205	▁tum
51206	▁turtle
51207	▁unanimously
51208	▁unbounded
51209	▁underlie
51210	▁underpriests
51211	▁unfathomable
51212	▁unreservedly
51213	▁unsent
51214	▁unusable
51215	▁vainglorious
51216	▁ventilation
51217	▁villa
51218	▁votary
51219	▁voters
51220	▁vulture
51221	▁wade
51222	▁wardrobe
51223	▁wilfully
51224	▁अँग
51225	▁अगाग
51226	▁अग्रगामी
51227	▁अच्
51228	▁अज्ञातनाम
51229	▁अज्म
51230	▁अटपट
51231	▁अड्डों
51232	▁अदुल्लाम
51233	▁अनिच्छा
51234	▁अनुकृति
51235	▁अनुपम
51236	▁अनुपातः
51237	▁अबीएजेर
51238	▁अभिन्
51239	▁अभिभावक
51240	▁अल्जीरिया
51241	▁अल्पवि
51242	▁अवरुद्ध
51243	▁अव्यक्
51244	▁असंतोष
51245	▁अहानिकर
51246	▁आंत
51247	▁आध
51248	▁आर्चबिशप
51249	▁इंटरप्ट
51250	▁इनिशियलाइज
51251	▁इपिकूर
51252	▁इवा
51253	▁इवान
51254	▁उंडेला
51255	▁उघार
51256	▁उजाड़नेवाल
51257	▁उज्जिय्याह
51258	▁उतावले
51259	▁उत्साहपूर्वक
51260	▁उदासीन
51261	▁ऊह
51262	▁एंड्रयू
51263	▁एक्सटेंशन्स
51264	▁एक्सपॉज़िट
51265	▁एक्सपोनेंट
51266	▁एनस्थिज़िया
51267	▁एनिमेट
51268	▁एन्थ
51269	▁एपिफेनी
51270	▁एप्लेट
51271	▁एफओवी
51272	▁ओढ़कर
51273	▁ओप्रा
51274	▁ओसाका
51275	▁ओहोलीआब
51276	▁औज़ारपट्टी
51277	▁कपास
51278	▁करकट
51279	▁कसबा
51280	▁कालकोठर
51281	▁कुंवारिय
51282	▁कुआँ
51283	▁कुन्
51284	▁कुरता
51285	▁कुरब
51286	▁कूड़ेदान
51287	▁कैच
51288	▁कैरी
51289	▁कॉन्ट्रैक्ट
51290	▁कॉन्सट
51291	▁कॉर्न
51292	▁कौटु
51293	▁कौल
51294	▁क्राइस्ट
51295	▁क्रिप्टोग्राफी
51296	▁क्रिस्टोफ
51297	▁क्लट
51298	▁खरीदें
51299	▁ख़ाता
51300	▁ख़ात्म
51301	▁ख़्वा
51302	▁खायेंगे
51303	▁खिंचाव
51304	▁गठबंधन
51305	▁गिड़
51306	▁गिरिज्ज
51307	▁गुंथ
51308	▁गुंध
51309	▁गुर्रा
51310	▁ग्रीष्मकाल
51311	▁घमा
51312	▁घुटकर
51313	▁घुप
51314	▁चखेगा
51315	▁चमकाने
51316	▁चमकीले
51317	▁चरमसीमा
51318	▁चलूँ
51319	▁चिड़ियाघर
51320	▁चिथड़े
51321	▁चिल्ड्रन
51322	▁चौराह
51323	▁छांटकर
51324	▁छाता
51325	▁छील
51326	▁छोड़ूँगा
51327	▁जंज़ीर
51328	▁जताइए
51329	▁जमावड़
51330	▁ज़ीब
51331	▁ज़ॆबर
51332	▁ज़ॉन
51333	▁जारीकर्ता
51334	▁जेनरेट
51335	▁जेरूसल
51336	▁जैव
51337	▁ज्ञानेंद्रियों
51338	▁ज्यू
51339	▁झालर
51340	▁झुर्र
51341	▁टपकता
51342	▁टिमटिमाता
51343	▁टीबॉर
51344	▁टूटना
51345	▁टेनिस
51346	▁टोंगा
51347	▁ट्रांजेक्शन
51348	▁ट्वीट
51349	▁ठहरीं
51350	▁डण्ड
51351	▁डाइरेक्टर
51352	▁डायरेक्टर
51353	▁डीवीआई
51354	▁डुप्ले
51355	▁ढलाई
51356	▁ढुल
51357	▁ढूढ
51358	▁तटों
51359	▁तवज्जह
51360	▁तात्पर्य
51361	▁तुर्कीश
51362	▁त्यौहार
51363	▁थाइलसाइन
51364	▁थिओ
51365	▁ददान
51366	▁दबकर
51367	▁दवाखान
51368	▁दायें
51369	▁दिलानेवाली
51370	▁दुचित्त
51371	▁धुंधल
51372	▁नक़्श
51373	▁नक़्शा
51374	▁नरमदिल
51375	▁नर्सें
51376	▁नहशोन
51377	▁निकालूं
51378	▁निभाए
51379	▁निरसन
51380	▁निराला
51381	▁निष्ठाहीन
51382	▁नॆदरलैंडस
51383	▁नेदरलैंडस
51384	▁नॉइ
51385	▁नॉटिलस
51386	▁न्यूक्लियस
51387	▁पंक्तियां
51388	▁पढना
51389	▁पण्डित
51390	▁पहेलियाँ
51391	▁पाइलट
51392	▁पाऊँ
51393	▁पाऊंगा
51394	▁पाथ
51395	▁पित्त
51396	▁पूँजीपति
51397	▁पूर्वकथ
51398	▁पेन्सिलवेनिया
51399	▁पैम
51400	▁प्रजातीय
51401	▁प्रताड़
51402	▁प्रतिद्वंद्वी
51403	▁प्रभावकारिता
51404	▁प्रमुखता
51405	▁प्रव्रज
51406	▁प्राणदंड
51407	▁प्राप्य
51408	▁प्रिसका
51409	▁प्रॉफ़ॆसर
51410	▁प्रोटॉन
51411	▁फबता
51412	▁फूंकने
51413	▁फैराडे
51414	▁बंगल
51415	▁बकाया
51416	▁बखेड़
51417	▁बचाऊंगा
51418	▁बच्च
51419	▁बढ़ौतरी
51420	▁बत्तियाँ
51421	▁बदबूदार
51422	▁बरूण्डी
51423	▁बहाओ
51424	▁बहिरे
51425	▁बागीच
51426	▁बाज़ुओं
51427	▁बाबा
51428	▁बार्डर
51429	▁बिछाई
51430	▁बिटिया
51431	▁बीएसडी
51432	▁बुलाएँ
51433	▁बुश
51434	▁बुसा
51435	▁बूटी
51436	▁बेतशान
51437	▁बेतुका
51438	▁बेलतशस्सर
51439	▁बैबिलोनिया
51440	▁बोलूं
51441	▁ब्रह्मांड
51442	▁ब्राटस्लावा
51443	▁भाग्यवान
51444	▁भाभी
51445	▁भूईंडोल
51446	▁भेट
51447	▁भोगेंगे
51448	▁मजूसी
51449	▁मध्ययुग
51450	▁महंगा
51451	▁माड्यूल
51452	▁मान्यताओं
51453	▁मार्को
51454	▁मार्फ
51455	▁मिलीमीटर्स
51456	▁मुफ़
51457	▁मुसकान
51458	▁मुस्कराया
51459	▁मेकअप
51460	▁मोक्ष
51461	▁मोलेक
51462	▁यथावत
51463	▁यशब
51464	▁याजन्याह
51465	▁रंगमंच
51466	▁रंगाई
51467	▁रखूँ
51468	▁राख़
51469	▁राजनेताओं
51470	▁राजमहल
51471	▁रिसाव
51472	▁रिस्पा
51473	▁रूकावट
51474	▁रेनॉ
51475	▁रैले
51476	▁लँगड
51477	▁लंका
51478	▁लदवा
51479	▁लवने
51480	▁लवीज़
51481	▁लादकर
51482	▁लामू
51483	▁लायब्रेरी
51484	▁लूटमार
51485	▁लूसियास
51486	▁लेटकर
51487	▁लेटना
51488	▁लैन
51489	▁वतखोरी
51490	▁वरिष्ठ
51491	▁वाच
51492	▁वार्ड
51493	▁वाहनों
51494	▁विंड
51495	▁विटनॆसॆस
51496	▁वीक
51497	▁वेधशाला
51498	▁व्युत्पन्
51499	▁शंकाएँ
51500	▁शगुन
51501	▁शरद
51502	▁शरमा
51503	▁शिकवे
51504	▁शिल्पकार
51505	▁शीरा
51506	▁शूह
51507	▁शेख़ीबाज़
51508	▁शॉर्ट
51509	▁श्याम
51510	▁श्रद्धांजलि
51511	▁संकर
51512	▁संचालक
51513	▁सताएंगे
51514	▁समाचारपत्र
51515	▁सम्मोहक
51516	▁सलाद
51517	▁सलोन
51518	▁ससुराल
51519	▁सहचारिता
51520	▁साराप
51521	▁साहेब
51522	▁सिंगल
51523	▁सिलवीया
51524	▁सुगन्धद्रव्य
51525	▁सुझाने
51526	▁सुनेगे
51527	▁सूचनार्थ
51528	▁सॉस
51529	▁सॉसेज
51530	▁स्ट्राइकर
51531	▁स्थानापन्
51532	▁स्नेपशॉट
51533	▁स्पंज
51534	▁स्पर्शज्या
51535	▁हँ
51536	▁हँसती
51537	▁हक्म
51538	▁हत्याकांड
51539	▁हथियाने
51540	▁हर्बर्ट
51541	▁हशर
51542	▁हस्तलेख
51543	▁हस्ताछर
51544	▁हेलिकॉप्टर
51545	▁१९६१
51546	▁८९
51547	2,600
51548	206
51549	260
51550	AIDS
51551	Algiers
51552	Alien
51553	Andorra
51554	Antigua
51555	April
51556	Assuredly
51557	Authenticate
51558	Birr
51559	Blantyre
51560	Bottom
51561	Brazzaville
51562	CalI
51563	Chat
51564	Code
51565	Construct
51566	Devanagari
51567	Dili
51568	EACH
51569	Easter
51570	FAO
51571	Fortaleza
51572	Freetown
51573	Genesis
51574	Harbin
51575	Hong
51576	However
51577	IMITATE
51578	IMM
51579	ITED
51580	Immaculate
51581	Judah
51582	LOUD
51583	LOY
51584	LUIS
51585	Learn
51586	Ljubljana
51587	MONTH
51588	MOS
51589	Macao
51590	Magadan
51591	Mayotte
51592	Merge
51593	Messenger
51594	Messiah
51595	Mogadishu
51596	NORM
51597	Novosibirsk
51598	OFF
51599	OKE
51600	OMIN
51601	Outlook
51602	PATTERN
51603	Parents
51604	Phil
51605	Preach
51606	Present
51607	Preserve
51608	Prove
51609	QIBase
51610	REAK
51611	Resister
51612	Roman
51613	SIREN
51614	Sakhalin
51615	Salih
51616	Summariz
51617	Synchronize
51618	Tarry
51619	Tunis
51620	UK
51621	Under
51622	VR
51623	Vilnius
51624	Violet
51625	Visual
51626	Wake
51627	Wallis
51628	Webcam
51629	Whitehorse
51630	Zapo
51631	accepted
51632	adorn
51633	agged
51634	althful
51635	approved
51636	array
51637	artist
51638	benevolently
51639	bjection
51640	bsp
51641	calculate
51642	categorized
51643	coa
51644	cross
51645	crowd
51646	daptive
51647	discreet
51648	dubitable
51649	dvocacy
51650	ecent
51651	editor
51652	encourage
51653	endure
51654	eneath
51655	enough
51656	eplace
51657	eywords
51658	figure
51659	forge
51660	gentle
51661	gotten
51662	graf
51663	heaven
51664	humble
51665	impudent
51666	india
51667	ithiah
51668	jedno
51669	library
51670	lrz
51671	lucky
51672	masses
51673	mma
51674	next
51675	ntication
51676	ntimacy
51677	oenig
51678	plevel
51679	praise
51680	priest
51681	radians
51682	regarding
51683	reply
51684	retched
51685	rostration
51686	shadow
51687	sinners
51688	ssessing
51689	stawa
51690	tacts
51691	topic
51692	tw
51693	uak
51694	voice
51695	volution
51696	weep
51697	yzyl
51698	zero
51699	ê
51700	अंडोरा
51701	अंधेरे
51702	अधि
51703	अनजान
51704	अन्दर
51705	आईएसओ
51706	आड़
51707	इज़न
51708	इयान
51709	एंटोनियो
51710	ओस्लो
51711	करूणा
51712	कहने
51713	क़दम
51714	क़्त
51715	किमो
51716	कैम्ब्रिज
51717	कोडिंग
51718	कोलंबो
51719	क्को
51720	क्खियों
51721	क्लीन
51722	खत्म
51723	खाँसी
51724	खींच
51725	खुला
51726	खून
51727	गिरने
51728	गूस
51729	ग्रेट
51730	ग्रेनाडा
51731	घूम
51732	चमत्कार
51733	चर्स
51734	चालाकी
51735	चोली
51736	चौड़ा
51737	छोटी
51738	जिद
51739	जिधर
51740	जिनसे
51741	जिब्राल्टर
51742	जिससे
51743	जीवनदायी
51744	जीविक
51745	जुडवा
51746	जुला
51747	झुकना
51748	टेप
51749	टोमेक
51750	डाउन
51751	डॉन
51752	तज़ाम
51753	तोहफा
51754	त्रीकरण
51755	थर्म
51756	दतों
51757	दलित
51758	दलीलें
51759	द्य
51760	नन्हे
51761	निज
51762	निरंतर
51763	निर्गमन
51764	न्हीं
51765	पंड
51766	पक्का
51767	पतमुस
51768	परिणाम
51769	पाइंट
51770	पायनियर
51771	पिक्सेल
51772	पैसे
51773	पॉम्पेई
51774	फ़िज़
51775	फ़ोर्ड
51776	फुसफुसाते
51777	बदली
51778	बयान
51779	बाड़ी
51780	बाशा
51781	बाशी
51782	बूढ़ा
51783	बेबाक
51784	बेरूत
51785	बेलग्रेड
51786	मकाओ
51787	माफ
51788	माम
51789	मायूस
51790	मालवाहक
51791	मिडवे
51792	मेम्ने
51793	मोशन
51794	म्बल
51795	म्भाव
51796	यारीब
51797	रचना
51798	रवा
51799	रवाई
51800	रुपये
51801	रूज़
51802	रूशलेम
51803	र्दन
51804	लड़का
51805	लादे
51806	लुसिया
51807	लैंगिक
51808	लौंड़ी
51809	ल्हा
51810	वियना
51811	विलास
51812	विश्राम
51813	वृद्ध
51814	वेश्
51815	व्यक्ति
51816	व्यभिचारिणियो
51817	शाऊल
51818	शीर्ष
51819	सत्यवादी
51820	सदेह
51821	सम्मेलन
51822	सम्राट
51823	सिफारिश
51824	सुल्तान
51825	स्टीन
51826	स्तुति
51827	स्पेल
51828	स्रोत
51829	स्विफ्ट
51830	हताश
51831	हांग
51832	ात्म
51833	ायु
51834	िप्पी
51835	िफ़्ट
51836	ृृ
51837	ेच्छा
51838	ोएल
51839	ौठ
51840	्टेक्स
51841	्योवा
51842	्लर
51843	्वाडोर
51844	२२
51845	ನ
51846	▁$10
51847	▁(191)
51848	▁(37)
51849	▁1,100
51850	▁1903
51851	▁2004-200
51852	▁560
51853	▁AIIah
51854	▁ANNOUNCER
51855	▁ARRANGEMENT
51856	▁Abdon
51857	▁Abhimanyu
51858	▁Abisha
51859	▁Adaiah
51860	▁Addison
51861	▁Aijalon
51862	▁Allocation
51863	▁Aperture
51864	▁Apostoli
51865	▁Araunah
51866	▁Arrest
51867	▁Arrive
51868	▁Asherim
51869	▁Assist
51870	▁Aunty
51871	▁Automake
51872	▁BEFORE
51873	▁BRAZIL
51874	▁Baalim
51875	▁Barrier
51876	▁Batter
51877	▁Beriah
51878	▁Biblioth
51879	▁Blesses
51880	▁Borgia
51881	▁Bride
51882	▁Buz
51883	▁Canberra
51884	▁Carr
51885	▁Chebar
51886	▁Chemical
51887	▁Childhood
51888	▁Churchill
51889	▁Coat
51890	▁Commissioner
51891	▁Compass
51892	▁Controversy
51893	▁Custo
51894	▁Cyclopedia
51895	▁Dakota
51896	▁Damage
51897	▁Danube
51898	▁Denise
51899	▁Deserve
51900	▁Dibon
51901	▁Disappointment
51902	▁ENS
51903	▁Edgar
51904	▁Else
51905	▁Emoticon
51906	▁Encounter
51907	▁Enhancement
51908	▁Equality
51909	▁Extend
51910	▁FBI
51911	▁FRANCK
51912	▁FRENCH
51913	▁Feet
51914	▁Flint
51915	▁Forecast
51916	▁Fresh
51917	▁Glow
51918	▁Gpg
51919	▁Grieving
51920	▁Hardware
51921	▁Herodotus
51922	▁Hobbs
51923	▁Horse
51924	▁Humiliation
51925	▁Hutter
51926	▁IRA
51927	▁ITALY
51928	▁Immorality
51929	▁Insects
51930	▁Integrate
51931	▁JUN
51932	▁Jahaziel
51933	▁Jamie
51934	▁Jeconiah
51935	▁KILL
51936	▁KPart
51937	▁Kampala
51938	▁Kobus
51939	▁Koda
51940	▁Kokkinakis
51941	▁Laodiceans
51942	▁Lara
51943	▁Legacy
51944	▁Locus
51945	▁Logical
51946	▁Loneliness
51947	▁MAG
51948	▁MAIL
51949	▁MPEG
51950	▁MPlayer
51951	▁Maachah
51952	▁Manila
51953	▁Mattathias
51954	▁Mekong
51955	▁Melissa
51956	▁Mercutio
51957	▁Monica
51958	▁Morality
51959	▁Muh
51960	▁NFS
51961	▁Naj
51962	▁Napoleon
51963	▁Nebuzaradan
51964	▁Neglect
51965	▁Niger
51966	▁Notifie
51967	▁Nutrition
51968	▁Oliver
51969	▁Overflow
51970	▁PEERS
51971	▁Pandu
51972	▁Participat
51973	▁Perfection
51974	▁Phoebe
51975	▁Profit
51976	▁Prussia
51977	▁Pyramid
51978	▁REMEMBER
51979	▁ROUND
51980	▁Rag
51981	▁Rance
51982	▁Raúl
51983	▁React
51984	▁Rectangle
51985	▁Refreshment
51986	▁Rial
51987	▁Roald
51988	▁SAMUEL
51989	▁STATE
51990	▁STEP
51991	▁Sailing
51992	▁Salsabil
51993	▁Sargon
51994	▁Scheduled
51995	▁Separation
51996	▁Serbia
51997	▁Shammah
51998	▁Shrine
51999	▁Sitting
52000	▁Slavic
52001	▁Spokesman
52002	▁Strangers
52003	▁Subscript
52004	▁Sumerian
52005	▁Sustain
52006	▁Sven
52007	▁Swaziland
52008	▁Sychar
52009	▁TRU
52010	▁Tanya
52011	▁Tigris
52012	▁Timnah
52013	▁Tyler
52014	▁Typically
52015	▁Unsigned
52016	▁Upbuilding
52017	▁Vessel
52018	▁Visibility
52019	▁Volcano
52020	▁Wail
52021	▁Warfare
52022	▁Wilderness
52023	▁Wildli
52024	▁Wireless
52025	▁Yemen
52026	▁Zebadiah
52027	▁abandonment
52028	▁accentuate
52029	▁alatk
52030	▁alloy
52031	▁apprentice
52032	▁approximate
52033	▁archaeology
52034	▁armaments
52035	▁armourbearer
52036	▁backsliders
52037	▁bacterium
52038	▁baldness
52039	▁barbarous
52040	▁begrudge
52041	▁berth
52042	▁beryl
52043	▁bestiality
52044	▁bewilderment
52045	▁brunost
52046	▁brute
52047	▁bullied
52048	▁buoy
52049	▁bushes
52050	▁cannibal
52051	▁capitalism
52052	▁carcass
52053	▁caregiver
52054	▁catechism
52055	▁charcoal
52056	▁circling
52057	▁clerk
52058	▁complementary
52059	▁congress
52060	▁conserve
52061	▁conspirators
52062	▁copious
52063	▁crook
52064	▁czar
52065	▁damp
52066	▁debating
52067	▁deca
52068	▁deduce
52069	▁demonism
52070	▁disabling
52071	▁dismal
52072	▁dissatisfaction
52073	▁dissipate
52074	▁disunited
52075	▁divan
52076	▁dividends
52077	▁dusk
52078	▁edifying
52079	▁emergencies
52080	▁eminence
52081	▁emission
52082	▁empathize
52083	▁enchanted
52084	▁encr
52085	▁enforc
52086	▁estrogen
52087	▁exasperate
52088	▁exclamation
52089	▁excommunicated
52090	▁exemplar
52091	▁experimental
52092	▁exploring
52093	▁extolling
52094	▁fancied
52095	▁fatalism
52096	▁feces
52097	▁fickle
52098	▁financing
52099	▁fitnah
52100	▁flutter
52101	▁frantically
52102	▁gainsay
52103	▁gallop
52104	▁gallows
52105	▁glutt
52106	▁goldsmith
52107	▁gravitational
52108	▁greas
52109	▁grease
52110	▁greased
52111	▁hallucinat
52112	▁hawk
52113	▁hemorrhagi
52114	▁histories
52115	▁hol
52116	▁honeymoon
52117	▁horribly
52118	▁horrifying
52119	▁huddle
52120	▁humidity
52121	▁hyssop
52122	▁idolatries
52123	▁impenetrable
52124	▁impetuous
52125	▁impotent
52126	▁inconsistency
52127	▁inferiority
52128	▁infirmary
52129	▁infringe
52130	▁ingest
52131	▁inhaler
52132	▁inkhorn
52133	▁inquisitive
52134	▁inseparable
52135	▁instil
52136	▁intolerable
52137	▁intruder
52138	▁isn
52139	▁jammed
52140	▁jod
52141	▁karuna
52142	▁knead
52143	▁lactose
52144	▁larvae
52145	▁lease
52146	▁lexic
52147	▁litigants
52148	▁ljudsk
52149	▁loathed
52150	▁lustrous
52151	▁medij
52152	▁melodies
52153	▁menacing
52154	▁menarche
52155	▁messiah
52156	▁mildew
52157	▁millimeter
52158	▁misinformation
52159	▁mnemonic
52160	▁mous
52161	▁muscular
52162	▁nutritional
52163	▁oasis
52164	▁obscurity
52165	▁offscreen
52166	▁omission
52167	▁op
52168	▁outstripped
52169	▁overawe
52170	▁pacif
52171	▁parlor
52172	▁perfidious
52173	▁perpetrate
52174	▁pitiable
52175	▁pounce
52176	▁preschool
52177	▁propagandist
52178	▁publicans
52179	▁punctuality
52180	▁raisins
52181	▁ransacked
52182	▁rapist
52183	▁ratify
52184	▁različit
52185	▁recreate
52186	▁relativism
52187	▁remiss
52188	▁retaliating
52189	▁retorted
52190	▁revisit
52191	▁reviving
52192	▁ribbon
52193	▁rogue
52194	▁romantically
52195	▁royalty
52196	▁salmon
52197	▁schoolchildren
52198	▁scour
52199	▁scout
52200	▁sectarian
52201	▁secur
52202	▁securities
52203	▁shewbread
52204	▁signposts
52205	▁slender
52206	▁smear
52207	▁spiteful
52208	▁spotlight
52209	▁subdirectories
52210	▁subtil
52211	▁succinct
52212	▁symbolism
52213	▁symlink
52214	▁tagua
52215	▁telegram
52216	▁telepath
52217	▁terra
52218	▁tha
52219	▁theatric
52220	▁tho
52221	▁thrice
52222	▁thunderclap
52223	▁trademark
52224	▁traduc
52225	▁traffickers
52226	▁transcrib
52227	▁transpir
52228	▁triad
52229	▁trimmed
52230	▁trudg
52231	▁trump
52232	▁turban
52233	▁typewriter
52234	▁ultra
52235	▁uncial
52236	▁uneducated
52237	▁unequivocally
52238	▁unoccupied
52239	▁unreserved
52240	▁unsavo
52241	▁untrellised
52242	▁unworthiness
52243	▁vacant
52244	▁vaccination
52245	▁versatile
52246	▁vial
52247	▁victuals
52248	▁videocassette
52249	▁visi
52250	▁wastewater
52251	▁weaver
52252	▁Ádám
52253	▁अंगरखा
52254	▁अकान
52255	▁अनुग
52256	▁अफगानिस्तान
52257	▁अबीशू
52258	▁अभक्
52259	▁अभिकर्ता
52260	▁अभिमन्यु
52261	▁अरौन
52262	▁अवरोही
52263	▁अहं
52264	▁आँ
52265	▁आइडा
52266	▁आत्मघात
52267	▁आफ्रिका
52268	▁आस्ट्रिया
52269	▁इंटरपोलेट
52270	▁इट्ठ
52271	▁इत्तिफ़ाक
52272	▁इत्तिफाक
52273	▁इन्होने
52274	▁उछाले
52275	▁उठायीं
52276	▁उनतीस
52277	▁उन्नतांश
52278	▁उपजाऊंगा
52279	▁उपर्युक्
52280	▁उबासी
52281	▁उम्
52282	▁उष्णकटिबन्ध
52283	▁ऊँचाइयाँ
52284	▁ऎटम
52285	▁एक्सेसर्स
52286	▁एथेंस
52287	▁एनोश
52288	▁एन्ड्रू
52289	▁एब्राहम
52290	▁एरॉन
52291	▁ऐथॆन्स
52292	▁ऑलिव
52293	▁ओछे
52294	▁ओत्नीएल
52295	▁ओपो
52296	▁ओर्पा
52297	▁ओवरटाइम
52298	▁कचोटता
52299	▁कटवाया
52300	▁कटार
52301	▁कट्ट
52302	▁कढ़ाई
52303	▁कण्ठ
52304	▁कमीनों
52305	▁कम्पकपा
52306	▁करानेवाला
52307	▁करानेवाले
52308	▁करैत
52309	▁कलोर
52310	▁कवियों
52311	▁कादेशबर्ने
52312	▁किशमिश
52313	▁कुल्हाड़
52314	▁कूदते
52315	▁केडीईडी
52316	▁कैथल
52317	▁कैनडा
52318	▁कैन्ट
52319	▁कैलोरी
52320	▁कैसीनो
52321	▁कॉन्टे
52322	▁कॉरली
52323	▁कॉलॆज
52324	▁क्षमताएँ
52325	▁खरीदता
52326	▁ख़्याति
52327	▁खिताब
52328	▁खीझ
52329	▁खुलेगा
52330	▁गट्ठर
52331	▁गरमा
52332	▁गर्जनेवाल
52333	▁गलतफहमिय
52334	▁ग़लतफ़हम
52335	▁गिद्ध
52336	▁गुज़ारना
52337	▁गुदवा
52338	▁गुम्बद
52339	▁गुर्राता
52340	▁गॉर्डन
52341	▁गोलमाल
52342	▁ग्रीटिंग
52343	▁घमणड
52344	▁घुटना
52345	▁चक्क
52346	▁चढ़वा
52347	▁चढ़ानेवाला
52348	▁चबूतर
52349	▁चमकाया
52350	▁चमकीला
52351	▁चराइयां
52352	▁चिकित्सालय
52353	▁चिताती
52354	▁चिप्स
52355	▁चुग़ल
52356	▁चेयर
52357	▁चौकियां
52358	▁छँटाई
52359	▁छाते
52360	▁छिड़का
52361	▁छिन्न
52362	▁जनरेट
52363	▁जमघट
52364	▁जलायी
52365	▁ज़ुकाम
52366	▁ज़ुर्म
52367	▁जाँचकर्ता
52368	▁जाऐंग
52369	▁जिम्री
52370	▁जुटाते
52371	▁जूड
52372	▁जोतने
52373	▁जोसिफस
52374	▁ज्वलनशील
52375	▁झन्ड
52376	▁टंग
52377	▁टहलने
52378	▁टिटि
52379	▁टिप
52380	▁टूना
52381	▁टॆरी
52382	▁टॉयलॆट
52383	▁टोन्हा
52384	▁टोलिय
52385	▁ट्रिनिडाड
52386	▁ठह
52387	▁डसेगा
52388	▁डाँड
52389	▁डान्स
52390	▁डिकोड
52391	▁डेमॉन
52392	▁डोमिनिकन
52393	▁ड्यूट
52394	▁ड्रिल
52395	▁तंदुरुस्ती
52396	▁तत्वज्ञानियों
52397	▁तपत
52398	▁तबीता
52399	▁तरीक़ो
52400	▁ताकना
52401	▁तिजोरी
52402	▁तेजस्वी
52403	▁तैरता
52404	▁तोबिरयाह
52405	▁तोहफ़े
52406	▁थियेटर
52407	▁दफ़ना
52408	▁दिखलाई
52409	▁दिखाऊँ
52410	▁दिलाएँ
52411	▁दुःखदाय
52412	▁दुर्भाव
52413	▁दुष्कामना
52414	▁दूतावास
52415	▁देमास
52416	▁दोहराएं
52417	▁धारावाहिक
52418	▁धिक्कारा
52419	▁धूर्त्त
52420	▁नन्दन
52421	▁नवाज़ा
52422	▁नाखूनों
52423	▁नाचना
52424	▁निकलेंगी
52425	▁निकारागुआ
52426	▁निबट
52427	▁निरोधक
52428	▁निर्भयता
52429	▁निवारक
52430	▁नोटबुक
52431	▁नोप
52432	▁पट्टा
52433	▁पढ़नेवाला
52434	▁पदायाह
52435	▁पनुष्य
52436	▁परहेज
52437	▁परितोष
52438	▁परिप्रेक्ष्य
52439	▁परिवर्तक
52440	▁पश
52441	▁पायस
52442	▁पार्टनर
52443	▁पास्टर
52444	▁पिएगा
52445	▁पिट्
52446	▁पिलानेहार
52447	▁पुरखे
52448	▁पुरनिय
52449	▁पूआ
52450	▁पूजनेवाले
52451	▁पैंतर
52452	▁पैंतरे
52453	▁पोंछने
52454	▁प्रतिलिपिक
52455	▁प्रतिवर्ष
52456	▁प्रथमतः
52457	▁प्रभारी
52458	▁प्रामाणिक
52459	▁प्रासंगिक
52460	▁फटकने
52461	▁फरिश्
52462	▁फ़ाइलसिस्टम
52463	▁फ़िल्में
52464	▁फ़ॉन
52465	▁फ़ॉर
52466	▁फ़्रैंक
52467	▁फिलेदिलफिया
52468	▁फील्ड्स
52469	▁फुंकवा
52470	▁फुनगी
52471	▁फुलकी
52472	▁फैंक
52473	▁फैक्टोरियल
52474	▁फॉउर
52475	▁फ्रन्टएण्ड
52476	▁फ्रान्ज़
52477	▁फ्रेमवर्क
52478	▁फ्लोरेंस
52479	▁बँधन
52480	▁बचाइए
52481	▁बटखरे
52482	▁बटमार
52483	▁बढाया
52484	▁बदहाल
52485	▁बरसेगी
52486	▁बहायी
52487	▁बाँटीं
52488	▁बागान
52489	▁बाजीगर
52490	▁बिजलियाँ
52491	▁बिठाता
52492	▁बिदक
52493	▁बिल्लियों
52494	▁बुझती
52495	▁बैठिए
52496	▁बॉस्टन
52497	▁बोनस
52498	▁ब्लेड
52499	▁भतीजी
52500	▁मंगा
52501	▁मंज़
52502	▁मक्केदा
52503	▁मछुआर
52504	▁मछुवार
52505	▁मटकात
52506	▁मठवासी
52507	▁मरायोत
52508	▁मलयालम
52509	▁मल्किरयाह
52510	▁मशक्कत
52511	▁महीन
52512	▁मानदण्ड
52513	▁मानूँ
52514	▁मार्टर
52515	▁मीगेल
52516	▁मुड़ने
52517	▁मुस्कराते
52518	▁मैरीअन
52519	▁मैसेंजर
52520	▁मॉड्यूल्स
52521	▁मॉलिक्यूल
52522	▁मोड़ेगा
52523	▁यमीम
52524	▁यहून्
52525	▁यहोशपात
52526	▁योहानस
52527	▁रानियों
52528	▁रियल्म
52529	▁रियासत
52530	▁रिर्पोट
52531	▁रीका
52532	▁रेडिकल
52533	▁रेप
52534	▁रेफर
52535	▁रेवेन
52536	▁रॉजर
52537	▁रॉल्फ
52538	▁लम्ह
52539	▁लवलीन
52540	▁लाइसे
52541	▁लादें
52542	▁लुग
52543	▁लैक्टोस
52544	▁ल्यू
52545	▁वलगेट
52546	▁वारंट
52547	▁विंटर
52548	▁विडंबना
52549	▁विन्डो
52550	▁विपरित
52551	▁विलक्षण
52552	▁विश्रान्त
52553	▁वॉन्डा
52554	▁व्यंग्यात्मक
52555	▁शलोमी
52556	▁शाकाहारी
52557	▁शाह
52558	▁शिथिल
52559	▁शिफ़्ट
52560	▁शीशक
52561	▁शूमेकर
52562	▁शेरिफ
52563	▁शेलह
52564	▁शोला
52565	▁शौकत
52566	▁श्रंगार
52567	▁षड्यन्त्र
52568	▁संभालें
52569	▁सड़ाहट
52570	▁सनौवर
52571	▁समझाएगा
52572	▁समलिंगियों
52573	▁समवाऊंगा
52574	▁साइटें
52575	▁साजिश
52576	▁साधारणतः
52577	▁सामग्रियाँ
52578	▁सार्वभौम
52579	▁सींचा
52580	▁सीदोनियों
52581	▁सुनेगी
52582	▁सुसर
52583	▁सूना
52584	▁सैंतीस
52585	▁सोनहल
52586	▁सोपान
52587	▁स्टार्स
52588	▁स्टोन
52589	▁स्ट्रिग
52590	▁स्ट्रे
52591	▁स्पर्धा
52592	▁स्पीच
52593	▁स्लोवीनिया
52594	▁स्वाभिमान
52595	▁हठीला
52596	▁हसबे
52597	▁हांफ
52598	▁हार्प
52599	▁हाविय
52600	▁हिस्ट्री
52601	▁हुलस
52602	▁हॉफ
52603	▁१९७९
52604	◇
52605	1,200
52606	109
52607	144
52608	240
52609	450
52610	Accessibility
52611	Almaty
52612	BAN
52613	BEEPS
52614	Baghdad
52615	Base
52616	Besides
52617	Browse
52618	Bucharest
52619	CIAN
52620	Cain
52621	Casablanca
52622	Chihuahua
52623	Choir
52624	Cocos
52625	Consequently
52626	Cordoba
52627	Descend
52628	Disguise
52629	Extension
52630	Float
52631	Harare
52632	Highlight
52633	Journal
52634	Juneau
52635	Khartoum
52636	Kitts
52637	LTR
52638	MUSIC
52639	Maser
52640	Members
52641	Memo
52642	Miquelon
52643	Montevideo
52644	Montserrat
52645	OCH
52646	PEAK
52647	Pause
52648	Phonon
52649	Pitcairn
52650	Pure
52651	ROS
52652	Recall
52653	Request
52654	Rosario
52655	September
52656	Sound
52657	Store
52658	Subfolder
52659	TYPE
52660	Talk
52661	Timeout
52662	Tongatapu
52663	Unsort
52664	VN
52665	Vladivostok
52666	WHIRRING
52667	Word
52668	YELLS
52669	YOF
52670	\\%
52671	alternative
52672	apocalyptic
52673	attain
52674	beeping
52675	behind
52676	bounce
52677	classified
52678	concilia
52679	cost
52680	curricula
52681	declare
52682	disobedient
52683	divorce
52684	drive
52685	erberos
52686	essel
52687	fraction
52688	heerful
52689	ialpad
52690	iggling
52691	ijk
52692	imposed
52693	insert
52694	interpret
52695	jealousy
52696	libgnome
52697	maidens
52698	minister
52699	mortal
52700	motive
52701	natal
52702	oj
52703	omatic
52704	overdue
52705	pagos
52706	readful
52707	recoverabl
52708	rigger
52709	royal
52710	sacrifice
52711	score
52712	shaped
52713	shkent
52714	shore
52715	shuddha
52716	skinned
52717	specified
52718	speed
52719	spell
52720	spite
52721	spoil
52722	stranger
52723	success
52724	sudden
52725	sudo
52726	suitable
52727	summary
52728	symbol
52729	tatus
52730	ternity
52731	usbar
52732	volving
52733	watts
52734	witnesses
52735	witzerland
52736	zealous
52737	ò
52738	ń
52739	ś
52740	ंगुर
52741	ंठें
52742	अख़
52743	अग़ल
52744	अटकल
52745	अदन
52746	अनाज
52747	अपराधियों
52748	अमरीकियों
52749	आख़िकार
52750	आतिश
52751	आधुनिक
52752	आरडब्ल्यू
52753	ईर्ष्या
52754	उड़ते
52755	उपभोक्ता
52756	कड़ियों
52757	क़ाबिल
52758	कारिणी
52759	कार्यकर्ता
52760	कैसी
52761	ख़ुला
52762	गड़े
52763	गन्दी
52764	गर्मी
52765	गामियों
52766	गुआम
52767	गुस्से
52768	गोइयाँ
52769	घबराओ
52770	घास
52771	घोषणा
52772	चंगे
52773	चिंतक
52774	चिकनी
52775	चूप
52776	जय
52777	ज़बी
52778	ज़िला
52779	जायज़
52780	जीमेल
52781	जुजु
52782	टिरान
52783	टेढ़ापन
52784	टोकियो
52785	ठहरा
52786	डराव
52787	तरीके
52788	तहकम
52789	तहस
52790	ताइपे
52791	तिफा
52792	तीसरे
52793	त्रुटि
52794	दख़ल
52795	दाओ
52796	दाहिना
52797	दिखाओ
52798	दोबार
52799	धौंक
52800	नकुन
52801	नर्वस
52802	निकाल
52803	निरन्तर
52804	निवासस्थान
52805	नैतिक
52806	न्गो
52807	न्धिया
52808	पढ़ना
52809	पन्च
52810	पोश
52811	प्लास्ट
52812	फ़र्ड
52813	फिरदौस
52814	फैसले
52815	फ्रेंच
52816	बगदाद
52817	बड़
52818	बदनामी
52819	बसाएँ
52820	बहरीन
52821	बाउ
52822	बादशाह
52823	बितर
52824	ब्रिज
52825	भावना
52826	भूषा
52827	भोला
52828	मटोल
52829	मनभावनी
52830	मरकुस
52831	मरज़
52832	मरुस्थल
52833	मुझपर
52834	मोनेको
52835	म्प्ट
52836	यर्थ
52837	योजना
52838	रक्
52839	रफ्त
52840	रातोंरात
52841	रुह
52842	रूढ़
52843	रूद्ध
52844	रेखांकन
52845	रेजीना
52846	लगता
52847	लम्बे
52848	लहू
52849	लिफ़ोन
52850	लैह
52851	लॉरन्स
52852	विंसे
52853	विरोधियों
52854	विशिष्ट
52855	व्हीलचेयर
52856	शराफ
52857	संघ
52858	संयुक्
52859	सफ़ाई
52860	सलोना
52861	सातवें
52862	सियाह
52863	सुनाने
52864	सुरक्षित
52865	सेटलमेंट
52866	सैपान
52867	सौदा
52868	स्टोन
52869	स्वरूप
52870	हलके
52871	हल्लिलूय्याह
52872	हव्वा
52873	हिज़क
52874	हुई
52875	हृद्
52876	ाइयां
52877	ाफिज़
52878	िओल
52879	िकरण
52880	ियानूसी
52881	ुदाई
52882	ुफ्
52883	ूक़
52884	ेफीश
52885	ैलू
52886	ॉलॉजी
52887	ॉल्ड
52888	ोताख़ोर
52889	ोबिया
52890	्टाउ
52891	०१
52892	३००
52893	४८
52894	९२८
52895	९७
52896	€
52897	▁$20
52898	▁1500
52899	▁17,18
52900	▁1894
52901	▁1911
52902	▁5000
52903	▁747
52904	▁9204
52905	▁AVERAGE
52906	▁Abstract
52907	▁Adolfo
52908	▁Adultery
52909	▁Agency
52910	▁Alliance
52911	▁Andrea
52912	▁Angry
52913	▁Anxieties
52914	▁Apology
52915	▁Archite
52916	▁Arimathea
52917	▁Ashtoreth
52918	▁Astrology
52919	▁Attain
52920	▁Azekah
52921	▁Azmaveth
52922	▁BECOME
52923	▁Backward
52924	▁Bartholomew
52925	▁Bernice
52926	▁Blogger
52927	▁Bodies
52928	▁Bog
52929	▁Bowen
52930	▁Bozrah
52931	▁Bravo
52932	▁Brendan
52933	▁Cakes
52934	▁Campaign
52935	▁Catastrophe
52936	▁Combat
52937	▁Combine
52938	▁Commend
52939	▁Compromise
52940	▁Conferencing
52941	▁Confucian
52942	▁Connie
52943	▁Console
52944	▁Contentment
52945	▁Conviction
52946	▁Crazy
52947	▁Creed
52948	▁DANIEL
52949	▁DATA
52950	▁Davey
52951	▁Decisive
52952	▁Dengue
52953	▁Denied
52954	▁Detection
52955	▁Disabilities
52956	▁Domestic
52957	▁EMail
52958	▁Edomite
52959	▁Eighth
52960	▁Electron
52961	▁Electronic
52962	▁Encr
52963	▁Endeavor
52964	▁Ephrathah
52965	▁Erich
52966	▁Ezer
52967	▁Fame
52968	▁Famine
52969	▁Farrell
52970	▁Faso
52971	▁Figaro
52972	▁Finger
52973	▁Fleming
52974	▁Flori
52975	▁Forbid
52976	▁Foreigners
52977	▁Fornication
52978	▁Fuji
52979	▁GOT
52980	▁Graham
52981	▁Grip
52982	▁Gru
52983	▁Guilt
52984	▁HEL
52985	▁Hansen
52986	▁Herculaneum
52987	▁Hopkins
52988	▁Hormah
52989	▁Huldah
52990	▁Hunger
52991	▁Incense
52992	▁Industrial
52993	▁Inspire
52994	▁Iraqi
52995	▁Irrawaddy
52996	▁KENYA
52997	▁Karma
52998	▁Kathmandu
52999	▁Kaveri
53000	▁Kelvin
53001	▁Kidney
53002	▁KsirK
53003	▁Kumiko
53004	▁Lana
53005	▁Lawgiver
53006	▁Lena
53007	▁León
53008	▁Lincoln
53009	▁Logarithm
53010	▁Magnet
53011	▁Manag
53012	▁Mapped
53013	▁Margarita
53014	▁Masih
53015	▁Materialism
53016	▁Maxwell
53017	▁Medication
53018	▁Merry
53019	▁Mino
53020	▁Moffat
53021	▁Monika
53022	▁Montel
53023	▁Nahshon
53024	▁Obesity
53025	▁Obligation
53026	▁Océane
53027	▁Oppression
53028	▁Othniel
53029	▁Ottoman
53030	▁Overseer
53031	▁Overwhelming
53032	▁PAR
53033	▁PAST
53034	▁PHIL
53035	▁PROBLEM
53036	▁Pace
53037	▁Patricia
53038	▁Peaceful
53039	▁Penny
53040	▁Penuel
53041	▁Percepti
53042	▁Perpetu
53043	▁Perseverance
53044	▁Personage
53045	▁Philippine
53046	▁Phrygia
53047	▁Potential
53048	▁Prepend
53049	▁Preset
53050	▁Prev
53051	▁Profiling
53052	▁Prominen
53053	▁Prophecies
53054	▁Punjabi
53055	▁Qualified
53056	▁Quart
53057	▁Quechua
53058	▁REM
53059	▁Raymond
53060	▁Realities
53061	▁Reliable
53062	▁Renato
53063	▁René
53064	▁Replay
53065	▁Reproduc
53066	▁Residents
53067	▁Rhine
53068	▁Roland
53069	▁Roxana
53070	▁SPAIN
53071	▁STATISTICS
53072	▁SUCCESS
53073	▁Sacrificing
53074	▁Salome
53075	▁Scout
53076	▁Senate
53077	▁Shark
53078	▁Shephelah
53079	▁Shifu
53080	▁Shoba
53081	▁Sinners
53082	▁Slider
53083	▁Socialist
53084	▁Strategi
53085	▁Strategy
53086	▁Summit
53087	▁Susa
53088	▁Swa
53089	▁Taanach
53090	▁Tiberias
53091	▁Timestamp
53092	▁Timotheus
53093	▁Titan
53094	▁Tomé
53095	▁Toretto
53096	▁Transfusion
53097	▁Trident
53098	▁Tubal
53099	▁Turin
53100	▁UDP
53101	▁Underscor
53102	▁Unselfish
53103	▁Unusual
53104	▁VICTORIA
53105	▁Verbal
53106	▁Weep
53107	▁Whisper
53108	▁Yoke
53109	▁Yomiuri
53110	▁Yoruba
53111	▁Zabdi
53112	▁Zech
53113	▁[160
53114	▁absentee
53115	▁acacia
53116	▁achievers
53117	▁activation
53118	▁advertisement
53119	▁aesthetic
53120	▁allotment
53121	▁approving
53122	▁arbitrator
53123	▁bakery
53124	▁berries
53125	▁bickering
53126	▁binge
53127	▁brutish
53128	▁camouflage
53129	▁carillon
53130	▁cerebr
53131	▁chancellor
53132	▁charismatic
53133	▁chef
53134	▁chick
53135	▁cinema
53136	▁circumvent
53137	▁civi
53138	▁clasp
53139	▁clause
53140	▁coalition
53141	▁codices
53142	▁commentaries
53143	▁communica
53144	▁complacency
53145	▁computation
53146	▁condense
53147	▁confederate
53148	▁conscripted
53149	▁contemptuous
53150	▁crazed
53151	▁culmination
53152	▁cycling
53153	▁daydream
53154	▁deficiencies
53155	▁delve
53156	▁demean
53157	▁deposed
53158	▁detachment
53159	▁diffuse
53160	▁diminution
53161	▁dissident
53162	▁dysfunction
53163	▁ecumenical
53164	▁edible
53165	▁elbow
53166	▁electrician
53167	▁elysium
53168	▁emancipation
53169	▁embroil
53170	▁enmities
53171	▁entreaties
53172	▁epilepsy
53173	▁eventuality
53174	▁fatalistic
53175	▁flask
53176	▁friar
53177	▁gluttonous
53178	▁governance
53179	▁grueling
53180	▁gruesome
53181	▁handbill
53182	▁highlands
53183	▁hike
53184	▁hippopotamus
53185	▁identifiable
53186	▁idiom
53187	▁ignoble
53188	▁illusory
53189	▁immeasurable
53190	▁immoderate
53191	▁immovable
53192	▁impairment
53193	▁impell
53194	▁imploring
53195	▁inflame
53196	▁inquisitor
53197	▁insecticide
53198	▁insincere
53199	▁insurrection
53200	▁intimacies
53201	▁intimidation
53202	▁irritable
53203	▁jasper
53204	▁kampanj
53205	▁kioslave
53206	▁kitten
53207	▁lenses
53208	▁lexicon
53209	▁lieutenant
53210	▁locating
53211	▁lyre
53212	▁measles
53213	▁menstruated
53214	▁microbi
53215	▁millennial
53216	▁mimetype
53217	▁monsoon
53218	▁mythical
53219	▁nocturnal
53220	▁nonstop
53221	▁optical
53222	▁ostracism
53223	▁overstepp
53224	▁peck
53225	▁perjury
53226	▁perverseness
53227	▁pesticide
53228	▁pinch
53229	▁plum
53230	▁poker
53231	▁polytheistic
53232	▁postponement
53233	▁prerogative
53234	▁procrastination
53235	▁procreation
53236	▁prolific
53237	▁prosecut
53238	▁quarry
53239	▁quell
53240	▁razed
53241	▁reread
53242	▁resilient
53243	▁restitution
53244	▁retracing
53245	▁retribut
53246	▁sane
53247	▁scall
53248	▁scanned
53249	▁sheaf
53250	▁shriek
53251	▁shrivel
53252	▁skipping
53253	▁slick
53254	▁smelt
53255	▁snapshot
53256	▁sneer
53257	▁spacecraft
53258	▁squeezing
53259	▁squirrel
53260	▁stale
53261	▁steak
53262	▁stimulant
53263	▁stinginess
53264	▁summari
53265	▁supposition
53266	▁suppression
53267	▁sve
53268	▁swirl
53269	▁synchronization
53270	▁taint
53271	▁tanner
53272	▁telegraph
53273	▁terrestrial
53274	▁transfigured
53275	▁ultimatum
53276	▁unanimous
53277	▁unarmed
53278	▁unbroken
53279	▁uncanny
53280	▁undeniabl
53281	▁unfad
53282	▁uninstall
53283	▁unresolved
53284	▁unsettled
53285	▁unsettling
53286	▁unspecified
53287	▁unsta
53288	▁unveil
53289	▁unwelcome
53290	▁vapour
53291	▁vibration
53292	▁warmhearted
53293	▁warped
53294	▁wilful
53295	▁zenith
53296	▁अकलमंदी
53297	▁अचंभ
53298	▁अज़गर
53299	▁अजूबे
53300	▁अड़ियल
53301	▁अधिनियम
53302	▁अनलॉक
53303	▁अनुज्ञात्मक
53304	▁अनुदान
53305	▁अन्वेषण
53306	▁अफ़ार
53307	▁अब्दोन
53308	▁अमॆरिक
53309	▁अयुग्म
53310	▁अरफ
53311	▁अर्जेंटाइना
53312	▁अल्बर्ट
53313	▁अशांति
53314	▁अशोभनीय
53315	▁असोसिएशन
53316	▁आँकने
53317	▁आइरिश
53318	▁आत्मनिर्भर
53319	▁आत्मविश्वास
53320	▁आनलाइन
53321	▁इंचेस
53322	▁इंद्रिय
53323	▁इकाईयाँ
53324	▁इथि
53325	▁इमेजिंग
53326	▁इरावाड
53327	▁उत्तरपूर्वी
53328	▁उपरिलेख
53329	▁उपेक्षित
53330	▁उर्जा
53331	▁उलझाए
53332	▁ऊँगलिय
53333	▁एड़ियों
53334	▁एडॉल्फ
53335	▁एन्ज़ाइम
53336	▁एफटीपी
53337	▁एमिल
53338	▁एलसी
53339	▁एलिस
53340	▁एलीज़बेथ
53341	▁ऐंठन
53342	▁ऐशर
53343	▁कंकाल
53344	▁कंगूरो
53345	▁कंस्ट्रक्
53346	▁ककून
53347	▁कट्टरपंथ
53348	▁करारनाम
53349	▁कहलवा
53350	▁काटती
53351	▁काफूर
53352	▁काबीलियत
53353	▁कावेरी
53354	▁कुँजियाँ
53355	▁कुतर्क
53356	▁कुरेनी
53357	▁केएक्जाई
53358	▁कैटलॉग
53359	▁कैफ़ीन
53360	▁कॉर्नेलिय
53361	▁कोर्टशिप
53362	▁कोसाइन
53363	▁कोहनियों
53364	▁क्योटो
53365	▁क्लॉड
53366	▁क्विज
53367	▁क्वीन्स
53368	▁क्षुद्र
53369	▁खँडहर
53370	▁खट
53371	▁खलड़
53372	▁ख़ुरा
53373	▁गद्दे
53374	▁गाँधी
53375	▁गिल्गाल
53376	▁गीहोन
53377	▁गुड़िया
53378	▁गुस्ताख़
53379	▁गृहदेवताओं
53380	▁गोता
53381	▁गोलार्ध
53382	▁ग्लेन
53383	▁घड़ियाल
53384	▁घि
53385	▁घुमावदार
53386	▁घूटन
53387	▁चक्
53388	▁चक्रव्यूह
53389	▁चर्नोबिल
53390	▁चातापहीन
53391	▁चीरकर
53392	▁चूकना
53393	▁चोटियाँ
53394	▁चौवा
53395	▁छठवीं
53396	▁छड़ें
53397	▁छप्पर
53398	▁छात्रा
53399	▁छायी
53400	▁छावनिय
53401	▁छेड़ेगा
53402	▁जगाना
53403	▁जगानेवाल
53404	▁जज्ब
53405	▁जनाज़
53406	▁ज़ौ
53407	▁जागरूक
53408	▁जीवनदाता
53409	▁जुटायी
53410	▁जुमल
53411	▁जेएस
53412	▁जैम
53413	▁जॉन्स
53414	▁जोड़ेंगे
53415	▁ज्यूस
53416	▁टेंप
53417	▁टेट्रा
53418	▁टेलिविज
53419	▁टैबलेट
53420	▁टोरॉन्टो
53421	▁ठुकराइए
53422	▁ठुड्ड
53423	▁डगलस
53424	▁डबलिन
53425	▁डायरेक्ट
53426	▁डिजिट
53427	▁डिथरिंग
53428	▁डिवाइन
53429	▁डिस्लेक्सि
53430	▁डॆनमार्क
53431	▁डेविस
53432	▁डैरेन
53433	▁डॉयलपैड
53434	▁ढककर
53435	▁ढ़ेर
53436	▁ढूंढ़कर
53437	▁ढोनेवाला
53438	▁तचाप
53439	▁तबदीलियाँ
53440	▁तबादला
53441	▁तहक़ीक़ात
53442	▁तीखी
53443	▁तीर्थयात्र
53444	▁तैराक
53445	▁तोड़ेंगे
53446	▁दक़ियानूस
53447	▁दत्नतर
53448	▁दहाड़न
53449	▁दादीमाँ
53450	▁दायम
53451	▁दायां
53452	▁दुल्हा
53453	▁दूरभाष
53454	▁देवियाँ
53455	▁देशभक्
53456	▁दौड़ाने
53457	▁दौड़ायी
53458	▁धर्मान्तरित
53459	▁धर्मोपदेश
53460	▁धसा
53461	▁धोबी
53462	▁ध्रुव
53463	▁नगरपालिका
53464	▁नज़दीक़ी
53465	▁नवयौवन
53466	▁नहाते
53467	▁नहाना
53468	▁नाटा
53469	▁निनवे
53470	▁निनान
53471	▁नियतिवाद
53472	▁निष्कासन
53473	▁नीतियाँ
53474	▁नेत्रहीन
53475	▁नोआ
53476	▁नोबेल
53477	▁पडेगी
53478	▁परिरक्षक
53479	▁परोसत
53480	▁परोसने
53481	▁पाँस
53482	▁पास्कल
53483	▁पिंडों
53484	▁पिलाना
53485	▁पीआईडी
53486	▁पीएनजी
53487	▁पीड़ादायक
53488	▁पीती
53489	▁पुजार
53490	▁पुनर्मिलन
53491	▁पुरखों
53492	▁पुरातत्वज्ञान
53493	▁पुरातात्
53494	▁पेटूपन
53495	▁पैडिंग
53496	▁प्रतिद्वन्दी
53497	▁प्रतिप्ररूप
53498	▁प्रतिविलोप
53499	▁प्रमोद
53500	▁प्रीफ़िक्स
53501	▁प्रोजेक्शन
53502	▁प्लेटलेट
53503	▁फँसकर
53504	▁फंसेगा
53505	▁फ़ुज़ूल
53506	▁फारिग
53507	▁फूंको
53508	▁फूटने
53509	▁फूड
53510	▁फेयर
53511	▁फैलेगा
53512	▁फैलेगी
53513	▁फ्रान्स
53514	▁फ्रिक
53515	▁फ्लेव
53516	▁बँटाना
53517	▁बंजार
53518	▁बतांए
53519	▁बदमिज़ाज
53520	▁बनवाएगा
53521	▁बांदी
53522	▁बानो
53523	▁बिगड़ेगा
53524	▁बिगाड
53525	▁बिठाए
53526	▁बितूनिया
53527	▁बिदा
53528	▁बुड़बुड़ान
53529	▁बूंदें
53530	▁बेमान
53531	▁बेरूख
53532	▁बैठूँगा
53533	▁बोलीविया
53534	▁बोस्रा
53535	▁बौर
53536	▁ब्योरे
53537	▁ब्रदरन
53538	▁ब्रुनोस्ट
53539	▁भिजवा
53540	▁भ्वा
53541	▁मंदाकिनियाँ
53542	▁मकिदुन
53543	▁मक्खियाँ
53544	▁मचानेवाल
53545	▁मनीला
53546	▁मरणासन
53547	▁मसौद
53548	▁मस्तगी
53549	▁महमूद
53550	▁महललेल
53551	▁महाविपत्ति
53552	▁महीनो
53553	▁माउ
53554	▁माओन
53555	▁मार्टीन
53556	▁मिकमा
53557	▁मिटेंगे
53558	▁मिटेगी
53559	▁मिडल
53560	▁मिशिगन
53561	▁मीलेतुस
53562	▁मुक़द्दमे
53563	▁मूत्तिय
53564	▁मूराटोरी
53565	▁मूर्त्तिपूजक
53566	▁मॅग
53567	▁मेशा
53568	▁मेशेक
53569	▁मैसाचुसेट्
53570	▁मॉल्ट
53571	▁मोजि
53572	▁मोनि
53573	▁मोनोस्पेस
53574	▁यद्य
53575	▁यिम्
53576	▁यूनियन
53577	▁रसोइ
53578	▁राशिचक्र
53579	▁रिज
53580	▁रीजेंट
53581	▁रेंज
53582	▁रेचल
53583	▁रेनाट
53584	▁रेपॉसिटरी
53585	▁रेस्तरां
53586	▁रोमानिया
53587	▁लगनेवाले
53588	▁लघुगणक
53589	▁लपटें
53590	▁लपेटेग
53591	▁लांघ
53592	▁लाइलाज
53593	▁लावा
53594	▁लिप्त
53595	▁लुईस
53596	▁लुटा
53597	▁लूज
53598	▁लेपालक
53599	▁वचनबद्धता
53600	▁विंस्टन
53601	▁विकर्ष
53602	▁विकिपीडिया
53603	▁विजुअल
53604	▁विडो
53605	▁विद्वेषपूर्ण
53606	▁विधवाएँ
53607	▁विनिय
53608	▁विलाय
53609	▁विलो
53610	▁विसम
53611	▁विस्त
53612	▁वॆल्
53613	▁व्यग्र
53614	▁व्याख्याएँ
53615	▁शटर
53616	▁शर्माओ
53617	▁शीफ़ू
53618	▁शीशा
53619	▁शेकेम
53620	▁शेडो
53621	▁शोरगुल
53622	▁श्श्श
53623	▁संकाय
53624	▁संभालना
53625	▁संभ्रम
53626	▁संरक्षि
53627	▁सजाने
53628	▁समयसारिणी
53629	▁सम्हाल
53630	▁सरवर
53631	▁सरहदें
53632	▁सर्गोन
53633	▁सहिष्णुता
53634	▁सांध्य
53635	▁सिगनल
53636	▁सिल्व
53637	▁सीआईए
53638	▁सीध
53639	▁सीपिय
53640	▁सुदूर
53641	▁सुनम्य
53642	▁सुरंगें
53643	▁सुरील
53644	▁सुलगाते
53645	▁सुलाया
53646	▁सूंघ
53647	▁सूक्
53648	▁सूचकांक
53649	▁सूझेग
53650	▁सूरमा
53651	▁सृज
53652	▁सेंडमेल
53653	▁सैंत
53654	▁सैन्ड्रा
53655	▁सॉफ़्ट
53656	▁स्कैलिक्स
53657	▁स्टेफनी
53658	▁स्याह
53659	▁स्वर्गारोह
53660	▁स्वीप
53661	▁हकला
53662	▁हथकड़
53663	▁हथिया
53664	▁हथौड़
53665	▁हशम
53666	▁हाँफते
53667	▁हिचकिचाइए
53668	▁हिस्टोग्राम
53669	▁हुल्
53670	▁हेरोद
53671	▁हेस्रोन
53672	▁होर्मा
53673	▁१०१
53674	▁१९२६
53675	▁१९७६
53676	#-#-#
53677	(
53678	-#-#
53679	-2.0
53680	1,500
53681	1921
53682	5%
53683	631
53684	Advertise
53685	Alaikum
53686	Anguilla
53687	Attach
53688	Attachment
53689	Background
53690	Baku
53691	Bangui
53692	Benjamin
53693	Bishkek
53694	Board
53695	Boise
53696	Catholic
53697	Chatham
53698	Count
53699	Darwin
53700	Delegation
53701	Dialpad
53702	Dismiss
53703	Domain
53704	Educate
53705	Egypt
53706	Encapsulate
53707	Enoch
53708	Entrust
53709	Faeroe
53710	Farsi
53711	Forbearing
53712	French
53713	Funafuti
53714	GPS
53715	International
53716	Invalid
53717	Iqaluit
53718	Isaiah
53719	Jayap
53720	Kluepfel
53721	Koran
53722	Kosrae
53723	Kuala
53724	LGPL
53725	Lump
53726	Majuro
53727	Malabo
53728	Managua
53729	Mazatl
53730	Microphone
53731	Migrate
53732	Millions
53733	Moscow
53734	Muhajirun
53735	Muscat
53736	Noble
53737	Noronha
53738	OLDER
53739	Omsk
53740	PER
53741	PLACE
53742	Prepare
53743	Principal
53744	Proxy
53745	Question
53746	Quraish
53747	Regard
53748	Relieve
53749	Reminder
53750	Reykjav
53751	Riyad
53752	Sheet
53753	Shipr
53754	Something
53755	TCHED
53756	TLY
53757	Tegucigalpa
53758	Transform
53759	Triumphant
53760	UARY
53761	Unzurna
53762	Webster
53763	Woman
53764	Yerevan
53765	^2
53766	abinet
53767	agar
53768	alarm
53769	anywhere
53770	arameter
53771	assword
53772	attentive
53773	barnea
53774	basement
53775	blameless
53776	capable
53777	ctivatable
53778	dignity
53779	disbeliever
53780	else
53781	enemy
53782	ensity
53783	equation
53784	estore
53785	evanagari
53786	evident
53787	expected
53788	fair
53789	feet
53790	fuck
53791	generous
53792	gled
53793	gnature
53794	ische
53795	kingdom
53796	mbled
53797	mmary
53798	mutual
53799	myself
53800	ndar
53801	nevitably
53802	north
53803	onospace
53804	pixel
53805	ppendix
53806	prepared
53807	preserved
53808	prob
53809	rabbi
53810	raj
53811	reminder
53812	replete
53813	responsibility
53814	rowse
53815	scripture
53816	sisters
53817	snoyarsk
53818	stationed
53819	stroke
53820	submission
53821	submitting
53822	surely
53823	swift
53824	unlettered
53825	utstrippers
53826	warning
53827	writer
53828	õ
53829	Š
53830	ر
53831	ंचुरी
53832	ंछे
53833	ंजर
53834	अंतिम
53835	अक़ल
53836	अजोर
53837	अनोखी
53838	अन्ततः
53839	अन्धी
53840	अहा
53841	आत्म
53842	आरोप
53843	आलमीन
53844	इनसान
53845	इरकु
53846	इरादा
53847	उठना
53848	उम्दा
53849	एंटिगुआ
53850	एकान्त
53851	एन्कर
53852	कचरा
53853	कचवा
53854	कदाचित
53855	करनेकेलिए
53856	करुणा
53857	क़सद
53858	कारख़ाना
53859	कैरो
53860	कॉपी
53861	कोमोरो
53862	कौव
53863	ख़ू
53864	गति
53865	गमगाहट
53866	गाडिशु
53867	गाला
53868	गावा
53869	गुइन
53870	ग्रैड
53871	ग्लू
53872	घबराहट
53873	घसीट
53874	चचा
53875	चर्बी
53876	चश्मे
53877	चात्
53878	चूंकि
53879	चोंगकिंग
53880	चोरों
53881	छुड़ानेवाला
53882	ज़म
53883	ज़िले
53884	जातियों
53885	जिटरी
53886	जुम्ब
53887	ज्ल
53888	ज्वालाएँ
53889	झुक
53890	टुकड
53891	टेगु
53892	टेढ़ा
53893	ट्रिगर
53894	डाइ
53895	डिरेक्ट्री
53896	डेनवर
53897	ड्रिक
53898	ढील
53899	तकलीफ
53900	तत्वज्ञान
53901	तरियाँ
53902	तारीख़
53903	तालीम
53904	ताशकंद
53905	तिदा
53906	तीसरा
53907	तेयात
53908	त्बिलिसी
53909	त्रिपोली
53910	थ्रेड
53911	थ्वी
53912	दरदे
53913	दस्तूर
53914	दुशान्बे
53915	देखिये
53916	द्दार
53917	धज
53918	नटीन
53919	नफ़ि
53920	नस्य
53921	नाज़नी
53922	निरीक्षण
53923	निर्बुद्धि
53924	निर्मल
53925	निवृत्ति
53926	निष्ठावान
53927	नॉर्मल
53928	नौकरों
53929	पढे
53930	परमाणु
53931	परायणता
53932	पलाऊ
53933	पुकारना
53934	पुनः
53935	पैदल
53936	पैरवी
53937	पौत्र
53938	प्रमाणित
53939	प्रवासियों
53940	प्राकृतिक
53941	प्रीतिकर
53942	प्रोत्साहन
53943	फरवरी
53944	फर्क
53945	फसाद
53946	फ़ायदा
53947	फ़ायदे
53948	फ़ूं
53949	फियॉ
53950	फै
53951	फ्रांस
53952	बताते
53953	बदमाशों
53954	बहुमूल्य
53955	बिन्दु
53956	बिफ़
53957	बीवी
53958	बुखारेस्ट
53959	बुढ़ा
53960	बेचारे
53961	बेफायदे
53962	भेड़िया
53963	भोज
53964	मछलियों
53965	मजबूर
53966	मजलिस
53967	मयोट
53968	मलऊन
53969	मलाकी
53970	मसख़रे
53971	महौल
53972	माओं
53973	मिनरी
53974	मुट्ठी
53975	मुड़
53976	मुथियुस
53977	मुर्दे
53978	मूंह
53979	मेश
53980	मोंटेर
53981	म्हारी
53982	यन्स
53983	यूरोपिय
53984	येरेव
53985	रखना
53986	रखने
53987	रब्बी
53988	रिज़ोना
53989	रियाद
53990	रीयूनियन
53991	रोकने
53992	र्डोबा
53993	र्तमान
53994	र्दिश
53995	र्वाधार
53996	लगताहै
53997	लग्रिंड
53998	लड़ने
53999	लड़वा
54000	लार्ड
54001	लीजिए
54002	लेण्डर
54003	लोजी
54004	लोनाइफ
54005	लोमड़ियों
54006	ल्स्
54007	वाइन
54008	वालिस
54009	वास्तविकता
54010	वाहिशों
54011	विंडहोक
54012	विलायत
54013	वॉच
54014	वॉल
54015	व्यापक
54016	शंघाई
54017	शर्मिंदा
54018	शहद
54019	शिप्रा
54020	संपत्ति
54021	समायु
54022	सहेजे
54023	साँपों
54024	साहिब
54025	सुबे
54026	सुविधा
54027	सूखी
54028	सेलफोन
54029	सैंटियागो
54030	सौतेले
54031	स्थानीय
54032	स्थिर
54033	स्नेहरहित
54034	स्पिरि
54035	हँस
54036	हठधर्म
54037	हवाओं
54038	हिन्दुस्तान
54039	हुज्जत
54040	हेंगें
54041	होंगे
54042	होनोलूलू
54043	़ाबियों
54044	ांकन
54045	ायन
54046	ायफ़
54047	ारापन
54048	िशिच
54049	ुचित
54050	ुड
54051	ुल्फ़
54052	ुवत
54053	ृहस्पतिवार
54054	ोचित
54055	ोनियाई
54056	्जाना
54057	्टैंट
54058	्लेयर
54059	०
54060	०२
54061	०८
54062	६५
54063	९२३
54064	▁"#$:%%+,.=@^_'~
54065	▁(12.5
54066	▁13,14
54067	▁15,16
54068	▁650
54069	▁9,10.
54070	▁90,000
54071	▁AROUND
54072	▁ASKED
54073	▁Acquire
54074	▁Administrator
54075	▁Adoni
54076	▁AlifLaamMeem
54077	▁Antarctic
54078	▁Antoine
54079	▁Apache
54080	▁Approved
54081	▁Austin
54082	▁Autogen
54083	▁Axes
54084	▁Aykah
54085	▁Banner
54086	▁Becket
54087	▁Betrayal
54088	▁Bichri
54089	▁Billion
54090	▁Bogo
54091	▁Bounties
54092	▁Buri
54093	▁CEO
54094	▁CHANGE
54095	▁CHECK
54096	▁Camille
54097	▁Carter
54098	▁Cassette
54099	▁Champion
54100	▁Chiasmus
54101	▁Club
54102	▁Cologne
54103	▁Combining
54104	▁Confess
54105	▁Conscious
54106	▁Contemplat
54107	▁Continent
54108	▁Corrie
54109	▁Critics
54110	▁Cruelty
54111	▁Culver
54112	▁Cuzco
54113	▁DAO
54114	▁DEATH
54115	▁DSL
54116	▁Dalia
54117	▁Demonstrat
54118	▁Depressed
54119	▁Dionysius
54120	▁Discern
54121	▁Discourse
54122	▁Discreet
54123	▁Discussion
54124	▁Distraction
54125	▁Disturb
54126	▁Drunk
54127	▁EGYPT
54128	▁EMPEROR
54129	▁Easi
54130	▁Ecclesiastic
54131	▁Ephron
54132	▁Epidemic
54133	▁Equation
54134	▁Essex
54135	▁Exult
54136	▁Fashioner
54137	▁Fault
54138	▁Gabon
54139	▁Genetic
54140	▁Geometry
54141	▁Gipsy
54142	▁Gisela
54143	▁Giuliano
54144	▁Grass
54145	▁Graz
54146	▁HAPPINESS
54147	▁HORN
54148	▁Haname
54149	▁Harlot
54150	▁Hayley
54151	▁Heck
54152	▁Hermes
54153	▁Hinder
54154	▁Historic
54155	▁IPTC
54156	▁Infancy
54157	▁Invent
54158	▁Ishtar
54159	▁JAS
54160	▁Jaazaniah
54161	▁Jahath
54162	▁Jahaz
54163	▁Jaipur
54164	▁Jam
54165	▁Janice
54166	▁Javier
54167	▁Joes
54168	▁Justify
54169	▁Kadmiel
54170	▁Katarzyna
54171	▁Keegan
54172	▁Keyword
54173	▁Laurie
54174	▁Lens
54175	▁Lieutenant
54176	▁Liverpool
54177	▁Lyman
54178	▁MUCH
54179	▁Magnifie
54180	▁Maintenance
54181	▁Mainz
54182	▁Marcel
54183	▁Marcelo
54184	▁Mareshah
54185	▁Marvin
54186	▁Maureen
54187	▁Meekness
54188	▁Meshech
54189	▁Metropolis
54190	▁Milady
54191	▁Monkey
54192	▁Multiplication
54193	▁Muriel
54194	▁Mushi
54195	▁NIS
54196	▁Nash
54197	▁OAuth
54198	▁Offscreen
54199	▁Opportunities
54200	▁Ottawa
54201	▁PLAY
54202	▁Pagan
54203	▁Paganism
54204	▁Particle
54205	▁Pashhur
54206	▁Pediatric
54207	▁Peleg
54208	▁Pentagon
54209	▁Pharoah
54210	▁Pirate
54211	▁Pivo
54212	▁Platform
54213	▁Polo
54214	▁Polytheists
54215	▁Pradesh
54216	▁Precision
54217	▁Prope
54218	▁Punch
54219	▁QUIT
54220	▁Qualifications
54221	▁RSIBreak
54222	▁Ranger
54223	▁Raquel
54224	▁Rebase
54225	▁Rehum
54226	▁Remarkable
54227	▁Replied
54228	▁Resentment
54229	▁Revive
54230	▁Robot
54231	▁Rodrig
54232	▁Ruling
54233	▁SHOULD
54234	▁SPIRIT
54235	▁Sandemanian
54236	▁Saraswati
54237	▁Saskatchewan
54238	▁Seleucid
54239	▁Sept
54240	▁Series
54241	▁Shak
54242	▁Shammai
54243	▁Shaphat
54244	▁Sharpen
54245	▁Shechina
54246	▁Shiphrah
54247	▁Shutter
54248	▁Sijjeen
54249	▁Silvanus
54250	▁Silvia
54251	▁Slander
54252	▁Spider
54253	▁Steiner
54254	▁Stylesheet
54255	▁TIFF
54256	▁Temanite
54257	▁Tentatively
54258	▁Thicket
54259	▁Thieves
54260	▁Thyself
54261	▁Timnath
54262	▁Transportation
54263	▁Trent
54264	▁Typical
54265	▁Uhud
54266	▁Uppercase
54267	▁Valentine
54268	▁Venus
54269	▁Vijay
54270	▁Viking
54271	▁WERE
54272	▁Waals
54273	▁Walsh
54274	▁Westphalia
54275	▁Wish
54276	▁XS
54277	▁Zabad
54278	▁Zaccur
54279	▁activist
54280	▁admonishment
54281	▁antibiotic
54282	▁aromatic
54283	▁assailant
54284	▁barbari
54285	▁bellows
54286	▁bergamot
54287	▁bhi
54288	▁blizzard
54289	▁bloodbath
54290	▁bode
54291	▁bondwoman
54292	▁bonus
54293	▁bookstore
54294	▁bough
54295	▁bramble
54296	▁brittle
54297	▁budge
54298	▁candor
54299	▁checkbox
54300	▁chess
54301	▁clave
54302	▁clique
54303	▁clutch
54304	▁clutter
54305	▁commodities
54306	▁competence
54307	▁complies
54308	▁configur
54309	▁consign
54310	▁consimilar
54311	▁contraception
54312	▁contraceptive
54313	▁contumacy
54314	▁courthouse
54315	▁cozy
54316	▁craftiness
54317	▁culprit
54318	▁decadent
54319	▁defus
54320	▁dehydration
54321	▁deliberation
54322	▁depository
54323	▁depot
54324	▁diabetic
54325	▁diaper
54326	▁dimmed
54327	▁dinar
54328	▁disintegrate
54329	▁disposable
54330	▁dissimilar
54331	▁droplets
54332	▁dubitat
54333	▁ejaculate
54334	▁elegance
54335	▁embalmed
54336	▁enigma
54337	▁ensign
54338	▁entrepreneur
54339	▁epileptic
54340	▁euphoria
54341	▁ewers
54342	▁exhal
54343	▁exploding
54344	▁extant
54345	▁fabulous
54346	▁facade
54347	▁floppy
54348	▁fluff
54349	▁forgery
54350	▁fray
54351	▁frenzied
54352	▁frenzy
54353	▁fried
54354	▁furtive
54355	▁gam
54356	▁giblah
54357	▁giraffe
54358	▁glamour
54359	▁glistening
54360	▁glowworm
54361	▁grammatical
54362	▁granddaughter
54363	▁groove
54364	▁groping
54365	▁guerdon
54366	▁guiltiness
54367	▁gymnast
54368	▁hemorrhage
54369	▁hoary
54370	▁homesickness
54371	▁hooves
54372	▁hottest
54373	▁hypertension
54374	▁hypothesis
54375	▁immigration
54376	▁impala
54377	▁improvise
54378	▁inconsiderate
54379	▁installment
54380	▁insulat
54381	▁invert
54382	▁investors
54383	▁invigorating
54384	▁jagged
54385	▁jumb
54386	▁jurisprudence
54387	▁jurist
54388	▁karn
54389	▁keypresses
54390	▁korištenje
54391	▁leatherback
54392	▁limestone
54393	▁ljude
54394	▁malleable
54395	▁malt
54396	▁manipulating
54397	▁masterful
54398	▁maxim
54399	▁menubar
54400	▁metropolitan
54401	▁microphone
54402	▁misinformed
54403	▁modifier
54404	▁nettles
54405	▁neurologist
54406	▁nonexistence
54407	▁novelty
54408	▁nuisance
54409	▁oars
54410	▁overburdened
54411	▁padding
54412	▁pancreas
54413	▁pathetic
54414	▁pedestrian
54415	▁pediatrician
54416	▁pedicab
54417	▁perfunctory
54418	▁persuasiveness
54419	▁petrol
54420	▁pistol
54421	▁pivot
54422	▁pollinate
54423	▁precipitate
54424	▁profan
54425	▁protrud
54426	▁quadrupl
54427	▁racket
54428	▁rake
54429	▁receptor
54430	▁refut
54431	▁regrettable
54432	▁relic
54433	▁remarried
54434	▁requisite
54435	▁resilience
54436	▁retrace
54437	▁revers
54438	▁rout
54439	▁saturate
54440	▁scrib
54441	▁seism
54442	▁shoreline
54443	▁snowflake
54444	▁solstice
54445	▁sorceries
54446	▁speckled
54447	▁spectator
54448	▁sprite
54449	▁squirt
54450	▁stereotype
54451	▁sto
54452	▁strutting
54453	▁sundry
54454	▁synchronous
54455	▁tako
54456	▁tantrum
54457	▁tara
54458	▁taskbar
54459	▁tedious
54460	▁terrorized
54461	▁travers
54462	▁unburden
54463	▁unmatched
54464	▁unprosperous
54465	▁unswerving
54466	▁untreated
54467	▁veracity
54468	▁vintage
54469	▁waders
54470	▁wakefulness
54471	▁wavelength
54472	▁whey
54473	▁wobbl
54474	▁wolfhound
54475	▁~/.
54476	▁šta
54477	▁अंगरखे
54478	▁अटैची
54479	▁अतंर
54480	▁अततः
54481	▁अन्तिपास
54482	▁अपरिपूर्णताओं
54483	▁अपरिवर्तनीय
54484	▁अपरिष्कृत
54485	▁अपव्यय
54486	▁अफ़ज़ा
54487	▁अरयालोन
54488	▁अर्नस्ट
54489	▁अलामा
54490	▁अव्यवस्था
54491	▁अव्यवस्थित
54492	▁असंतुलित
54493	▁असुरक्षा
54494	▁अस्वीकृति
54495	▁आज़माएँगे
54496	▁आत्मसात
54497	▁आप्रवासी
54498	▁आयरलॆंड
54499	▁आलौ
54500	▁इकठ्ठ
54501	▁इकहर
54502	▁इजाज
54503	▁इतालिया
54504	▁इबाद
54505	▁इलॆक्ट्रॉन
54506	▁उकसाइए
54507	▁उड़ाना
54508	▁उदहारण
54509	▁उद्धरित
54510	▁उमुर
54511	▁एंडरसन
54512	▁एट्रिब्यूट
54513	▁एडम्स
54514	▁एडीट
54515	▁एवलिन
54516	▁ऐलर्जी
54517	▁कछुए
54518	▁कमतर
54519	▁कमीशन
54520	▁कष्टदाय
54521	▁क़ाफ़
54522	▁कामातुर
54523	▁कारनामे
54524	▁कालटिप्स
54525	▁कुड़कुड़ाते
54526	▁कुड़कुड़ाना
54527	▁कुपोष
54528	▁कुफ्
54529	▁कैरिना
54530	▁कॊ
54531	▁कोसता
54532	▁क्रेग
54533	▁क्षतिग्रस्त
54534	▁क्षारीय
54535	▁खिलाडी
54536	▁खोलेगा
54537	▁ख्रिस्त
54538	▁गठिया
54539	▁गरजेगा
54540	▁गाजर
54541	▁गाड़ने
54542	▁गिरफत
54543	▁गिरफ़त
54544	▁गुज
54545	▁गुद
54546	▁गैलिलियो
54547	▁गॉड्
54548	▁गोलार्द्ध
54549	▁ग्रेडियन
54550	▁ग्रैव
54551	▁घाल
54552	▁घूमा
54553	▁घोड़ो
54554	▁चकाचौंध
54555	▁चढ़वाऊँगा
54556	▁चढ़ाएंगे
54557	▁चबाए
54558	▁चबाएग
54559	▁चमकील
54560	▁चहकते
54561	▁चालबाज
54562	▁चािहए
54563	▁चिकन
54564	▁चियास्मस
54565	▁चिल्लाएँगे
54566	▁चीयर्स
54567	▁चुराने
54568	▁चूमकर
54569	▁छत्तीस
54570	▁छिपायी
54571	▁छीनने
54572	▁छोडेंग
54573	▁जगाए
54574	▁जबद्याह
54575	▁जलाएँ
54576	▁जलूस
54577	▁ज़ंज़ीर
54578	▁ज़िम्बाबवे
54579	▁ज़ेवरात
54580	▁जाईए
54581	▁जागना
54582	▁जीवाश्
54583	▁जुताई
54584	▁जेनेरो
54585	▁जेलख़ान
54586	▁जैब्बर
54587	▁जॉब
54588	▁ज्वालामुख
54589	▁झिंझोड़
54590	▁झुटला
54591	▁झुठ
54592	▁टकराते
54593	▁टच
54594	▁टपकाए
54595	▁टपकात
54596	▁टर्की
54597	▁टाइमस्टै
54598	▁टास्क
54599	▁टॆक्नॉलॉज
54600	▁टॆन
54601	▁टोंटी
54602	▁टोरेटो
54603	▁ठहराएँग
54604	▁ठूँस
54605	▁डरुँ
54606	▁ड़रत
54607	▁डिंब
54608	▁डिलीट
54609	▁डॉलफिन
54610	▁ड्राइविंग
54611	▁ढके
54612	▁ढलना
54613	▁ढांक
54614	▁तंगदिल
54615	▁तंगहाल
54616	▁तंतु
54617	▁तटवर्ती
54618	▁तरक़्क
54619	▁थूकने
54620	▁दंपत्ति
54621	▁दाब
54622	▁दारोग़
54623	▁दिरहम
54624	▁दीजिये
54625	▁दुर्भावना
54626	▁देनदार
54627	▁द्विघात
54628	▁धर्मगुरू
54629	▁धर्मपरिवर्तन
54630	▁धर्मयुद्ध
54631	▁धर्मवैज्ञानिक
54632	▁धाइय
54633	▁नत्थ
54634	▁नबायोत
54635	▁नमीबिया
54636	▁नलिका
54637	▁नाजुक
54638	▁नातीपोते
54639	▁निःश
54640	▁निन्यान
54641	▁निपटाना
54642	▁निभाएँगे
54643	▁नीकोल
54644	▁नुमाइंदा
54645	▁नेफिलिम
54646	▁नेफेश
54647	▁नेस्तवे
54648	▁पकड़वाएगा
54649	▁पचपन
54650	▁पछताओ
54651	▁पत्थरील
54652	▁पपड़ी
54653	▁परम्पराएँ
54654	▁परवलय
54655	▁परवाज़
54656	▁परिंदों
54657	▁परिस्थित
54658	▁पलस्तर
54659	▁पहनाओ
54660	▁पहिचानते
54661	▁पहिनना
54662	▁पहुँचाएँग
54663	▁पहेल
54664	▁पालमाइरा
54665	▁पावस्की
54666	▁पासफ्रेस
54667	▁पिण्ड
54668	▁पीएँगे
54669	▁पीड़ाएँ
54670	▁पुझ
54671	▁पुनर्निदेश
54672	▁पुरुषगामी
54673	▁पोवरे
54674	▁प्रजातियों
54675	▁प्रत्
54676	▁प्रत्याश
54677	▁प्ररूप
54678	▁प्रवृत्तियाँ
54679	▁प्रार्थन
54680	▁प्रीसेट
54681	▁प्लाक
54682	▁प्लेटफ़ॉर्म
54683	▁फँसोगे
54684	▁फरमाइए
54685	▁फर्नान्ड
54686	▁फ़रमाइश
54687	▁फ़र्ज
54688	▁फ़िनिश
54689	▁फ़ैशन
54690	▁फीलिप
54691	▁फुरती
54692	▁फ्रान
54693	▁फ्रॉम
54694	▁बखेड़ा
54695	▁बग़ीचों
54696	▁बढ़ाऊँ
54697	▁बढ़ाऊँगा
54698	▁बतलाया
54699	▁बददिमाग
54700	▁बधाईयाँ
54701	▁बनवायी
54702	▁बरतता
54703	▁बर्त
54704	▁बलवान्
54705	▁बसाएँगे
54706	▁बहत्तर
54707	▁बहसबाज़ी
54708	▁बांसुरी
54709	▁बांसुली
54710	▁बान्धेगा
54711	▁बिछड़ने
54712	▁बिजनेस
54713	▁बिठाएँगे
54714	▁बिठायी
54715	▁बिनपढ़
54716	▁बुल्गारिया
54717	▁बॆलजियम
54718	▁बेंत
54719	▁बेकरी
54720	▁बेडरूम
54721	▁बेथोरोन
54722	▁बेफ़िक्र
54723	▁बैठूं
54724	▁ब्रेकपाइन्ट
54725	▁भंज
54726	▁भतीजिय
54727	▁भद्दे
54728	▁भेक
54729	▁भेजूं
54730	▁भेड
54731	▁भोल
54732	▁मंदाकिनी
54733	▁मकदूनियाई
54734	▁मक्काबी
54735	▁मतुष्य
54736	▁मदमात
54737	▁मनानेवाले
54738	▁मम्रे
54739	▁मरूभूम
54740	▁मर्दान
54741	▁मलिन
54742	▁मल्लूक
54743	▁मसह
54744	▁मस्सा
54745	▁माँगकर
54746	▁माइक्रोमीटर
54747	▁माइग्रेशन
54748	▁मागडालेना
54749	▁मारकारियान
54750	▁मारियो
54751	▁मार्सेल
54752	▁मिटेगा
54753	▁मुआफिक
54754	▁मुकाबि
54755	▁मुखौटा
54756	▁मुण्डे
54757	▁मुतलक
54758	▁मुद्
54759	▁मुस्कराहट
54760	▁मूर्च्छ
54761	▁मूशी
54762	▁मेडिसिन
54763	▁मैसेजिंग
54764	▁मोज़म्बीक
54765	▁मोज़ि
54766	▁मोना
54767	▁मोहड़
54768	▁यकोन्याह
54769	▁यहावा
54770	▁यील्ड
54771	▁युद्व
54772	▁यूजीन
54773	▁यूटीएफ
54774	▁येरेद
54775	▁योहना
54776	▁रनलेवल
54777	▁रशियन
54778	▁राजनीतिज्ञों
54779	▁रिज्
54780	▁रीयल्म
54781	▁रेकार्ड
54782	▁रेडियल
54783	▁रैंक
54784	▁रॉबिन
54785	▁रोकेगी
54786	▁रोबर्ट
54787	▁लगाऊं
54788	▁लज़्ज़त
54789	▁लय
54790	▁लाटविया
54791	▁लादना
54792	▁लिंब
54793	▁लिओन
54794	▁लिखूँगा
54795	▁लिथुआनिया
54796	▁लूँगी
54797	▁लैडर
54798	▁लॉर्ड
54799	▁वंशक्रम
54800	▁वग़ैरा
54801	▁वन्य
54802	▁वर्दी
54803	▁वर्धन
54804	▁वायरलेस
54805	▁वायलिन
54806	▁विकर्षण
54807	▁विटनेसेज़
54808	▁विनोद
54809	▁विल्यम
54810	▁वॆस्ट
54811	▁व्यंजनों
54812	▁शकन्याह
54813	▁शर्मीलापन
54814	▁शुक्रग़ुजार
54815	▁शेरेब्याह
54816	▁शैरोन
54817	▁शॉवर
54818	▁शोलो
54819	▁संचारित
54820	▁संतरे
54821	▁संदेहास्पद
54822	▁संस्थाएँ
54823	▁सनोवर
54824	▁समानान्तर
54825	▁सम्मोहन
54826	▁सरकंड
54827	▁सरस्वती
54828	▁सर्वेंट
54829	▁सलमीस
54830	▁सांढ़
54831	▁साइबेस
54832	▁सार्जेंट
54833	▁सिकन्दरिया
54834	▁सिक्योर
54835	▁सिट
54836	▁सिप
54837	▁सिलवट
54838	▁सुगन्धद्ररय
54839	▁सुरग
54840	▁सुलझाएँ
54841	▁सूँघ
54842	▁सेकेण्ड
54843	▁सेल्समैन
54844	▁सोंटा
54845	▁सौंपते
54846	▁स्क्वा
54847	▁स्थूल
54848	▁स्पेसेस
54849	▁स्राव
54850	▁स्लीप
54851	▁स्लोवाक
54852	▁स्वाभावि
54853	▁स्वास्थ्यलाभ
54854	▁हंगामा
54855	▁हत्याएँ
54856	▁हथेलियाँ
54857	▁हव्
54858	▁हाइडी
54859	▁हाब्स
54860	▁हार्पर
54861	▁हिज्ज
54862	▁हिमलर
54863	▁हुमक
54864	▁हुवे
54865	▁हृष्टपुष्ट
54866	▁हॆरल्ड
54867	▁हेरल्ड
54868	▁हेलेन
54869	▁हेल्ग
54870	▁होऊं
54871	▁होशाना
54872	▁१०६
54873	▁१९७८
54874	▁२१२
54875	----"
54876	0:00
54877	400,000
54878	436
54879	768
54880	864
54881	889
54882	ABLE
54883	AZIN
54884	Assemble
54885	Banj
54886	Buy
54887	Chag
54888	Chisi
54889	Chong
54890	Contributions
54891	Delay
54892	Deutsch
54893	ERROR
54894	Elisha
54895	Epiphany
54896	Evildoer
54897	Excuse
54898	Frequently
54899	GSSA
54900	GUNSHOT
54901	GUST
54902	Gabo
54903	Glace
54904	Groan
54905	Guadalcanal
54906	Hermosillo
54907	Hill
54908	INDISTINCT
54909	Johnston
54910	KEY
54911	Korah
54912	Kwajalein
54913	LANDS
54914	Lubu
54915	Macau
54916	Menu
54917	Monday
54918	Monti
54919	NTLM
54920	Ndja
54921	Ouagadougou
54922	Paramaribo
54923	Persian
54924	Prioritize
54925	Program
54926	Prompt
54927	Proverbs
54928	Pursue
54929	Pyongyang
54930	Qadar
54931	ROWN
54932	Religion
54933	Resurrection
54934	Safa
54935	Samuel
54936	Selection
54937	Simferopol
54938	Simon
54939	Sorcerer
54940	Submit
54941	Swift
54942	Sydney
54943	Tarawa
54944	Template
54945	Thunder
54946	Till
54947	Tribe
54948	Turk
54949	Turkish
54950	UCH
54951	Ulaan
54952	Uzh
54953	Vatican
54954	Velho
54955	WATER
54956	Witness
54957	ajn
54958	alge
54959	anointed
54960	armed
54961	assembly
54962	atical
54963	attack
54964	attributable
54965	caption
54966	cautious
54967	cleanse
54968	community
54969	crime
54970	destroyed
54971	diluted
54972	distant
54973	domestics
54974	drdao
54975	drink
54976	dvanced
54977	eadcd
54978	eighth
54979	elephone
54980	engaged
54981	extreme
54982	gradual
54983	greet
54984	healthful
54985	heap
54986	highlight
54987	hirring
54988	hudding
54989	inculcate
54990	inherit
54991	ison
54992	jedan
54993	laud
54994	lettered
54995	lignment
54996	matrix
54997	mercy
54998	mitators
54999	mminent
55000	mountain
55001	mphu
55002	munificent
55003	necessary
55004	ollapse
55005	olten
55006	pping
55007	precious
55008	precise
55009	predictions
55010	production
55011	program
55012	rchipelago
55013	respect
55014	rosperous
55015	sistance
55016	staff
55017	stained
55018	stride
55019	striking
55020	strip
55021	sullied
55022	supreme
55023	tegories
55024	thankful
55025	timati
55026	typing
55027	ultimate
55028	vali
55029	vanity
55030	verily
55031	voluntary
55032	wav
55033	wife
55034	wrath
55035	ň
55036	יהוה
55037	अंकल
55038	अंधेरा
55039	अंधेरी
55040	अंधेरों
55041	अकड़े
55042	अग़
55043	अनपढ़
55044	अनुकूलत
55045	अन्जाम
55046	अप्रत्याशित
55047	अप्रसन्न
55048	अप्रिय
55049	अमतों
55050	अमूल
55051	अरूबा
55052	अलैकुम
55053	अवसर
55054	असावधान
55055	आफ़ताब
55056	आबरू
55057	आरामदायक
55058	आलिम
55059	आवश्यकता
55060	इख़तेलाफ
55061	इज़हार
55062	इजाज़त
55063	इत्तफ़ाक़
55064	इन्जील
55065	इन्तेज़ा
55066	इफ्त
55067	इसराएल
55068	इसराफ
55069	इसलाम
55070	इसलाह
55071	उजडे
55072	उत्तराधिकारी
55073	उपहास
55074	उम्मीदवारी
55075	उलझे
55076	ऌ
55077	ऎंगे
55078	एंजेल्स
55079	एंटानानारिवो
55080	एतक़ा
55081	एतराफ
55082	एमएसएन
55083	एहक़ाम
55084	ऐवज़
55085	ऑंखे
55086	ऑखे
55087	ऑडियो
55088	ओहद
55089	औंधे
55090	कंकड़
55091	कंगाल
55092	कंपाला
55093	कफ्फ़ार
55094	कमजोर
55095	कलाकार
55096	कहानियाँ
55097	क़तार
55098	क़त्ल
55099	क़दर
55100	क़द्र
55101	क़बूल
55102	क़ब्ज़े
55103	क़रिया
55104	क़ारुन
55105	क़िब्ती
55106	क़ीद
55107	क़ुबूल
55108	क़ूवत
55109	काँच
55110	कागज़
55111	काफ़िल
55112	किस्से
55113	कुफ्फ़
55114	कुश्त
55115	कूवत
55116	केंटकी
55117	कोनाक्री
55118	कोमलता
55119	क्तिबद्ध
55120	क्योकि
55121	क्रांतिकारी
55122	क्लास
55123	क्लू
55124	ख़फ़ी
55125	ख़लिस
55126	ख़ातिर
55127	ख़ुशनूदी
55128	ख़ुश्क
55129	ख़ेरत
55130	ख़ैरख्वाह
55131	खुद्दा
55132	खुल्लम
55133	खुश्क
55134	खेड़
55135	खोट
55136	ख्वाब
55137	गंभीर
55138	गतिशील
55139	ग़लबा
55140	ग़ल्ल
55141	ग़ाफ़
55142	ग़ुस्स
55143	ग़ें
55144	गिड़गिड़ा
55145	गिड़ाकर
55146	गिरफ्तार
55147	गुंधी
55148	गुत्थ
55149	गुनेहगार
55150	गूँगे
55151	गून
55152	ग्वैन
55153	घाट
55154	घुसकर
55155	चमकता
55156	चिसिन
55157	चिह्
55158	चीख़
55159	चीजे
55160	चेहरों
55161	चौड़े
55162	छप्पर
55163	छाँट
55164	छायी
55165	छाव
55166	छुड़ाना
55167	छुड़ाने
55168	छुपे
55169	जख्म
55170	जत्थे
55171	जमिद
55172	जवाहरात
55173	जहान
55174	ज़बत
55175	ज़िबह
55176	ज़ीन
55177	ज़ैर
55178	ज़्यादत
55179	जिज़े
55180	जीभ
55181	जुमा
55182	जुर्माना
55183	ज्जिम
55184	ज्यादत
55185	झपट
55186	झुको
55187	झुठलाने
55188	झेलने
55189	टोमे
55190	टोर्
55191	ट्टियाँ
55192	ठन्डी
55193	ठहरने
55194	ठहाका
55195	डर्स
55196	ड़ाहट
55197	तकलीफ़
55198	तक़र्र
55199	तक़सी
55200	तनाद
55201	तनाव
55202	तरीक़ा
55203	तरीक़े
55204	तवज्जो
55205	तवज्जोह
55206	ताक़तवर
55207	ताख़ीर
55208	तामील
55209	तारीफ़
55210	तैनात
55211	तोहमत
55212	थलग
55213	थ्रो
55214	दफा
55215	दरख्वास्त
55216	दरगुज़र
55217	दरमियान
55218	दाउद
55219	दाख़िल
55220	दीवाना
55221	दीवाने
55222	दुरूस्त
55223	दैट
55224	दोज़ख
55225	द्दरे
55226	द्दुन
55227	धुत्कारा
55228	धुत्कारे
55229	धूलि
55230	धूसर
55231	नज़ारा
55232	नफ्स
55233	नसीहतन
55234	नारंगी
55235	नावृत्त
55236	निगाहों
55237	नुक्स
55238	नोवोसिबिर्
55239	नौरू
55240	न्नाट
55241	पतला
55242	परसतिश
55243	पलटत
55244	पल्ले
55245	पश्चिम
55246	पहरेदार
55247	पहलू
55248	पहुँचती
55249	पहुँचना
55250	पाटाइटिस
55251	पाबन्द
55252	पिटकैर्न
55253	पुस्तक
55254	पूजने
55255	पेन्ह
55256	पोतिय
55257	प्योंगयांग
55258	प्रभात
55259	प्रमुख
55260	प्रयोग
55261	प्रशंसित
55262	प्रसन्नता
55263	प्रामाणिकता
55264	फँसा
55265	फराग़
55266	फरिश
55267	फरीक़
55268	फ़क्क़त
55269	फ़ज़ल
55270	फ़तादा
55271	फ़रमान
55272	फ़रिश्त
55273	फ़र्ज़
55274	फ़सल
55275	फ़सिद
55276	फ़ीक़
55277	फिक़
55278	फिक्र
55279	फूला
55280	फूलिया
55281	फैद
55282	बचकर
55283	बछड़ों
55284	बताई
55285	बदनसीब
55286	बनिस्बत
55287	बमाको
55288	बरतक
55289	बरसती
55290	बर्बाद
55291	बलिपशु
55292	बसाए
55293	बहाकर
55294	बिस्मिल्लाह
55295	बुज़दिल
55296	बुलन्द
55297	बुलाएं
55298	बेखटके
55299	बेख़ौफ
55300	बेटियाँ
55301	बेढ़ंगे
55302	बेफिक्र
55303	बेहिश
55304	बेहूद
55305	बैतुलमुक़द्दस
55306	भटकाकर
55307	भट्ट
55308	भाती
55309	भुजंग
55310	भेजी
55311	भ्रम
55312	मग़रिब
55313	मज़कूर
55314	मज़हब
55315	मरदू
55316	मल्टीपार्ट
55317	मशग़
55318	मशवर
55319	मशहूर
55320	मस्जिद
55321	महफूज़
55322	माजु
55323	मादन
55324	मार्गदर्शन
55325	मिक्वेलन
55326	मिनीन
55327	मिलेगा
55328	मिलेगी
55329	मीठे
55330	मुख़तलिफ
55331	मुख़ालिफ
55332	मुख़ालिफ़
55333	मुख्तलिफ
55334	मुतमइन
55335	मुताबिक़
55336	मुद्दत
55337	मुनाज
55338	मुनाफ़िकों
55339	मुनाफिक़ीन
55340	मुन्ज
55341	मुमानि
55342	मुलाक़ात
55343	मुल्क
55344	मुल्को
55345	मुशरिक
55346	मुसलमान
55347	मुस्तहक
55348	मुहताज
55349	मेयन
55350	मोर्च
55351	मोहब्बत
55352	म्बख्त
55353	म्मुल
55354	यकता
55355	यक़ीनी
55356	यकायक
55357	यफ्
55358	याक्विल
55359	याफ़त
55360	योजित
55361	रकारियाँ
55362	रख़त
55363	रज़ील
55364	रताओ
55365	रतिब
55366	रबर्ड
55367	रहेगें
55368	राइन्द
55369	राकाओ
55370	रीअस
55371	रेक्टर
55372	रोकनेवाले
55373	र्ज़दा
55374	लजाज
55375	लश्कर
55376	लहलहात
55377	लहसुन
55378	लाबो
55379	लुबु
55380	लेक्ज़ेंडर
55381	लॉह
55382	लौन्डी
55383	ल्प्स
55384	वक्षस्थल
55385	वरदिगार
55386	वलेशन
55387	वविद
55388	वाक़या
55389	वाक़िफकार
55390	वाकिफ़
55391	वाफिक़
55392	वायु
55393	विन्य
55394	विशेष
55395	व्लाडी
55396	शमू
55397	शरक़
55398	शरमील
55399	शरीयत
55400	शादा
55401	शाबेह
55402	शिकस्त
55403	शिफ़ा
55404	श्तियों
55405	संकल्प
55406	संतृप्त
55407	सजग
55408	सजद
55409	सजाया
55410	समझौते
55411	समन्दर
55412	सरपरस्त
55413	सर्दी
55414	सलबा
55415	सल्तन
55416	सहीफ़ों
55417	सायवा
55418	सालिम
55419	सिखाया
55420	सुअर
55421	सुनाते
55422	सुनाये
55423	सुलूक
55424	सूखकर
55425	सूखा
55426	सूझता
55427	सॅभ
55428	सेवानिवृत्ति
55429	स्कोपज
55430	हक़ीकत
55431	हकीक़
55432	हतमा
55433	हत्यारा
55434	हन्
55435	हन्नुम
55436	हाएदा
55437	हार्ड
55438	हालॉ
55439	हिस्सेदार
55440	हीरो
55441	हुँ
55442	हुक्मरान
55443	हुस्न
55444	हॅस
55445	हौव्वा
55446	़रुर
55447	़लब
55448	़ालिब
55449	़िरऔन
55450	़ुरबानी
55451	ाज़िल
55452	ाजिब
55453	ात्लान
55454	ाबतदार
55455	ायमान
55456	ायश
55457	ावाक़
55458	िन्ना
55459	िरदा
55460	िलाबन्द
55461	िष्ठ
55462	िसलना
55463	िस्टिक
55464	िस्फ़
55465	ीर्त
55466	ीवियों
55467	ुकात
55468	ुतफ़
55469	ुदस
55470	ुफ़्र
55471	ुफ्तगू
55472	ुबान
55473	ुमाया
55474	ुरदा
55475	ुलूस
55476	ुहाते
55477	ूदगी
55478	ॆंड
55479	ेनसी
55480	ेसेज
55481	ॉइंट
55482	ॉन्यू
55483	ॊड़
55484	ोपार्
55485	ोरियम
55486	ौक़िय
55487	्तिफ़ा
55488	्तेफ़ा
55489	्बोन
55490	्रिम्मोन
55491	ॣ
55492	०७
55493	२६०
55494	४५
55495	६३
55496	९८
55497	▁$200
55498	▁1906
55499	▁1907
55500	▁1908
55501	▁Achaicus
55502	▁Admin
55503	▁Agur
55504	▁Ahinoam
55505	▁Akiko
55506	▁Akregator
55507	▁Apologize
55508	▁Apostasy
55509	▁Appear
55510	▁Appropriate
55511	▁Approximately
55512	▁Apr
55513	▁Armstrong
55514	▁Assault
55515	▁Athenian
55516	▁Atmosphere
55517	▁Attalus
55518	▁Authorization
55519	▁Azerbaijan
55520	▁BBC
55521	▁Banana
55522	▁Bavaria
55523	▁Beelzebub
55524	▁Bernhard
55525	▁Bilhah
55526	▁Boeing
55527	▁Brasil
55528	▁Bump
55529	▁CHALLENGE
55530	▁COMPL
55531	▁CONTRIBUTION
55532	▁Calculating
55533	▁Calculation
55534	▁Carmi
55535	▁Catalan
55536	▁Cecilia
55537	▁Charleston
55538	▁Cholesterol
55539	▁Cindy
55540	▁Communion
55541	▁Compound
55542	▁Concentration
55543	▁Courier
55544	▁Crocodile
55545	▁Crypto
55546	▁Cushite
55547	▁DAVE
55548	▁DEAD
55549	▁Dale
55550	▁Daud
55551	▁Daystar
55552	▁Doctrine
55553	▁EYE
55554	▁Elioenai
55555	▁Embedd
55556	▁Emotions
55557	▁Enjoin
55558	▁Enthusias
55559	▁Erna
55560	▁Eshtaol
55561	▁Exact
55562	▁FIRE
55563	▁FIVE
55564	▁Fascism
55565	▁Fernand
55566	▁Fortunatus
55567	▁Framework
55568	▁Fundamentalist
55569	▁GREECE
55570	▁Gallio
55571	▁Ganges
55572	▁Gateway
55573	▁Geder
55574	▁Generosity
55575	▁Greedy
55576	▁Gypsy
55577	▁HEAR
55578	▁Heinrich
55579	▁Hierapolis
55580	▁Himmler
55581	▁Histogram
55582	▁Holland
55583	▁Hungry
55584	▁IPT
55585	▁IPv
55586	▁Illuminating
55587	▁Illustrat
55588	▁Interpol
55589	▁Ivory
55590	▁Jabbok
55591	▁Jade
55592	▁Jarmuth
55593	▁Jehohanan
55594	▁Jenna
55595	▁Journalist
55596	▁KDev
55597	▁Karnataka
55598	▁Kittim
55599	▁Kyle
55600	▁Kyrgyz
55601	▁Küng
55602	▁LIVING
55603	▁LONG
55604	▁Laboratory
55605	▁Leadership
55606	▁Lidiya
55607	▁Lilongwe
55608	▁Luthor
55609	▁MATE
55610	▁Madras
55611	▁Malay
55612	▁Malayalam
55613	▁Mamre
55614	▁Matrix
55615	▁Memories
55616	▁Mercedes
55617	▁Mercury
55618	▁Merging
55619	▁Meteorologi
55620	▁Microweave
55621	▁Milcah
55622	▁Milestone
55623	▁Minnesota
55624	▁Minus
55625	▁Molkentin
55626	▁Monique
55627	▁Montana
55628	▁Montano
55629	▁Morgan
55630	▁Muj
55631	▁Murmuring
55632	▁Nantuck
55633	▁Navigator
55634	▁Nebraska
55635	▁Nebuzar
55636	▁Obtain
55637	▁Onesmus
55638	▁Oreb
55639	▁Organi
55640	▁Oscar
55641	▁Partition
55642	▁Pelatiah
55643	▁Perga
55644	▁Periodically
55645	▁Philosopher
55646	▁Piety
55647	▁Platonic
55648	▁Pontus
55649	▁Porc
55650	▁Psychology
55651	▁Radical
55652	▁Reaction
55653	▁Realistic
55654	▁Rebuild
55655	▁Recreate
55656	▁Recurring
55657	▁Regenerat
55658	▁Reinhar
55659	▁Revenge
55660	▁Riddle
55661	▁Router
55662	▁Rudolf
55663	▁Rulership
55664	▁SPEAKERS
55665	▁Salzburg
55666	▁Samos
55667	▁Saum
55668	▁Scythian
55669	▁Seder
55670	▁Seminar
55671	▁Shobal
55672	▁Sikh
55673	▁Sinful
55674	▁Slumber
55675	▁Societies
55676	▁Specifications
55677	▁Spectator
55678	▁Stella
55679	▁Stoick
55680	▁Sudden
55681	▁Sullivan
55682	▁Superscript
55683	▁Surviving
55684	▁Svetlana
55685	▁Swallow
55686	▁TRUST
55687	▁Tappuah
55688	▁Templ
55689	▁Tertius
55690	▁Thumb
55691	▁Titanic
55692	▁Tobago
55693	▁Toscano
55694	▁Tourist
55695	▁Transaction
55696	▁Tunstall
55697	▁Turks
55698	▁VICTOR
55699	▁Vanessa
55700	▁Vigilant
55701	▁WHALE
55702	▁WID
55703	▁WITNESS
55704	▁Weaknesses
55705	▁Wisła
55706	▁XOR
55707	▁Zipporah
55708	▁Zoroastrian
55709	▁[1.5
55710	▁abdom
55711	▁acquiesce
55712	▁adamant
55713	▁affirmative
55714	▁agile
55715	▁agonies
55716	▁alleviation
55717	▁aloes
55718	▁amateur
55719	▁amnesty
55720	▁amplitude
55721	▁anchorage
55722	▁anemia
55723	▁argumentative
55724	▁authoritarian
55725	▁backslide
55726	▁biochemist
55727	▁bitumen
55728	▁blurry
55729	▁braggart
55730	▁brevity
55731	▁cafeteria
55732	▁calumni
55733	▁chalk
55734	▁cherry
55735	▁chromosome
55736	▁circulating
55737	▁clods
55738	▁cloister
55739	▁combatants
55740	▁comparative
55741	▁concordance
55742	▁consecrat
55743	▁consequent
55744	▁consummation
55745	▁convoy
55746	▁corridor
55747	▁crane
55748	▁credible
55749	▁crutches
55750	▁cumin
55751	▁cunt
55752	▁deactivate
55753	▁demonized
55754	▁deriding
55755	▁discrepancy
55756	▁disillusionment
55757	▁dislodge
55758	▁displace
55759	▁divergent
55760	▁doubl
55761	▁economies
55762	▁embroidery
55763	▁emergence
55764	▁emulation
55765	▁enact
55766	▁endemic
55767	▁enthusiast
55768	▁evangelical
55769	▁evangelism
55770	▁exaggerating
55771	▁exonerated
55772	▁expansive
55773	▁extraordinarily
55774	▁fermentation
55775	▁fertilizer
55776	▁fixture
55777	▁flammable
55778	▁flounder
55779	▁forebears
55780	▁fount
55781	▁frantic
55782	▁gangrene
55783	▁gestation
55784	▁ghastly
55785	▁grabbing
55786	▁graveyard
55787	▁gravitat
55788	▁greenery
55789	▁grupa
55790	▁hamper
55791	▁handicapped
55792	▁hemisphere
55793	▁heredity
55794	▁hiker
55795	▁iPod
55796	▁immeasurabl
55797	▁implicated
55798	▁improbable
55799	▁inculcat
55800	▁infested
55801	▁intoxicate
55802	▁inundated
55803	▁jolt
55804	▁legac
55805	▁loathe
55806	▁logfile
55807	▁lumber
55808	▁maize
55809	▁malfunction
55810	▁masons
55811	▁memorizing
55812	▁misconfigured
55813	▁misgivings
55814	▁mishap
55815	▁mobility
55816	▁monotonous
55817	▁moron
55818	▁moć
55819	▁multinational
55820	▁mutilated
55821	▁navel
55822	▁neighbourhood
55823	▁neutralize
55824	▁onyx
55825	▁pacifist
55826	▁panicked
55827	▁papyri
55828	▁pelican
55829	▁physiological
55830	▁practising
55831	▁premiere
55832	▁preoccupation
55833	▁prettiness
55834	▁primjer
55835	▁principalities
55836	▁pristine
55837	▁procurator
55838	▁prodigious
55839	▁profiling
55840	▁psaltery
55841	▁psychic
55842	▁quant
55843	▁recession
55844	▁redundant
55845	▁reinforcing
55846	▁relevance
55847	▁rhetorical
55848	▁rug
55849	▁sceptre
55850	▁scholastic
55851	▁sculptor
55852	▁scuttled
55853	▁sectarianism
55854	▁shaky
55855	▁sickening
55856	▁skeptic
55857	▁spasm
55858	▁staircase
55859	▁stealthily
55860	▁stepdaughter
55861	▁stipulate
55862	▁streetcar
55863	▁stvari
55864	▁superabundant
55865	▁supersede
55866	▁supplant
55867	▁supplicant
55868	▁swap
55869	▁swindle
55870	▁terminating
55871	▁tetrarch
55872	▁thermal
55873	▁thornbush
55874	▁throb
55875	▁tragically
55876	▁transmitter
55877	▁tribunal
55878	▁turbulence
55879	▁typified
55880	▁tyrannize
55881	▁unacquainted
55882	▁undisclosed
55883	▁unfeeling
55884	▁updating
55885	▁uterus
55886	▁vellum
55887	▁veneer
55888	▁venue
55889	▁wanker
55890	▁whiskers
55891	▁wrinkle
55892	▁xmi
55893	▁अंगरक्षक
55894	▁अक़लमन
55895	▁अक़्ल
55896	▁अख़िर
55897	▁अघापि
55898	▁अजेका
55899	▁अठा
55900	▁अडॉल्फ
55901	▁अतिसार
55902	▁अदभुत
55903	▁अनुस्म
55904	▁अपयश
55905	▁अबीश
55906	▁अभिरक्ष
55907	▁अमांडा
55908	▁अलग़रज
55909	▁अल्पसंख्यक
55910	▁अवधारणा
55911	▁अवर्गीकृत
55912	▁असतर
55913	▁असभ्य
55914	▁असैनिक
55915	▁अहितक
55916	▁आइन्द
55917	▁आक्सीजन
55918	▁आख़ि
55919	▁आच्छाद
55920	▁आज़ुर
55921	▁आतंकित
55922	▁आपूर्तिकर्ता
55923	▁आरएसआईब्रेक
55924	▁आराफ
55925	▁आर्गुमेंट्सः
55926	▁आर्डर
55927	▁आर्मी
55928	▁आलिंगन
55929	▁आशना
55930	▁आश्चर्यजनक
55931	▁इंजीनियरी
55932	▁इंटरलीनियर
55933	▁इक्वेटोर
55934	▁इज्ज़
55935	▁इटालिक
55936	▁इत्तेफ
55937	▁इम्त
55938	▁इलॆक्ट्रॉनिक
55939	▁इस्पात
55940	▁उँड़ेल
55941	▁उघाड़ना
55942	▁उत्प्रेरण
55943	▁उभारेगी
55944	▁उमड़ती
55945	▁उमड़ने
55946	▁ऊंघ
55947	▁ऊंटकटार
55948	▁ऎट
55949	▁एक़रा
55950	▁एटीए
55951	▁एथॉस
55952	▁एपीफैनी
55953	▁एमुलेटर
55954	▁एलिज़बेथ
55955	▁एलियाह
55956	▁एस्तोनिया
55957	▁ऐंग्लि
55958	▁ऐच्छिक
55959	▁ऐन्टि
55960	▁ऐन्टी
55961	▁ऑक्सिजन
55962	▁ऑर्केस्ट्रा
55963	▁ओम्री
55964	▁कंपकंप
55965	▁कपटपूर्ण
55966	▁कपड़ो
55967	▁कफ्फ
55968	▁कमान्ड
55969	▁कम्पोज़र
55970	▁कलाबाज़
55971	▁कहलाएंगे
55972	▁क़ुरआ
55973	▁क़ुरब
55974	▁कारसाज
55975	▁कार्बोहाइड्रेट
55976	▁किरदा
55977	▁कुंठित
55978	▁कुंवारियां
55979	▁कुड़कुड़ानेवाले
55980	▁कुहन
55981	▁कृपालुता
55982	▁केटीटीएस
55983	▁कैथोलिकवाद
55984	▁कैप्टन
55985	▁कैरोलाइना
55986	▁कैलोरिय
55987	▁कॉम्बीनेशन
55988	▁कोहनी
55989	▁क्रूगर
55990	▁क्रेश
55991	▁क्लाइ
55992	▁क्लूपफेल
55993	▁क्षयरोग
55994	▁क्षुद्रग्रह
55995	▁खताकार
55996	▁खन्दक
55997	▁खरन्ज
55998	▁खसरा
55999	▁ख़न्द
56000	▁ख़ुफ
56001	▁ख़ुर्द
56002	▁ख़ुल्
56003	▁ख़ुसूस
56004	▁ख़ेत
56005	▁खींचिए
56006	▁ख्व
56007	▁गंजा
56008	▁गद्
56009	▁गराज
56010	▁गरिमावान
56011	▁ग़र्ज
56012	▁ग़लतफ़हमियाँ
56013	▁ग़लब
56014	▁गाँववाले
56015	▁गिरजाघर
56016	▁गिरफ्
56017	▁गुनगुने
56018	▁गूंथने
56019	▁गोशे
56020	▁घोटाल
56021	▁चकमा
56022	▁चकाचौ
56023	▁चखेग
56024	▁चढ़ाएगा
56025	▁चहिए
56026	▁चाव
56027	▁चिंघाड
56028	▁चीड़
56029	▁चौकड़िया
56030	▁चौपाय
56031	▁च्यूं
56032	▁छतरी
56033	▁छब्बीस
56034	▁जमनेवाल
56035	▁जलगज
56036	▁जवाहरात
56037	▁जहन्न
56038	▁जहरीला
56039	▁ज़ाओ
56040	▁ज़ूल्
56041	▁जाँबाज़
56042	▁जाऎंग
56043	▁जीनस्
56044	▁जूफा
56045	▁झंकार
56046	▁झरना
56047	▁झरनो
56048	▁झाड़ू
56049	▁झिंझोड
56050	▁झुग्गी
56051	▁टंकिय
56052	▁टुण्ड
56053	▁टूल्स
56054	▁टॆक्नॉलजी
56055	▁टेढ
56056	▁टोरू
56057	▁टोस्ट
56058	▁ट्रंक
56059	▁ट्रैड
56060	▁ठुड
56061	▁डाइन
56062	▁डाइम
56063	▁डामर
56064	▁डिक्शनरि
56065	▁डिपॉज़िट
56066	▁डिस्ट
56067	▁ढँढ
56068	▁ढाँपने
56069	▁ढूँ
56070	▁ढृढ़
56071	▁तक़दी
56072	▁तख़फ
56073	▁तख्तियाँ
56074	▁तदनुकू
56075	▁तमतमा
56076	▁तहक़ीक
56077	▁तहकीकात
56078	▁तितलियों
56079	▁तुड़वा
56080	▁तैंतीस
56081	▁थंबनेल
56082	▁थैलिय
56083	▁दग़ाबाज
56084	▁दशाब्द
56085	▁दहाड
56086	▁दाढ़
56087	▁दारू
56088	▁दिखनेवाले
56089	▁दुष्
56090	▁देशद्रोह
56091	▁देशद्रोही
56092	▁धुएं
56093	▁धुलाई
56094	▁धौ
56095	▁नकलनवीस
56096	▁नदमुख
56097	▁नरेश
56098	▁निकटवर्त
56099	▁निफाक
56100	▁निराली
56101	▁निरुत्
56102	▁निर्ध
56103	▁नीयूवे
56104	▁नीलमणि
56105	▁नुकील
56106	▁नेसिज़
56107	▁नैज़
56108	▁नौजवा
56109	▁न्यूट्रल
56110	▁पछताने
56111	▁पनूएल
56112	▁पब्लिकेशन्स
56113	▁परस्त्रीगामियों
56114	▁परागकण
56115	▁परिज्जी
56116	▁पर्सनल
56117	▁पहनिए
56118	▁पहनी
56119	▁पहरुआ
56120	▁पहुँचाएगे
56121	▁पाकदाम
56122	▁पाक़ीज
56123	▁पाकीज
56124	▁पाफुस
56125	▁पीएचपी
56126	▁पीएसट
56127	▁पुरज़े
56128	▁पूछूँ
56129	▁पैग़म
56130	▁पोस्त
56131	▁प्रकाशगृह
56132	▁प्रतिभाशाली
56133	▁प्रतिष्ठि
56134	▁प्रथमाक्षर
56135	▁प्रदीप्त
56136	▁प्रमाम
56137	▁प्राइवे
56138	▁प्रोफाईल
56139	▁फरामोश
56140	▁फ़रक
56141	▁फ़ैक्ट्री
56142	▁फ़्रांसिस
56143	▁फिक्सेस
56144	▁फुसलाने
56145	▁फॉसिल
56146	▁फ्रूगिया
56147	▁फ्लोटिंग
56148	▁बकबा
56149	▁बख्य
56150	▁बग़ावत
56151	▁बच्चियाँ
56152	▁बजाएंगे
56153	▁बटलर
56154	▁बरख़ि
56155	▁बल्सा
56156	▁बहुपद
56157	▁बाँए
56158	▁बागबानी
56159	▁बाजु
56160	▁बाध्यताओं
56161	▁बाल्सा
56162	▁बिज़नेसमैन
56163	▁बिलख
56164	▁बिलाश
56165	▁बीही
56166	▁बुंल
56167	▁बुज़ु
56168	▁बून्द
56169	▁बेइन्
56170	▁बेपरदा
56171	▁बैठाऊंगा
56172	▁ब्योपार
56173	▁ब्लाइंड
56174	▁भट
56175	▁भाग्यशाल
56176	▁भाजक
56177	▁भानज
56178	▁भावपूर्ण
56179	▁भैंस
56180	▁मख़लू
56181	▁मचाएँ
56182	▁मछलिय
56183	▁मटमैल
56184	▁मणियों
56185	▁मनाज़ि
56186	▁मरीज
56187	▁मरुभ
56188	▁मस्तूल
56189	▁महजोंग
56190	▁महत्त्वाकांक्षा
56191	▁महामार्ग
56192	▁माँगेंगे
56193	▁मांझी
56194	▁माचिस
56195	▁माध्यमिक
56196	▁मार्कर्स
56197	▁माहदिया
56198	▁मिज़ाज़
56199	▁मिथ्यावाद
56200	▁मिलीग्राम
56201	▁मिसिस
56202	▁मीना
56203	▁मुआफ़िक
56204	▁मुक़द्द
56205	▁मुताफ
56206	▁मुनाफे
56207	▁मुवाफ़िक
56208	▁मुशरेक
56209	▁मुसाफ
56210	▁मूँछ
56211	▁मूर्त्तिय
56212	▁मेम्नों
56213	▁मेलमिलाप
56214	▁मैल्कॉम
56215	▁मोंटेल
56216	▁मोजिज़
56217	▁मोहब्
56218	▁यरबुक
56219	▁यर्मूत
56220	▁युक्रेन
56221	▁युवतिय
56222	▁युहन्
56223	▁यूडिट
56224	▁यूनिवर्सल
56225	▁रचनेवाला
56226	▁रचाएँगे
56227	▁रजस्
56228	▁रफ़ीक
56229	▁राकेल
56230	▁राष्ट्रीयवाद
56231	▁रिफ्रेश
56232	▁रीप्लेस
56233	▁रुकती
56234	▁रेंजर
56235	▁रेखाएँ
56236	▁रॉड
56237	▁रॉम
56238	▁रौंदेगा
56239	▁लगवाने
56240	▁लड़ाइयां
56241	▁ललाट
56242	▁लाइए
56243	▁लादनेवाल
56244	▁लारेंट
56245	▁लिडीया
56246	▁लूह
56247	▁लैंसिंग
56248	▁वगैरा
56249	▁वसूली
56250	▁वास्तुकला
56251	▁विक्लिफ
56252	▁विचारशीलता
56253	▁विल्सन
56254	▁विस्फ़ोट
56255	▁वेलेंटाइन
56256	▁वॉलपेपर
56257	▁वॉल्टर
56258	▁शफ़क
56259	▁शावक
56260	▁शोधक
56261	▁शोबाल
56262	▁शोष
56263	▁संचारण
56264	▁संजय
56265	▁संदूषण
56266	▁संयोगवश
56267	▁सतानेवाला
56268	▁समापक
56269	▁सम्पूर
56270	▁सरग़
56271	▁सरग़ोशिय
56272	▁सरताप
56273	▁सर्बियाई
56274	▁सहूलि
56275	▁साँड
56276	▁सांख्यिक
56277	▁साइबीरिया
56278	▁साहुल
56279	▁सिखलाया
56280	▁सीरियाई
56281	▁सूझेंग
56282	▁सौभाग्यशाल
56283	▁स्कीम
56284	▁स्टॉइक
56285	▁स्प्रिंग्स
56286	▁स्वत्वाधिकार
56287	▁हक़ीक
56288	▁हक़ीक़
56289	▁हथकंडा
56290	▁हवाईजहाज़
56291	▁हस्तियाँ
56292	▁हिन्दु
56293	▁हिव्वियों
56294	▁हॆनरी
56295	▁हॆल्थ
56296	▁हेलमेट
56297	▁होल्ज़र
56298	▁हौले
56299	▁़ज़ि
56300	▁१४३
56301	▁१४८
56302	▁१९३७
56303	▁१९४८
56304	▁१९६६
56305	▁१९७७
56306	▁८२
56307	▸
56308	100,000
56309	ALIF
56310	ALTH
56311	ASAR
56312	Abidjan
56313	Aforetime
56314	Among
56315	Aragua
56316	Armenian
56317	Athens
56318	Australia
56319	Backup
56320	Benvolio
56321	Berlin
56322	Brother
56323	Calcutta
56324	Certificate
56325	Compress
56326	Congregate
56327	Context
56328	Crucify
56329	DOUG
56330	Dakota
56331	Department
56332	Draft
56333	Earth
56334	Fajr
56335	False
56336	Fasiq
56337	Fierce
56338	Goliath
56339	Gravity
56340	Gurmukhi
56341	Hello
56342	Illiyun
56343	Inherit
56344	JAYE
56345	JOHA
56346	Jack
56347	Kwon
56348	Little
56349	MONG
56350	Manual
56351	Marie
56352	Maws
56353	McMur
56354	Middle
56355	Minute
56356	Miski
56357	Moreover
56358	Nuh
56359	Original
56360	Owner
56361	Paris
56362	Partners
56363	Prophethood
56364	Quality
56365	RAM
56366	RICE
56367	RIL
56368	Rarotonga
56369	Remain
56370	Remote
56371	Rica
56372	SECAM
56373	SFTP
56374	SOFTLY
56375	Saigon
56376	Scoresbysund
56377	Shepherd
56378	Subtree
56379	Suggest
56380	TAYLOR
56381	Taiyib
56382	Tawaf
56383	Thomas
56384	Tijuana
56385	Tortol
56386	Truk
56387	UIT
56388	Ujung
56389	Unicode
56390	Watchtower
56391	Wicked
56392	Zachariah
56393	ackets
56394	apocalypse
56395	appropriate
56396	aqwa
56397	archiv
56398	arctic
56399	arriage
56400	authorise
56401	authority
56402	beneficial
56403	bila
56404	biti
56405	blame
56406	bridal
56407	carried
56408	causing
56409	ccept
56410	ccepted
56411	deprecated
56412	develop
56413	dones
56414	duration
56415	dynamic
56416	enabled
56417	enraged
56418	eog
56419	erodach
56420	erspicuous
56421	etched
56422	exclusive
56423	fficiency
56424	finger
56425	fisted
56426	fonts
56427	function
56428	geeta
56429	geo
56430	glazing
56431	igger
56432	inheritance
56433	inju
56434	issing
56435	iva
56436	karan
56437	lens
56438	liché
56439	maintain
56440	malicious
56441	memorial
56442	mitry
56443	mixture
56444	moderate
56445	mould
56446	nderneath
56447	nnotation
56448	nnuity
56449	nominee
56450	odified
56451	offensive
56452	oppose
56453	output
56454	patient
56455	persuading
56456	piety
56457	pleasant
56458	popup
56459	positive
56460	proposal
56461	ptuous
56462	rolonged
56463	rozh
56464	rz
56465	sendmail
56466	shackle
56467	simply
56468	subjected
56469	subscribing
56470	superfi
56471	supplied
56472	supply
56473	synthesis
56474	technology
56475	toggle
56476	trepid
56477	undeserved
56478	utonomous
56479	verride
56480	virtue
56481	vista
56482	wheel
56483	wipe
56484	xtraordinary
56485	م
56486	ंग्ल
56487	ंसन
56488	अँधेरी
56489	अंधकारमय
56490	अक़्स
56491	अधीनस्थ
56492	अनुयायी
56493	अनुसरण
56494	अन्धेर
56495	अपस्वार्थी
56496	अल्जीयर्स
56497	अवज्ञा
56498	अवज्ञाकारी
56499	आंधी
56500	आजीविका
56501	आरोग्य
56502	आर्क
56503	आर्मीनीया
56504	इज़्ज़त
56505	इतरा
56506	इनुविक
56507	इरो
56508	इसराईल
56509	ईमानवालो
56510	ईसाईय
56511	उत्सव
56512	उदाहरणार्थ
56513	उपासक
56514	एडीलेड
56515	एवं
56516	कमचट
56517	कसैल
56518	कासाब्ला
56519	कुचिंग
56520	कुर्ते
56521	कुलुस्सियों
56522	कूल्हे
56523	कृपाशील
56524	कॉस्ट
56525	ख़ुल्ल
56526	ख़्त
56527	खांसी
56528	खोंवाले
56529	गरिमा
56530	गस्टीन
56531	गाडथ
56532	गिनती
56533	गुज़ार
56534	गुफा
56535	ग्लेस
56536	घूँट
56537	चंद
56538	चिहुआहुआ
56539	चौड़ी
56540	छत्र
56541	छन्द
56542	जस्य
56543	ज़ियम
56544	जुलो
56545	जेरूसलम
56546	झंझा
56547	झगड़ते
56548	झो
56549	टाँगों
56550	टिआगो
56551	टोंगाटापू
56552	ट्यूनिस
56553	ट्रेशन
56554	डाटाबेस
56555	डार्विन
56556	डॉक्टर
56557	ढोंगी
56558	तड़के
56559	तराधिकारी
56560	तार्किक
56561	त्स्क
56562	थुले
56563	थोड़ी
56564	थोडिस्ट
56565	दमस्क
56566	दिलाकर
56567	दुर्भाग्यशाली
56568	धेरे
56569	नक्षत्र
56570	नचेस्टर
56571	निपिगन
56572	नॉस
56573	नोक्स
56574	पड़ताल
56575	पथभ्रष्ट
56576	परफेक्ट
56577	परिणामस्वरूप
56578	परिवर्तित
56579	पलटने
56580	पलटे
56581	पशुओं
56582	पिघला
56583	पुस
56584	प्रातः
56585	प्रातःकाल
56586	प्रेषण
56587	फटते
56588	फरीसियों
56589	फ़रिश
56590	फ़ैसला
56591	फूले
56592	फूसिय
56593	फ्टवेयर
56594	फ्लिक
56595	बख़र
56596	बटोर
56597	बताए
56598	बपतिस्मा
56599	बर्लिन
56600	बहुदेववाद
56601	बिसर
56602	बुजुंब
56603	बुढाप
56604	बुर्ग
56605	बुलाओ
56606	बूबू
56607	बेथेल
56608	बैठनेवाल
56609	ब्रिसबेन
56610	ब्लैंटा
56611	भक्तों
56612	मंत्रण
56613	मंदिर
56614	मखौल
56615	मत्तो
56616	मरयम
56617	मरोड़कर
56618	मियाज़ा
56619	मुअय्य
56620	मुद्रण
56621	मुहम्म
56622	मुहम्मद
56623	मोंटी
56624	म्भालने
56625	म्स्क
56626	याकूत
56627	युनिवर्सिटी
56628	रकंद
56629	रक्षात्मक
56630	रारोटो
56631	राहीम
56632	रिसाइ
56633	लंदन
56634	लक्ष्य
56635	लगातार
56636	लौट
56637	ल्हानान
56638	वफादार
56639	वर्द्धन
56640	वशीभ
56641	वसवस
56642	वायज
56643	विंडो
56644	विनष्ट
56645	वियन
56646	विशाल
56647	शविट्
56648	शीओल
56649	शून्य
56650	शोधन
56651	श्रेणियों
56652	संगीतखेल
56653	संघर्ष
56654	संभावित
56655	संस्कृत
56656	सदृश
56657	सन्देश
56658	समानाधिकार
56659	सराईल
56660	सहमे
56661	साँस
56662	साक्षी
56663	सायबा
56664	सिहरन
56665	सुधरे
56666	सेकण्ड
56667	सेदेक
56668	सेवन
56669	सौभाग्य
56670	सौभाग्यशाली
56671	स्टिय
56672	स्सल
56673	हलका
56674	हिम्मत
56675	हिलाकर
56676	़ुलाम
56677	़ौम
56678	ाधान
56679	ाभव
56680	ार्ड
56681	िजुआना
56682	ीदीम
56683	ृद्धि
56684	ॆफ़
56685	ेल्वे
56686	ैश्
56687	ोन्हा
56688	ोषिक
56689	्क्वेस
56690	्म्मे
56691	१९६४
56692	२७
56693	३८
56694	६८
56695	ತ
56696	▁1/10
56697	▁1/6
56698	▁16,17
56699	▁AMERICA
56700	▁Abandoned
56701	▁Abyss
56702	▁Activities
56703	▁Adorn
56704	▁Advocate
56705	▁Affectionate
56706	▁Amelia
56707	▁Asshur
56708	▁Atlanta
56709	▁Autodetect
56710	▁Ayub
56711	▁BELIEVE
56712	▁Bakr
56713	▁Barbour
56714	▁Benvolio
56715	▁Bergen
56716	▁Beryl
56717	▁Binnui
56718	▁CANADA
56719	▁CHOOSE
56720	▁CLOSE
56721	▁COMPLE
56722	▁CONTROL
56723	▁Calltip
56724	▁Candidate
56725	▁Carchemish
56726	▁Carmelite
56727	▁Caucasus
56728	▁Chagas
56729	▁Cherry
56730	▁Concealed
56731	▁Conclud
56732	▁Consort
56733	▁Constellation
56734	▁Contend
56735	▁Copier
56736	▁Craig
56737	▁Croa
56738	▁Debi
56739	▁Deception
56740	▁Defici
56741	▁Delude
56742	▁Dentist
56743	▁Derby
56744	▁Detective
56745	▁Diogenes
56746	▁Discrimination
56747	▁Dishon
56748	▁Disput
56749	▁EAST
56750	▁Edersheim
56751	▁Election
56752	▁Eleni
56753	▁Eliphelet
56754	▁Elnathan
56755	▁Emboss
56756	▁Emerg
56757	▁Enosh
56758	▁Entebbe
56759	▁Episcopal
56760	▁Equip
56761	▁Erase
56762	▁Esar
56763	▁Eskimo
56764	▁Etty
56765	▁Eugene
56766	▁FEATURES
56767	▁Factorial
56768	▁Ferguson
56769	▁Friar
56770	▁Frieda
56771	▁Friedrich
56772	▁Frontend
56773	▁Fuzzy
56774	▁GEAC
56775	▁GUARD
56776	▁Gedor
56777	▁Gerald
56778	▁Giorgi
56779	▁Glasgow
56780	▁Glossy
56781	▁Gloucester
56782	▁Grandmother
56783	▁HOUR
56784	▁HaMeem
56785	▁Harmless
56786	▁Headship
56787	▁Histor
56788	▁Horizon
56789	▁Hyrcanus
56790	▁Ihram
56791	▁Illegal
56792	▁Illustri
56793	▁Impact
56794	▁Imperfection
56795	▁Implicit
56796	▁Initialization
56797	▁Investigation
56798	▁Irenaeus
56799	▁Irène
56800	▁Ismael
56801	▁Jachin
56802	▁Jeremy
56803	▁Jerimoth
56804	▁KDevelop
56805	▁KFileReplace
56806	▁Katie
56807	▁Kazakh
56808	▁Kekaimalu
56809	▁Koine
56810	▁LDIF
56811	▁Lancet
56812	▁Languedoc
56813	▁Lebanese
56814	▁Logging
56815	▁Lonely
56816	▁Lucius
56817	▁Luna
56818	▁Lydda
56819	▁MEETING
56820	▁Maggie
56821	▁Malcam
56822	▁Malin
56823	▁Margaritha
56824	▁Marshal
56825	▁Medinah
56826	▁Meraioth
56827	▁Multitudes
56828	▁Mushrik
56829	▁Nadia
56830	▁Nadu
56831	▁Nav
56832	▁Nawafil
56833	▁Nethaneel
56834	▁NetworkManager
56835	▁Olaf
56836	▁Operator
56837	▁Opponent
56838	▁PROCLAIM
56839	▁Palermo
56840	▁Parthenon
56841	▁Pashur
56842	▁Pelethites
56843	▁Perea
56844	▁Peruvian
56845	▁Phonon
56846	▁Príncipe
56847	▁RUSSIA
56848	▁Rechabites
56849	▁Redeem
56850	▁Relent
56851	▁Rift
56852	▁Rudnik
56853	▁SERVANT
56854	▁SIGN
56855	▁SUPER
56856	▁Scenario
56857	▁Scourge
56858	▁Sergeant
56859	▁Seventeen
56860	▁Silva
56861	▁Skinner
56862	▁Spellcheck
56863	▁Steward
56864	▁Stewart
56865	▁Strasbourg
56866	▁Strigi
56867	▁Striv
56868	▁Subti
56869	▁Synonym
56870	▁TELL
56871	▁Telugu
56872	▁Tishri
56873	▁Tohru
56874	▁Torture
56875	▁Twinkie
56876	▁Understood
56877	▁Undeterred
56878	▁Uzbekistan
56879	▁Vacation
56880	▁Veera
56881	▁WALK
56882	▁Winner
56883	▁Winning
56884	▁WorKflow
56885	▁Wołów
56886	▁Yelahanka
56887	▁Zakaria
56888	▁Zakariyya
56889	▁Zebul
56890	▁abbreviated
56891	▁affrighted
56892	▁alligator
56893	▁ambiguity
56894	▁anarchy
56895	▁antialiasing
56896	▁antiseptic
56897	▁apostatize
56898	▁atrocious
56899	▁audaci
56900	▁awning
56901	▁beekeeper
56902	▁bereave
56903	▁blogosphere
56904	▁bounc
56905	▁brisk
56906	▁buffalo
56907	▁calculator
56908	▁cardboard
56909	▁cassette
56910	▁cataracts
56911	▁categorical
56912	▁chinese
56913	▁clipped
56914	▁coexist
56915	▁coke
56916	▁communal
56917	▁complicate
56918	▁confection
56919	▁copyright
56920	▁cosmos
56921	▁coupling
56922	▁cripple
56923	▁cyclist
56924	▁cynic
56925	▁darnel
56926	▁denomination
56927	▁deplore
56928	▁deportation
56929	▁depositories
56930	▁dessert
56931	▁dirhams
56932	▁disarm
56933	▁disgruntled
56934	▁disinclin
56935	▁dispelled
56936	▁dragonflies
56937	▁dunghill
56938	▁dwindle
56939	▁dyslexia
56940	▁ecosystem
56941	▁endearment
56942	▁engrave
56943	▁enhanc
56944	▁evacuate
56945	▁evacuation
56946	▁eviction
56947	▁exodus
56948	▁expedite
56949	▁exposé
56950	▁extramarital
56951	▁faggot
56952	▁famished
56953	▁firebrand
56954	▁flimsy
56955	▁folklore
56956	▁foodstuffs
56957	▁foreground
56958	▁foursquare
56959	▁fox
56960	▁funnel
56961	▁gdb
56962	▁gedi
56963	▁genii
56964	▁glamorous
56965	▁glib
56966	▁gliding
56967	▁glories
56968	▁gullible
56969	▁gutters
56970	▁gym
56971	▁gzip
56972	▁handkerchief
56973	▁haphazard
56974	▁hygienic
56975	▁identities
56976	▁ideologies
56977	▁ihram
56978	▁imitator
56979	▁immobilize
56980	▁immuno
56981	▁impersonat
56982	▁inauspicious
56983	▁indictment
56984	▁infamy
56985	▁intermix
56986	▁interrogator
56987	▁invisibly
56988	▁justifiably
56989	▁kiosk
56990	▁knight
56991	▁kppp
56992	▁lawgiver
56993	▁legged
56994	▁lexicographer
56995	▁liability
56996	▁lintel
56997	▁ljudima
56998	▁masjid
56999	▁masonry
57000	▁meltdown
57001	▁merrymaking
57002	▁misguidance
57003	▁monastic
57004	▁monoxide
57005	▁mugger
57006	▁mushrik
57007	▁myrtle
57008	▁niggardliness
57009	▁nonsmok
57010	▁oftentimes
57011	▁orgies
57012	▁overdose
57013	▁overdrinking
57014	▁overemphasiz
57015	▁overgrown
57016	▁overindulge
57017	▁packaging
57018	▁pessimism
57019	▁pictur
57020	▁plaintive
57021	▁plugged
57022	▁plumage
57023	▁prodding
57024	▁prune
57025	▁psalteries
57026	▁quarantine
57027	▁reactivat
57028	▁recognizable
57029	▁recuperati
57030	▁reenact
57031	▁reflex
57032	▁repositories
57033	▁repression
57034	▁restorative
57035	▁retrospect
57036	▁revolving
57037	▁ridges
57038	▁ruddy
57039	▁sab
57040	▁salad
57041	▁sallie
57042	▁sapling
57043	▁savanna
57044	▁scaffold
57045	▁sclerosis
57046	▁semicolon
57047	▁senile
57048	▁sentinel
57049	▁sham
57050	▁shrug
57051	▁simulator
57052	▁slant
57053	▁slop
57054	▁sloppy
57055	▁slur
57056	▁sneeze
57057	▁souvenir
57058	▁spicy
57059	▁spli
57060	▁spokesperson
57061	▁sprawl
57062	▁stench
57063	▁strapped
57064	▁subset
57065	▁substantiate
57066	▁subsystem
57067	▁subtleties
57068	▁sumptuous
57069	▁superintendent
57070	▁tactless
57071	▁taming
57072	▁tera
57073	▁termination
57074	▁terrific
57075	▁tortoise
57076	▁uid
57077	▁unaided
57078	▁uncultiva
57079	▁uneasiness
57080	▁unfavorably
57081	▁unpolluted
57082	▁unreasonably
57083	▁unselects
57084	▁unworthily
57085	▁valu
57086	▁vampire
57087	▁verifie
57088	▁vermin
57089	▁watt
57090	▁wholesale
57091	▁workmanship
57092	▁yogurt
57093	▁अंहकार
57094	▁अक्कूब
57095	▁अगम्य
57096	▁अग्रदूत
57097	▁अचंभा
57098	▁अड़तीस
57099	▁अनएनक्रिप्टेड
57100	▁अनलोड
57101	▁अनाड़ी
57102	▁अनाथालय
57103	▁अनावृत
57104	▁अन्तर्राष्ट्रीय
57105	▁अन्होन
57106	▁अप्रयुक्
57107	▁अरिस्तर्खुस
57108	▁अल्फ्रेड
57109	▁अशतोरेत
57110	▁अशान्त
57111	▁असाइन
57112	▁अस्तबल
57113	▁आंद्रेय
57114	▁आइडिया
57115	▁आइवरी
57116	▁आइसोटोप
57117	▁आत्मीय
57118	▁आपबीती
57119	▁इंटरपोल
57120	▁इकट्ट
57121	▁इकाइया
57122	▁इन्फ्रारेड
57123	▁इबली
57124	▁इम्प्लीमेंटेशन
57125	▁इस्त्री
57126	▁उठेंगी
57127	▁उत्थान
57128	▁ऊँघने
57129	▁ऎनोरॆक्सिया
57130	▁एंड्रू
57131	▁एक्सप्लोर
57132	▁एडाप्टिव
57133	▁एडॉप्टर
57134	▁एनिमेटेड
57135	▁एन्ट्री
57136	▁एपिफ
57137	▁एम्बेडे
57138	▁एलनातान
57139	▁एल्ब
57140	▁एसएमबी
57141	▁ऐटलस
57142	▁ऑक्ज़ल
57143	▁कट्टा
57144	▁कदमीएल
57145	▁कफन
57146	▁कमाती
57147	▁कम्पाला
57148	▁कहलायी
57149	▁क़ुर्
57150	▁कानाफूस
57151	▁कुंए
57152	▁कुंठा
57153	▁कुर्बान
57154	▁कैपिटल
57155	▁कैमरों
57156	▁कैरेट
57157	▁कैलिफॉर्निया
57158	▁कॉर्डल
57159	▁कोकीनाकीस
57160	▁कोलम्बस
57161	▁कोल्ह
57162	▁क्रिस्टफर
57163	▁क्लोनिंग
57164	▁क्षत्रों
57165	▁ख़जूर
57166	▁खुराज़ीन
57167	▁गदोर
57168	▁गरमागरम
57169	▁गाढ
57170	▁गार्डियन
57171	▁गिड़गि
57172	▁गुंडे
57173	▁गुत्
57174	▁गुयाना
57175	▁गुस्ताख
57176	▁गुस्ताव
57177	▁गूँजत
57178	▁गॅल
57179	▁गोलाई
57180	▁ग्रुपवाइज़
57181	▁ग्रेगोर
57182	▁ग्लेशियर
57183	▁घड़नेवाल
57184	▁घमं
57185	▁घाटियाँ
57186	▁घेड़ों
57187	▁चक्रवात
57188	▁चटपट
57189	▁चट्टे
57190	▁चतुर्थ
57191	▁चमचमात
57192	▁चात
57193	▁चिकारे
57194	▁चिपचिपा
57195	▁चिरंजीव
57196	▁चील
57197	▁चेस्टर
57198	▁छापेखान
57199	▁छिदवा
57200	▁जक्कूर
57201	▁जगात
57202	▁जज़्ब
57203	▁जनेगी
57204	▁जन्मदाता
57205	▁जरह्माह
57206	▁जरूसल
57207	▁जल्दबाजी
57208	▁ज़ाहि
57209	▁जिटर
57210	▁जीईएसी
57211	▁जीवात्मा
57212	▁जुतवा
57213	▁जुलियट
57214	▁जेनिस
57215	▁जेरी
57216	▁जॉय
57217	▁झुण
57218	▁टाइफ
57219	▁टिप्स
57220	▁टॉर्च
57221	▁ट्रांसफ़ॉर्म
57222	▁डक
57223	▁डाई
57224	▁डाढ़
57225	▁डिनर
57226	▁डिपो
57227	▁डीसीसी
57228	▁डेसीमीटर
57229	▁डोमिनिक
57230	▁ढृढ
57231	▁तंदरुस्त
57232	▁तान्या
57233	▁दंभ
57234	▁दबोच
57235	▁दम्पतिय
57236	▁दर्शनशास्त्र
57237	▁दलायाह
57238	▁दहेज
57239	▁दिग्गज
57240	▁दुल्हे
57241	▁देंखे
57242	▁दोहराइए
57243	▁द्वंद्व
57244	▁धारियोंवाला
57245	▁धीरजवंत
57246	▁धुन्ध
57247	▁धुन्धला
57248	▁नकाब
57249	▁नबियो
57250	▁नाइट्र
57251	▁नाईजीरिया
57252	▁नामंज़ूर
57253	▁निर्ण
57254	▁निर्दिष्
57255	▁निर्माताओं
57256	▁निस्संद
57257	▁नुस्ख़ा
57258	▁नूमार
57259	▁न्यूमोनि
57260	▁पंचायत
57261	▁पकड़वाएंगे
57262	▁पथभ्रष्
57263	▁पम्प
57264	▁परमविश्राम
57265	▁परागण
57266	▁परिकल्पना
57267	▁परिचारक
57268	▁परिशिष्ट
57269	▁पर्वतारोह
57270	▁पर्सपेक्ट
57271	▁पलत्याह
57272	▁पसीज
57273	▁पहचानवाले
57274	▁पहलुओ
57275	▁पाउण्ड
57276	▁पीएगा
57277	▁पुन्तुस
57278	▁पुरातत्त्वज्ञ
57279	▁पूछनेवाला
57280	▁पूर्णिमा
57281	▁पूर्वनियत
57282	▁पॅपाइरस
57283	▁पेलेग
57284	▁पैंस
57285	▁पैसिफिक
57286	▁पौध
57287	▁प्रकार्यात्मक
57288	▁प्रसंस्करण
57289	▁प्राइस
57290	▁प्रिंसीपल
57291	▁प्रिज़्म
57292	▁प्रैक्टिस
57293	▁प्रोटेस्टेन्ट
57294	▁प्लैन
57295	▁फ़रिश्तो
57296	▁फ़ायरफ़ॉक्स
57297	▁फ़िलिप
57298	▁फासो
57299	▁फैंसी
57300	▁फॉर्क
57301	▁फ्राँ
57302	▁फ्रीडम
57303	▁फ्रॉस्ट
57304	▁बल्लेबाज
57305	▁बाँका
57306	▁बाहिया
57307	▁बाहें
57308	▁बिठाएँ
57309	▁बिल्लौर
57310	▁बुआ
57311	▁बेलगाम
57312	▁बेल्जियम
57313	▁बोस्निया
57314	▁ब्राउ
57315	▁ब्रूनो
57316	▁ब्रेकडाउन
57317	▁ब्रैंडन
57318	▁ब्लूटूथ
57319	▁ब्लैंकिंग
57320	▁ब्लॉब
57321	▁भाँजिया
57322	▁भूलूँगा
57323	▁मकैनिक
57324	▁मत्तित्याह
57325	▁मत्थ
57326	▁मनोविज्ञानी
57327	▁मल्कियाह
57328	▁महापौर
57329	▁माट
57330	▁मानूं
57331	▁माफ़िया
57332	▁मार्गारीटा
57333	▁मिसमैच
57334	▁मिसुपुतामिया
57335	▁मीशल
57336	▁मीशेल
57337	▁मूझ
57338	▁मॆडिसिन
57339	▁मैग्
57340	▁मैरियौं
57341	▁मैसेडोनिया
57342	▁मोटरसाइकिल
57343	▁मोरिय्याह
57344	▁मोरेल
57345	▁यहोहानान
57346	▁येतेर
57347	▁योजनाबद्ध
57348	▁रंगशाला
57349	▁राजनयिक
57350	▁राजमुकुट
57351	▁राफेल
57352	▁रावन्सब्र
57353	▁रूडॉल्फ
57354	▁रेग्यूल
57355	▁रेज़र
57356	▁रौनक
57357	▁लड़ती
57358	▁लिटिल
57359	▁लिफ़ाफ़
57360	▁लुभानेवाल
57361	▁लूज़
57362	▁लूटना
57363	▁लैंडिंग
57364	▁लैटविया
57365	▁वंशावलियों
57366	▁वाटरमार्क
57367	▁वालपेपर
57368	▁वालॆ
57369	▁विज़िट
57370	▁विज्ञप्ति
57371	▁विशेषण
57372	▁विषुव
57373	▁वैनकूवर
57374	▁व्यवधान
57375	▁व्यवसायिक
57376	▁व्हिस्की
57377	▁शतपति
57378	▁शबन्याह
57379	▁शल्य
57380	▁शान्तिप्रिय
57381	▁शालेम
57382	▁शिलिंग
57383	▁शीला
57384	▁शुभारंभ
57385	▁शेल्फ
57386	▁संकलन
57387	▁संकुचन
57388	▁संतोषदाय
57389	▁संबन्ध
57390	▁संयोजक
57391	▁सड़न
57392	▁सताएँ
57393	▁सदुप
57394	▁सद्व्य
57395	▁समग्र
57396	▁समान्तर
57397	▁सराहूंगा
57398	▁सर्बिया
57399	▁साइनाइटिकस
57400	▁सामन्
57401	▁सामहन
57402	▁सिखला
57403	▁सिफ़ारि
57404	▁सिसक
57405	▁सीईओ
57406	▁सुशील
57407	▁सैंडामनवाद
57408	▁सॉलिटेयर
57409	▁स्टाय
57410	▁स्तुतिगान
57411	▁स्नेहिल
57412	▁स्नो
57413	▁स्पीयर
57414	▁स्फूर्ति
57415	▁स्लैश
57416	▁स्वच्छंद
57417	▁स्वयंसेवी
57418	▁स्विम
57419	▁स्वीकरण
57420	▁स्वेटर
57421	▁स्वैप
57422	▁हाइट्
57423	▁हिंदुओं
57424	▁हिप्पोक्रेटिस
57425	▁हैनशल
57426	▁१८७०
57427	▁१८७९
57428	2.6.
57429	2833
57430	864)
57431	90,000
57432	AGUE
57433	Abandon
57434	Abort
57435	Application
57436	Arguments
57437	Armageddon
57438	Assistant
57439	Backend
57440	Birthday
57441	Boa
57442	Brazil
57443	Buenos
57444	CFCs
57445	CHUCKL
57446	Cairo
57447	Cambridge
57448	Cascade
57449	Costa
57450	Created
57451	Croatian
57452	DDER
57453	Drink
57454	Duration
57455	English
57456	FLINT
57457	Feed
57458	Further
57459	Guatemala
57460	HK
57461	Helena
57462	Humble
57463	Indent
57464	Info
57465	JOH
57466	Kiri
57467	LOB
57468	Legend
57469	Lift
57470	Linde
57471	MACHINE
57472	Master
57473	Medium
57474	Must
57475	Nairobi
57476	Oppose
57477	Panama
57478	Place
57479	Pod
57480	Postpone
57481	Pride
57482	Process
57483	Random
57484	Recipients
57485	Repeat
57486	Resize
57487	Rico
57488	River
57489	SCOFFS
57490	SPECT
57491	Salvador
57492	Sarajevo
57493	Scala
57494	Schedule
57495	Serving
57496	Sigh
57497	Singapore
57498	Slanderer
57499	Solo
57500	Tahiti
57501	Tarb
57502	TimeZone
57503	Translators
57504	UNICEF
57505	Usage
57506	Vincent
57507	York
57508	abhor
57509	anoramic
57510	arsi
57511	aster
57512	atlas
57513	attempt
57514	bsolute
57515	chemic
57516	cibly
57517	concealed
57518	cott
57519	decision
57520	decked
57521	dedication
57522	description
57523	destruction
57524	distinguish
57525	document
57526	drug
57527	eagle
57528	element
57529	engal
57530	ennial
57531	entirely
57532	eply
57533	exercise
57534	focus
57535	gcompris
57536	general
57537	gleda
57538	gstrea
57539	gtk
57540	investigati
57541	ldif
57542	logging
57543	match
57544	merging
57545	mproving
57546	nimatable
57547	ntensely
57548	obbies
57549	oreign
57550	osclerosis
57551	ostok
57552	patriate
57553	physical
57554	plasma
57555	plea
57556	proxy
57557	purified
57558	quipped
57559	reator
57560	record
57561	release
57562	repentant
57563	rgb
57564	rigid
57565	rubbed
57566	rue
57567	running
57568	rythropoietin
57569	rüg
57570	saint
57571	satisfied
57572	saturated
57573	scarlet
57574	scientific
57575	separate
57576	serious
57577	sharp
57578	ssages
57579	strung
57580	ström
57581	stupid
57582	subscribe
57583	sustain
57584	sustenance
57585	symmetrical
57586	tension
57587	tired
57588	tribution
57589	ummary
57590	uncleanness
57591	uniformity
57592	unpack
57593	webdav
57594	wiki
57595	xml
57596	yeong
57597	ympathetic
57598	zoomed
57599	ă
57600	ंगड़
57601	ंटुकी
57602	ंसबर्ग
57603	अनंत
57604	आधारित
57605	एनजीसी
57606	कागज
57607	काटामार्का
57608	काठमांड
57609	काराकस
57610	कारीगर
57611	क्टेयर
57612	क्रैस्न
57613	क्वाजाल
57614	गार्ड
57615	गुआडेलो
57616	गुआयना
57617	गैंबियर
57618	घ्य
57619	चुम्बकीय
57620	जन्मदिन
57621	जामेना
57622	जुब्ल
57623	ज्ञापन
57624	ज्यूरि
57625	ज्विक
57626	टाज़ी
57627	ठहाके
57628	डब्लिन
57629	डोमिन्गो
57630	तरावा
57631	दुश्
57632	ध्वजा
57633	नवंबर
57634	नार्फाक
57635	न्द्रिय
57636	परीक्षा
57637	पारामारिबो
57638	पुरानी
57639	पेड़
57640	पैथी
57641	प्ति
57642	प्रतिज्ञा
57643	प्रबंध
57644	प्रबन्ध
57645	प्रभावी
57646	प्रसन्
57647	प्रांत
57648	प्राग
57649	प्लेटो
57650	फॉर्मिकस्
57651	फोर्टालेज
57652	बलसान
57653	बस्टर्स
57654	बैंकाक
57655	बोध
57656	ब्रुनेई
57657	भाईचार
57658	भिचार
57659	मर्थित
57660	मसीहियत
57661	मानवीय
57662	मास्टर
57663	मिन्स्
57664	मॆट
57665	मेलबोर्न
57666	मैक्सिको
57667	मोंटेवीडियो
57668	म्बकटू
57669	याकुतात
57670	यार्स्क
57671	येकाटेरि
57672	राजकुमार
57673	रिअन्
57674	रिम
57675	रीटि
57676	रॉइट
57677	रोदक
57678	रोसारियो
57679	र्तन
57680	लबर्ग
57681	लिफ़ोर्निया
57682	लुहान
57683	वहेल्प
57684	वाचा
57685	वीवे
57686	वेतन
57687	वैंकूवर
57688	वोस्तोक
57689	व्हाइटह
57690	शुक्रिया
57691	ष्ण
57692	सकेत
57693	सप्ताह
57694	सानियत
57695	साराजेवो
57696	सुधार
57697	सेम्बल
57698	स्कोर्सबाइस
57699	स्तिथि
57700	स्मृत
57701	स्वास्थ्य
57702	हंसता
57703	हावने
57704	होबार्ट
57705	ार्जिया
57706	िज़म
57707	िणी
57708	िफिकेशन
57709	ीडआउट
57710	ीडीया
57711	ुनाफ
57712	ूड़ो
57713	ॆंशन
57714	ैयनी
57715	ॉलिक
57716	ोउला
57717	ोनाइडस
57718	ोमिनी
57719	ोमीटर
57720	्न्यूस
57721	्रेष
57722	३१
57723	५९
57724	६४
57725	ು
57726	ṁ
57727	▁("1.2
57728	▁(0.1
57729	▁(143)
57730	▁(187)
57731	▁(1990
57732	▁(2016)
57733	▁14,15.
57734	▁28,29
57735	▁ARB
57736	▁Abroad
57737	▁Accord
57738	▁Acropolis
57739	▁Adolescence
57740	▁Agabus
57741	▁Agboola
57742	▁Aggregation
57743	▁Alejandro
57744	▁Alexandrine
57745	▁Alicia
57746	▁Approval
57747	▁Arguing
57748	▁Argument
57749	▁Arioch
57750	▁Aurelian
57751	▁BBD
57752	▁BUZZING
57753	▁Benefactor
57754	▁Bertra
57755	▁Blade
57756	▁Bubble
57757	▁Budget
57758	▁Bukki
57759	▁Bulk
57760	▁Butterfly
57761	▁CAMERON
57762	▁CFCs
57763	▁Calabria
57764	▁Carthage
57765	▁Cartridge
57766	▁Cassiodorus
57767	▁Categorized
57768	▁Cathedral
57769	▁Cedric
57770	▁Celebration
57771	▁Cervisia
57772	▁Charlemagne
57773	▁Chaste
57774	▁Cheng
57775	▁Chennai
57776	▁Cigarette
57777	▁Composing
57778	▁Confronted
57779	▁Coptic
57780	▁Courteous
57781	▁Criteria
57782	▁Cullmann
57783	▁Dachau
57784	▁Declar
57785	▁Determination
57786	▁Diction
57787	▁Difficulties
57788	▁Dignifie
57789	▁Discourage
57790	▁Disobedience
57791	▁Douay
57792	▁Edrei
57793	▁Elisabeth
57794	▁Employment
57795	▁Enciclop
57796	▁Eret
57797	▁Esq
57798	▁Essence
57799	▁Ettrich
57800	▁Eugeni
57801	▁Evident
57802	▁Ezion
57803	▁FOUR
57804	▁FRONT
57805	▁Famous
57806	▁Filipino
57807	▁Floppy
57808	▁Flush
57809	▁Fritz
57810	▁GIFT
57811	▁Geert
57812	▁Genoa
57813	▁Giovann
57814	▁Gregorian
57815	▁HI
57816	▁HONKING
57817	▁Helge
57818	▁Hunain
57819	▁INDISTINCTLY
57820	▁Immortality
57821	▁Indicate
57822	▁Inferno
57823	▁Intelligence
57824	▁Jaegers
57825	▁Jeremoth
57826	▁Jorna
57827	▁Jürgen
57828	▁KURT
57829	▁Legion
57830	▁Liberation
57831	▁Lowercase
57832	▁Ltd
57833	▁MILLIONS
57834	▁MINUTE
57835	▁Mahlon
57836	▁Malaria
57837	▁Malluch
57838	▁Mandarin
57839	▁Manufacturer
57840	▁Maurice
57841	▁Meera
57842	▁Mikhail
57843	▁Monarch
57844	▁Motor
57845	▁Mouth
57846	▁Mujinju
57847	▁Narrow
57848	▁Negeb
57849	▁Neil
57850	▁Nightingale
57851	▁ONLINE
57852	▁Occurs
57853	▁PREACH
57854	▁Pamela
57855	▁Pang
57856	▁Pencil
57857	▁Percy
57858	▁Pleas
57859	▁Predestination
57860	▁Pregnancy
57861	▁Presumptuous
57862	▁Proselyt
57863	▁Prosperity
57864	▁Providence
57865	▁Quartodeciman
57866	▁Quiz
57867	▁Radian
57868	▁Raków
57869	▁Ramadhan
57870	▁Rivalry
57871	▁Rowena
57872	▁Rust
57873	▁SCSI
57874	▁SOMETHING
57875	▁STEVE
57876	▁Shalmaneser
57877	▁Shelomith
57878	▁Sheriff
57879	▁Shilonite
57880	▁Shittim
57881	▁Shuffle
57882	▁Skeptics
57883	▁Slavery
57884	▁Smyth
57885	▁Stein
57886	▁Struct
57887	▁Tekoite
57888	▁Theodotos
57889	▁Threatened
57890	▁Toulouse
57891	▁Trajan
57892	▁Transferring
57893	▁Transition
57894	▁Transmission
57895	▁Trimm
57896	▁Tutankhamen
57897	▁Urgent
57898	▁Vega
57899	▁Versailles
57900	▁Vladimir
57901	▁WAILING
57902	▁WEEK
57903	▁Waldensian
57904	▁Wallpaper
57905	▁Warren
57906	▁Worry
57907	▁Worst
57908	▁Wounds
57909	▁Writ
57910	▁XXX
57911	▁ZEPHANIAH
57912	▁Zabu
57913	▁Zeeb
57914	▁Zoan
57915	▁aberration
57916	▁abrupt
57917	▁adorable
57918	▁adulation
57919	▁affix
57920	▁aghast
57921	▁agitat
57922	▁aground
57923	▁allocat
57924	▁antelope
57925	▁apace
57926	▁apprenticeship
57927	▁aptitude
57928	▁archdeceiver
57929	▁awestruck
57930	▁awry
57931	▁bacillus
57932	▁backtrace
57933	▁backwaters
57934	▁baraba
57935	▁barricade
57936	▁biochemical
57937	▁blister
57938	▁breadwinner
57939	▁broj
57940	▁browbeat
57941	▁burie
57942	▁busybodies
57943	▁cavity
57944	▁ceramic
57945	▁cessation
57946	▁circulatory
57947	▁clandestine
57948	▁closure
57949	▁coefficient
57950	▁colonize
57951	▁condemnatory
57952	▁confiding
57953	▁conflagration
57954	▁congratulate
57955	▁conscription
57956	▁consensus
57957	▁contriv
57958	▁convulse
57959	▁cosmetic
57960	▁counsellors
57961	▁crouched
57962	▁crucifix
57963	▁cruis
57964	▁crutch
57965	▁decigram
57966	▁dependency
57967	▁depletion
57968	▁dešava
57969	▁disoriented
57970	▁drummer
57971	▁ecology
57972	▁economist
57973	▁emulate
57974	▁entourage
57975	▁equatorial
57976	▁etiquette
57977	▁falsified
57978	▁fanciful
57979	▁fatlings
57980	▁flier
57981	▁flinch
57982	▁flora
57983	▁fluctuate
57984	▁foreordain
57985	▁frequencies
57986	▁garnish
57987	▁gbrainy
57988	▁glanc
57989	▁gpx
57990	▁grandiose
57991	▁grenade
57992	▁halve
57993	▁hectare
57994	▁hiking
57995	▁holocaust
57996	▁honeybee
57997	▁hua
57998	▁hugging
57999	▁humpback
58000	▁ibex
58001	▁imaging
58002	▁impeccabl
58003	▁imperceptibly
58004	▁imput
58005	▁incorrigibl
58006	▁inexhaustible
58007	▁injected
58008	▁inseparably
58009	▁instantaneous
58010	▁intrude
58011	▁jitter
58012	▁jubilant
58013	▁kerosene
58014	▁kiln
58015	▁kindergarten
58016	▁koala
58017	▁lattice
58018	▁linguist
58019	▁liturgi
58020	▁logarithm
58021	▁looted
58022	▁lotteries
58023	▁machete
58024	▁maltreat
58025	▁mammal
58026	▁mammoth
58027	▁marionettes
58028	▁masquerad
58029	▁metallic
58030	▁meteorite
58031	▁midpoint
58032	▁milligrams
58033	▁minstrel
58034	▁miseries
58035	▁mitre
58036	▁mnog
58037	▁monogamy
58038	▁motherfucker
58039	▁mummy
58040	▁netbooks
58041	▁nonpolitical
58042	▁nutrient
58043	▁obscenity
58044	▁obscur
58045	▁organisation
58046	▁otter
58047	▁outmaneuver
58048	▁outpace
58049	▁pendulum
58050	▁pervading
58051	▁phantom
58052	▁pharmacy
58053	▁physique
58054	▁pinions
58055	▁pizza
58056	▁polic
58057	▁polynomial
58058	▁precipice
58059	▁prefect
58060	▁prejudg
58061	▁pristup
58062	▁proficiency
58063	▁propitiate
58064	▁proportionately
58065	▁prostat
58066	▁provinc
58067	▁purport
58068	▁quadratic
58069	▁quid
58070	▁radar
58071	▁radiating
58072	▁ravished
58073	▁reassess
58074	▁recuperate
58075	▁recycling
58076	▁rekha
58077	▁removable
58078	▁rheumato
58079	▁rhino
58080	▁ricksha
58081	▁ringleader
58082	▁rosary
58083	▁rosy
58084	▁samayik
58085	▁scantily
58086	▁screech
58087	▁seraphs
58088	▁shampoo
58089	▁shopkeeper
58090	▁shrimp
58091	▁simile
58092	▁smartphone
58093	▁speculative
58094	▁spendthrift
58095	▁spokesmen
58096	▁squid
58097	▁strew
58098	▁structural
58099	▁stumblingblock
58100	▁subcontinent
58101	▁svg
58102	▁swaggering
58103	▁syringe
58104	▁tapping
58105	▁tehnologij
58106	▁territori
58107	▁testifieth
58108	▁thermometer
58109	▁thiever
58110	▁tiniest
58111	▁tradesmen
58112	▁trampling
58113	▁trinity
58114	▁trousers
58115	▁tubule
58116	▁unappreciated
58117	▁uncluttered
58118	▁unexplained
58119	▁unnumbered
58120	▁unsatisfactory
58121	▁unsolicited
58122	▁untrained
58123	▁untranslat
58124	▁untrustworthy
58125	▁unwarranted
58126	▁venomous
58127	▁verbose
58128	▁vicar
58129	▁victor
58130	▁vindicat
58131	▁volition
58132	▁warheads
58133	▁yaha
58134	▁अंतःस्थापित
58135	▁अजायबघर
58136	▁अज्ञेयवाद
58137	▁अनम्य
58138	▁अम्मीहूद
58139	▁अरारात
58140	▁अर्पक्षद्
58141	▁अर्योक
58142	▁अलमारिय
58143	▁अल्बेनियाई
58144	▁अविवेकी
58145	▁अविष्कार
58146	▁आइंस्टाइन
58147	▁आपत्तिजनक
58148	▁आमाटे
58149	▁आयोडीन
58150	▁आरटीएफ
58151	▁आलस्य
58152	▁इंग्लॆंड
58153	▁इंपोर्ट
58154	▁इंसीडेंस
58155	▁इटैलियन
58156	▁इमानवील
58157	▁इरैसमस
58158	▁इवेंट
58159	▁इसाबेल
58160	▁उड़ना
58161	▁एकाकी
58162	▁एक्सपीए
58163	▁एट्रिच
58164	▁एडिसन
58165	▁एफओएल
58166	▁एबेद
58167	▁एरेकी
58168	▁एलिक्स
58169	▁एशल
58170	▁ऐंठ
58171	▁ऐलेक्सै
58172	▁ऑफ़सेट
58173	▁ओंठ
58174	▁ओझाओं
58175	▁ओवरबर्न
58176	▁कछुआ
58177	▁कटरीना
58178	▁कबाड़
58179	▁करफुफल
58180	▁कस्ब
58181	▁क़स्बे
58182	▁कारनामों
58183	▁कीर्तिमान
58184	▁कुर्सियाँ
58185	▁केल्विन
58186	▁कैटरपिलर
58187	▁कैरॆन
58188	▁कैल्शियम
58189	▁कॉम्प्रे
58190	▁कोल्ट्स
58191	▁क्रीस्ट
58192	▁क्रुज
58193	▁क्वान
58194	▁क्षीण
58195	▁खगोलज्ञ
58196	▁खाँचे
58197	▁खौल
58198	▁गट्ठ
58199	▁गणतंत्र
58200	▁गिरगिट
58201	▁गिरत्नतार
58202	▁गुदगुदी
58203	▁गृहदेवता
58204	▁गेटकीपर
58205	▁गेम्स्
58206	▁गोड
58207	▁ग्रहिका
58208	▁ग्राउंड
58209	▁ग्लोरी
58210	▁घर्षण
58211	▁चटाई
58212	▁चढ़ाएँ
58213	▁चराएगा
58214	▁चहचहा
58215	▁चाइन
58216	▁चाकल
58217	▁चिड़चिड़
58218	▁चींटियाँ
58219	▁चुभन
58220	▁चैम्पियन
58221	▁चौरासी
58222	▁चौवन
58223	▁छज्ज
58224	▁छपाईखान
58225	▁छियासठ
58226	▁जनरेटर
58227	▁ज़ायके
58228	▁ज़ेन
58229	▁ज़्होज़
58230	▁जालसाज़
58231	▁जिंज
58232	▁जियोग्राफिक
58233	▁जुड़वाँ
58234	▁जॆफ
58235	▁जेसुइट
58236	▁जैक्सन
58237	▁जॉयस्टिक
58238	▁झंझट
58239	▁टंकी
58240	▁टकराने
58241	▁टकराया
58242	▁टिफनी
58243	▁टुलू
58244	▁टेक्सस
58245	▁टैटू
58246	▁टैन
58247	▁टॉलेमी
58248	▁टोन्हों
58249	▁डिलीवरी
58250	▁डिस्प
58251	▁डेथ
58252	▁डेवढ़िय
58253	▁डॉल्फिन
58254	▁ड्रेस
58255	▁तत्त्वज्ञानियों
58256	▁तदनुभूति
58257	▁तप्पूह
58258	▁तसले
58259	▁तुषार
58260	▁त्रासद
58261	▁थैंक
58262	▁दंडादेश
58263	▁दमड़ियां
58264	▁दिलाएगी
58265	▁दुतकार
58266	▁दुबला
58267	▁दुर्गंध
58268	▁दुष्टात्म
58269	▁दोषमुक्
58270	▁द्विआधारी
58271	▁धन्ध
58272	▁धाराएँ
58273	▁धुंआ
58274	▁नक्काश
58275	▁नवं
58276	▁नशेड़ी
58277	▁नातीपोत
58278	▁निराले
58279	▁निषेधाज्ञा
58280	▁निष्ठाहीनता
58281	▁नीलामी
58282	▁नुस्ख़े
58283	▁नैनो
58284	▁नॉर्टन
58285	▁परभक्ष
58286	▁पर्ब
58287	▁पहचानकारक
58288	▁पांए
58289	▁पाठान्तर
58290	▁पाबंदिय
58291	▁पितृत्व
58292	▁पुजारिन
58293	▁पुनरीक्षण
58294	▁पूर्वाग्रह
58295	▁पेट्रो
58296	▁पैक्स
58297	▁प्रणय
58298	▁प्रतिकृति
58299	▁प्रदक्षिणा
58300	▁प्रेमरहित
58301	▁प्रॉफॆसर
58302	▁प्रोटोटाइप
58303	▁प्लाज़्मा
58304	▁फिलिप्स
58305	▁फीबे
58306	▁फुटपाथ
58307	▁फोनोग्राफ
58308	▁फ्रां
58309	▁फ्लेमिंग
58310	▁फ्लोचार्टिंग
58311	▁बँधानेवाल
58312	▁बारीकियाँ
58313	▁बिब्लिकल
58314	▁बिरंगी
58315	▁बीट्राइस
58316	▁बुक्की
58317	▁बुरुण्ड
58318	▁बॆल्ट
58319	▁बेखौफ
58320	▁बेशर्म
58321	▁बैकट्रेस
58322	▁बैसाखी
58323	▁बॉयफ्रे
58324	▁बोएगा
58325	▁बोत्सवाना
58326	▁बोरियत
58327	▁ब्लूफिन
58328	▁भंडा
58329	▁भाज्य
58330	▁भावप्रवण
58331	▁भिक्षु
58332	▁भूटान
58333	▁भौचक्क
58334	▁मंगेतर
58335	▁मकोड़े
58336	▁मनोव्यथा
58337	▁मरूस्थल
58338	▁मशग
58339	▁मसोपोटामिया
58340	▁माहवार
58341	▁मिशनाह
58342	▁मृतावस्था
58343	▁मेक्सिक
58344	▁मोर्स
58345	▁यूथ
58346	▁यॉर
58347	▁योबाब
58348	▁रवांडा
58349	▁राइफल
58350	▁रिकर्सिव
58351	▁रुड
58352	▁रूआख
58353	▁रेंगत
58354	▁लजाएगा
58355	▁लजाते
58356	▁लत्ते
58357	▁लाँघ
58358	▁लार्वा
58359	▁लिखनेवालों
58360	▁लिखवाने
58361	▁लीओन
58362	▁लुतर
58363	▁लूइज
58364	▁लूईस
58365	▁लेओन
58366	▁लैंस
58367	▁लैटर
58368	▁वर्नर
58369	▁वाइल्ड
58370	▁वाहवाही
58371	▁वेस्टफेल
58372	▁व्रत
58373	▁व्रेप
58374	▁सँवरने
58375	▁संक्राम
58376	▁संबध
58377	▁संभलकर
58378	▁सन्तुलित
58379	▁समलिंग
58380	▁समावेश
58381	▁समुन्दर
58382	▁सस्पेंशन
58383	▁साक्षरता
58384	▁सिंध
58385	▁सिलवान
58386	▁सुधारेगा
58387	▁सूसान
58388	▁सेवानिवृत्त
58389	▁स्टेफान
58390	▁स्पाइ
58391	▁स्पाइडर
58392	▁स्वाहिली
58393	▁स्वेप
58394	▁हफ्ता
58395	▁हाँफना
58396	▁हाफटोन
58397	▁हिचकिचाता
58398	▁हिरोशिमा
58399	▁हेन्री
58400	▁हेरोइन
58401	▁हैंडबुक
58402	▁हॉलीवुड
58403	▁१९१६
58404	▁१९५४
58405	▁१९७२
58406	${
58407	123456789
58408	AKA
58409	Above
58410	Adelaide
58411	Adhere
58412	Amsterdam
58413	Anniversary
58414	Antibiotics
58415	Aqsa
58416	Ashg
58417	Auckland
58418	Azeez
58419	BEEPING
58420	BODY
58421	BOOL
58422	Bahrain
58423	Barbados
58424	Belfast
58425	Belize
58426	Bogot
58427	Bratislava
58428	Broken
58429	Brown
58430	Budapest
58431	Buttons
58432	CIF
58433	CURRENT
58434	Caret
58435	Casey
58436	Categories
58437	Celtic
58438	Chatter
58439	Chicago
58440	Confidential
58441	Constantine
58442	Copenhagen
58443	Creation
58444	Damascus
58445	Daniel
58446	Dublin
58447	Effects
58448	Europe
58449	Everlasting
58450	Fetch
58451	Fiji
58452	GNU
58453	GPG
58454	Gather
58455	Gaza
58456	Gehenna
58457	Godtha
58458	Goose
58459	Guam
58460	Guyana
58461	HZ
58462	Hawwa
58463	Hijjah
58464	Illiyin
58465	Increase
58466	Irkutsk
58467	Jamaica
58468	Japan
58469	Japanese
58470	Johannesburg
58471	Joshua
58472	Joyful
58473	Kafirun
58474	Kamchatka
58475	Kampala
58476	Kiev
58477	Konqueror
58478	Kuwait
58479	LOT
58480	Lisbon
58481	London
58482	Luxembourg
58483	METAL
58484	Madrid
58485	Maldives
58486	Malta
58487	Mandatory
58488	Maren
58489	Mauritius
58490	Melbourne
58491	Merid
58492	Montreal
58493	Mount
58494	Mozilla
58495	Nip
58496	Niue
58497	Nordic
58498	OBER
58499	Offline
58500	Okay
58501	Package
58502	Palmer
58503	Pang
58504	Pardoning
58505	Patron
58506	Perth
58507	Pontia
58508	Prague
58509	Proceed
58510	Puerto
58511	RSVP
58512	Rainy
58513	Recurrence
58514	Required
58515	Rotate
58516	Salamu
58517	Samiri
58518	Santiago
58519	Santo
58520	Self
58521	Seoul
58522	Shrink
58523	Signature
58524	Simple
58525	Spouse
58526	Squiggl
58527	Stanley
58528	Stockholm
58529	Subscriptions
58530	Tiran
58531	Tokyo
58532	Translat
58533	Unlock
58534	Vancouver
58535	Vienna
58536	Zihar
58537	absolute
58538	achieve
58539	activ
58540	adequate
58541	ahajjud
58542	akar
58543	alytic
58544	announce
58545	approach
58546	aspects
58547	ayammum
58548	biomimetics
58549	breast
58550	business
58551	capture
58552	celandic
58553	central
58554	charity
58555	completion
58556	confidence
58557	curse
58558	decrease
58559	disease
58560	disobey
58561	divine
58562	dolaters
58563	duced
58564	election
58565	ellphone
58566	emoticon
58567	employ
58568	ercent
58569	extrica
58570	fuzzy
58571	global
58572	gracious
58573	gulls
58574	heavy
58575	hydration
58576	hyprocrites
58577	idget
58578	joh
58579	mpelled
58580	ncoding
58581	neglect
58582	nforeseen
58583	ompetent
58584	onspiracies
58585	overlapping
58586	paramount
58587	pledge
58588	provide
58589	psychiatry
58590	published
58591	qarnain
58592	ransom
58593	recipitation
58594	reprinted
58595	reproaching
58596	resurrect
58597	rimmon
58598	roatian
58599	roductory
58600	schedule
58601	schema
58602	school
58603	science
58604	scrambling
58605	scription
58606	skaya
58607	skilled
58608	spamc
58609	speech
58610	surrender
58611	tags
58612	tangled
58613	temple
58614	thousand
58615	ultiplayer
58616	ultitran
58617	umanitarian
58618	ures
58619	urkish
58620	urmukhi
58621	urrent
58622	violence
58623	volumes
58624	womb
58625	xquisite
58626	Ð
58627	ū
58628	ع
58629	अनदेखे
58630	इलाज
58631	एरने
58632	किंशासा
58633	क्लोपीडिया
58634	चनीय
58635	चान्दी
58636	छिड़काव
58637	जर्मन
58638	जर्मनी
58639	जल्द
58640	ज़टॆक
58641	ज़टेक
58642	जाँच
58643	टमेंट
58644	टीबी
58645	टॆल
58646	ट्रेट
58647	ट्रैट
58648	ड्यूमा
58649	ड्राइव
58650	तरीन
58651	तिस्लाव
58652	त्नत
58653	थपथ
58654	निकम्मे
58655	निधान
58656	नुष्ठान
58657	परमपवित्र
58658	पांव
58659	पादिका
58660	पोप
58661	बाइज़ेन्टीनी
58662	बुज़ुर्ग
58663	मिशनरी
58664	मूढ़
58665	मोथेरेपी
58666	मौरी
58667	म्यून्स्टर
58668	रिस्त
58669	र्थोडॉक्स
58670	लूश
58671	विट्
58672	विष्ट
58673	वृत्त
58674	वैज्ञानिक
58675	व्यक्
58676	शमूएल
58677	शांत
58678	शासक
58679	शुतुरमुर्ग
58680	संकेत
58681	संकोच
58682	संगठित
58683	संपन्
58684	समस्या
58685	सिंगापुर
58686	सीधा
58687	सूव
58688	स्टिक्स
58689	स्ट्रोम
58690	स्वभाव
58691	हियाव
58692	हैड
58693	हैलीफैक्स
58694	ालाम
58695	ाल्ट्
58696	िरोध्य
58697	िलाती
58698	िष्णु
58699	ोसिस
58700	्पी
58701	्रैण
58702	्लीनी
58703	्शाव
58704	्साइट
58705	५८
58706	ಿ
58707	ೆ
58708	▁24,25
58709	▁6440,
58710	▁Abiezer
58711	▁Abstain
58712	▁Achbor
58713	▁Achiev
58714	▁Adnan
58715	▁Alison
58716	▁Ammihud
58717	▁Anticipate
58718	▁Araceli
58719	▁Arkansas
58720	▁Assembling
58721	▁Ataroth
58722	▁Autogenerate
58723	▁Aviation
58724	▁Aymara
58725	▁Azrikam
58726	▁BENEFIT
58727	▁Backgammon
58728	▁Bahirah
58729	▁Banchetti
58730	▁Bethzatha
58731	▁Bigvai
58732	▁Birgit
58733	▁Blanchard
58734	▁Brandenburg
58735	▁CGI
58736	▁Carlyle
58737	▁Cattolica
58738	▁Centimeters
58739	▁Cherrapunji
58740	▁Circumcision
58741	▁Cisneros
58742	▁Collins
58743	▁Complain
58744	▁Complement
58745	▁Concentrate
58746	▁Consume
58747	▁Covetousness
58748	▁Cristi
58749	▁Cristina
58750	▁Cylinder
58751	▁Damaris
58752	▁Debt
58753	▁Destructi
58754	▁Disposition
58755	▁Disregard
58756	▁Distort
58757	▁Dothraki
58758	▁Driving
58759	▁Dufayel
58760	▁Dyer
58761	▁ENTER
58762	▁ERROR
58763	▁Elevat
58764	▁Ellis
58765	▁Emphasis
58766	▁Estimati
58767	▁Etam
58768	▁FIFO
58769	▁FREQUEN
58770	▁Felisa
58771	▁Finance
58772	▁Flatten
58773	▁Flirting
58774	▁Follo
58775	▁Folly
58776	▁Furnace
58777	▁Geography
58778	▁Gibbethon
58779	▁Glacier
58780	▁Gozan
58781	▁Hadarezer
58782	▁Hamaan
58783	▁Hasidim
58784	▁Haughty
58785	▁Hummingbird
58786	▁Hunayn
58787	▁Hymenaeus
58788	▁INTERVIEW
58789	▁Identifie
58790	▁Idrees
58791	▁Impart
58792	▁Iráklion
58793	▁Ishbosheth
58794	▁JOY
58795	▁Jediael
58796	▁Jehozadak
58797	▁Jeshaiah
58798	▁KGoldrunner
58799	▁KPlato
58800	▁Kannada
58801	▁Kashmir
58802	▁Katherine
58803	▁Katja
58804	▁Krecipes
58805	▁Lesotho
58806	▁Lycaonia
58807	▁MARCH
58808	▁MAX
58809	▁Machpelah
58810	▁Makrónisos
58811	▁Meremoth
58812	▁Miniature
58813	▁Mombasa
58814	▁Monotheist
58815	▁Motivation
58816	▁Muncher
58817	▁NGC
58818	▁Nadine
58819	▁Naioth
58820	▁Narrat
58821	▁Natasha
58822	▁Nazarite
58823	▁Nicolau
58824	▁Nietzsche
58825	▁Noël
58826	▁Nursing
58827	▁Odyssey
58828	▁Oklahoma
58829	▁Ophel
58830	▁Opportunity
58831	▁Optimistic
58832	▁Oracle
58833	▁Orphan
58834	▁Overwhelmed
58835	▁PAUL
58836	▁PERSON
58837	▁PROFESS
58838	▁Parenthes
58839	▁Pathfinder
58840	▁Perceiv
58841	▁Permanent
58842	▁Persistent
58843	▁Persuasion
58844	▁Pharez
58845	▁Philosophy
58846	▁Platt
58847	▁Pluck
58848	▁Populat
58849	▁Poulain
58850	▁Pronunciation
58851	▁Proprietary
58852	▁Purim
58853	▁Pygmies
58854	▁Qibla
58855	▁RELIGIO
58856	▁Rarely
58857	▁Reconciliation
58858	▁Resiz
58859	▁Resuming
58860	▁Rizpah
58861	▁Ryszard
58862	▁SALLY
58863	▁SEVEN
58864	▁SPIRITUAL
58865	▁STAY
58866	▁STDEV
58867	▁Satisfaction
58868	▁Sawyer
58869	▁Schmidt
58870	▁Seleucia
58871	▁Sepharvaim
58872	▁Shecaniah
58873	▁Shimron
58874	▁Squad
58875	▁Stenz
58876	▁Stereo
58877	▁Stuart
58878	▁Stéphane
58879	▁Sudoku
58880	▁Suppliers
58881	▁Surprising
58882	▁Synagogue
58883	▁Synod
58884	▁Tammuz
58885	▁Therapy
58886	▁Tishbite
58887	▁Toljan
58888	▁Tooltip
58889	▁Tragic
58890	▁Truncate
58891	▁Undeniably
58892	▁Unsubscrib
58893	▁Variant
58894	▁Vasco
58895	▁Vinci
58896	▁Voltaire
58897	▁WBBR
58898	▁Wander
58899	▁Watermark
58900	▁Wendy
58901	▁Winbind
58902	▁Wolsey
58903	▁Wormhole
58904	▁Wuebben
58905	▁YOURSELF
58906	▁Yukon
58907	▁Zarda
58908	▁abdicate
58909	▁absolution
58910	▁accelerating
58911	▁accompaniment
58912	▁adoring
58913	▁aisle
58914	▁amputated
58915	▁annex
58916	▁apologist
58917	▁appertain
58918	▁appliance
58919	▁apron
58920	▁arbfp
58921	▁ardor
58922	▁astonish
58923	▁augment
58924	▁autonomy
58925	▁bach
58926	▁bachelor
58927	▁bacilli
58928	▁batterer
58929	▁battleground
58930	▁benediction
58931	▁bollocks
58932	▁bristle
58933	▁buddies
58934	▁calibration
58935	▁capita
58936	▁capturing
58937	▁cassava
58938	▁cauldrons
58939	▁cavities
58940	▁chappie
58941	▁charlatan
58942	▁cherries
58943	▁chopping
58944	▁circumstantial
58945	▁cogniti
58946	▁confiscat
58947	▁conjur
58948	▁contaminat
58949	▁convene
58950	▁copilot
58951	▁coronation
58952	▁corrode
58953	▁courtiers
58954	▁cramps
58955	▁crunch
58956	▁cuddle
58957	▁decimated
58958	▁decorate
58959	▁decrepit
58960	▁defamatory
58961	▁defecate
58962	▁deficit
58963	▁dekh
58964	▁depleted
58965	▁desecrate
58966	▁desensitize
58967	▁destinies
58968	▁dinosaur
58969	▁disorganized
58970	▁dissolute
58971	▁durability
58972	▁eerie
58973	▁embitter
58974	▁emissary
58975	▁enamo
58976	▁endorphins
58977	▁ensample
58978	▁euros
58979	▁evaluat
58980	▁extenuati
58981	▁eyeglasses
58982	▁flogging
58983	▁flowcharting
58984	▁galleries
58985	▁garner
58986	▁gastro
58987	▁genis
58988	▁geologic
58989	▁grumbling
58990	▁gunpowder
58991	▁hexadecimal
58992	▁hyperbola
58993	▁ignominous
58994	▁immerse
58995	▁incalculable
58996	▁incestuous
58997	▁incorporat
58998	▁indisputable
58999	▁indistinct
59000	▁innocency
59001	▁insensibility
59002	▁iodine
59003	▁irresistibly
59004	▁irrevocable
59005	▁jawbone
59006	▁kidnapper
59007	▁laboriously
59008	▁laggard
59009	▁lantern
59010	▁laughingstock
59011	▁limelight
59012	▁loopholes
59013	▁lucid
59014	▁magistrate
59015	▁magnesium
59016	▁mandrakes
59017	▁merriment
59018	▁metabolism
59019	▁micrometer
59020	▁midmorning
59021	▁miserliness
59022	▁mitigat
59023	▁mummies
59024	▁nibbl
59025	▁nipple
59026	▁nuke
59027	▁officiate
59028	▁officiating
59029	▁omniscien
59030	▁opulent
59031	▁ornate
59032	▁ovum
59033	▁paddle
59034	▁pedestal
59035	▁penguin
59036	▁penicillin
59037	▁potassium
59038	▁potato
59039	▁preeminence
59040	▁preteen
59041	▁probation
59042	▁psychopath
59043	▁queried
59044	▁raft
59045	▁rebuttal
59046	▁regexp
59047	▁reinvigorated
59048	▁remedi
59049	▁remonstrate
59050	▁rendition
59051	▁repetitive
59052	▁repugnance
59053	▁resizable
59054	▁retail
59055	▁reticen
59056	▁retort
59057	▁rivulet
59058	▁sabotage
59059	▁sacrilege
59060	▁scapegoat
59061	▁sediment
59062	▁sensuous
59063	▁sentencing
59064	▁sergeant
59065	▁shackled
59066	▁shantytown
59067	▁siesta
59068	▁snakebite
59069	▁snug
59070	▁splinter
59071	▁spree
59072	▁stimuli
59073	▁strut
59074	▁subjugation
59075	▁sullen
59076	▁supervising
59077	▁sysfs
59078	▁tacit
59079	▁tavern
59080	▁tawny
59081	▁toothpaste
59082	▁torturing
59083	▁triangular
59084	▁triune
59085	▁tropics
59086	▁turquoise
59087	▁uncaring
59088	▁uncontrollable
59089	▁unquenchable
59090	▁unsurpassed
59091	▁utilities
59092	▁videotape
59093	▁voic
59094	▁voltage
59095	▁voracious
59096	▁vulnerability
59097	▁waxe
59098	▁wildflowers
59099	▁wineskins
59100	▁अकाउंट
59101	▁अध्यापिका
59102	▁अपभ्रष्ट
59103	▁अफ्रीक
59104	▁अबाबील
59105	▁अभियुक्
59106	▁अभियोज
59107	▁अलंकार
59108	▁अवसाद
59109	▁अस्वीकरण
59110	▁आँत
59111	▁आइंस्टीन
59112	▁आइरिस
59113	▁आदमखोर
59114	▁आदरपूर्वक
59115	▁आरएसएस
59116	▁आवर्धन
59117	▁आशंकित
59118	▁इंटरनैश
59119	▁इक्वाडोर
59120	▁इटालियन
59121	▁इफेक्ट
59122	▁एक्यूपंक्चर
59123	▁एडलेड
59124	▁एडविन
59125	▁एन्टोनियो
59126	▁ऐडम्स
59127	▁ऑडिट
59128	▁ऑपेरा
59129	▁ओमेगा
59130	▁कचोटन
59131	▁कज़ाकिस्तान
59132	▁कतरने
59133	▁कमाएँ
59134	▁कमेटियों
59135	▁कम्बल
59136	▁कराटे
59137	▁कलाकृतियाँ
59138	▁कहलाएँगे
59139	▁क़ैसर
59140	▁काज़ु
59141	▁कार्टर
59142	▁कालक्रम
59143	▁किलॆमॆनजारो
59144	▁कुंवार
59145	▁कुमारियो
59146	▁कुल्हाड़िय
59147	▁कूसको
59148	▁कृष्ण
59149	▁कॆथी
59150	▁कॆनट
59151	▁कैरोलाइन
59152	▁कॉन्सटनटीनोपल
59153	▁क्रिस्चन
59154	▁क्लाउस
59155	▁क्लासरूम
59156	▁क्लॉडियस
59157	▁क्लोड
59158	▁ख़ैरियत
59159	▁ख़्याल
59160	▁खानपान
59161	▁खिच
59162	▁गर्लफ्र
59163	▁गाँजा
59164	▁गांधी
59165	▁गाइए
59166	▁गाएँगे
59167	▁गानेवालिय
59168	▁गॉट
59169	▁गोताखोर
59170	▁गोलीबारी
59171	▁ग्रॆगरी
59172	▁ग्रोन
59173	▁घबराएगा
59174	▁घृणास्पद
59175	▁चक्किय
59176	▁चद्दर
59177	▁चपड़
59178	▁चमगादड़
59179	▁चरवाहो
59180	▁चराएंगे
59181	▁चहुँ
59182	▁चित्तीवाले
59183	▁चुटकुले
59184	▁चौधर
59185	▁छटपटा
59186	▁छुरिय
59187	▁छुरे
59188	▁जंक्शन
59189	▁जनजातियों
59190	▁जनजातीय
59191	▁जुरमान
59192	▁जूलियस
59193	▁जेफरसन
59194	▁झमेल
59195	▁झरनों
59196	▁झिलमिली
59197	▁झेलीं
59198	▁टहलुओ
59199	▁टाइमस्
59200	▁टाईम
59201	▁टिशनडॉर्फ
59202	▁टेनेसी
59203	▁टेलीग्राफ
59204	▁टेलीविजन
59205	▁टैंप
59206	▁डाइजेस्ट
59207	▁ड्यूप्लेसी
59208	▁ढलानों
59209	▁तत्त्वज्ञ
59210	▁तम्मूज
59211	▁तहज़ीब
59212	▁तिबिरियास
59213	▁तिमोथी
59214	▁तिरतियुस
59215	▁तिलचट्टों
59216	▁तीरंदाज़
59217	▁तीर्थयात्रा
59218	▁तौलिए
59219	▁थम्ब
59220	▁थिस्सलुनीका
59221	▁दीसनीरोस
59222	▁धमाक
59223	▁धर्मसुधार
59224	▁धाँ
59225	▁नागदौन
59226	▁निबन्ध
59227	▁निरक्षर
59228	▁नुमाइश
59229	▁नूमैर
59230	▁नेकनीयत
59231	▁न्यौ
59232	▁पटाख
59233	▁पटेल
59234	▁पशुगमन
59235	▁पहाड़ियाँ
59236	▁पिज्जा
59237	▁पिरगा
59238	▁पुनःस्थापन
59239	▁पृष्ट
59240	▁पैंगो
59241	▁पोथिय
59242	▁पोस्टकार्ड
59243	▁प्राँत
59244	▁प्रोटेस्टंट
59245	▁फलसफ
59246	▁फ़ाश
59247	▁फाँस
59248	▁फांद
59249	▁फ्रॆंच
59250	▁फ्रैंकफर्ट
59251	▁बटेर
59252	▁बदरंग
59253	▁बाबिलोन
59254	▁बार्कल
59255	▁बाल्कन
59256	▁बिनतिय
59257	▁बुद्धू
59258	▁ब्रिटन
59259	▁ब्लीच
59260	▁ब्लौ
59261	▁भगद
59262	▁भिगा
59263	▁भूतसिद्धि
59264	▁भूमण्डल
59265	▁मँगा
59266	▁मँहग
59267	▁महँगाई
59268	▁महायुद्ध
59269	▁मिकाइल
59270	▁मिज़ूरी
59271	▁मिरियम
59272	▁मुँड
59273	▁मुसलिम
59274	▁मेड्रिड
59275	▁मोनतानो
59276	▁मोमबत्ती
59277	▁यहूदिन
59278	▁याहवे
59279	▁यूनीवर्सिटी
59280	▁योशी
59281	▁रसायनिक
59282	▁रिकॉर्
59283	▁रेडिए
59284	▁रेलगाड़िय
59285	▁रॉक्ज़ाना
59286	▁रॉटरडैम
59287	▁रॉबिनसन
59288	▁लक्ष्म
59289	▁लचीले
59290	▁लमह
59291	▁लवण
59292	▁लहराते
59293	▁लाइबीरिया
59294	▁लाइब्रेरिय
59295	▁लारसन
59296	▁लॉन्ग
59297	▁लॉबी
59298	▁वर्ड्
59299	▁वर्णानुक्रम
59300	▁वाइन्स
59301	▁विक्षुब्
59302	▁विचारणा
59303	▁विपदा
59304	▁विपदाओं
59305	▁वीएना
59306	▁वुल्फ
59307	▁व्यंग्य
59308	▁शंकाओं
59309	▁शित्त
59310	▁शिबिर
59311	▁शेक्सपियर
59312	▁शोकगीत
59313	▁सत्ताईस
59314	▁सनौबर
59315	▁समलिंगकामी
59316	▁समाजविज्ञानी
59317	▁सांप्रदायिक
59318	▁साइन्स
59319	▁साइबर
59320	▁सामंत
59321	▁सिखाऊंगा
59322	▁सियार
59323	▁सींचनेवाला
59324	▁सीनियर
59325	▁सुनाएँगे
59326	▁सुलझाते
59327	▁स्खलन
59328	▁स्टेला
59329	▁स्पीड
59330	▁स्विंगल
59331	▁हट्टे
59332	▁हत्याकाण्ड
59333	▁हाऊस
59334	▁हॉर्ट
59335	▁हॉलैंड
59336	▁१२५
59337	0,0
59338	30,000
59339	AINT
59340	APPNAME
59341	Alarm
59342	BALT
59343	BOL
59344	CLEAR
59345	Carry
59346	Cheer
59347	Correction
59348	DRAMA
59349	Dalit
59350	Deal
59351	Dust
59352	ETCH
59353	Evaluate
59354	Family
59355	Fox
59356	GStreamer
59357	Gecko
59358	Global
59359	HOME
59360	Http
59361	Index
59362	James
59363	Jonathan
59364	Lead
59365	Nevertheless
59366	Occurrence
59367	Optional
59368	Period
59369	Phrase
59370	Portrait
59371	RFC
59372	Root
59373	Sacrifice
59374	Sensible
59375	Smiley
59376	Strengthen
59377	Summary
59378	TURN
59379	Trade
59380	Unfailing
59381	Unmatched
59382	Unquestionably
59383	Visit
59384	Water
59385	Widget
59386	Zealous
59387	abandoned
59388	access
59389	achi
59390	acsimile
59391	agreement
59392	ambassadors
59393	association
59394	baptism
59395	bibliography
59396	billion
59397	bipolar
59398	calmness
59399	cancelled
59400	capital
59401	ccompanied
59402	chamber
59403	condemned
59404	confirmed
59405	debt
59406	definite
59407	dimensional
59408	discharging
59409	educated
59410	ethnic
59411	evidence
59412	excuse
59413	facing
59414	filtration
59415	fliction
59416	foolishness
59417	footstool
59418	framing
59419	genuine
59420	graduate
59421	groans
59422	horrible
59423	indescribable
59424	inese
59425	infernal
59426	isunderstandings
59427	kbps
59428	maritime
59429	memories
59430	milliliter
59431	misspelled
59432	mmune
59433	monotheism
59434	ncluding
59435	ngsters
59436	nprecedented
59437	nuclear
59438	official
59439	ologies
59440	opping
59441	pretend
59442	puffed
59443	refuge
59444	region
59445	response
59446	retrovir
59447	rotocols
59448	sacrificial
59449	safeguard
59450	saturation
59451	scattered
59452	sealed
59453	sensible
59454	settlement
59455	shrunk
59456	shuffling
59457	similar
59458	smileys
59459	social
59460	solemn
59461	spamd
59462	steadfast
59463	steward
59464	stirring
59465	tractable
59466	trembling
59467	worn
59468	xegetical
59469	xtract
59470	xyz
59471	À
59472	Å
59473	œ
59474	ţ
59475	अध्ययन
59476	अनुशासन
59477	अवश्
59478	आरंभ
59479	ईसाइयों
59480	कितने
59481	किशोर
59482	क्सिडेंट
59483	गठित
59484	चुअल
59485	छुड़ौती
59486	डायबिटीज़
59487	ढेर
59488	ण्डुरास
59489	दाखमधु
59490	दुखियारी
59491	नौजवान
59492	पोर्नोग्राफी
59493	बिशप
59494	भिव्यक्
59495	मध्यवर्ती
59496	मौज
59497	यत्न
59498	यद्यपि
59499	रमीना
59500	रिडा
59501	लम्पिक
59502	लिआ
59503	लैण्ड
59504	विकसित
59505	संचार
59506	संस्था
59507	सन्तान
59508	सांसारिक
59509	साक्षियों
59510	सैद्धांतिक
59511	स्मारक
59512	स्वीकार
59513	ायर्ड
59514	ावरण
59515	ीस्वा
59516	ुइट
59517	ेलियन
59518	्पबै
59519	्रॅक्ट
59520	्साइक्लोपीडिया
59521	३३
59522	४९
59523	९६
59524	ಾ
59525	‛
59526	−
59527	▁1997-200
59528	▁2001-201
59529	▁Abihail
59530	▁Abijam
59531	▁Adoniram
59532	▁Advertiser
59533	▁Alfonso
59534	▁Alphaeus
59535	▁Ammiel
59536	▁Angie
59537	▁Archippus
59538	▁Arlette
59539	▁Arpachshad
59540	▁Arphaxad
59541	▁Arrogant
59542	▁Autolycus
59543	▁Avenue
59544	▁BELIEF
59545	▁BLOWING
59546	▁BOB
59547	▁Bagrationi
59548	▁Balanc
59549	▁Baxford
59550	▁Bentley
59551	▁Berleburg
59552	▁Birmingham
59553	▁Blossom
59554	▁Bottle
59555	▁Brenda
59556	▁Bronx
59557	▁Buffalo
59558	▁Buyoya
59559	▁Caledonia
59560	▁Campbell
59561	▁Candace
59562	▁Cantor
59563	▁Carnival
59564	▁Casp
59565	▁Cenchreae
59566	▁Challenging
59567	▁Charalambos
59568	▁Chemnitz
59569	▁Colporteur
59570	▁Compatible
59571	▁Compelle
59572	▁Conquest
59573	▁Cosine
59574	▁Craft
59575	▁Crispus
59576	▁Croesus
59577	▁Croix
59578	▁Crusoe
59579	▁Curiosity
59580	▁Damasus
59581	▁Debbie
59582	▁Density
59583	▁Dependencies
59584	▁Deserv
59585	▁Detlef
59586	▁Dissociat
59587	▁Domitian
59588	▁Doyle
59589	▁Drosnin
59590	▁EXAMINED
59591	▁Eduard
59592	▁Eileen
59593	▁Embassy
59594	▁Enmity
59595	▁Envoy
59596	▁Eurasia
59597	▁Excess
59598	▁Explosion
59599	▁FAIL
59600	▁FEAR
59601	▁FRANCE
59602	▁Falcon
59603	▁François
59604	▁Fraser
59605	▁Fuel
59606	▁GALATIA
59607	▁Gantt
59608	▁Gazette
59609	▁Gdk
59610	▁Geiser
59611	▁Gesture
59612	▁Girgashite
59613	▁Gothic
59614	▁Guarantee
59615	▁HAPP
59616	▁HAPPEN
59617	▁Haifa
59618	▁Hellenism
59619	▁Hilda
59620	▁Hitoshi
59621	▁Horacio
59622	▁ISRAEL
59623	▁Idols
59624	▁Ignacio
59625	▁Immanuel
59626	▁Immoral
59627	▁Infidelity
59628	▁Intensity
59629	▁Introduce
59630	▁JEWS
59631	▁JOSH
59632	▁Jensen
59633	▁Jessie
59634	▁Judaizers
59635	▁Julienne
59636	▁KFormula
59637	▁KJots
59638	▁KTTS
59639	▁KWeather
59640	▁Klipper
59641	▁Knock
59642	▁Kompare
59643	▁Kostas
59644	▁Leprosy
59645	▁Liebster
59646	▁Lofty
59647	▁Louviers
59648	▁Lucien
59649	▁MONT
59650	▁Magnify
59651	▁Mahjongg
59652	▁Manawer
59653	▁Maori
59654	▁Marduk
59655	▁Mariví
59656	▁Martínez
59657	▁Matsepang
59658	▁Miami
59659	▁Mihoko
59660	▁Mitchell
59661	▁Multiply
59662	▁Mundo
59663	▁Myrtle
59664	▁NORTH
59665	▁Napoléon
59666	▁Nimr
59667	▁Nimshi
59668	▁Nurtur
59669	▁Oaxaca
59670	▁Opoku
59671	▁Owmadji
59672	▁PARENTING
59673	▁PLS
59674	▁PROJECT
59675	▁PUBLICATIONS
59676	▁Parosh
59677	▁Pessimistic
59678	▁Pestilence
59679	▁Phoenicia
59680	▁Pleiades
59681	▁Pluto
59682	▁Pollen
59683	▁Polycarp
59684	▁Povray
59685	▁Prohibited
59686	▁Psychiatr
59687	▁Punctual
59688	▁Purple
59689	▁RIGHTEOUS
59690	▁RIVER
59691	▁Readcd
59692	▁Rebellion
59693	▁Recipien
59694	▁Recur
59695	▁Regained
59696	▁Registry
59697	▁Reims
59698	▁Reliance
59699	▁Repositories
59700	▁Representative
59701	▁Repurchaser
59702	▁Richelieu
59703	▁SCIENCE
59704	▁SECOND
59705	▁SHIT
59706	▁SIDES
59707	▁SPANISH
59708	▁SUPPOSE
59709	▁Simplify
59710	▁Sinhala
59711	▁Snapshot
59712	▁Socinian
59713	▁Solitude
59714	▁Spectacle
59715	▁Spiegel
59716	▁Spiral
59717	▁Steinsaltz
59718	▁Tagalog
59719	▁Tahpanhes
59720	▁Talmai
59721	▁Targaryen
59722	▁Thrust
59723	▁Tropics
59724	▁Tukiso
59725	▁Turbulen
59726	▁Turkmenistan
59727	▁Tyrian
59728	▁USSR
59729	▁Uncontrolled
59730	▁Unsolved
59731	▁Ushahidi
59732	▁VPN
59733	▁Valgrind
59734	▁Vaudès
59735	▁Vengeful
59736	▁Vete
59737	▁WAIT
59738	▁WINS
59739	▁WISE
59740	▁Watson
59741	▁Westminster
59742	▁Yakul
59743	▁Yokohama
59744	▁accredit
59745	▁acronym
59746	▁adventurous
59747	▁alabaster
59748	▁allusion
59749	▁ammunition
59750	▁anecdotes
59751	▁anesthesia
59752	▁arsehole
59753	▁associat
59754	▁barbecue
59755	▁bascule
59756	▁bedridden
59757	▁beneficence
59758	▁besieg
59759	▁blaspheming
59760	▁bluff
59761	▁brunt
59762	▁burge
59763	▁cdrtools
59764	▁cemeteries
59765	▁certify
59766	▁chameleon
59767	▁champagne
59768	▁cinnamon
59769	▁circumference
59770	▁climat
59771	▁coagulated
59772	▁collateral
59773	▁colonnade
59774	▁compliant
59775	▁complication
59776	▁confluence
59777	▁congest
59778	▁conniv
59779	▁cramm
59780	▁cremated
59781	▁cringe
59782	▁culpable
59783	▁dainties
59784	▁dainty
59785	▁debasing
59786	▁debauched
59787	▁dehydrated
59788	▁demented
59789	▁diocese
59790	▁discomfited
59791	▁disintegration
59792	▁disseminate
59793	▁doomsday
59794	▁downhill
59795	▁drudgery
59796	▁elaboration
59797	▁elevat
59798	▁eloquence
59799	▁emancipate
59800	▁embed
59801	▁emigration
59802	▁enamel
59803	▁enslaving
59804	▁entombed
59805	▁equinox
59806	▁evaporation
59807	▁fangs
59808	▁finches
59809	▁fingertip
59810	▁foreboding
59811	▁fornicate
59812	▁geometric
59813	▁glyph
59814	▁granite
59815	▁gratified
59816	▁harmoniz
59817	▁hazy
59818	▁hierarchi
59819	▁highscore
59820	▁hummingbird
59821	▁imperishable
59822	▁imposter
59823	▁incantations
59824	▁incapacitat
59825	▁incarnate
59826	▁incinerat
59827	▁incompetence
59828	▁incompetent
59829	▁inconsequential
59830	▁inconspicuous
59831	▁indignities
59832	▁inequalities
59833	▁inflammatory
59834	▁innuendo
59835	▁intermediary
59836	▁interpolation
59837	▁irreprehensible
59838	▁jaegers
59839	▁judiciary
59840	▁juniper
59841	▁knob
59842	▁labyrinth
59843	▁licence
59844	▁macroevolution
59845	▁malnourished
59846	▁medley
59847	▁melodi
59848	▁mingling
59849	▁morter
59850	▁motorbike
59851	▁mujh
59852	▁multiracial
59853	▁odour
59854	▁opportunist
59855	▁ostracized
59856	▁outspokenness
59857	▁ovulation
59858	▁papacy
59859	▁parapet
59860	▁patriotism
59861	▁peripheral
59862	▁permafrost
59863	▁perplex
59864	▁perturbed
59865	▁pesos
59866	▁pictorial
59867	▁plagu
59868	▁policing
59869	▁potsherd
59870	▁prism
59871	▁propert
59872	▁puncture
59873	▁queries
59874	▁rapport
59875	▁rectified
59876	▁regenerate
59877	▁regulator
59878	▁rendezvous
59879	▁replayed
59880	▁resizing
59881	▁reverbera
59882	▁rhetoric
59883	▁ripple
59884	▁samurai
59885	▁scathing
59886	▁scenic
59887	▁scythe
59888	▁seditious
59889	▁senator
59890	▁simultaneous
59891	▁sorceress
59892	▁sparsely
59893	▁specimens
59894	▁stela
59895	▁stifling
59896	▁submenu
59897	▁sulk
59898	▁swaddl
59899	▁swelter
59900	▁symmetry
59901	▁syrup
59902	▁talisman
59903	▁tesserae
59904	▁thongs
59905	▁thylakoid
59906	▁translucent
59907	▁traumatized
59908	▁trepidation
59909	▁turret
59910	▁typhoid
59911	▁typhus
59912	▁unambiguous
59913	▁unassailable
59914	▁undisputed
59915	▁unkempt
59916	▁unplanned
59917	▁unreasoning
59918	▁unremitting
59919	▁unrestricted
59920	▁vats
59921	▁verdant
59922	▁verifiabl
59923	▁vesture
59924	▁wrench
59925	▁अंकगणित
59926	▁अकादमिय
59927	▁अखइकुस
59928	▁अखाया
59929	▁अगवा
59930	▁अग्रभाग
59931	▁अध्यात्मिक
59932	▁अन्तराल
59933	▁अप्रत
59934	▁अभियोग
59935	▁अरिमतियाह
59936	▁अव्यावहारिक
59937	▁आइवन
59938	▁आनटोन्य
59939	▁आन्जेल
59940	▁इंटरनेशनल
59941	▁इंफेक्शन
59942	▁इज़राइल
59943	▁इन्द्रिय
59944	▁इस्तीफ़
59945	▁उड़ाएँगे
59946	▁उपवन
59947	▁एलबर्ट
59948	▁एलैक्ज़ैंडर
59949	▁एसर्हद्द
59950	▁ऐयाश
59951	▁ऑक्साइड
59952	▁ऑपरा
59953	▁ऑस्टिन
59954	▁कँपकँपा
59955	▁कट्टे
59956	▁कठपुतलियों
59957	▁कर्तव्यनिष्ठ
59958	▁कलोन
59959	▁कसते
59960	▁काठमांडू
59961	▁कुँवारा
59962	▁कुख़्यात
59963	▁कुदाल
59964	▁कैफीन
59965	▁कैलॆंडर
59966	▁क्लस्टर
59967	▁क्वीन
59968	▁खुशमिज़ाज
59969	▁खेदजनक
59970	▁गाब्री
59971	▁गार्डन्स
59972	▁गुसलखान
59973	▁गेब्रिएल
59974	▁ग्यून
59975	▁ग्रंथिय
59976	▁ग्लैडियेटर
59977	▁चौलाई
59978	▁छाड़कर
59979	▁छिद्र
59980	▁ज़िन्दग
59981	▁ज़ुर्ज़
59982	▁जाँघ
59983	▁जातिवाद
59984	▁जूज़ेप्पे
59985	▁जॆर
59986	▁टरीसा
59987	▁टाइपराइटर
59988	▁टिमटिमात
59989	▁टेलिस्कोप
59990	▁टोबैगो
59991	▁टोरंटो
59992	▁ट्रांसमीटर
59993	▁ट्रैम
59994	▁ठिठुर
59995	▁ठोक
59996	▁डंठल
59997	▁डब्बा
59998	▁डॆसिब
59999	▁डोमीनी
60000	▁ढाँढ़
60001	▁तनख्वाहवाल
60002	▁तलहट
60003	▁तान्त्रिक
60004	▁तुनक
60005	▁थिस्सलुनीकिय
60006	▁ददोरे
60007	▁धमकाए
60008	▁धरातल
60009	▁नगॉ
60010	▁नवीनीकरण
60011	▁नाइटिंगेल
60012	▁निकोटिन
60013	▁निन्दात्मक
60014	▁निभाइए
60015	▁नुमाइंदों
60016	▁न्यूज़ीलैंड
60017	▁पंडित
60018	▁परिरक्षण
60019	▁पुनःनिर्म
60020	▁पुलिसकर्मी
60021	▁पुश्
60022	▁पूर्वदर्शन
60023	▁पॉलैंड
60024	▁प्रज्ञा
60025	▁प्रापक
60026	▁प्रोक्लेम
60027	▁फरीसियो
60028	▁फर्स्ट
60029	▁फिलिस्तीन
60030	▁फुल्क
60031	▁फूरतूनातुस
60032	▁फ्रीड
60033	▁फ्रैंच
60034	▁बग़ीचा
60035	▁बत्तियों
60036	▁बनूँगी
60037	▁बर्फ़ील
60038	▁बाग़बानी
60039	▁बिस्कुट
60040	▁बुनाई
60041	▁बुहार
60042	▁बृहत्
60043	▁बृहस्पति
60044	▁ब्रॉडकास्टिंग
60045	▁भूवैज्ञानिक
60046	▁मँगेतर
60047	▁मकई
60048	▁मठवास
60049	▁मलगासी
60050	▁मसरूफ
60051	▁मसालों
60052	▁मांसपेशी
60053	▁मान्यताएँ
60054	▁मारग्रेट
60055	▁मासूमियत
60056	▁मिठाइय
60057	▁मिस्ट्री
60058	▁मुनाफ़ा
60059	▁मेकांग
60060	▁मेमने
60061	▁मैसडोनिय
60062	▁मॉन्ड
60063	▁मॉरीशस
60064	▁मोची
60065	▁मोनीक
60066	▁मोराविया
60067	▁यांत्रिक
60068	▁याहवेह
60069	▁युवतियाँ
60070	▁यूगोस्लाविया
60071	▁रस्में
60072	▁राइटिंग
60073	▁राजधानिय
60074	▁रिचर्डसन
60075	▁रिलिजियन
60076	▁रेफ़रेंस
60077	▁लँगड़ा
60078	▁लकव
60079	▁लचीली
60080	▁लहलहाते
60081	▁लिथुएनिया
60082	▁लीलाक्रीड़ा
60083	▁लेक्चर
60084	▁लैन्स
60085	▁वर्जिन्या
60086	▁वाल्व
60087	▁विषाक्
60088	▁वुल्फहाउंड
60089	▁वेनेज़ुइला
60090	▁वेनेजुएल
60091	▁वॉल्फग
60092	▁वॉल्श
60093	▁शरीफ
60094	▁शल्यचिकित्सक
60095	▁शिक़ायत
60096	▁शैरन
60097	▁संधिशोथ
60098	▁सनसनाहट
60099	▁सलीके
60100	▁सहूलियतें
60101	▁साँठ
60102	▁साइटुंग
60103	▁साइन्टि
60104	▁साल्वाडर
60105	▁सिंचाई
60106	▁सुलग
60107	▁सॆकॆंड
60108	▁सॉरबॉन
60109	▁सोलोमन
60110	▁स्कूत
60111	▁स्थायित्व
60112	▁हर्कलेनीअम
60113	▁हावर्ड
60114	▁हेज़ल
60115	▁हॉर्मोन
60116	▁हॉल्टर
60117	▁१६०
60118	▁१९१७
60119	▁४५५
60120	950
60121	Abba
60122	Anointed
60123	Authentication
60124	BREATHING
60125	Burst
60126	COUGH
60127	CVS
60128	Channel
60129	Church
60130	Conscientious
60131	DELPHINE
60132	ECHR
60133	EXCLAIMS
60134	Ecclesiastes
60135	Expectation
60136	Gird
60137	Hawari
60138	Invite
60139	Jabber
60140	Jeremiah
60141	Linux
60142	Michael
60143	Miracles
60144	Mountain
60145	Muhsinun
60146	Multiple
60147	Necessity
60148	PHOTO
60149	Phone
60150	Pilot
60151	Practice
60152	Regions
60153	Ruby
60154	Saturday
60155	Shaitan
60156	Sulaiman
60157	Support
60158	Transgress
60159	Undoubtedly
60160	Zaqqum
60161	accursed
60162	anjuta
60163	aqi
60164	behaviour
60165	benefit
60166	cooked
60167	corpses
60168	darkened
60169	diabetes
60170	disown
60171	dministrative
60172	edophilia
60173	education
60174	eferences
60175	encompassing
60176	enemies
60177	excusing
60178	extraterrestrial
60179	fortunate
60180	governmental
60181	guidance
60182	habitually
60183	increasing
60184	interpolate
60185	isfortune
60186	kifl
60187	lugins
60188	morning
60189	mosque
60190	music
60191	nable
60192	nfamous
60193	nrollment
60194	ntry
60195	opped
60196	orthodox
60197	paternal
60198	prevent
60199	rejoicing
60200	requested
60201	rran
60202	rriving
60203	shirt
60204	sighs
60205	sincerity
60206	spoke
60207	synchronized
60208	tentive
60209	unhypocritical
60210	uperstitious
60211	urrences
60212	wheat
60213	wonder
60214	zakat
60215	ã
60216	î
60217	נ
60218	ש
60219	ئ
60220	س
60221	ف
60222	ن
60223	و
60224	अकस
60225	अक्
60226	अक्टूबर
60227	इतिहास
60228	ऑस्ट्रेलियन
60229	कठोर
60230	गर्जनेवाल
60231	तुंग
60232	थर्ड
60233	नियंत्रण
60234	न्सोलेशन
60235	पत्रिका
60236	पारिवारिक
60237	पार्किंग
60238	फॉर्मेशन
60239	मस्तिष्क
60240	मेनोपॉज़
60241	मैटिक
60242	यूमन
60243	राइव
60244	रिबियन
60245	रूटीन
60246	लुस्त्रा
60247	वाचक
60248	शाइम
60249	शूरवीर
60250	शॉप
60251	सम्मान
60252	साधारणतया
60253	स्टिट्यूट
60254	हाइड्र
60255	हिंदुस्तान
60256	ाकर्षक
60257	ाडॉक
60258	ाभ्यास
60259	ुनीक
60260	ृष्णा
60261	ರ
60262	←
60263	▁2003-200
60264	▁5/6
60265	▁ANOTHER
60266	▁Achievement
60267	▁Achsah
60268	▁Acoustic
60269	▁Addiction
60270	▁Afghan
60271	▁Ahilud
60272	▁Alejandra
60273	▁Alexandrinus
60274	▁AlifLaam
60275	▁Allgemeine
60276	▁Alternate
60277	▁Alternating
60278	▁Altiplano
60279	▁Ambiguous
60280	▁Amnesty
60281	▁Antichrist
60282	▁Architecture
60283	▁BABYLON
60284	▁Bahurim
60285	▁Beijing
60286	▁Benevolent
60287	▁Bethlehemjudah
60288	▁Bhopal
60289	▁Biafra
60290	▁Calgary
60291	▁Canterbury
60292	▁Ceylon
60293	▁Chenaanah
60294	▁Chimham
60295	▁Chiswick
60296	▁ColorSmart
60297	▁Composite
60298	▁Confid
60299	▁Contradict
60300	▁Corresponden
60301	▁Curtain
60302	▁DAILY
60303	▁DIV
60304	▁DRAW
60305	▁DTD
60306	▁Deprive
60307	▁Dilemma
60308	▁Dimitris
60309	▁Diocletian
60310	▁Disgrace
60311	▁Ebola
60312	▁Economy
60313	▁Ecstasy
60314	▁Ellipse
60315	▁Elsebeth
60316	▁Emphatic
60317	▁Endangered
60318	▁Enterprise
60319	▁Esteem
60320	▁Exhort
60321	▁Experienc
60322	▁Extensi
60323	▁Feb
60324	▁Frederic
60325	▁Gambia
60326	▁Gargantua
60327	▁Harvey
60328	▁Horror
60329	▁Hypocrisy
60330	▁KConfig
60331	▁KRDC
60332	▁LAUGH
60333	▁LEFT
60334	▁Leanne
60335	▁MINISTRY
60336	▁Magdalen
60337	▁Monument
60338	▁Newcastle
60339	▁Plymouth
60340	▁Probability
60341	▁Promot
60342	▁REPUBLIC
60343	▁Rizq
60344	▁Réunion
60345	▁Seychelles
60346	▁Situat
60347	▁Somme
60348	▁Survivors
60349	▁Toxic
60350	▁Whil
60351	▁Wisconsin
60352	▁Yakuake
60353	▁adhesive
60354	▁amphitheater
60355	▁asterisk
60356	▁astrologer
60357	▁asymptote
60358	▁conduit
60359	▁detach
60360	▁disputatio
60361	▁disrepute
60362	▁estrange
60363	▁guild
60364	▁hormon
60365	▁hurrie
60366	▁intable
60367	▁integrit
60368	▁intersect
60369	▁intuition
60370	▁kya
60371	▁lascivious
60372	▁perpetuat
60373	▁predetermine
60374	▁pretence
60375	▁qibla
60376	▁rajesh
60377	▁reciproc
60378	▁resonate
60379	▁shimmer
60380	▁sociology
60381	▁sufficie
60382	▁truncated
60383	▁unreachabl
60384	▁अंगीठ
60385	▁अनियमित
60386	▁अफरा
60387	▁अभिकल्पना
60388	▁आंसर्स
60389	▁आइज़क
60390	▁आइसलैंड
60391	▁आल्पस
60392	▁इंडस्ट्री
60393	▁उपराजदूत
60394	▁उष्णकटिबंधी
60395	▁ऊदबिलाव
60396	▁एग्रीम
60397	▁एवरॆस्ट
60398	▁एहसानफरामोश
60399	▁औद्योग
60400	▁औषधोपचार
60401	▁कंगूरे
60402	▁कर्त्तव्यनिष्ठ
60403	▁कांस्य
60404	▁कातारज़ीना
60405	▁काव्यात्मक
60406	▁कुँवारापन
60407	▁कॅनाडा
60408	▁कैथरिन
60409	▁कॉन्सन
60410	▁कोलंबस
60411	▁क्वार्टर
60412	▁खस्ताहाल
60413	▁खुरदर
60414	▁गड्ढ
60415	▁गूँध
60416	▁गृहिणी
60417	▁गॆस्टापो
60418	▁गॉग
60419	▁ग्वौ
60420	▁चरित्रहीन
60421	▁चुभत
60422	▁छलाव
60423	▁जतिन
60424	▁जिओग्राफ
60425	▁जिब्राएल
60426	▁झपक
60427	▁झाँकियाँ
60428	▁झोंपड़ी
60429	▁टॆली
60430	▁टोकरियाँ
60431	▁टोमास
60432	▁ट्रॆ
60433	▁ठूँठ
60434	▁डँस
60435	▁डिसऑर्डर
60436	▁डेरिक
60437	▁ततैया
60438	▁तनख़्वाह
60439	▁थियोलॉजिकल
60440	▁दक्षता
60441	▁दिखनेवाल
60442	▁दुर्बोध
60443	▁धर्मविधि
60444	▁धर्मांतरित
60445	▁धाग
60446	▁नियोक्
60447	▁निस्स्वार्थ
60448	▁नींबू
60449	▁नीतिशास्त्र
60450	▁पंजाबी
60451	▁परित्याग
60452	▁परिष्कार
60453	▁पल्लों
60454	▁पहनती
60455	▁पारितंत्र
60456	▁पूर्वोदाहरण
60457	▁पैंक्रियाज़
60458	▁प्रजातियाँ
60459	▁प्रतियोगिताओं
60460	▁प्रधानताएं
60461	▁फेडेरीको
60462	▁फॉक्स
60463	▁फ्लाई
60464	▁फ्लिपर
60465	▁बंगलादेश
60466	▁बल्गेरिया
60467	▁बॅ
60468	▁बॆनॆट
60469	▁बेढंग
60470	▁ब्रुक्लिन
60471	▁भट्ठ
60472	▁भड़ा
60473	▁भूलभुलैया
60474	▁भोंक
60475	▁मच्छरदानी
60476	▁मछुआ
60477	▁मछुवारे
60478	▁मनोरोगविज्ञान
60479	▁माक्रोन
60480	▁मुहूर्त
60481	▁मूँद
60482	▁मैडलेन
60483	▁मोआइ
60484	▁म्यूनिक
60485	▁यूज
60486	▁रसकुण्ड
60487	▁रसीले
60488	▁राकाउ
60489	▁राज्याभिष
60490	▁लगून
60491	▁लरेन
60492	▁लैम्प
60493	▁लौटायी
60494	▁वकालत
60495	▁विद्वत्ता
60496	▁वॉनवॉटू
60497	▁संक्रामण
60498	▁संत्रास
60499	▁संपदा
60500	▁समितियाँ
60501	▁सर्वनाम
60502	▁सलिवन
60503	▁साइंटिफ
60504	▁सामरिक
60505	▁सिएरा
60506	▁सुविचारित
60507	▁सुव्यवस्था
60508	▁सूज़ान
60509	▁स्टालिन
60510	▁हटाएगा
60511	▁हाथापाई
60512	▁हिमनद
60513	▁हिरकेनस
60514	▁हिरमेस
60515	▁१९२७
60516	▁२००१
60517	▶
60518	❖
60519	-2-
60520	1998
60521	arabic
60522	church
60523	divided
60524	etirement
60525	rganizer
60526	¡
60527	Ü
60528	ð
60529	İ
60530	ι
60531	ς
60532	अफ्रीका
60533	इंटरनेट
60534	एरिथ्रोपोइटिन
60535	चटावर
60536	ज़ाइम
60537	टस्क
60538	टेढ़ी
60539	थेन्स
60540	फाइंडर
60541	फाइब्रोमाइऎलजिया
60542	फ्लेट
60543	मानवजाति
60544	यथार्थ
60545	यूनान
60546	रडेस
60547	रॉइड
60548	र्निंग
60549	लैक्ज़ैंड्र
60550	ल्ब्यूमिन
60551	ल्यन
60552	विलम्ब
60553	विस्तृत
60554	संतुलन
60555	सामाजिक
60556	स्टीट्यूट
60557	्लिंटॉ
60558	६२
60559	↑
60560	▁3/5
60561	▁Adryana
60562	▁Athletes
60563	▁Baltimore
60564	▁Bedford
60565	▁Bertie
60566	▁Bogotá
60567	▁Chapel
60568	▁Cholera
60569	▁Elusive
60570	▁Enabling
60571	▁Glorifie
60572	▁Manhattan
60573	▁Movie
60574	▁Tunnel
60575	▁XP
60576	▁algebra
60577	▁diarrhe
60578	▁dilut
60579	▁equilibrium
60580	▁inhalation
60581	▁karte
60582	▁legitimacy
60583	▁अण्डाणु
60584	▁अबाध
60585	▁अवज्ञाकारिता
60586	▁असंयम
60587	▁आन्द्रे
60588	▁आर्कियॉल
60589	▁उत्तेजन
60590	▁ऊँटकटार
60591	▁एडिशन
60592	▁एमरज
60593	▁एसटा
60594	▁ऑन्टेरी
60595	▁ओलू
60596	▁कटोरी
60597	▁कनवैन
60598	▁कवक
60599	▁कार्यवाहिय
60600	▁कुरियर
60601	▁कोऑर्डिनेटर
60602	▁कोपर्निकस
60603	▁क्लीनर
60604	▁खस्ता
60605	▁खीर
60606	▁गृहनगर
60607	▁गॉर
60608	▁ग्रांट
60609	▁चिराग
60610	▁चीआपस
60611	▁छितर
60612	▁जिराफ
60613	▁झाड़ियाँ
60614	▁टार्टर
60615	▁टिकनेवाल
60616	▁डायलॉग
60617	▁डेन्येल
60618	▁डॉक्यूमेंट
60619	▁थर्मामीटर
60620	▁दांय
60621	▁दुःस्वप्न
60622	▁धूँए
60623	▁नुकता
60624	▁नृशंसता
60625	▁नैटली
60626	▁पराग्वे
60627	▁परिशुद्ध
60628	▁पहेलिय
60629	▁पाठ्यपुस्तक
60630	▁पिरो
60631	▁पुरातत्त्वीय
60632	▁पॉम्पे
60633	▁पॉलिनेशिया
60634	▁प्रचालक
60635	▁प्राइमर
60636	▁प्रॉफेसर
60637	▁फ़िलहाल
60638	▁फौलाद
60639	▁बगीचों
60640	▁बिंगो
60641	▁बॆनिन
60642	▁बेंजमिन
60643	▁बॉक्सिंग
60644	▁बॉर्जिया
60645	▁बॉसनीया
60646	▁बोइ
60647	▁मतवालापन
60648	▁महासचिव
60649	▁माइक्रोनेशिया
60650	▁मिनेसोटा
60651	▁मुलज़िम
60652	▁मेम्फिस
60653	▁युरुग्व
60654	▁यूनीवर्स
60655	▁रिलिजन
60656	▁रॆड
60657	▁रोआल
60658	▁लाटरी
60659	▁वर्जिनिया
60660	▁वालेनटीना
60661	▁विकलिफ़
60662	▁विक्टॉर
60663	▁वैराग
60664	▁व्यायामशाला
60665	▁शिंटो
60666	▁शिन्टो
60667	▁शुगर
60668	▁शैवाल
60669	▁सँभालत
60670	▁सुलझायी
60671	▁सेप्टुआजि
60672	▁स्टॉकहोम
60673	▁स्ट्राँग
60674	▁स्वंयसेवक
60675	▁हज़ैन
60676	▁हरीकेन
60677	▁हॆपटाइटिस
60678	+3
60679	Fairy
60680	Foreign
60681	cyrillic
60682	devanagari
60683	erpendicular
60684	gedit
60685	libgnomeui
60686	Ā
60687	Ž
60688	θ
60689	ׁ
60690	פ
60691	ب
60692	ت
60693	ح
60694	अध्यक्ष
60695	खासकर
60696	टॉमी
60697	ड्रन
60698	तिशरी
60699	दाविद
60700	द्वीप
60701	नौकरी
60702	भाइयो
60703	भ्रष्ट
60704	लेरोसिस
60705	विज़न
60706	वॉन्ग
60707	सकी
60708	ोलॉजिस्ट
60709	२८
60710	४३
60711	६६
60712	ಕ
60713	ව
60714	⇨
60715	∕
60716	▁COLUMN
60717	▁KMobileTools
60718	▁Newfoundland
60719	▁Physic
60720	▁enumerat
60721	▁grappl
60722	▁hockey
60723	▁hoon
60724	▁reboot
60725	▁scrutiniz
60726	▁valve
60727	▁अजूब
60728	▁अलंकृत
60729	▁अल्बेनियन
60730	▁अस्वास्थ्यक
60731	▁आगबूला
60732	▁उष्ण
60733	▁एड्रीआना
60734	▁ऑरकेस्ट्रा
60735	▁ऑरिगन
60736	▁औकात
60737	▁कठपुतलियाँ
60738	▁कोलोराडो
60739	▁गुलगुता
60740	▁चप्पू
60741	▁चिपचिप
60742	▁जातिसंहार
60743	▁झोपड़ियाँ
60744	▁टकरात
60745	▁टॆलिफोन
60746	▁डेनिश
60747	▁दरखास्त
60748	▁नियन्त्रण
60749	▁पदोन्
60750	▁पर्शिया
60751	▁पाण्डुलिपिय
60752	▁पीड़ादाय
60753	▁पैराडाइ
60754	▁पैलिस्टाइन
60755	▁फाउन्
60756	▁फेलीसा
60757	▁फ्लर्ट
60758	▁बँधुव
60759	▁बॆटी
60760	▁भित्ति
60761	▁मकौड़
60762	▁मुकाबल
60763	▁मुहूर्त्त
60764	▁मॆटल
60765	▁मोमबत्तियाँ
60766	▁यूसेबियस
60767	▁राऊ
60768	▁लिविंग
60769	▁लैंक
60770	▁शल्यक्रिया
60771	▁संकलित
60772	▁समलिंगकामियों
60773	▁सरकण्ड
60774	▁सुरीनाम
60775	▁सुलझाएगा
60776	▁सैक्सन
60777	▁हाँलाकि
60778	▁हॉन्ड्युरास
60779	▁होल्मस्ट्रम
60780	128
60781	672
60782	Organi
60783	isible
60784	karun
60785	Î
60786	ß
60787	ę
60788	अद्यतन
60789	इंदा
60790	क्सीडेंट
60791	नैसर्गिक
60792	न्टोन्यो
60793	पोलर
60794	ळ
60795	्ज़बर्ग
60796	४७
60797	ಗ
60798	ದ
60799	ಮ
60800	ṛ
60801	√
60802	▁DOLLAR
60803	▁Envelop
60804	▁edu
60805	▁ravag
60806	▁अंतरिक्षयान
60807	▁अल्ट्रा
60808	▁असाइन्मेंट
60809	▁इकॉनमि
60810	▁एजेन्सिय
60811	▁ओटावा
60812	▁काँपत
60813	▁कूदकर
60814	▁कैस
60815	▁गँवायी
60816	▁गुंडागर्दी
60817	▁गुमसुम
60818	▁जेनरल
60819	▁झिलमिलात
60820	▁टॆक्सस
60821	▁टैक्न
60822	▁डैंटिस्ट
60823	▁तलमुद
60824	▁थेरेपी
60825	▁दफनाए
60826	▁धर्मद्रोह
60827	▁नवप्लेटोवाद
60828	▁निपटाएगा
60829	▁नॆदरलैंड
60830	▁परिरक्षित
60831	▁प्यूटर
60832	▁मुकदम
60833	▁मेकैनिक
60834	▁मैसाचूस
60835	▁रजिस्ट्र
60836	▁रूवाण्डा
60837	▁रोड्रीग
60838	▁लुभाती
60839	▁विज्ञापनदाता
60840	▁शेरनिय
60841	▁सरगना
60842	▁स्केटिंग
60843	▁स्टूडेंट
60844	▁स्ट्रॉन्
60845	プ
60846	093047
60847	ARG
60848	RlT
60849	album
60850	chandankumar
60851	ipe
60852	Ç
60853	ĭ
60854	Ş
60855	ŭ
60856	ο
60857	е
60858	ֹ
60859	א
60860	ج
60861	د
60862	ط
60863	आदर्श
60864	गड़ी
60865	गाँ
60866	ोटोस
60867	ಡ
60868	ಲ
60869	ḥ
60870	≤
60871	▁Smit
60872	▁handheld
60873	▁आँध
60874	▁आर्किटॆक्ट
60875	▁ऎक्सप्रॆस
60876	▁कँटील
60877	▁टालमटोल
60878	▁टेलिग्राफ
60879	▁डायटिंग
60880	▁दिक़्क़त
60881	▁नॉस्टिकवाद
60882	▁पिरसिस
60883	▁फासले
60884	▁बंग्लादेश
60885	▁बहुसंख्य
60886	▁बेइज़्ज़त
60887	▁माँसपेशिय
60888	▁सँभालनेवाले
60889	☞
60890	guel
60891	llied
60892	rules
60893	±
60894	È
60895	Ñ
60896	û
60897	Ł
60898	ő
60899	Ż
60900	ʺ
60901	̆
60902	Ω
60903	ω
60904	मंडलीय
60905	वेस्टर्न
60906	सिक्रोप्या
60907	ಪ
60908	ಳ
60909	ವ
60910	ầ
60911	ị
60912	▁Cosmoline
60913	▁Tomasz
60914	▁VERSION
60915	▁congregat
60916	▁केम्ब्रिज
60917	▁ततैय
60918	▁धमनिय
60919	▁फॆडर
60920	▁भाड़वाल
60921	▁ससुरालवाल
60922	サ
60923	ル
60924	ン
60925	品
60926	食
60927	HEAD
60928	launchpad
60929	minute
60930	Ã
60931	Í
60932	Ó
60933	ą
60934	ż
60935	α
60936	δ
60937	λ
60938	σ
60939	τ
60940	н
60941	р
60942	ְ
60943	ص
60944	ق
60945	ञ
60946	॑
60947	ಯ
60948	ಸ
60949	ಹ
60950	ය
60951	ා
60952	ේ
60953	ṭ
60954	′
60955	≥
60956	▁inertia
60957	▁जूझत
60958	▁फंसत
60959	▁सितं
60960	か
60961	な
60962	字
60963	漢
60964	70,000
60965	NONE
60966	anvas
60967	entative
60968	ofus
60969	shrouded
60970	Æ
60971	Ч
60972	л
60973	स्वर्गदूतीय
60974	ಉ
60975	ಚ
60976	ೇ
60977	ṅ
60978	ễ
60979	╗
60980	▁gtkhtml
60981	▁nautilus
60982	▁xB
60983	preferences
60984	turtle
60985	¤
60986	§
60987	¿
60988	Ú
60989	ì
60990	÷
60991	ě
60992	ľ
60993	Ś
60994	ź
60995	ǒ
60996	ȩ
60997	̈
60998	̐
60999	̗
61000	Δ
61001	Κ
61002	ά
61003	β
61004	ε
61005	η
61006	κ
61007	ρ
61008	φ
61009	ό
61010	ύ
61011	ώ
61012	А
61013	а
61014	в
61015	д
61016	й
61017	о
61018	п
61019	ָ
61020	ד
61021	ט
61022	ל
61023	ק
61024	ش
61025	غ
61026	ك
61027	ऒ
61028	राए
61029	া
61030	ಣ
61031	ೋ
61032	ආ
61033	ජ
61034	බ
61035	ෝ
61036	Ḥ
61037	ṣ
61038	ạ
61039	ἄ
61040	ὅ
61041	₦
61042	∣
61043	≠
61044	⌈
61045	⌉
61046	⌊
61047	⌋
61048	▁latin
61049	▁भोगत
61050	さ
61051	に
61052	の
61053	ん
61054	ス
61055	ッ
61056	ト
61057	ラ
61058	一
61059	人
61060	和
61061	材
61062	束
61063	秒
61064	逸
61065	ALIA
61066	Balsa
61067	GtkHTML
61068	OfThe
61069	ambu
61070	ounter
61071	Ä
61072	Ò
61073	Ô
61074	Õ
61075	Ø
61076	ù
61077	Č
61078	ļ
61079	Ō
61080	Ř
61081	ř
61082	ů
61083	ų
61084	ơ
61085	ư
61086	Ȧ
61087	ɔ
61088	Ο
61089	दानिय
61090	मसीहाई
61091	ामेला
61092	ॐ
61093	ং
61094	দ
61095	ন
61096	ব
61097	ম
61098	র
61099	শ
61100	স
61101	ি
61102	ো
61103	ப
61104	ಂ
61105	ಅ
61106	ಈ
61107	ಬ
61108	ಶ
61109	ೀ
61110	ೊ
61111	ි
61112	ු
61113	ḍ
61114	ṇ
61115	Ṭ
61116	ệ
61117	ọ
61118	ộ
61119	ỳ
61120	∧
61121	▁hindi
61122	▁ordina
61123	▁मुस्कुरात
61124	宇
61125	治
61126	<pad>
